left_image_id,right_image_id,left_image_path,right_image_path,left_class_name,right_class_name,left_split,right_split,hamming_distance,cross_split
84b81f288e6d1569e272c0dcad4357d7c18dae70b7f5526a1a3a52d00011a543,6130044a770d1e6fe745d6155fd89ffc03bd9d55042e01bf5e7bd62d966f36ca,Tomato___Tomato_Yellow_Leaf_Curl_Virus/76762a24-0c95-40b2-b861-fc743293fb7d___UF.GRC_YLCV_Lab 02094.JPG,Tomato___Tomato_Yellow_Leaf_Curl_Virus/8e2f397f-3ebe-4b51-964b-e5d5372e0a8b___UF.GRC_YLCV_Lab 02095.JPG,Tomato___Tomato_Yellow_Leaf_Curl_Virus,Tomato___Tomato_Yellow_Leaf_Curl_Virus,test,val,2,True
c258a66888b68e024e960450fd5ce37fb4b3681aaddbe530035e30d0c66d312f,4e20ecb6663a3d8b3376756e036a629baecb9550288f79064e71395b2d918ba7,Tomato___Tomato_Yellow_Leaf_Curl_Virus/55d128be-cc38-4493-ac46-16b931b41664___UF.GRC_YLCV_Lab 02542.JPG,Tomato___Tomato_Yellow_Leaf_Curl_Virus/ffb119bc-8d09-4f83-b1c5-483599a93d03___UF.GRC_YLCV_Lab 02541.JPG,Tomato___Tomato_Yellow_Leaf_Curl_Virus,Tomato___Tomato_Yellow_Leaf_Curl_Virus,train,val,2,True
f1aca7b4c9d0657baf6dcaf290cbce5678dbca1d6510cdc8f2c4ca155609e788,5295096808eaf3d23ce55dcdf1340f74607aa5faa243bef9366e9321b33335ba,Tomato___Tomato_Yellow_Leaf_Curl_Virus/9836e208-f2b2-4713-b258-6faec4e0043a___UF.GRC_YLCV_Lab 01408.JPG,Tomato___Tomato_Yellow_Leaf_Curl_Virus/4ae45072-4db3-477d-9ace-9a08ce483d46___UF.GRC_YLCV_Lab 01407.JPG,Tomato___Tomato_Yellow_Leaf_Curl_Virus,Tomato___Tomato_Yellow_Leaf_Curl_Virus,test,val,2,True
069f1f239f0f093b6bb77e458437a5d3e00e4938a615bdb023cd8327de73e11b,b9e194e009963c272d0092fcb24d42ff6c31092c5bd948aed6f3d8931c8d3236,Tomato___Tomato_Yellow_Leaf_Curl_Virus/b89e6dce-ebc9-4eac-a0f8-19e34657f6e1___UF.GRC_YLCV_Lab 02067.JPG,Tomato___Tomato_Yellow_Leaf_Curl_Virus/7bff3fb7-788d-414c-bf0e-92a5ce4a4757___UF.GRC_YLCV_Lab 02064.JPG,Tomato___Tomato_Yellow_Leaf_Curl_Virus,Tomato___Tomato_Yellow_Leaf_Curl_Virus,test,train,4,True
0857ab02b165651ce61c7c2b28dcd55638c97b5b1541cbd5fde5a0f2f125ed3b,aed6ddf169aeea49dde6bf25485d193d03dde026e904ee9a480a808516cc4264,Tomato___Tomato_Yellow_Leaf_Curl_Virus/be67f74f-648f-4ab8-9478-76be838649a8___UF.GRC_YLCV_Lab 03321.JPG,Tomato___Tomato_Yellow_Leaf_Curl_Virus/b9fee910-ba74-47a7-a83f-77d8db7391ea___UF.GRC_YLCV_Lab 03322.JPG,Tomato___Tomato_Yellow_Leaf_Curl_Virus,Tomato___Tomato_Yellow_Leaf_Curl_Virus,test,train,4,True
0abfd704514f45754d5afb4dd8230c7327f3514558ec4923f1b901db3eda4540,75d5409540d2524c1ecf1d6ae3a52a460f08430a866c58140b8b83f29f14579e,Tomato___Tomato_Yellow_Leaf_Curl_Virus/7c215f7a-4aaf-4461-a727-7e4777daa562___UF.GRC_YLCV_Lab 01624.JPG,Tomato___Tomato_Yellow_Leaf_Curl_Virus/2ed63cde-c59e-45df-a38b-ee87197908bb___UF.GRC_YLCV_Lab 01623.JPG,Tomato___Tomato_Yellow_Leaf_Curl_Virus,Tomato___Tomato_Yellow_Leaf_Curl_Virus,test,train,4,True
0b6edfd69c3f6787e66603081baae25b3a1f84559ecc33acc8ffa633ea9eb575,0d4f6c1b37f972f7cf6579f0009da8cddd28adb94876cd3395dc4e97d7f95c6d,Tomato___Tomato_Yellow_Leaf_Curl_Virus/79fa18a3-cf77-4211-b105-893ea4eb7498___UF.GRC_YLCV_Lab 02978.JPG,Tomato___Tomato_Yellow_Leaf_Curl_Virus/acb9169b-21bc-4b31-ba3c-a24909521156___UF.GRC_YLCV_Lab 02981.JPG,Tomato___Tomato_Yellow_Leaf_Curl_Virus,Tomato___Tomato_Yellow_Leaf_Curl_Virus,train,val,4,True
0ceb62c96906b3a57d5bd9bda82b3b32c630f3806cf5874d3ea86c24a84b3b61,d93943c05d6563092306c156b7e00f28baa1123ec6aa86e756676e30496b0e8f,Tomato___Bacterial_spot/2b1247ef-594a-4ada-9377-1f46af51859c___GCREC_Bact.Sp 3095.JPG,Tomato___Bacterial_spot/dfca025b-a6d9-431a-977e-4bd174daa3a1___GCREC_Bact.Sp 5948.JPG,Tomato___Bacterial_spot,Tomato___Bacterial_spot,test,val,4,True
0fc15603275d58a9069cb53cfe67fc1b5f30d9dfc78dea2fad69fa89f42d141c,b74d4f1c6c2b97505804b1954da32eca4f7e5759047c256c3a11f8edf601d332,Tomato___Spider_mites Two-spotted_spider_mite/497393f6-55bc-4e2b-b208-fa0f54ba8c92___Com.G_SpM_FL 1420.JPG,Tomato___Spider_mites Two-spotted_spider_mite/e33fa280-f5cc-404b-a205-36966e9ceb38___Com.G_SpM_FL 8950.JPG,Tomato___Spider_mites Two-spotted_spider_mite,Tomato___Spider_mites Two-spotted_spider_mite,train,val,4,True
353f85a4723d1dada01173be68a77773d6607846f1906d8fd1925236747d4943,7d5fa2630570e7c3c488ad4391afd9ac193b229fac9ecb041d1564810401ceaa,Tomato___Tomato_mosaic_virus/847307bc-58ab-45fc-8001-f1e07a38bc82___PSU_CG 2065.JPG,Tomato___Tomato_mosaic_virus/8e59061b-3802-4297-8724-a001efb95268___PSU_CG 2064.JPG,Tomato___Tomato_mosaic_virus,Tomato___Tomato_mosaic_virus,train,val,4,True
37e386be8dae515daa382b26fa33586d1b97bfea112acffd7838d937cb8d0e94,fcfb192c17940a489ab22e0e4aa95ec9b4625592a95c851da4ffc944bdcd3794,Tomato___healthy/9b5626b0-ea1d-45d0-bc41-c898f7253a75___GH_HL Leaf 315.2.JPG,Tomato___healthy/71967e69-6356-49c1-81ce-624792b4d964___GH_HL Leaf 315.1.JPG,Tomato___healthy,Tomato___healthy,train,val,4,True
3f615c7aa7d6782b78defb16cf9dbbdf7ce9b5d793e0529ed533932d9d8cf2f6,b7108ff83ea21db076ace41a27253cd35cf17ccbbaab4c739463eb8212ff780e,Tomato___Tomato_Yellow_Leaf_Curl_Virus/4c773e62-28a8-4f16-a71f-7cdb1c5751e5___UF.GRC_YLCV_Lab 01855.JPG,Tomato___Tomato_Yellow_Leaf_Curl_Virus/104fc95d-88f5-4f2e-a3ea-bfcba37f6b9f___UF.GRC_YLCV_Lab 01854.JPG,Tomato___Tomato_Yellow_Leaf_Curl_Virus,Tomato___Tomato_Yellow_Leaf_Curl_Virus,train,val,4,True
408f3d7ef711ee27c6a8e85d3fca38d2c82808ce1bc7ff3d4dc483cca6c84e43,b99b26b6a5de382439a6d5c2819943a6e395f312e2e98c1b83a13f29728e7a75,Tomato___Tomato_Yellow_Leaf_Curl_Virus/a6d9fce3-02d6-464c-bf8e-795b78dcc7e7___UF.GRC_YLCV_Lab 01667.JPG,Tomato___Tomato_Yellow_Leaf_Curl_Virus/86089870-b24b-4509-abc3-f6c50fd07e49___UF.GRC_YLCV_Lab 01677.JPG,Tomato___Tomato_Yellow_Leaf_Curl_Virus,Tomato___Tomato_Yellow_Leaf_Curl_Virus,test,train,4,True
4eb6aafaea6f51eb00f65674a74657c3e9ede9c5a29d87e9356d997437e7f4d3,3e2c64ed7e258abd9b8f9eab9d826f1921ec0b89b8629c4d28cdeb6933eb1e63,Tomato___Leaf_Mold/78cfaa28-9259-4225-8641-5dfaceab2118___Crnl_L.Mold 6690.JPG,Tomato___Leaf_Mold/76e5026d-dc54-4129-8250-573317cc91da___Crnl_L.Mold 6700.JPG,Tomato___Leaf_Mold,Tomato___Leaf_Mold,test,train,4,True
633213fdc2c975c6a3def83f23c9a28c6f92241fd3c65ac1a8ccc372bca6ad0e,54545a105c6df9efab21a8ef5f8bc242e43b0c7231f4d05f598b3d6a2b9f6302,Tomato___Spider_mites Two-spotted_spider_mite/646aa524-ba89-4228-bd91-16d693ff1283___Com.G_SpM_FL 8835.JPG,Tomato___Septoria_leaf_spot/648d66b5-7f12-4baa-beba-4938ede59013___JR_Sept.L.S 2625.JPG,Tomato___Spider_mites Two-spotted_spider_mite,Tomato___Septoria_leaf_spot,train,val,4,True
71c4c4607aab4ec6d6555f0bcfdabd27b7b78de60e6dcd072d9d535131c42641,d944beb83d4f9a926099a3151f82fe6d5007671a792be475cf17123638478225,Tomato___healthy/84991306-21f6-41fb-a723-0c7ba1dac9d3___GH_HL Leaf 199.JPG,Tomato___healthy/0c4b06d5-4053-44fc-99b6-504934fdd3a9___GH_HL Leaf 199.1.JPG,Tomato___healthy,Tomato___healthy,test,train,4,True
8998223b3de713793117736365eb224e94bd70b1f74e5df141ee59e36a21707e,ab14c0634ace5ce3f7a25e74952ccd2080272b8318db3fb9eecaec4d4990bd61,Tomato___Tomato_Yellow_Leaf_Curl_Virus/aa8abfe6-a4c1-48f9-9349-959bb9fdd830___UF.GRC_YLCV_Lab 01492.JPG,Tomato___Tomato_Yellow_Leaf_Curl_Virus/cbf86900-e987-4675-b7a3-23802305f415___UF.GRC_YLCV_Lab 01493.JPG,Tomato___Tomato_Yellow_Leaf_Curl_Virus,Tomato___Tomato_Yellow_Leaf_Curl_Virus,train,val,4,True
a9e2e376c83f74e7b9dee1411826658f28d6132af1f34495020d0cd6ba8d2834,7053360b2794d8c2a9fbcf7fcd5b21daed9469853e8a5b2ab97a4e04ddaca7ac,Tomato___healthy/0b330273-890c-4995-af72-cba070fc0061___GH_HL Leaf 312.JPG,Tomato___healthy/240a9583-9e6a-446d-8850-62bc23312ce9___GH_HL Leaf 312.4.JPG,Tomato___healthy,Tomato___healthy,test,train,4,True
b35c6f2ed5c13b32d4c8ffb76da41b6f37b5d50a490a2d488962f96bb92bb374,760b9a33426f91a5d89851982ea86eb7535a5101bc23755697372f1e71d20e9a,Tomato___healthy/a7c3088b-6aeb-4e8c-97dd-4661a4cacc38___GH_HL Leaf 186.JPG,Tomato___healthy/5015e0d2-a6e3-4859-aceb-78089d1b60f7___GH_HL Leaf 186.2.JPG,Tomato___healthy,Tomato___healthy,train,val,4,True
bd9754051f042b376a49797f4bc02da967892f32bccf4352210cb27038e58083,3757d9b11b838a49bd5315aebeb4a4f34d7304c350d4b577d8d40d3b7ba120a5,Tomato___Bacterial_spot/611c6fa8-d805-4956-a786-2a4522c59f71___GCREC_Bact.Sp 5616.JPG,Tomato___Bacterial_spot/efd6193d-7d5b-4207-999d-2aeb08cd64e2___GCREC_Bact.Sp 5739.JPG,Tomato___Bacterial_spot,Tomato___Bacterial_spot,test,train,4,True
c9eefb5fcd1f6d0b82dd4a156d97593a34905890e11ed1f71d378747a541ba59,0d4f6c1b37f972f7cf6579f0009da8cddd28adb94876cd3395dc4e97d7f95c6d,Tomato___Tomato_Yellow_Leaf_Curl_Virus/02cb40d6-550a-42fb-99ce-247e4406a322___UF.GRC_YLCV_Lab 02991.JPG,Tomato___Tomato_Yellow_Leaf_Curl_Virus/acb9169b-21bc-4b31-ba3c-a24909521156___UF.GRC_YLCV_Lab 02981.JPG,Tomato___Tomato_Yellow_Leaf_Curl_Virus,Tomato___Tomato_Yellow_Leaf_Curl_Virus,train,val,4,True
cbe63ed98e43f5bdbaa3bc8d9e00e0daf712a402c300cbbcea84ba9f20b5cea9,ff0a958564a3d9d2fa0b4b79ac4d660fbd4c18a4844b75c6b8f6653b6ab9c8a7,Tomato___Tomato_Yellow_Leaf_Curl_Virus/21a4dee8-257f-48ea-90d2-0d2402b1a88a___UF.GRC_YLCV_Lab 01524.JPG,Tomato___Tomato_Yellow_Leaf_Curl_Virus/03fa456e-aa89-409f-a18c-42566f4b2882___UF.GRC_YLCV_Lab 01528.JPG,Tomato___Tomato_Yellow_Leaf_Curl_Virus,Tomato___Tomato_Yellow_Leaf_Curl_Virus,test,train,4,True
d86df5026797fdd5ec63bc13a9b7298ddd75037afd252fcd3d54fc9aa438e683,9420cc1bab3684a9b021fd83d95d957b34a4f55c97c336dddb4825ec1e60ba6d,Tomato___Spider_mites Two-spotted_spider_mite/e0837534-7480-4ba7-8f04-34f232f76008___Com.G_SpM_FL 8565.JPG,Tomato___Spider_mites Two-spotted_spider_mite/45d0aca4-ce49-43cb-af35-99ac8d283930___Com.G_SpM_FL 1459.JPG,Tomato___Spider_mites Two-spotted_spider_mite,Tomato___Spider_mites Two-spotted_spider_mite,train,val,4,True
dd901da0ab1e18c9147f8604fc532660ce58202c125dcbc198c075a9e8cfcf0b,514450f7d562cc4284cc56b8d9a78b225c4569b41b2626a7cf2c6a5d78095875,Tomato___Bacterial_spot/5d1f3889-f029-4ebd-834d-9e39d775b070___GCREC_Bact.Sp 5996.JPG,Tomato___Tomato_Yellow_Leaf_Curl_Virus/6c74c99f-0377-4870-ac98-c1ad619d8a7a___YLCV_GCREC 2623.JPG,Tomato___Bacterial_spot,Tomato___Tomato_Yellow_Leaf_Curl_Virus,train,val,4,True
f1053c07183b952fb0c2bab9f04595c88716eb81cbd8ff31eee2526a8cce8497,60197ced8ef6eeaf1ca0191d4874c0eaaf29ad4682112a2cc0d10198e3baad8e,Tomato___healthy/d442075f-73bb-47a0-9545-9b36bca9300b___GH_HL Leaf 210.JPG,Tomato___healthy/ca4e96c1-9bf0-49fb-804f-c895905c0584___GH_HL Leaf 210.2.JPG,Tomato___healthy,Tomato___healthy,test,train,4,True
f4fafde12afe80d3615b6384a32ba39761b62c1931012a730c4f5ddfccbe09fa,248c637e601f81e71ff3c24ecad96be95db26e3bb0746cd5183a0bd961cdb591,Tomato___Tomato_Yellow_Leaf_Curl_Virus/61c03d35-853f-454b-8aff-7999536888a0___UF.GRC_YLCV_Lab 02448.JPG,Tomato___Tomato_Yellow_Leaf_Curl_Virus/b086e7d4-52fe-4779-b2a5-5927aec3e636___UF.GRC_YLCV_Lab 02437.JPG,Tomato___Tomato_Yellow_Leaf_Curl_Virus,Tomato___Tomato_Yellow_Leaf_Curl_Virus,train,val,4,True
fc5234eb987d8dff51f44c2271a7a47666462e47280c7dc968268de2506a16cf,08a0619c55a83e7e71f151778ceec71a7f8c1b75bcb1e8182944143cc1f60913,Tomato___Tomato_Yellow_Leaf_Curl_Virus/9dfccce4-a7a8-491c-b326-850bafbe8ff2___UF.GRC_YLCV_Lab 01640.JPG,Tomato___Tomato_Yellow_Leaf_Curl_Virus/a65c03a7-d1ef-4e78-931d-881d37383224___UF.GRC_YLCV_Lab 01641.JPG,Tomato___Tomato_Yellow_Leaf_Curl_Virus,Tomato___Tomato_Yellow_Leaf_Curl_Virus,train,val,4,True
fee4d1d0bf4de64c3e3a4813e9bcd8ea154e21867071b2c6394fc2c5da514088,c407bba9b27dba6447d8c680cecc997eb8932b008b51420481fea5b58d57766c,Tomato___Late_blight/7f533ee8-1d72-486e-b2a6-b5ef2ac7cc88___GHLB2 Leaf 8837.JPG,Tomato___Late_blight/2159d0f7-09ef-46ad-ad49-749e8ce1becc___GHLB2 Leaf 8836.JPG,Tomato___Late_blight,Tomato___Late_blight,train,val,4,True
0197e98a7f0ba460aff00d90ab6c3964cbcd6c2a84bbfd953f5839e0336d0867,0b8fa96415cce5f450f2e6ec8767226dcc58002154da3e862ec2ea0e457dc810,Tomato___Bacterial_spot/7334e742-de72-4561-9b0d-cdd8bc3313e7___GCREC_Bact.Sp 3066.JPG,Tomato___Bacterial_spot/f5142872-5e4b-4038-b4fd-b38c4097e5aa___GCREC_Bact.Sp 5679.JPG,Tomato___Bacterial_spot,Tomato___Bacterial_spot,test,train,6,True
01b846dcd498446853023ea8ed672a06f4bae6b7d1e60cb41ef53989458f033f,e1493ef5e57b3a6a5920c80ace6d145412e154801f183619a41dd5bdce0a280d,Tomato___Tomato_Yellow_Leaf_Curl_Virus/e5c5ba2c-edd5-4e9c-af78-b2ac2c4f828d___YLCV_GCREC 5150.JPG,Tomato___Tomato_Yellow_Leaf_Curl_Virus/c19320d1-cdfb-40b2-a46a-2e3c71e79863___YLCV_NREC 0173.JPG,Tomato___Tomato_Yellow_Leaf_Curl_Virus,Tomato___Tomato_Yellow_Leaf_Curl_Virus,test,train,6,True
02d6031dd0e51823047b30f65366277a889f1eee37c83c9279fd782852fc0c2e,c1868479b4ffc7cf21e47087b123c42b2caef07073f068a24291d92dcc02ba9d,Tomato___Septoria_leaf_spot/988d5328-da67-4872-9db0-baff075a432f___JR_Sept.L.S 2586.JPG,Tomato___Septoria_leaf_spot/af4c2153-c15e-4310-b8b8-8aec82606bb7___JR_Sept.L.S 2581.JPG,Tomato___Septoria_leaf_spot,Tomato___Septoria_leaf_spot,train,val,6,True
03fb8fc138e3ba6f971a5f5959262d4fc1b5a07a1b646ac8406aa42addfd89b1,02e02539d36b4bffd224d910cb9ddfd6636f3a99b9e14b9c21ba0719ac4ba2cc,Tomato___Spider_mites Two-spotted_spider_mite/851ea0ae-63c2-4f43-825e-e5e60b636ec0___Com.G_SpM_FL 1747.JPG,Tomato___Spider_mites Two-spotted_spider_mite/4b1d558e-7ffb-409b-bf8e-9b665519e896___Com.G_SpM_FL 8746.JPG,Tomato___Spider_mites Two-spotted_spider_mite,Tomato___Spider_mites Two-spotted_spider_mite,train,val,6,True
046f9f681e40c79c214698cb3e00c7d40f69f724af4ef9d1758e50143413d399,d453aee7699dd3c34f3df2a53619c5dc689addae9dc377d8304da7676ea6d5d8,Tomato___Late_blight/27a3a882-d241-4b46-9606-04e7fcaced25___GHLB2 Leaf 8599.JPG,Tomato___Late_blight/081d1e25-3f06-46a1-95ef-d10a62faa80f___GHLB2 Leaf 8600.JPG,Tomato___Late_blight,Tomato___Late_blight,test,train,6,True
17737367041e0d708eea22fe267e484ba3e04e65a7d3dc196150696e05cfb7f6,bf43fbea46f810383bb1e702d0877c9ec953c88f8e07c4c2b7071faac738194b,Tomato___Leaf_Mold/d90f334c-18c3-4b20-903e-e51f57d8704d___Crnl_L.Mold 6935.JPG,Tomato___Septoria_leaf_spot/d6513bff-a877-4482-88d0-699396af3862___JR_Sept.L.S 8419.JPG,Tomato___Leaf_Mold,Tomato___Septoria_leaf_spot,train,val,6,True
19a6226aa80b865d82410534cd8b070a93c5057d87784fa53c33c7ac00da8c39,647558c7c61c44aa999501f5179ea76e9600f75909dcce9a40f28229d18672ac,Tomato___healthy/9ae93bcc-5cfb-4407-a711-de800fb2853a___GH_HL Leaf 519.4.JPG,Tomato___healthy/16ed4e23-5218-4e8b-85df-86a7069a675d___GH_HL Leaf 519.1.JPG,Tomato___healthy,Tomato___healthy,test,val,6,True
1ab1b6878f0ffe9ccc2983adb2fae255bac55bb6a131dbbd29b4beeab3bfaf94,ec27cba121e5228ce88b3047eb75532cb8a1304b23795facffca6af95857d0e4,Tomato___Spider_mites Two-spotted_spider_mite/fa0f71aa-5583-4376-ab17-a755cf065aaf___Com.G_SpM_FL 1520.JPG,Tomato___Spider_mites Two-spotted_spider_mite/71d1cf7e-ecc0-4401-b0b9-4e5f83b5d800___Com.G_SpM_FL 8705.JPG,Tomato___Spider_mites Two-spotted_spider_mite,Tomato___Spider_mites Two-spotted_spider_mite,train,val,6,True
1b597da78802a5951812132b25b63a94609c42d359b1a635793562b33dab603d,61bded6de8f5e06a1321341b0bf36a98e8927b3a8342e22dac024cdb8b398a4e,Tomato___Septoria_leaf_spot/307e5715-9790-4321-af40-17209eafc1a6___JR_Sept.L.S 8372.JPG,Tomato___Leaf_Mold/8bc3ccca-a312-4d14-a412-4c1726cdace9___Crnl_L.Mold 8802.JPG,Tomato___Septoria_leaf_spot,Tomato___Leaf_Mold,test,train,6,True
1d6aaa798370facb2ecc6dc4fd47699b7ca0d2d71e2a1c95594e722ab2121988,f8319a0d79f7abd1d747dc934630f48c35d41dd933aa7b4e2bee66180d923e11,Tomato___Late_blight/670337a4-55b1-4312-8644-3545b1fcc06f___GHLB2 Leaf 8902.JPG,Tomato___Late_blight/0db85707-41f9-42df-ba3b-842d14f00a68___GHLB2 Leaf 8909.JPG,Tomato___Late_blight,Tomato___Late_blight,train,val,6,True
1dea91d4db5c32c219cebc42c2d220ea712bc334f5d113851a7ab2e294b68aa2,1e46b54e99c3ef2a143bffca942f0b322c97a86b9e1c52ab060347956e5eb251,Tomato___Target_Spot/f6f8f785-0d6e-4b6a-a206-68c65dcf9bc4___Com.G_TgS_FL 9669.JPG,Tomato___Tomato_Yellow_Leaf_Curl_Virus/1b977d41-3763-42c6-9d9b-e791db254f7e___YLCV_NREC 2716.JPG,Tomato___Target_Spot,Tomato___Tomato_Yellow_Leaf_Curl_Virus,test,val,6,True
1e4e0b2869bc36badf44df4cc492c0e9af17ba088216cea41f9dbc22bba84833,463943e2732e3907e268620587a149c3b5065630fafc254f5e9f540a14cb39c8,Tomato___healthy/e33cde2d-5103-48aa-bb82-490aa779312c___GH_HL Leaf 515.2.JPG,Tomato___healthy/9ed00c97-7867-4e6f-a274-f2bad77ecfaf___GH_HL Leaf 515.1.JPG,Tomato___healthy,Tomato___healthy,test,train,6,True
1f9d3e388f02c939b2a1b062ae2db7f21de6acc23c5de238473197d028b65a39,b778eec1d706671264219950c349e2f1264e7efb23dd578e0964ef8a5ebea399,Tomato___Bacterial_spot/5c438fb1-fb2e-4672-b035-2a1581efa729___GCREC_Bact.Sp 5550.JPG,Tomato___Septoria_leaf_spot/f8f528ee-f9c3-47cb-b67f-a9265d86d9d1___Matt.S_CG 1446.JPG,Tomato___Bacterial_spot,Tomato___Septoria_leaf_spot,train,val,6,True
25a74170e27df1b9950b2b4987a70b42e2962c04eab23e82ecea798e4cf88cd9,420316c9a9fad65948abc0f237660a4a8f3a1df05f16b6faba9f0212ef973e41,Tomato___Tomato_Yellow_Leaf_Curl_Virus/6d998ee6-e936-4206-a213-062c36b0d61e___UF.GRC_YLCV_Lab 02877.JPG,Tomato___Tomato_Yellow_Leaf_Curl_Virus/6041f290-bdf5-425f-a38f-44f57a7548ba___UF.GRC_YLCV_Lab 02883.JPG,Tomato___Tomato_Yellow_Leaf_Curl_Virus,Tomato___Tomato_Yellow_Leaf_Curl_Virus,train,val,6,True
2cda0093a56724586be9512c6900ceb1aec9d349643d08a9160bf5cf4203d553,2214a4575039cebb6f5c6ce25714d3f7fe66bcbf12a771b4da04a154ba4189c3,Tomato___Bacterial_spot/6fbea9aa-cc3b-46be-a066-a762cd659113___GCREC_Bact.Sp 6024.JPG,Tomato___Bacterial_spot/27ebdaaa-b432-4d4a-b404-a04e58a46f44___GCREC_Bact.Sp 6025.JPG,Tomato___Bacterial_spot,Tomato___Bacterial_spot,train,val,6,True
2e99e30ff1cd326c00b2f2bee0e6a49aa511e6fb1aefc621423f58ea45684040,942fc94363d6f16c41d27a8ab8d4e6e63056d45d06f99d01caadcbdbc44c5b8d,Tomato___Spider_mites Two-spotted_spider_mite/d2184d36-c149-4bab-bc07-66c9afce4567___Com.G_SpM_FL 9507.JPG,Tomato___Spider_mites Two-spotted_spider_mite/8a1fd830-99d4-4044-b851-6237ed451132___Com.G_SpM_FL 1739.JPG,Tomato___Spider_mites Two-spotted_spider_mite,Tomato___Spider_mites Two-spotted_spider_mite,train,val,6,True
3099cef21006fd317886806c47a8e40ff1db1fb6f00e9ec30e3a3587b85f8801,ccc38f6f9c456bf6b00b0cc4502a516291c07c813eca5831ab689e871a1369cc,Tomato___Spider_mites Two-spotted_spider_mite/a74561dc-37d9-407f-bb58-596344859fa3___Com.G_SpM_FL 8517.JPG,Tomato___Target_Spot/6b66d5e4-aacb-405a-aea0-bbc9e842822a___Com.G_TgS_FL 9726.JPG,Tomato___Spider_mites Two-spotted_spider_mite,Tomato___Target_Spot,train,val,6,True
3135e0c054f9e25d66990cb650deeaf3318846dcb6e98b4135461acfed5eb230,8d392fa5f0d6231c32164896b8f0adddfd6e9021ce2824560960c58089b3041a,Tomato___Tomato_Yellow_Leaf_Curl_Virus/7a715b09-e475-41fc-89ca-893ddd45e0df___UF.GRC_YLCV_Lab 01883.JPG,Tomato___Tomato_Yellow_Leaf_Curl_Virus/ad43b849-be2e-42e2-9052-1fb0df55fbc8___UF.GRC_YLCV_Lab 01882.JPG,Tomato___Tomato_Yellow_Leaf_Curl_Virus,Tomato___Tomato_Yellow_Leaf_Curl_Virus,test,train,6,True
316dff8f1352977c5bb6401cef5d6c53503c1601eec112ad320f5b5494b8a324,cd91900e8c3242a7ca7fae9d1d8b1ad8483a513408e2bfbcd09c59974dd9f953,Tomato___Tomato_Yellow_Leaf_Curl_Virus/b52f3daa-9638-41e8-8440-7ae89bfb3c49___YLCV_GCREC 2925.JPG,Tomato___Early_blight/9498ce3a-8dc1-43ec-aeec-a05825cf9af2___RS_Erly.B 7820.JPG,Tomato___Tomato_Yellow_Leaf_Curl_Virus,Tomato___Early_blight,test,train,6,True
322bdfc7ecc9f8bb7a16a3acd60b1c93d26a9449a014cd83e7dc613ebfea9a3c,16935a6574a6c384387435c792c0bb629775114a07fa9e625d43268ad4ebb7c5,Tomato___Bacterial_spot/28557b27-1dce-4cd4-bed0-c4a84207d3e2___GCREC_Bact.Sp 6187.JPG,Tomato___Bacterial_spot/f073c2a6-ac26-49d4-a76d-049abbdb2cfa___GCREC_Bact.Sp 3067.JPG,Tomato___Bacterial_spot,Tomato___Bacterial_spot,test,train,6,True
347da076cb76a0fd6fe4df7cec24cfcb4913f3b981fd02751c24fd57cd954bff,52af89d19d2a2d76f3798e5e9cbce157eadfa4b13f5aa6bbab9c1173b36b5816,Tomato___Septoria_leaf_spot/7cff434d-4e2f-4cda-a447-3439bbff4f89___Matt.S_CG 0805.JPG,Tomato___Septoria_leaf_spot/5f6a639a-a545-4778-b5e8-c45a62cacfe2___Matt.S_CG 0812.JPG,Tomato___Septoria_leaf_spot,Tomato___Septoria_leaf_spot,test,train,6,True
360b6e32e2aa53e3102cda75fb06ca6613187c79f1e5c303c15d5dc65f07e482,1d9661d87f081d7ef2a09dffe7b787dfd1bf46d056928b0be326678ad6864b9a,Tomato___Tomato_Yellow_Leaf_Curl_Virus/6243f4bc-d40f-4cae-bca1-7ed1206c2d0e___UF.GRC_YLCV_Lab 02620.JPG,Tomato___Tomato_Yellow_Leaf_Curl_Virus/ff46311d-9868-4313-8834-eaf2f3259b27___UF.GRC_YLCV_Lab 02625.JPG,Tomato___Tomato_Yellow_Leaf_Curl_Virus,Tomato___Tomato_Yellow_Leaf_Curl_Virus,test,train,6,True
3728a09feb56b4715d1f08332f3f1b6b6bc46613a4a8d8fa0e39e5c5eaad4ccd,758ddbe266807f4f0fef4e35894edae6660a184a5d0517e38d2013ac3d969af0,Tomato___Late_blight/1eacb98a-d88b-4e86-bbb8-19ec6a4e6c67___GHLB2 Leaf 148.2.JPG,Tomato___Late_blight/62ca9559-f079-4bac-864e-9da06a4eb3a2___GHLB2 Leaf 148.1.JPG,Tomato___Late_blight,Tomato___Late_blight,test,train,6,True
37c25e9818dd911a6c1f33eeab2198405f91f86b83453568802f8d07db9eba5f,b0aa46e8af3563dda5490c06a29abac376d2a166cdf9c76a84321992c06fc0b5,Tomato___Spider_mites Two-spotted_spider_mite/23e37ceb-929f-43ad-86fb-7bb3b9b97820___Com.G_SpM_FL 9297.JPG,Tomato___Tomato_Yellow_Leaf_Curl_Virus/2189a8e0-944c-42ce-9ef1-371b451135d0___YLCV_GCREC 5318.JPG,Tomato___Spider_mites Two-spotted_spider_mite,Tomato___Tomato_Yellow_Leaf_Curl_Virus,test,train,6,True
3861c235cf80092d680928bf35310306e1652916a596d6e4d342e5beccb3228b,9f36446fe4a2e0bc0fd5b2a0f606bbf14442c57295bfd7e52e56c638effc5343,Tomato___Tomato_Yellow_Leaf_Curl_Virus/b18e32cf-8262-4879-951f-48d9bbf2d861___UF.GRC_YLCV_Lab 02172.JPG,Tomato___Tomato_Yellow_Leaf_Curl_Virus/5cc16f74-0be9-4661-9f7a-c9ea665d2f8f___UF.GRC_YLCV_Lab 02173.JPG,Tomato___Tomato_Yellow_Leaf_Curl_Virus,Tomato___Tomato_Yellow_Leaf_Curl_Virus,train,val,6,True
39b03a986b39cf5ca2472c4c9fcf4bdea4cdae2600d182ae65c3a582ae467b12,8bc59ea25f37822188501a93922e9c2e444e802381fa0676fbbe0eba1b5f8725,Tomato___Bacterial_spot/51ce2b94-a8c2-4656-bb2d-442ec0dbd780___GCREC_Bact.Sp 5957.JPG,Tomato___Target_Spot/b969f29a-d7bd-4be8-a048-62eee7a5405b___Com.G_TgS_FL 7977.JPG,Tomato___Bacterial_spot,Tomato___Target_Spot,test,train,6,True
3c16a8b027982bb69ade4d6b2e56498e25d2f2896ad7e855a3c8154025cf91d5,5f74feec6bbd2499e8073c7af3b1cf7ff5a5926522a73bc2757a2ee97fef75f8,Tomato___Spider_mites Two-spotted_spider_mite/348aec86-49bc-4e2d-8ca7-66545421cc06___Com.G_SpM_FL 1746.JPG,Tomato___Bacterial_spot/841ea726-5c4a-4447-9f56-0eda38f002d2___GCREC_Bact.Sp 3388.JPG,Tomato___Spider_mites Two-spotted_spider_mite,Tomato___Bacterial_spot,train,val,6,True
3dda8d333c243638f46fc9c27f88cbcece578eb986e7bdcc25ef33d13b9820bb,78dd5aefd49317a439d9d5745af6fcc65c2dee58cb21e858a227f491a999b438,Tomato___Tomato_Yellow_Leaf_Curl_Virus/fa16f530-1e23-4a86-acb1-1ff53dd49e37___UF.GRC_YLCV_Lab 02499.JPG,Tomato___Tomato_Yellow_Leaf_Curl_Virus/f591877b-3f56-491c-b522-8a192a92e78e___UF.GRC_YLCV_Lab 02503.JPG,Tomato___Tomato_Yellow_Leaf_Curl_Virus,Tomato___Tomato_Yellow_Leaf_Curl_Virus,test,train,6,True
408f3d7ef711ee27c6a8e85d3fca38d2c82808ce1bc7ff3d4dc483cca6c84e43,0d7a9108cc163fb9e28db09a3a307ff7a3dfa162ced1307adedd6d2d41d92f9d,Tomato___Tomato_Yellow_Leaf_Curl_Virus/a6d9fce3-02d6-464c-bf8e-795b78dcc7e7___UF.GRC_YLCV_Lab 01667.JPG,Tomato___Tomato_Yellow_Leaf_Curl_Virus/180ef991-3ed2-41d8-93b6-c1791d745669___UF.GRC_YLCV_Lab 01678.JPG,Tomato___Tomato_Yellow_Leaf_Curl_Virus,Tomato___Tomato_Yellow_Leaf_Curl_Virus,test,train,6,True
408f3d7ef711ee27c6a8e85d3fca38d2c82808ce1bc7ff3d4dc483cca6c84e43,4a66b12a2f9f3b1d0088a3a244bbd20deff47ca8368084c905ddd08ad2239383,Tomato___Tomato_Yellow_Leaf_Curl_Virus/a6d9fce3-02d6-464c-bf8e-795b78dcc7e7___UF.GRC_YLCV_Lab 01667.JPG,Tomato___Tomato_Yellow_Leaf_Curl_Virus/f390848d-e427-4c8e-8e93-0772e9f91fc8___UF.GRC_YLCV_Lab 01668.JPG,Tomato___Tomato_Yellow_Leaf_Curl_Virus,Tomato___Tomato_Yellow_Leaf_Curl_Virus,test,train,6,True
4100beeb00518ed340656764fce19c603638ac22d8737dd54eb9ebc7513df371,d91bfff18d7bdc7cc1b06b971b00d1859528641ba55f43e88fff2e8645356a9e,Tomato___Tomato_Yellow_Leaf_Curl_Virus/513e8592-6fca-4084-bd75-cc1b52bf45dd___UF.GRC_YLCV_Lab 02461.JPG,Tomato___Tomato_Yellow_Leaf_Curl_Virus/6f7f519d-9af2-4532-80c0-7a06311d776e___UF.GRC_YLCV_Lab 02465.JPG,Tomato___Tomato_Yellow_Leaf_Curl_Virus,Tomato___Tomato_Yellow_Leaf_Curl_Virus,train,val,6,True
42f955faf114ef4f9b6f3653c937ff0208ea3a9b995cb441d6cb6cf7211ad015,060ea4b87f9400efd61d7fa761f935d485eb090eb12e646eb7bc8707535ad479,Tomato___Tomato_Yellow_Leaf_Curl_Virus/6f229bf2-8e59-48ee-a175-7b7ca2768c58___UF.GRC_YLCV_Lab 02690.JPG,Tomato___Tomato_Yellow_Leaf_Curl_Virus/e5acbbc3-c89d-4851-a4c7-f0c21401d500___UF.GRC_YLCV_Lab 02688.JPG,Tomato___Tomato_Yellow_Leaf_Curl_Virus,Tomato___Tomato_Yellow_Leaf_Curl_Virus,test,train,6,True
4353b9bf94a5f7934a9a2ecc771daa790940123a9007bd70ee3e898bb11ee445,88a22f19806a0a222b024710334106ac3a278466070019acb3b38d1dcd528af8,Tomato___Bacterial_spot/6c1529dd-54cb-4e3d-924b-f7f05b6f9a4b___GCREC_Bact.Sp 3269.JPG,Tomato___Bacterial_spot/4e726fa5-592c-4e69-a29e-4fc466d82597___GCREC_Bact.Sp 3377.JPG,Tomato___Bacterial_spot,Tomato___Bacterial_spot,train,val,6,True
448b409459ee1e6ece79058579ce38b9926a8700e990a0ada01c003c72d22bcf,e2be69e6744e4dd72f3a83a7d06b40a92204d12699821677e1a389d5cbd82af2,Tomato___healthy/c58defb7-5515-4b89-896f-13039c13051f___GH_HL Leaf 372.1.JPG,Tomato___healthy/4255f30c-f233-4706-9334-bc3c0d09d63d___GH_HL Leaf 372.2.JPG,Tomato___healthy,Tomato___healthy,test,train,6,True
44c0e07bfa84876c315aea88e6630e65afaedc87f16ede2d0779f0b4d06c485a,89f6b68af289e560e535b4ade5bb65bd14c75a9d964ed3b5152cd6ffe3eb0595,Tomato___Tomato_Yellow_Leaf_Curl_Virus/0c4e96da-6951-4706-9738-bc36bf5d0101___YLCV_GCREC 2150.JPG,Tomato___Leaf_Mold/a740fdd7-45f9-445f-a992-37005aa41d32___Crnl_L.Mold 6883.JPG,Tomato___Tomato_Yellow_Leaf_Curl_Virus,Tomato___Leaf_Mold,train,val,6,True
468ec3e5a034f176dc8c6e3cd0ea96fabcbb615da168d680c47b3b2831cc29c6,0bc2d4c4902d4c0df5f28922f1ccf82c3ab15204ff46159e4b1355037252bb3e,Tomato___Tomato_Yellow_Leaf_Curl_Virus/ffa378ce-ee74-4bd3-bb05-ad43d05a91d1___UF.GRC_YLCV_Lab 02805.JPG,Tomato___Tomato_Yellow_Leaf_Curl_Virus/daa12c06-0ef9-4749-83b7-729c840d35a7___UF.GRC_YLCV_Lab 02800.JPG,Tomato___Tomato_Yellow_Leaf_Curl_Virus,Tomato___Tomato_Yellow_Leaf_Curl_Virus,test,val,6,True
469e60168efd43665c5650f3e5b36be2e746d41685360dd2a0a64f6972e1a783,dca40298029a0283391e0516d8d22a7b7066363e20618386bdeb411e3d7304e9,Tomato___Late_blight/7b343a4c-5fbc-40f6-83da-ccae49ebd5fb___GHLB_PS Leaf 35 Day 13.jpg,Tomato___Late_blight/17fcb016-4663-4f95-bc0b-b40392235015___GHLB_PS Leaf 35.1 Day 13.jpg,Tomato___Late_blight,Tomato___Late_blight,train,val,6,True
4c96bb96897603c67d17ec6e85d10e3d04945fd7d800ec2871539bfceca875da,1d19c95c0ce3587f6714d6c6049f0ff4918d632761cd5f0f872915ee3a0ddd17,Tomato___Late_blight/16064333-c2da-40e0-9f24-c709191e66b1___RS_Late.B 5421.JPG,Tomato___Early_blight/0f7a2408-9c26-4ff9-bee5-2bfcd91a11f7___RS_Erly.B 9440.JPG,Tomato___Late_blight,Tomato___Early_blight,train,val,6,True
4d1a18c9923b6d7a746f1e4435271478449c1c5babdf698e950f3311e8261f54,d09b210b7c8295c976711feb9c1411cb6a0dea107154c5a1b4e1007654de3bd1,Tomato___Tomato_Yellow_Leaf_Curl_Virus/05cf960c-00c5-4a93-a3d4-0be3ba9871f6___UF.GRC_YLCV_Lab 02633.JPG,Tomato___Tomato_Yellow_Leaf_Curl_Virus/2c63abde-6c3f-422f-861d-ef78dce24a3c___UF.GRC_YLCV_Lab 02630.JPG,Tomato___Tomato_Yellow_Leaf_Curl_Virus,Tomato___Tomato_Yellow_Leaf_Curl_Virus,train,val,6,True
4d4a1d6daf3c827cd8351b2156a26940c03e255ca964eba90960d7c5fc473ab5,70e2776903ade9461fdc0eddc9e9e7a6c0ae370bcf42ce48ff1426bab3df92d3,Tomato___Spider_mites Two-spotted_spider_mite/06e43f45-f56b-4979-b4a3-10eafeaddf3e___Com.G_SpM_FL 9534.JPG,Tomato___Spider_mites Two-spotted_spider_mite/cc76b3ae-c1e0-4f0a-b7a0-9696a18079e5___Com.G_SpM_FL 9531.JPG,Tomato___Spider_mites Two-spotted_spider_mite,Tomato___Spider_mites Two-spotted_spider_mite,train,val,6,True
4d55fde10739fe09ffe9ee7adb83afba8fc45f20a730da17f61671c347c17652,5f74feec6bbd2499e8073c7af3b1cf7ff5a5926522a73bc2757a2ee97fef75f8,Tomato___Bacterial_spot/98abbc97-8dd1-4e70-af78-d88b0c26aaf9___GCREC_Bact.Sp 5922.JPG,Tomato___Bacterial_spot/841ea726-5c4a-4447-9f56-0eda38f002d2___GCREC_Bact.Sp 3388.JPG,Tomato___Bacterial_spot,Tomato___Bacterial_spot,train,val,6,True
52df820b414431df55e174b81df8f2907be3a92ca25e76769e8094698243b41f,29612bbb5e3f2dbc84450c363e027eebcb0c7e920b62611c1fb0c3941a342377,Tomato___Bacterial_spot/e4dad7d3-b043-4dc9-9b41-0df12c1a6823___GCREC_Bact.Sp 5822.JPG,Tomato___Bacterial_spot/13a0b443-c0b3-45fe-a22d-965a87a9b45e___GCREC_Bact.Sp 3108.JPG,Tomato___Bacterial_spot,Tomato___Bacterial_spot,test,train,6,True
541071cc91de7cbccf39039bbc49fdda7dae237cd8352bb420c2385ba4e024ba,c1d8f8c05bf2cf1234abfbfbd17a518b41d61f74be253690130206121a26e812,Tomato___Tomato_Yellow_Leaf_Curl_Virus/b784d4b7-c7d6-441c-8b6d-307f4937ffe2___UF.GRC_YLCV_Lab 09480.JPG,Tomato___Septoria_leaf_spot/4dca99fe-1184-4728-874c-f902bc48f934___JR_Sept.L.S 8453.JPG,Tomato___Tomato_Yellow_Leaf_Curl_Virus,Tomato___Septoria_leaf_spot,test,train,6,True
58030925de75de720225e2284aa9c036ea7414a557e2ebe1fca56c85e513d7ee,1d2818cb1f800e7ec0c32908a8e059ae390c5d8076a3e909e1ef87ab47e71c2d,Tomato___Target_Spot/eb278265-e24b-4628-8941-c0b7b167cb27___Com.G_TgS_FL 0783.JPG,Tomato___Tomato_Yellow_Leaf_Curl_Virus/d250bc4b-6d82-4294-9659-419b0e6775c1___YLCV_GCREC 2549.JPG,Tomato___Target_Spot,Tomato___Tomato_Yellow_Leaf_Curl_Virus,train,val,6,True
59e370fa64b1f79059bb0af408ce2ab778b5e7e4fb65f949251327291694b09e,b19dfef390e0f5a50a984fc35a2b6da1dd72cd6ba95fd1bcf5bae8ef3178d48b,Tomato___Spider_mites Two-spotted_spider_mite/a641c588-7ab4-4a6c-8547-c0ae01ff944b___Com.G_SpM_FL 8502.JPG,Tomato___Spider_mites Two-spotted_spider_mite/f326f897-97c5-40fe-a4a5-54569877eb46___Com.G_SpM_FL 8606.JPG,Tomato___Spider_mites Two-spotted_spider_mite,Tomato___Spider_mites Two-spotted_spider_mite,test,train,6,True
5c9e92306b722afa58604c84aa4ee4b0571ea8614c45c310be324157a6dff35b,c042907ae41ba05d629c6c7a8075f17cdcb0b79b004e87ee63985f590bbf2bcb,Tomato___Bacterial_spot/1eb86f3d-7d18-41b8-b33c-807662b2d2df___GCREC_Bact.Sp 5555.JPG,Tomato___Bacterial_spot/6cb8d633-865d-4809-99ff-c826fbcbfb7d___GCREC_Bact.Sp 5707.JPG,Tomato___Bacterial_spot,Tomato___Bacterial_spot,train,val,6,True
5e8630a6d8bfdcc57a4aab5c9a9e04f9d0425c89113fa84a10abd36ee6939a98,abd24d3a69a94b769e90327fc9570164632a0962b6ded71fb8dc77000c9271e8,Tomato___Tomato_Yellow_Leaf_Curl_Virus/81b06de5-7a1a-40e5-8626-81004a3ed36f___YLCV_GCREC 2801.JPG,Tomato___Tomato_Yellow_Leaf_Curl_Virus/96e7b838-1e6b-4049-9a1c-9fd0202203ff___YLCV_GCREC 5442.JPG,Tomato___Tomato_Yellow_Leaf_Curl_Virus,Tomato___Tomato_Yellow_Leaf_Curl_Virus,test,train,6,True
5f207e28fcd65450f6b85345dd0fc040139d9bda05fcf77ffc3adfa0e23d4183,783d276de61c7e903d92949a0ab7f6383db002db40ddec0815907c0b3ee731ab,Tomato___Tomato_Yellow_Leaf_Curl_Virus/70734df3-e201-4660-bdc7-8728f3a47c0f___UF.GRC_YLCV_Lab 02596.JPG,Tomato___Tomato_Yellow_Leaf_Curl_Virus/28c31aa4-21c2-47e8-9873-45047f0b5e2c___UF.GRC_YLCV_Lab 02616.JPG,Tomato___Tomato_Yellow_Leaf_Curl_Virus,Tomato___Tomato_Yellow_Leaf_Curl_Virus,test,train,6,True
605b264d2b457fe8f45459c2ad07891640785799ccd2efb919afe0e015d9dd16,4b779471e7a4b2fff97365e58ec35e977edeaffed1cdba5f1294b2c5ebb2e861,Tomato___Septoria_leaf_spot/8f2c9096-f0af-4f68-a0cb-9343ac4eacb2___Matt.S_CG 1228.JPG,Tomato___Septoria_leaf_spot/ce1c325e-c775-4428-92fe-b907fd5eef83___Matt.S_CG 1229.JPG,Tomato___Septoria_leaf_spot,Tomato___Septoria_leaf_spot,test,val,6,True
610656b07146f4cf0d3085afa08065fa1b40da7dd266cbecceb3d8d2baf6c165,55ae01511056c24173fdff95bcb517014e3bc10af59f3efe876ef4e1a3c79b1d,Tomato___Bacterial_spot/c3ac7b7a-a626-4004-ae2b-58720f38f027___GCREC_Bact.Sp 6299.JPG,Tomato___Target_Spot/a53a22ed-dd38-42bd-9626-4f2824531072___Com.G_TgS_FL 9851.JPG,Tomato___Bacterial_spot,Tomato___Target_Spot,train,val,6,True
6107ff1c0a077b9d35083a53cb3fbc7aee746116fac75c5465b56c2fde429157,91d9d162a62ea2b893353a865e01363c0b605f870ec506df9e548315ddec74f2,Tomato___Late_blight/de272472-c653-4102-beac-6813da817d21___GHLB2 Leaf 153.2.JPG,Tomato___Late_blight/abc618dc-e185-4866-a09c-6073404cac76___GHLB2 Leaf 153.1.JPG,Tomato___Late_blight,Tomato___Late_blight,train,val,6,True
6503d3ef219e94e34c6cff2be7033e7775409489668d360bfd5fec7c25380def,d48c697b596b2e6855c6f608baf7b5c1834f70f8c7c1b784d30a2d137d4bc5b3,Tomato___Tomato_Yellow_Leaf_Curl_Virus/65801388-466c-42f5-b517-5c4a170b8f43___UF.GRC_YLCV_Lab 02428.JPG,Tomato___Tomato_Yellow_Leaf_Curl_Virus/a2c29647-7a47-4edb-b957-abc2d4cf963a___UF.GRC_YLCV_Lab 02420.JPG,Tomato___Tomato_Yellow_Leaf_Curl_Virus,Tomato___Tomato_Yellow_Leaf_Curl_Virus,train,val,6,True
65d5841056acea4499c01d1de191528ee70ff957efe15a81ed33e984ae353acb,1f01fddc725275286daefdeaaab84eb62bb545007024155957c1b9e9263277e7,Tomato___Spider_mites Two-spotted_spider_mite/e9b2e448-c8b7-4fde-b1f2-1ab86dce0b86___Com.G_SpM_FL 1330.JPG,Tomato___Spider_mites Two-spotted_spider_mite/b922a594-89b4-417f-ba52-b38eda920525___Com.G_SpM_FL 1398.JPG,Tomato___Spider_mites Two-spotted_spider_mite,Tomato___Spider_mites Two-spotted_spider_mite,train,val,6,True
66aee6f5832163cca268fe5f984166019039f643cdfc84b61c6d0fd3c8668013,2d611ba7e205e65a0c83d04a04aae7a669ec7c605185f5f4aee84188a9bc20c1,Tomato___Late_blight/cebd5337-bb61-4454-93da-bba4169f0802___GHLB2 Leaf 145.JPG,Tomato___Late_blight/16e4a1f9-21c2-4c1a-bdbc-1336da74ba2c___GHLB2 Leaf 145.3.JPG,Tomato___Late_blight,Tomato___Late_blight,train,val,6,True
69959673c5dad8b1f1efd2b5edf00b58e0606e8d7d360377386601ae4e049506,9f975c0123368bdc4b7ec172a9bcc56b210d5f32a68139033a628fae2e23f3b4,Tomato___Tomato_Yellow_Leaf_Curl_Virus/ad33c873-d846-4330-86f8-4cab39e7056c___YLCV_GCREC 2522.JPG,Tomato___Spider_mites Two-spotted_spider_mite/4a6a93a5-d51c-4769-8669-12ec54d87ce6___Com.G_SpM_FL 9441.JPG,Tomato___Tomato_Yellow_Leaf_Curl_Virus,Tomato___Spider_mites Two-spotted_spider_mite,train,val,6,True
69c9bcf5e51cee7a3656bee4937c3dcbf3c9e1112a212beb8fdd8d531592a389,31175a68a955756dd791c68f800437bc82267181009531603ffbb702e1b3673b,Tomato___Septoria_leaf_spot/e3c99f3d-4947-41c6-99b1-137fb60195d2___Matt.S_CG 1374.JPG,Tomato___Septoria_leaf_spot/e38e01c9-c22c-41d9-9391-7f0227cfc666___Matt.S_CG 1373.JPG,Tomato___Septoria_leaf_spot,Tomato___Septoria_leaf_spot,train,val,6,True
6c78b6af567db04eec4f66547ec5ccff96de6a5d0272a2eb03091a2a0010b838,d27124de113be9aea7b99cc04e134b3fb0b1be17b344223bab23a26867a36b9e,Tomato___Early_blight/40e8b878-dc2f-4cbd-ac31-c07f372bb0fa___RS_Erly.B 7369.JPG,Tomato___Bacterial_spot/d8914e04-4e33-4189-bfa9-f547e5f696d1___GCREC_Bact.Sp 3173.JPG,Tomato___Early_blight,Tomato___Bacterial_spot,train,val,6,True
6fe7b9d06c7475abe42ad194ad27bda256c7bee7afe603610fc3bfd2e51e0387,79c73c7060b94f57ac4fcb2703aa1deab232894baab8cf0df53d0ff3bdaf64ab,Tomato___Spider_mites Two-spotted_spider_mite/1f3c081d-ddf4-48f7-884b-08b3a5b3ae0a___Com.G_SpM_FL 1307.JPG,Tomato___Spider_mites Two-spotted_spider_mite/d8a1b62d-7ea5-417c-aceb-b466f7822690___Com.G_SpM_FL 9487.JPG,Tomato___Spider_mites Two-spotted_spider_mite,Tomato___Spider_mites Two-spotted_spider_mite,train,val,6,True
71374442b40addcb1a12a0d7cb7f816aeff4a776b8975bbc2db93a0890e50acd,c68b94e3df515d826f87a445cea6236ac23c204e2e45f99e3c5ecad19407a4d7,Tomato___Tomato_Yellow_Leaf_Curl_Virus/ee4cb522-6d57-41a5-a425-f1038a1ffe9f___UF.GRC_YLCV_Lab 01432.JPG,Tomato___Tomato_Yellow_Leaf_Curl_Virus/492b9449-ec8d-4e20-a52b-843e8d171a6c___UF.GRC_YLCV_Lab 01431.JPG,Tomato___Tomato_Yellow_Leaf_Curl_Virus,Tomato___Tomato_Yellow_Leaf_Curl_Virus,train,val,6,True
7330becb2b1137b6bed0c67d1766425243fd6c5cb4a3b39366e57bab38ab3a98,3e71b2b25be8e016e94a75c1719b50afb808ea805241d7be917e7e2f26fbfecb,Tomato___Bacterial_spot/b39d9edd-bcee-456c-b078-e3e286171114___GCREC_Bact.Sp 3656.JPG,Tomato___Late_blight/a9d292cb-2aaf-44cd-a1ef-bec9b05308b9___RS_Late.B 7005.JPG,Tomato___Bacterial_spot,Tomato___Late_blight,test,train,6,True
73a3ca2362e21f4887ae02cc6e725a41df8b30d55e2cbef85782e5e0851364f5,a1e99ddaacd454fd27c8451bba33f2e89dd5f1547deddcfa9af0047a368872f5,Tomato___Late_blight/d6dde2e1-097a-4d45-b646-0110aaa06107___GHLB2 Leaf 8816.JPG,Tomato___Late_blight/506f24fb-92f4-4fe6-9d67-31e3ddd05fc0___GHLB2 Leaf 8819.JPG,Tomato___Late_blight,Tomato___Late_blight,test,train,6,True
74cb0a24f1ec752c8280e91b58d11daf8aa6a6d7548674d15772e8bec67e65af,6dc1a8a5b3a870fcd367007663a11fd9aa718cc59c732b9d7fc89cb0c0a3d278,Tomato___Late_blight/62474b8c-4625-4d73-ab6a-5e1d328a9cd4___GHLB2 Leaf 9038.JPG,Tomato___Late_blight/050ddb3f-1eb7-4905-8fa3-fc537dc50b7a___GHLB2 Leaf 9042.JPG,Tomato___Late_blight,Tomato___Late_blight,test,train,6,True
762c775c257e8576b92c68d9ae7ae9b11847639cbcf75b2cb992e1726458e2e0,8616bed65cff45f3d48c4f19248d5814267f469da1e760ce35ef0f77ffbfd167,Tomato___Bacterial_spot/e4404de4-7958-4e77-a7ed-664dd0d7f2c9___GCREC_Bact.Sp 5906.JPG,Tomato___Bacterial_spot/2cafa053-4dd6-4528-bb4f-53e4afeecefe___GCREC_Bact.Sp 2968.JPG,Tomato___Bacterial_spot,Tomato___Bacterial_spot,test,train,6,True
762c775c257e8576b92c68d9ae7ae9b11847639cbcf75b2cb992e1726458e2e0,9a140f37c379a3143b1876dbc89df776de7be4ebff58a9d82e934f2717cce1c6,Tomato___Bacterial_spot/e4404de4-7958-4e77-a7ed-664dd0d7f2c9___GCREC_Bact.Sp 5906.JPG,Tomato___Early_blight/0c221e01-a85e-4794-b45b-3a91e349a8d2___RS_Erly.B 6425.JPG,Tomato___Bacterial_spot,Tomato___Early_blight,test,train,6,True
762c775c257e8576b92c68d9ae7ae9b11847639cbcf75b2cb992e1726458e2e0,9a8df682a27a5ff51307ea45c072c7d1227e91c1e4684a16e3edca7323607e3f,Tomato___Bacterial_spot/e4404de4-7958-4e77-a7ed-664dd0d7f2c9___GCREC_Bact.Sp 5906.JPG,Tomato___Bacterial_spot/27a806fe-06f2-48fb-92cf-32d44d545606___GCREC_Bact.Sp 3052.JPG,Tomato___Bacterial_spot,Tomato___Bacterial_spot,test,val,6,True
762c775c257e8576b92c68d9ae7ae9b11847639cbcf75b2cb992e1726458e2e0,9ae186b374bb7af7ba77fa0c42ca3b0c6da0e699398d50cfb830c8f72ed42eda,Tomato___Bacterial_spot/e4404de4-7958-4e77-a7ed-664dd0d7f2c9___GCREC_Bact.Sp 5906.JPG,Tomato___Bacterial_spot/3fb742ed-4a71-47d2-9c40-60768bc01cd4___GCREC_Bact.Sp 5977.JPG,Tomato___Bacterial_spot,Tomato___Bacterial_spot,test,val,6,True
7715a3941fdbc194353c1b384d688c885ec7cb101d16808c126e767ca92cb6a2,1ab1b6878f0ffe9ccc2983adb2fae255bac55bb6a131dbbd29b4beeab3bfaf94,Tomato___Spider_mites Two-spotted_spider_mite/ad4a99a4-3dc7-4401-85d6-d803b9fcc70a___Com.G_SpM_FL 1762.JPG,Tomato___Spider_mites Two-spotted_spider_mite/fa0f71aa-5583-4376-ab17-a755cf065aaf___Com.G_SpM_FL 1520.JPG,Tomato___Spider_mites Two-spotted_spider_mite,Tomato___Spider_mites Two-spotted_spider_mite,test,train,6,True
78dd5aefd49317a439d9d5745af6fcc65c2dee58cb21e858a227f491a999b438,d09a0d07d0ea5b9c3295a87a8c5df9214cfa23a206d34bcf369b283c058e6a8e,Tomato___Tomato_Yellow_Leaf_Curl_Virus/f591877b-3f56-491c-b522-8a192a92e78e___UF.GRC_YLCV_Lab 02503.JPG,Tomato___Tomato_Yellow_Leaf_Curl_Virus/906f8e46-f387-4d39-9d7d-08df032222e0___UF.GRC_YLCV_Lab 02498.JPG,Tomato___Tomato_Yellow_Leaf_Curl_Virus,Tomato___Tomato_Yellow_Leaf_Curl_Virus,train,val,6,True
790f66c8814e0638b8f69ccf740711dff48d8fd41bcc930fb800b3cecd3d1009,c0800f84662ecea53eca46455acc35e23a9c55ea695633b86ad20f431b7b9e8b,Tomato___Bacterial_spot/9886ea69-5a4e-4fa4-9e41-e9f65884ba9e___GCREC_Bact.Sp 3199.JPG,Tomato___Bacterial_spot/4293f140-6bbd-4e7b-af3e-f3d519d72524___GCREC_Bact.Sp 5956.JPG,Tomato___Bacterial_spot,Tomato___Bacterial_spot,train,val,6,True
7a897bfe0d7377adb31bff14f7088054c58ac7b29264e888a02f6317254f948c,f4c2f36d8668284a23b0f6441b6b7033356a1a7b357be3c7b4446fbe5a010bdb,Tomato___Bacterial_spot/5e1bc867-05f6-4749-af57-60a73435bba2___GCREC_Bact.Sp 6027.JPG,Tomato___Bacterial_spot/fa3f0b33-f0a0-4625-b7c9-135bea953d91___GCREC_Bact.Sp 6028.JPG,Tomato___Bacterial_spot,Tomato___Bacterial_spot,test,train,6,True
7f594db55a909ff4ec82d5c1afad77ec65b2144e8749d6879e2550490c9fee86,b2d2e40abcca73ef11da1d3edd11dde69a505671e6a2d791d12d1ad795c59310,Tomato___Bacterial_spot/ea4ddb4b-216a-4ec2-85bc-06314c7de145___GCREC_Bact.Sp 3022.JPG,Tomato___Bacterial_spot/f8612abc-7408-451f-b6b8-89561d679bd0___GCREC_Bact.Sp 2997.JPG,Tomato___Bacterial_spot,Tomato___Bacterial_spot,test,train,6,True
7f594db55a909ff4ec82d5c1afad77ec65b2144e8749d6879e2550490c9fee86,ee280033db998bafea2ac6d4bc068f9e690a864f5b9a9fcedef1f294c8906420,Tomato___Bacterial_spot/ea4ddb4b-216a-4ec2-85bc-06314c7de145___GCREC_Bact.Sp 3022.JPG,Tomato___Bacterial_spot/e2286f6d-1e30-4528-ab51-84c18a16b7e1___GCREC_Bact.Sp 3503.JPG,Tomato___Bacterial_spot,Tomato___Bacterial_spot,test,train,6,True
8385bfc4348171788ff9fc6d073e8d183718a22e8b93bdd1549ef28b2aec85e3,2e99e30ff1cd326c00b2f2bee0e6a49aa511e6fb1aefc621423f58ea45684040,Tomato___Spider_mites Two-spotted_spider_mite/edfb0fe5-a10c-469d-9346-802e68dfcd58___Com.G_SpM_FL 9390.JPG,Tomato___Spider_mites Two-spotted_spider_mite/d2184d36-c149-4bab-bc07-66c9afce4567___Com.G_SpM_FL 9507.JPG,Tomato___Spider_mites Two-spotted_spider_mite,Tomato___Spider_mites Two-spotted_spider_mite,test,train,6,True
85a026b5db9889af608ba91f359c228e9afc4dc1bc987367ea118e761ac18044,ae722ce35a2d44941607ca2a3562b63a275dae7b1d302c9fd2c5f961c93ab40f,Tomato___Tomato_Yellow_Leaf_Curl_Virus/1018b818-a803-4bd9-9551-a85a410b03a1___YLCV_GCREC 5419.JPG,Tomato___Tomato_Yellow_Leaf_Curl_Virus/9bf28103-50ef-4fdc-a06c-86b61d34e8ae___YLCV_NREC 2865.JPG,Tomato___Tomato_Yellow_Leaf_Curl_Virus,Tomato___Tomato_Yellow_Leaf_Curl_Virus,test,train,6,True
85e00d56efa4f9c494eb1b661422fd3a3070bbcd7f423f26086cc2e5c0d5f108,677cab5c7f2fffeb3ec502d1a2bd992c86bfd429c4afe6a465fcaff831b7e460,Tomato___Early_blight/00e7c4b2-3005-4558-9cfa-235e356cb7a8___RS_Erly.B 7844.JPG,Tomato___healthy/633b3f16-21a5-4e44-b9fe-8ba149264915___RS_HL 0482.JPG,Tomato___Early_blight,Tomato___healthy,train,val,6,True
8baec0377f6ede7121fb30dcd4be7396ad1c613fa9a4bb1fb9d59bad3366cc20,f01d01f65e66775370021697e5de19cd622378c5afa5619ec738f20e55b41d9e,Tomato___Tomato_Yellow_Leaf_Curl_Virus/044ac80b-046b-4571-a43b-7d179f1610bc___UF.GRC_YLCV_Lab 01310.JPG,Tomato___Tomato_Yellow_Leaf_Curl_Virus/6294d7bb-dbef-4630-8298-4c9bbdb3ce6a___UF.GRC_YLCV_Lab 01314.JPG,Tomato___Tomato_Yellow_Leaf_Curl_Virus,Tomato___Tomato_Yellow_Leaf_Curl_Virus,train,val,6,True
8df64a4d208bcdf5946877663858f9ab43ce583a55581afbb1aa382b76d311b6,ff4d2a444ebc0408f90f0f92c5dbe445ff77f8174fa769858ab864a720223a21,Tomato___Spider_mites Two-spotted_spider_mite/3b62abc2-b01e-4a47-bc67-fd677a3840fe___Com.G_SpM_FL 8787.JPG,Tomato___Tomato_Yellow_Leaf_Curl_Virus/1c264e0f-1988-4d30-a311-7422148656f8___YLCV_GCREC 2789.JPG,Tomato___Spider_mites Two-spotted_spider_mite,Tomato___Tomato_Yellow_Leaf_Curl_Virus,train,val,6,True
90eec81db1a458ec78e5cc71b87de22ff507145905891511297d231030f498cf,dae011426a1645599a426c1ef20f73fbb56afc23d1cbb2dc7851c04fc916ff67,Tomato___Tomato_Yellow_Leaf_Curl_Virus/628a1db2-79a4-43c4-a51a-3dba32d1af01___UF.GRC_YLCV_Lab 09358.JPG,Tomato___Tomato_Yellow_Leaf_Curl_Virus/6ea7ff94-e0af-48d6-a6d9-3d4e787f8e5f___UF.GRC_YLCV_Lab 09355.JPG,Tomato___Tomato_Yellow_Leaf_Curl_Virus,Tomato___Tomato_Yellow_Leaf_Curl_Virus,test,train,6,True
91425b219772291b34d8e9df4687376d7d5ce204a4a07f8c3cc5f5eb61765815,d09b210b7c8295c976711feb9c1411cb6a0dea107154c5a1b4e1007654de3bd1,Tomato___Tomato_Yellow_Leaf_Curl_Virus/c7328a1e-ca49-4576-b106-0efe6a5409a6___UF.GRC_YLCV_Lab 02617.JPG,Tomato___Tomato_Yellow_Leaf_Curl_Virus/2c63abde-6c3f-422f-861d-ef78dce24a3c___UF.GRC_YLCV_Lab 02630.JPG,Tomato___Tomato_Yellow_Leaf_Curl_Virus,Tomato___Tomato_Yellow_Leaf_Curl_Virus,train,val,6,True
93be07a44cb102561c53b4a998d0ed02d8a737b79dd0fc057a2e402b850f4e4f,5d3e2b122a116f724938d3d1e5b27ec1504b2c6483832dfba637991fb17dd67e,Tomato___Tomato_Yellow_Leaf_Curl_Virus/36489515-f73d-4cc5-a27b-eeb2d33280cd___UF.GRC_YLCV_Lab 02729.JPG,Tomato___Tomato_Yellow_Leaf_Curl_Virus/e571b56f-b93b-4132-8265-5356bb0cb704___UF.GRC_YLCV_Lab 02712.JPG,Tomato___Tomato_Yellow_Leaf_Curl_Virus,Tomato___Tomato_Yellow_Leaf_Curl_Virus,train,val,6,True
943e28e7f3db5ad058d107a04dfccaf915785911ebd110242c58a643b1a4d56b,6eed7d039eb1671d0a20df91f68b16f56ac05fd6293c59786f68cacb4dc73f9a,Tomato___Tomato_Yellow_Leaf_Curl_Virus/6ad92a75-7e03-4f29-b5a5-072711c425c5___UF.GRC_YLCV_Lab 02855.JPG,Tomato___Tomato_Yellow_Leaf_Curl_Virus/4a5b0a30-27ff-400d-ad0c-0ee1e68df21b___UF.GRC_YLCV_Lab 02840.JPG,Tomato___Tomato_Yellow_Leaf_Curl_Virus,Tomato___Tomato_Yellow_Leaf_Curl_Virus,train,val,6,True
948ee73900c25f382c118a0d60da90ba4d4befd13bc1fa61fbca875dd7e990ec,e38752b3eb03c5793d5a362bcb46bf28073d8adaf03bdcc0aba4744476ea1ba0,Tomato___Bacterial_spot/32d7007e-5830-4675-8e03-06b60287652f___GCREC_Bact.Sp 3344.JPG,Tomato___Bacterial_spot/a6d6640b-c086-44f5-a53f-8cb59f72a7b4___GCREC_Bact.Sp 5886.JPG,Tomato___Bacterial_spot,Tomato___Bacterial_spot,train,val,6,True
95597ed7597da68504f1becce36c140e6ec84039d34c5bba4de59e337b397684,f4f1e374a99dd822ae9a8c200fc30afa0dfff2649b15bcde08843ae81b2646b0,Tomato___Spider_mites Two-spotted_spider_mite/d28089d2-6e51-4b8d-866c-88ecaf0239ac___Com.G_SpM_FL 9422.JPG,Tomato___Spider_mites Two-spotted_spider_mite/d58b9f9a-d62c-44c4-8a76-dba4ccc7fca8___Com.G_SpM_FL 9562.JPG,Tomato___Spider_mites Two-spotted_spider_mite,Tomato___Spider_mites Two-spotted_spider_mite,test,train,6,True
9568e2992de6a86271e62f1805ca928310a7f90189d184abcfbb36ee1024b916,211ee4fdb27f11878cd550c813074c6eec85e4ea211837cc5de6132caa1d76e4,Tomato___Bacterial_spot/38ef51e1-c793-4a6c-b17d-e066bcd533c8___GCREC_Bact.Sp 5639.JPG,Tomato___Bacterial_spot/7218c0f5-1083-4b2d-b0da-4c32edb279de___GCREC_Bact.Sp 3286.JPG,Tomato___Bacterial_spot,Tomato___Bacterial_spot,test,train,6,True
9925392327f522d12fbb34c81d94c1bf4137f5cd1e902a321bcf8aa0e34ef8ba,8abb0239b8dd964361b270e03540b04991ec239d704b34cfc18831fdaf5aacf6,Tomato___Spider_mites Two-spotted_spider_mite/c65bee06-904b-4e58-a1e8-9f50d4d19fa7___Com.G_SpM_FL 9414.JPG,Tomato___Spider_mites Two-spotted_spider_mite/0d956449-8243-4229-b293-124461cc4940___Com.G_SpM_FL 9325.JPG,Tomato___Spider_mites Two-spotted_spider_mite,Tomato___Spider_mites Two-spotted_spider_mite,train,val,6,True
a240f281e56d100d9b99a74ed7bc2daa8f779a87f9b2c1936df9a03ae565c515,7a08a4bd9bb5f04882871848334595d1f974fc053c4eedb700dc72991740c218,Tomato___Spider_mites Two-spotted_spider_mite/77659538-6771-4e5d-95a5-be6c55c8f308___Com.G_SpM_FL 9614.JPG,Tomato___Spider_mites Two-spotted_spider_mite/52082f00-79c2-4043-8af8-7cd8e10e7625___Com.G_SpM_FL 9615.JPG,Tomato___Spider_mites Two-spotted_spider_mite,Tomato___Spider_mites Two-spotted_spider_mite,test,train,6,True
a40722ac17f42d159dc71ba5b1a6c6b366d2a129d1bf1cccc4a97c7461cbedc1,3c5d79cc1d6813071d917bde4bf7e06ffc29f3cbe67cf849223654509aa2c61e,Tomato___Late_blight/1db51a76-0e89-45c6-8f00-9262c1c7732e___GHLB2ES Leaf 139.JPG,Tomato___Late_blight/d67013bf-2462-4626-a4fa-e352e7d3008b___GHLB2ES Leaf 139.1.JPG,Tomato___Late_blight,Tomato___Late_blight,test,train,6,True
a5e9e9d959528a3825ba3dc9a0c2f39002b11fa670d07f6f071eacb9386cb5e5,dcd2db9abf96ca0d80918910ebc6bebf8752360fb8a4181a95230c303b5d71e2,Tomato___Bacterial_spot/1a017b74-a549-433b-979b-3e3ace67b50d___GCREC_Bact.Sp 5715.JPG,Tomato___Septoria_leaf_spot/c5806b61-685f-43a2-a5af-c8c9f086e7ea___Matt.S_CG 1244.JPG,Tomato___Bacterial_spot,Tomato___Septoria_leaf_spot,test,train,6,True
a5f4ff482c1276dedc0d547b6d9d449228d86a140b9fd6396eec0cd4301b5ccd,4de21a7583f3d128ad7614e23f7da47e692248b878e9af0e0702a66093415412,Tomato___Spider_mites Two-spotted_spider_mite/33292e63-5f81-40ef-b397-f749a1c49bbf___Com.G_SpM_FL 9515.JPG,Tomato___Spider_mites Two-spotted_spider_mite/dbdc03e7-aed5-415b-9b93-2e47ef27f1c3___Com.G_SpM_FL 8498.JPG,Tomato___Spider_mites Two-spotted_spider_mite,Tomato___Spider_mites Two-spotted_spider_mite,test,train,6,True
a637acd63b50d056d37cb95c37bef72739690ef0d15f24d7911843e58c8dea87,f04f6bab9877b62c8a1ab4b732741408884e678ddd126183dc43a152713f86cc,Tomato___Tomato_mosaic_virus/cd8dc897-42ed-494e-8079-53d625d925e0___PSU_CG 2311.JPG,Tomato___Bacterial_spot/f31f2360-da0a-434a-8469-ebd257c4c29c___GCREC_Bact.Sp 5751.JPG,Tomato___Tomato_mosaic_virus,Tomato___Bacterial_spot,test,train,6,True
a6b46ba5fec778c0ac878f474cfc64f1fad81e436130b15c79c1db0b84ef5ee9,7d2cadf0083a7b6203db920389308a3f586b0c7c8a71bd50d6c61c333e5c6c7c,Tomato___Leaf_Mold/ceece521-8e6b-4f7b-b4bb-54369494e7a3___Crnl_L.Mold 6931.JPG,Tomato___Spider_mites Two-spotted_spider_mite/5789f0fc-1ed2-4a93-ac00-1c9b7ebd0a52___Com.G_SpM_FL 9618.JPG,Tomato___Leaf_Mold,Tomato___Spider_mites Two-spotted_spider_mite,test,train,6,True
a774efa4df2b00fa0e78b740a872f1824a71a9f55c294ba5549693d500eca156,cdaa876f1b2dd495157508d8fd645aaa694df684e42ffa1d6e3b914466988c9a,Tomato___Spider_mites Two-spotted_spider_mite/f702e4c1-fe56-41c5-9ee8-ccb06d8dce13___Com.G_SpM_FL 9528.JPG,Tomato___Spider_mites Two-spotted_spider_mite/0315776d-6d0d-4ae2-b102-4fd0feebaa51___Com.G_SpM_FL 9375.JPG,Tomato___Spider_mites Two-spotted_spider_mite,Tomato___Spider_mites Two-spotted_spider_mite,test,train,6,True
a865492c60d380e17c0576c27a48cca9c252bd4d56876e78fa4aa375223fcd92,7ebb7d2c50e5cd29ede44bfe5fa3ce28d69702d198e9cc05e312320fee3bbdca,Tomato___Spider_mites Two-spotted_spider_mite/db803ddd-cb31-4a25-8ba0-b4134d677ca9___Com.G_SpM_FL 8487.JPG,Tomato___Spider_mites Two-spotted_spider_mite/443ec2ab-57b1-4853-a779-2f020ac7d1cf___Com.G_SpM_FL 8983.JPG,Tomato___Spider_mites Two-spotted_spider_mite,Tomato___Spider_mites Two-spotted_spider_mite,test,train,6,True
a86737791f45e4eeda9ce71ae317568abca857fb68727bbabac844a8fd045403,8a48edef1a7780fa80c2a7fb2fdd727b65868002418d6e73cba2b5a1790a8951,Tomato___Tomato_Yellow_Leaf_Curl_Virus/a27029a9-c2c5-4e04-b25e-ef96524d6c35___UF.GRC_YLCV_Lab 02618.JPG,Tomato___Tomato_Yellow_Leaf_Curl_Virus/f3918648-a3a6-461e-941a-9920db2f1ca6___UF.GRC_YLCV_Lab 02619.JPG,Tomato___Tomato_Yellow_Leaf_Curl_Virus,Tomato___Tomato_Yellow_Leaf_Curl_Virus,test,train,6,True
a98caa358e393205c60e807d505ede86713e903c3347ee671e0b2f79ec76d81f,45cbe687bf2e26e3fcafc983d1efc30edf73df5d4c135003c711cd578d0260c0,Tomato___Tomato_Yellow_Leaf_Curl_Virus/5dbf5b6b-fd4a-4731-bb30-05b8841cddd3___UF.GRC_YLCV_Lab 02495.JPG,Tomato___Tomato_Yellow_Leaf_Curl_Virus/bcbe4121-e763-411e-bb1a-f438266427c4___UF.GRC_YLCV_Lab 02511.JPG,Tomato___Tomato_Yellow_Leaf_Curl_Virus,Tomato___Tomato_Yellow_Leaf_Curl_Virus,train,val,6,True
aa9a099dcbb8b0da9597e1beedd4aabf4b2240f20a6a5b8464c58a3f3ff98cbc,b465a36bbeba6988d054d7d3e8d389bfc2141e9c44edaacd8919302217603c9c,Tomato___Bacterial_spot/a7af4903-9aae-45be-990d-adfca4510cfa___GCREC_Bact.Sp 5872.JPG,Tomato___Bacterial_spot/fb703e38-2ea0-468f-9958-0f88be8e1fb0___GCREC_Bact.Sp 3126.JPG,Tomato___Bacterial_spot,Tomato___Bacterial_spot,train,val,6,True
b9e194e009963c272d0092fcb24d42ff6c31092c5bd948aed6f3d8931c8d3236,ef3c739f0df131d0a1f6467fe05734b6f820f5b6bcbc77fe8e7309f88a4a0fc6,Tomato___Tomato_Yellow_Leaf_Curl_Virus/7bff3fb7-788d-414c-bf0e-92a5ce4a4757___UF.GRC_YLCV_Lab 02064.JPG,Tomato___Tomato_Yellow_Leaf_Curl_Virus/6f22936e-2dac-423c-b046-aa1fe8a25978___UF.GRC_YLCV_Lab 02053.JPG,Tomato___Tomato_Yellow_Leaf_Curl_Virus,Tomato___Tomato_Yellow_Leaf_Curl_Virus,train,val,6,True
bb6ea2658c74ec96cec026cd099777aa3b0d16807cb38c12107e68ffa244f778,856dc6abf7433788f6f8f55d9e976f331be730511670e6566db1af1af7d2d9e8,Tomato___Late_blight/2e8f61d8-0d5d-46e3-a597-ede96855a4fe___RS_Late.B 5352.JPG,Tomato___Late_blight/cc822a81-2140-421a-957c-e4ccfa2c0ba5___RS_Late.B 5357.JPG,Tomato___Late_blight,Tomato___Late_blight,train,val,6,True
c3078153e84aa4bbb141b1fd5afc8c452bb9366b125dbb1a92f565bc5721454b,7a7e5475a76b3d648c3a160749dc554739089313d05128b9e6a877465809cc13,Tomato___Bacterial_spot/e601dd19-754a-4db4-926b-5e71609f628e___GCREC_Bact.Sp 3342.JPG,Tomato___Early_blight/07409e2c-a730-4b11-b25e-31025bd63a91___RS_Erly.B 9578.JPG,Tomato___Bacterial_spot,Tomato___Early_blight,train,val,6,True
ca893e13c7dd3a54715bcfff5a98759a236b61219249fe9efaf00007d91838f9,5c8acbc72a02c956a970b61ac01363f1ff1363631394dba7671b6adaa92da323,Tomato___Late_blight/2e493726-b22f-4e98-a2e2-418a4425cafb___GHLB2 Leaf 8911.JPG,Tomato___Late_blight/54eb17df-c42a-472f-91ec-92784e034115___GHLB2 Leaf 8910.JPG,Tomato___Late_blight,Tomato___Late_blight,train,val,6,True
ce59d106d7a945bc4c30bd60f4a7030c9584d93d38e7b3da122b18b15ff62394,f3c2e91456c003e9efd8d6063d41f0028abf7198a5709d26855336a8250f8063,Tomato___Spider_mites Two-spotted_spider_mite/23e686ff-5f19-4bda-a1f5-b66aa15b48ad___Com.G_SpM_FL 1773.JPG,Tomato___Target_Spot/38c3b873-fdb0-47b8-a56c-3580143b3acf___Com.G_TgS_FL 9818.JPG,Tomato___Spider_mites Two-spotted_spider_mite,Tomato___Target_Spot,train,val,6,True
d095ac51323c8083a2ca4ae31635050c251dc469ef33220fa05a295e5c391fb9,1d07d1d9dc59da320311ff5027dfac580a6fab8f47b1585b6b000e1a3a04a432,Tomato___healthy/e2085395-2d3c-4698-ad7f-da9fdc73c4d1___GH_HL Leaf 254.JPG,Tomato___healthy/48a36957-9e8e-4a17-b789-e775ea4bc523___GH_HL Leaf 254.1.JPG,Tomato___healthy,Tomato___healthy,test,train,6,True
d299e66b23393ca2c5ceda6c828560fc71905173dbe47250fc1c3e5498fe25bd,8a0caa8e254c9cae908ae73cff4d8a431d4a034842fe1ac17c4d53551d8c342c,Tomato___Septoria_leaf_spot/286a4fc5-4657-472f-bcbe-dbf38e94bb8e___JR_Sept.L.S 8417.JPG,Tomato___Late_blight/389ecffc-2ab0-4c7e-9f03-d6d4695d4f6a___RS_Late.B 5117.JPG,Tomato___Septoria_leaf_spot,Tomato___Late_blight,test,train,6,True
d39c421e1f5472e31ec4bf7df737965a4017c21a69003888fad00f98c87974a9,8836e71c00695356c6fa8ac0bcc05f8ed5bf53affb9ef85f8e850284db9e8a3d,Tomato___Tomato_Yellow_Leaf_Curl_Virus/ea057115-6a1f-4958-80fc-2605fbf2002b___UF.GRC_YLCV_Lab 02747.JPG,Tomato___Tomato_Yellow_Leaf_Curl_Virus/0120b8af-1482-4af9-85d1-a2bfe24c6985___UF.GRC_YLCV_Lab 02748.JPG,Tomato___Tomato_Yellow_Leaf_Curl_Virus,Tomato___Tomato_Yellow_Leaf_Curl_Virus,test,train,6,True
d42444be0364fd9975a39b70c58c28995bc79ae83502efa49136c32db90617dd,4c34e82e2f8f81a923fd9677ad91eaa4ad9772f7afde5015cf85403d4fa39be6,Tomato___Bacterial_spot/97f376a8-3781-4f2f-8fec-6a8150247d1e___GCREC_Bact.Sp 3387.JPG,Tomato___Bacterial_spot/31549f17-8b3c-4a16-9775-d3c50db39fb8___GCREC_Bact.Sp 5968.JPG,Tomato___Bacterial_spot,Tomato___Bacterial_spot,train,val,6,True
d47a2cadd1a60f0ee20cd446a8e2e6f6b6bd9fce11a00a905f9c6c48be2b031a,7e44f7c52d3c7bb86f28179c668e0002015b20e32803306815472d637195a5db,Tomato___Bacterial_spot/162156e8-724a-48d9-8a19-904937f9dc03___GCREC_Bact.Sp 3472.JPG,Tomato___Bacterial_spot/06ac210d-bdb1-4224-9053-c218cb14fa60___GCREC_Bact.Sp 3220.JPG,Tomato___Bacterial_spot,Tomato___Bacterial_spot,train,val,6,True
d4df79676a8276cf5e62eb10e9070427dc973ecc0db737505877dfc0754d2879,3cfe29743530c5b4e0d2158bc19115367aa1f1cab20fcb50aea5ed027a1ec799,Tomato___Septoria_leaf_spot/f32b0e3d-b9dc-413b-bee5-3d63fcea4cf5___Matt.S_CG 1430.JPG,Tomato___Leaf_Mold/1b2db321-28cd-4e33-88eb-b6c1302ca033___Crnl_L.Mold 6701.JPG,Tomato___Septoria_leaf_spot,Tomato___Leaf_Mold,test,train,6,True
d56ec2e638a4eb75f98560f1dcd4d75f98ccee76a671f2944e6bc904b3102478,6eb11ddeeb88c432aa8a05db38596e08726be586cd21e98022fd028c9f86dc80,Tomato___Septoria_leaf_spot/76eda6fd-558c-4fcf-951b-c70bef5b8bc5___Matt.S_CG 0880.JPG,Tomato___Spider_mites Two-spotted_spider_mite/a56182d9-143a-45fc-a1be-946ba0d46935___Com.G_SpM_FL 9550.JPG,Tomato___Septoria_leaf_spot,Tomato___Spider_mites Two-spotted_spider_mite,test,train,6,True
d7007c1394c0532f5fab33c136983a5520c0d48285023856ffc2a69772a77952,ffc1867294c1678bf6eb21e686f92e08f9c9dda3b5e4581bbacee46ba278e8aa,Tomato___healthy/5c4d21aa-76f8-4ab7-8440-65fd3cac640b___GH_HL Leaf 263.JPG,Tomato___healthy/7620a603-c3cd-4893-9481-901c9950bb00___GH_HL Leaf 263.1.JPG,Tomato___healthy,Tomato___healthy,train,val,6,True
dc458097ef8e2c884102923ab75d79b102e419928647111c1490f5a8fe22c88c,2d61b2394f8a60a5443947aa7aa74bba878c5c6784abce699ac542fcc6af7fdb,Tomato___Tomato_Yellow_Leaf_Curl_Virus/6397fdb0-b5d0-4c1f-bd6e-5520590c8a94___UF.GRC_YLCV_Lab 02849.JPG,Tomato___Tomato_Yellow_Leaf_Curl_Virus/0e2b6085-96c0-427c-801d-324eaef8b315___UF.GRC_YLCV_Lab 02848.JPG,Tomato___Tomato_Yellow_Leaf_Curl_Virus,Tomato___Tomato_Yellow_Leaf_Curl_Virus,train,val,6,True
dcd2db9abf96ca0d80918910ebc6bebf8752360fb8a4181a95230c303b5d71e2,ef6cf7cc7f818b9d3ea43dd338f36cf9e6ba0a45ff6330fd84c68bf22260db06,Tomato___Septoria_leaf_spot/c5806b61-685f-43a2-a5af-c8c9f086e7ea___Matt.S_CG 1244.JPG,Tomato___Bacterial_spot/4520a2cd-8c13-443a-a83e-8310fa9cb0d8___GCREC_Bact.Sp 6225.JPG,Tomato___Septoria_leaf_spot,Tomato___Bacterial_spot,train,val,6,True
e0bea6ff1a82578a7360e387f93647a16fb145b9e1e7f45739dc266ec99fa9e6,a1178f20d67b653083a8df426faa78524996401bc8dd68973c2c059252ed5c9d,Tomato___Spider_mites Two-spotted_spider_mite/c630a36c-7cf6-425a-bb07-ad71d1cca764___Com.G_SpM_FL 9402.JPG,Tomato___Spider_mites Two-spotted_spider_mite/8d0dffc7-aecb-4583-b3a3-1027fb4fd3d1___Com.G_SpM_FL 9567.JPG,Tomato___Spider_mites Two-spotted_spider_mite,Tomato___Spider_mites Two-spotted_spider_mite,train,val,6,True
e2a8e5a293daff045c0981032fdffef1174657b77966cddb57a719378eaf7a42,b0a788acd74b2c308bc5dace0c1d88685dc4e785ec11f9e6a1d8548e482a7d03,Tomato___healthy/47a87555-1411-43a3-85d2-5fb241ec089d___GH_HL Leaf 177.2.JPG,Tomato___healthy/2ea87b73-a52b-4a4c-938f-4ce06335d171___GH_HL Leaf 177.1.JPG,Tomato___healthy,Tomato___healthy,test,train,6,True
e37fd117253ced7adcc93fe5d6440992319741fc89b9d5a6146bfdc82ce597e2,a010523498df9b090100db70b16adf2a5bdc101ea1afff66b978e6dcbb59d9cb,Tomato___Tomato_Yellow_Leaf_Curl_Virus/40e16b2c-d41e-40f6-99fc-ee38a26e1efa___UF.GRC_YLCV_Lab 01662.JPG,Tomato___Tomato_Yellow_Leaf_Curl_Virus/eb78022e-bc77-473a-96a1-d1d9dd014e3b___UF.GRC_YLCV_Lab 01661.JPG,Tomato___Tomato_Yellow_Leaf_Curl_Virus,Tomato___Tomato_Yellow_Leaf_Curl_Virus,test,train,6,True
e482b4de9d9f74b1e5ea38c12204b958c6236d220d4cec49ce169dc65506a3cc,51c6fc5b45a6403d19fab1f38e8e4f4a5023410772d423cdd3f45405bd278852,Tomato___Tomato_mosaic_virus/3117475d-3948-45a5-b2c7-630efb8bfab8___PSU_CG 2333.JPG,Tomato___Bacterial_spot/d3ed0545-45ca-474c-89a8-381733809c75___GCREC_Bact.Sp 5771.JPG,Tomato___Tomato_mosaic_virus,Tomato___Bacterial_spot,train,val,6,True
e6f3ada38e705e9aece6c95804ff91dc3fb0df537d3e8cab72392bfd52af0f61,cda7289b8c225c9300211b066a9f1d8dde1b2560ae403b6265c389be7f5638cd,Tomato___Bacterial_spot/e0d9aef6-cce9-4ca0-9af6-ea44e9985cdf___GCREC_Bact.Sp 5847.JPG,Tomato___Bacterial_spot/3dbc84e0-27f1-421f-8978-82881bf846fd___GCREC_Bact.Sp 3514.JPG,Tomato___Bacterial_spot,Tomato___Bacterial_spot,test,val,6,True
e70f0f3a6bf0e1524b7f9356d7575d88089b0a291fdec5fbe12d782cbe5e66f0,9a5daf7257d72cbf7a18fd819edd74171ffc01fe7d12c4dc23a361ab82e3f387,Tomato___Tomato_Yellow_Leaf_Curl_Virus/d0631a5a-5206-4544-96eb-eddcf6d9be5a___UF.GRC_YLCV_Lab 01490.JPG,Tomato___Tomato_Yellow_Leaf_Curl_Virus/b0da2084-b23a-4c96-bb13-091e8e95960f___UF.GRC_YLCV_Lab 01478.JPG,Tomato___Tomato_Yellow_Leaf_Curl_Virus,Tomato___Tomato_Yellow_Leaf_Curl_Virus,train,val,6,True
e7f693c7fd2fecf3121c62b69a29558b5aeda1f501e88504d555d82e6e257839,8afe0346cda347cb9fbd135a669f2c71f52efce35aa6e917b415f2681e7400e5,Tomato___Bacterial_spot/1552a68d-efde-4536-b883-f6da947f5a33___GCREC_Bact.Sp 5583.JPG,Tomato___Target_Spot/8fa4b03e-7abe-456e-a84e-2b490ada8b0f___Com.G_TgS_FL 9709.JPG,Tomato___Bacterial_spot,Tomato___Target_Spot,train,val,6,True
ecab306f417864be79060c15633e671e9ed8427284b47d8bada9cb756711a551,c9a2e95a4fd1c10a10604c7d2f994ae2c14f65133fbbca2644db2741b6a0cc77,Tomato___Leaf_Mold/4e75a29c-0f14-4746-9d52-87d7f6c20b20___Crnl_L.Mold 6734.JPG,Tomato___Leaf_Mold/0f1ce7cf-da72-4ddb-9bdb-a1af620537c6___Crnl_L.Mold 6840.JPG,Tomato___Leaf_Mold,Tomato___Leaf_Mold,train,val,6,True
ecc91685e880b8179cdc6d76f10ca32e8af7d348661943832feef8b51cb9bdb4,1ba5f54fd56dd84b4d328e6e71570a8ccd9d592199d85ddb94f7cc683d256157,Tomato___Bacterial_spot/1371d8ed-b95f-4dd0-834c-9f3a944ca8dd___GCREC_Bact.Sp 3463.JPG,Tomato___Bacterial_spot/885c07cf-7443-4cc6-ba15-cc8e75aa7ebe___GCREC_Bact.Sp 6016.JPG,Tomato___Bacterial_spot,Tomato___Bacterial_spot,test,train,6,True
ecfebd4772615ec04ece2a4259ae3dfdfb89cf9db733059f4de3dd9234789eb3,9fab9a596603fa2c659df8d78f88470c5e40c54a33be796ac3a0dc86275dbd4d,Tomato___healthy/81453f31-6152-44e0-bfaf-fcd1336fc064___GH_HL Leaf 479.JPG,Tomato___healthy/7188d286-5201-40b6-925a-52af6e6c7c03___GH_HL Leaf 479.1.JPG,Tomato___healthy,Tomato___healthy,train,val,6,True
edc60c332a5c0c40daa30b821e40148990d2a6aafd09cbe09f503af20e73fc83,e924331d943effce79a8d0e30fabf05aa6e5d69bdede803e69a0c69edec4d8f1,Tomato___Bacterial_spot/b2045ca9-7594-4ff9-a2ae-4faef86160ba___GCREC_Bact.Sp 5816.JPG,Tomato___Bacterial_spot/d2cbc8f4-b632-47de-bc45-edeb4f0911f1___GCREC_Bact.Sp 5994.JPG,Tomato___Bacterial_spot,Tomato___Bacterial_spot,train,val,6,True
eef287cb513351a80f312f5f168a9e3b046f818b4112d313e6adccc62fc68367,4cdf6ffd15f21334ffbc0569aeef44d741ad07c99b2a7a99529218bc84316eb6,Tomato___healthy/991e779d-ffcb-4f55-98f6-20575d202757___RS_HL 0166.JPG,Tomato___Target_Spot/7eec3aca-476f-457d-8c0a-5c721a26aa4a___Com.G_TgS_FL 9899.JPG,Tomato___healthy,Tomato___Target_Spot,test,train,6,True
efb0b7965b94242d703334c533571aacb6b0ae2084303889f6ae9149c6b962ac,c042907ae41ba05d629c6c7a8075f17cdcb0b79b004e87ee63985f590bbf2bcb,Tomato___Tomato_Yellow_Leaf_Curl_Virus/ac593008-ed4e-496f-8785-6712cb39a858___YLCV_GCREC 2454.JPG,Tomato___Bacterial_spot/6cb8d633-865d-4809-99ff-c826fbcbfb7d___GCREC_Bact.Sp 5707.JPG,Tomato___Tomato_Yellow_Leaf_Curl_Virus,Tomato___Bacterial_spot,train,val,6,True
f0726b3fdfb8cc579fb9c8432ab58343e95cdbc9e694f508fdc814fdfae8d217,1bb976a7d9bfbb848afad90c5d2643220e0af095edb0620628f1e1d6125bc810,Tomato___Tomato_Yellow_Leaf_Curl_Virus/4f5f7643-a0aa-4dc4-ae00-a17097e949e9___UF.GRC_YLCV_Lab 03387.JPG,Tomato___Tomato_Yellow_Leaf_Curl_Virus/862bb14b-87a7-4829-9f77-fefe41aae0b6___UF.GRC_YLCV_Lab 03385.JPG,Tomato___Tomato_Yellow_Leaf_Curl_Virus,Tomato___Tomato_Yellow_Leaf_Curl_Virus,test,val,6,True
f08639ac933d3c419c9bf7f84e20b7cf4c3110dcda9420403e8526270c9bc412,9447443cb0b6641ddf71c2f70288090b8b80194fbec5473d97a4cae042249c76,Tomato___Tomato_Yellow_Leaf_Curl_Virus/38415828-fe26-47d0-bd59-f6773ac4884f___UF.GRC_YLCV_Lab 01357.JPG,Tomato___Tomato_Yellow_Leaf_Curl_Virus/4c91c53b-4c37-4029-974b-97daae68f9ab___UF.GRC_YLCV_Lab 01360.JPG,Tomato___Tomato_Yellow_Leaf_Curl_Virus,Tomato___Tomato_Yellow_Leaf_Curl_Virus,train,val,6,True
f12f4ffebf97ce230e1584cfd5f5c1cbeffe16b21221d67511aa4437bbbba3a5,20bd3fa129ba94c9862f134d55248af559c8b404d7e1443c0db1ec272d0b3239,Tomato___Spider_mites Two-spotted_spider_mite/8f4b78fa-aae1-493b-b132-6b00f03a32fe___Com.G_SpM_FL 8482.JPG,Tomato___Spider_mites Two-spotted_spider_mite/4012a51b-bc29-4044-9389-41c4c1cd39f6___Com.G_SpM_FL 9002.JPG,Tomato___Spider_mites Two-spotted_spider_mite,Tomato___Spider_mites Two-spotted_spider_mite,test,train,6,True
f7e62d86ce5bc23b5aecc1126dd826866956a6fe96cd1fc3973f507ac95d0b7b,5aaf8b5100fefcc53b62c3a2f938ebe14ecbadff775f24ba001524b5a188ac44,Tomato___Tomato_Yellow_Leaf_Curl_Virus/8f2d1ca5-aaa7-4aeb-a59a-4c4624da3113___UF.GRC_YLCV_Lab 01256.JPG,Tomato___Tomato_Yellow_Leaf_Curl_Virus/a8faf777-5878-4262-8926-9f3cf4fd428b___UF.GRC_YLCV_Lab 01259.JPG,Tomato___Tomato_Yellow_Leaf_Curl_Virus,Tomato___Tomato_Yellow_Leaf_Curl_Virus,test,train,6,True
f898cdf87da264abc3158f6a2f7ca9c7336a198c3c0f4fd01eb7148e55a0815e,5d1a204bb8fbebc299a6dccdbfdc0d6d092d61d23e67d72e1532d859e7a487a6,Tomato___Bacterial_spot/6f211a42-cdd8-4c5c-89b3-17e50f324621___GCREC_Bact.Sp 3569.JPG,Tomato___Tomato_Yellow_Leaf_Curl_Virus/ac5c779e-f33c-4389-8ac7-1ffb4a65a5c2___YLCV_GCREC 2479.JPG,Tomato___Bacterial_spot,Tomato___Tomato_Yellow_Leaf_Curl_Virus,train,val,6,True
fa52c64bc062653b777af779023f6c4090fd195d4325211ae7c59031276b073a,78e32d84ba87759cb0578496107c6a6b443317d4c5f7c1cd03c7dc4b511b923a,Tomato___Late_blight/0fd882fa-471d-4bcc-ab2b-efdfaf904bc3___GHLB2 Leaf 8915.JPG,Tomato___Late_blight/c421eebc-d8ec-42d7-bcc9-a615343216a0___GHLB2 Leaf 8912.JPG,Tomato___Late_blight,Tomato___Late_blight,test,train,6,True
fc4b1103d5bb1b68e4e243f2f02a2317db8303131329e9e5346421b65e0cc5c6,9a8df682a27a5ff51307ea45c072c7d1227e91c1e4684a16e3edca7323607e3f,Tomato___Bacterial_spot/172458d3-8e11-4e75-9f39-d7e96e885108___GCREC_Bact.Sp 3071.JPG,Tomato___Bacterial_spot/27a806fe-06f2-48fb-92cf-32d44d545606___GCREC_Bact.Sp 3052.JPG,Tomato___Bacterial_spot,Tomato___Bacterial_spot,train,val,6,True
fed5db43ca0f9b9b490b3f2ffe45f8f5c9a5a559341c8d71b93a4d1383c28947,c42ea5551ed991d64da5b581dd72c34ab2448a0f14aec256a4f8cd452028d375,Tomato___Tomato_Yellow_Leaf_Curl_Virus/162a2c9a-53ec-468c-bbaa-145e7acdb8db___UF.GRC_YLCV_Lab 02537.JPG,Tomato___Tomato_Yellow_Leaf_Curl_Virus/6bc71828-8107-4cf7-9da1-54ac9f7c73da___UF.GRC_YLCV_Lab 02534.JPG,Tomato___Tomato_Yellow_Leaf_Curl_Virus,Tomato___Tomato_Yellow_Leaf_Curl_Virus,train,val,6,True
000445a6d63036944de5aeff8a7b0fd3e5e631dcd2f82d1f0b373b60c04e1c12,e22731d7f21e87aa43b703b1a8cef3cb94e25fd6d4f6f48e071ec161b17794b1,Tomato___Spider_mites Two-spotted_spider_mite/3b90769e-82f9-4b5f-93dd-6c2666f3c952___Com.G_SpM_FL 8924.JPG,Tomato___Spider_mites Two-spotted_spider_mite/d64bb364-65c3-401d-b9b9-56fad8fbfdd8___Com.G_SpM_FL 8804.JPG,Tomato___Spider_mites Two-spotted_spider_mite,Tomato___Spider_mites Two-spotted_spider_mite,test,train,8,True
016c3e3743b402520b2313952ad77a6c5781b9753d2bc3ca7a1e44c000d9883d,7100e69fc4e50dc40f3f7be92ba714015c79be0dd097d891d56a27371eead614,Tomato___Bacterial_spot/e98d37d3-7029-4de3-bdd9-955904454850___GCREC_Bact.Sp 2993.JPG,Tomato___Bacterial_spot/eaf64b81-ac2a-4c85-8c15-da1986a12b7a___GCREC_Bact.Sp 3683.JPG,Tomato___Bacterial_spot,Tomato___Bacterial_spot,test,train,8,True
016c3e3743b402520b2313952ad77a6c5781b9753d2bc3ca7a1e44c000d9883d,9fc8ae769298775dffa36873cb1fe9ab8a144d1357b71455c2304d16fee67122,Tomato___Bacterial_spot/e98d37d3-7029-4de3-bdd9-955904454850___GCREC_Bact.Sp 2993.JPG,Tomato___Tomato_Yellow_Leaf_Curl_Virus/73f2bb67-22de-4aff-b178-13cc018d5aa7___YLCV_GCREC 2457.JPG,Tomato___Bacterial_spot,Tomato___Tomato_Yellow_Leaf_Curl_Virus,test,train,8,True
016c3e3743b402520b2313952ad77a6c5781b9753d2bc3ca7a1e44c000d9883d,d8614e8ef54456e9163e8b383b47b723a173075323bf414a36abd7c2cc9c8706,Tomato___Bacterial_spot/e98d37d3-7029-4de3-bdd9-955904454850___GCREC_Bact.Sp 2993.JPG,Tomato___Bacterial_spot/5ce7093e-2e9d-4dd9-9401-7499c26ddaf1___GCREC_Bact.Sp 5566.JPG,Tomato___Bacterial_spot,Tomato___Bacterial_spot,test,train,8,True
0197e98a7f0ba460aff00d90ab6c3964cbcd6c2a84bbfd953f5839e0336d0867,1bf95bb95ccfb7285e3a855c6e4a5bad6524fede3e5bfe82ff7f758e27b9cb11,Tomato___Bacterial_spot/7334e742-de72-4561-9b0d-cdd8bc3313e7___GCREC_Bact.Sp 3066.JPG,Tomato___Bacterial_spot/37f07271-2a51-4ebd-8346-d9703f725998___GCREC_Bact.Sp 3238.JPG,Tomato___Bacterial_spot,Tomato___Bacterial_spot,test,train,8,True
0197e98a7f0ba460aff00d90ab6c3964cbcd6c2a84bbfd953f5839e0336d0867,8083b70dd1bf22f5b6c3dda825a86ed483836cfb5980fe548c5cb17a42f92213,Tomato___Bacterial_spot/7334e742-de72-4561-9b0d-cdd8bc3313e7___GCREC_Bact.Sp 3066.JPG,Tomato___Bacterial_spot/17ee90d7-f733-4026-a83e-c5c87ad88e67___GCREC_Bact.Sp 5623.JPG,Tomato___Bacterial_spot,Tomato___Bacterial_spot,test,train,8,True
01a5be9e1f1d0f0f362bb88898c498e3fce0251cc5446a401dc6b3a2cf95f446,43fc08deba36d9c3acc0c5f3daaf321b3d319475890c2d75ed904575acf3174b,Tomato___Spider_mites Two-spotted_spider_mite/90ef9a47-80a8-41ce-a673-37f393e24987___Com.G_SpM_FL 8864.JPG,Tomato___Early_blight/7c691a49-8a56-49d2-856f-6c20c34e257b___RS_Erly.B 9586.JPG,Tomato___Spider_mites Two-spotted_spider_mite,Tomato___Early_blight,test,train,8,True
01ca70a58d4c2f17456142666a4e1eb2afcfc42ef871c54d57568d257c68645f,b465a36bbeba6988d054d7d3e8d389bfc2141e9c44edaacd8919302217603c9c,Tomato___Tomato_Yellow_Leaf_Curl_Virus/e03a6b15-f236-4b0a-a1bc-a61f02f959ed___UF.GRC_YLCV_Lab 01915.JPG,Tomato___Bacterial_spot/fb703e38-2ea0-468f-9958-0f88be8e1fb0___GCREC_Bact.Sp 3126.JPG,Tomato___Tomato_Yellow_Leaf_Curl_Virus,Tomato___Bacterial_spot,train,val,8,True
01ccf1def1327817de4f62e6b45b7298d21835793fa042928ce3130e5619d6f6,00130ff23e61b0c77d9a42992b9864380b883edc0637e117951eb08f394e2075,Tomato___Septoria_leaf_spot/d47c8ffb-e42f-4bad-a87a-0a902c75bbc9___Matt.S_CG 1255.JPG,Tomato___Septoria_leaf_spot/bc9fa92b-2ed1-40b2-96b6-eb15bff4c323___Matt.S_CG 1256.JPG,Tomato___Septoria_leaf_spot,Tomato___Septoria_leaf_spot,test,train,8,True
0274311cab133d4ab774e2f1d0c33cf6d581a10cffd71f43611d7e59f38b33a4,1fbddf3ea91a0976f0815616d8690468bf6193f7a2bcc38c569069a343796f04,Tomato___Target_Spot/aabba450-a441-4097-9256-ad41e3eeaf23___Com.G_TgS_FL 0646.JPG,Tomato___Spider_mites Two-spotted_spider_mite/4c9e9795-8252-4c13-84e8-1dd5564f6517___Com.G_SpM_FL 8828.JPG,Tomato___Target_Spot,Tomato___Spider_mites Two-spotted_spider_mite,test,train,8,True
02d726db6bb0d52f76639723048f06cab84eade6a724c7279264fc2277c942c5,b2a5afb0fc88a2b8e84edbfa83fc309bb0d9e0391bdd15e6a2eaddbedd879345,Tomato___Bacterial_spot/6622ef60-ab1d-4225-9986-fbe2b201d43a___GCREC_Bact.Sp 3349.JPG,Tomato___Bacterial_spot/46520eb0-dbd0-40c7-ba4f-37510a15af9e___GCREC_Bact.Sp 5558.JPG,Tomato___Bacterial_spot,Tomato___Bacterial_spot,train,val,8,True
02fb63393adc666cdb613e6e7bd1cdc4a7cee8bb29013359387a5b41d5338a96,68ae2128beb712eb6366b13a50b9d0e8607fcf602faef613597339d98ea17b26,Tomato___Spider_mites Two-spotted_spider_mite/cf21eb19-c8d6-4eba-9086-487d11bb8f94___Com.G_SpM_FL 9430.JPG,Tomato___Tomato_Yellow_Leaf_Curl_Virus/daa42538-8e0a-425d-a2c1-3fa4cb3a0aa3___YLCV_GCREC 5516.JPG,Tomato___Spider_mites Two-spotted_spider_mite,Tomato___Tomato_Yellow_Leaf_Curl_Virus,train,val,8,True
033232b37eda60fad779d7f5f8e37ad0d4055726ad08fac218b035bae88ff167,2459c4e4190d50a9b0650a3f4a8d32f6c1cb8a6a5a35358fe72d876b336a7d70,Tomato___healthy/5044fab8-1e1b-4f9c-a477-3ee8497d0c75___RS_HL 0287.JPG,Tomato___healthy/2a7e1698-9747-40e6-994e-5d4dc1d2b239___RS_HL 0279.JPG,Tomato___healthy,Tomato___healthy,test,train,8,True
03d02312d8ec0b5f864cae0ebe8aa920cbee11ff2e3532fdcbaa23b1a26364df,e2f2320a979c77e6b0ec62263d523df982f9772172cddeadf18701c9378d15f4,Tomato___Tomato_Yellow_Leaf_Curl_Virus/20710d03-d6ae-4c16-92c4-d2ccb2a5afad___YLCV_GCREC 5508.JPG,Tomato___Tomato_Yellow_Leaf_Curl_Virus/a2f88eb8-f50c-4dc9-aa5a-56050d57d066___YLCV_NREC 2636.JPG,Tomato___Tomato_Yellow_Leaf_Curl_Virus,Tomato___Tomato_Yellow_Leaf_Curl_Virus,test,train,8,True
03d5d321377eeb371bc11519909110d9a2f0abdac4c5e98813f49291abb191d1,b74f563bab64cb6217ced8e5859ee54945b618a21a4bef967175befd993446cd,Tomato___Tomato_Yellow_Leaf_Curl_Virus/8f8f5b03-854c-4572-ac84-2893366dffef___YLCV_GCREC 2750.JPG,Tomato___Tomato_Yellow_Leaf_Curl_Virus/3d6a1a02-ca2e-41d9-96b2-668293efc55d___YLCV_GCREC 2582.JPG,Tomato___Tomato_Yellow_Leaf_Curl_Virus,Tomato___Tomato_Yellow_Leaf_Curl_Virus,test,train,8,True
03ecfadbb7d8659649883cb86c3d4c45edfa5a3755bfe208f5c3a907b5d56bcb,b51eb125cce6cfd5469f451c0f88d78d24c153a7fc5f78cf535162afd431ea8d,Tomato___Tomato_mosaic_virus/38748c94-80b0-4a2b-b330-61d2619f5913___PSU_CG 2081.JPG,Tomato___Leaf_Mold/9d807622-ab39-4aa3-a70a-a2a62aa17679___Crnl_L.Mold 9136.JPG,Tomato___Tomato_mosaic_virus,Tomato___Leaf_Mold,train,val,8,True
03f71ef4556137b52bf94564ad1f7b357326be01bd1c7a9ceeb1c1aa9e1f7312,931ab162cb32c4a39df67312b5afc05f4b7faaf4b5d596fee9d9f743541e57e2,Tomato___Bacterial_spot/abf9d7f0-be8e-4294-bf19-d60270e3a50d___GCREC_Bact.Sp 5573.JPG,Tomato___Bacterial_spot/3f03db8d-6db0-45c0-ab1f-ca69db013041___GCREC_Bact.Sp 5729.JPG,Tomato___Bacterial_spot,Tomato___Bacterial_spot,test,train,8,True
03fb8fc138e3ba6f971a5f5959262d4fc1b5a07a1b646ac8406aa42addfd89b1,942fc94363d6f16c41d27a8ab8d4e6e63056d45d06f99d01caadcbdbc44c5b8d,Tomato___Spider_mites Two-spotted_spider_mite/851ea0ae-63c2-4f43-825e-e5e60b636ec0___Com.G_SpM_FL 1747.JPG,Tomato___Spider_mites Two-spotted_spider_mite/8a1fd830-99d4-4044-b851-6237ed451132___Com.G_SpM_FL 1739.JPG,Tomato___Spider_mites Two-spotted_spider_mite,Tomato___Spider_mites Two-spotted_spider_mite,train,val,8,True
04d733820f4cd0200149a853e865a8e5ab38565e9d755e1fa95eb41a5eef2dad,89f6b68af289e560e535b4ade5bb65bd14c75a9d964ed3b5152cd6ffe3eb0595,Tomato___Leaf_Mold/c02f3863-3012-4f3a-873e-8003d73a54f9___Crnl_L.Mold 6520.JPG,Tomato___Leaf_Mold/a740fdd7-45f9-445f-a992-37005aa41d32___Crnl_L.Mold 6883.JPG,Tomato___Leaf_Mold,Tomato___Leaf_Mold,train,val,8,True
04ea3e8608068f3f5dba1a6f0a6cea4978dcfcd8a624cab39315adeb755704fc,8616bed65cff45f3d48c4f19248d5814267f469da1e760ce35ef0f77ffbfd167,Tomato___Spider_mites Two-spotted_spider_mite/db678f0b-cd38-408c-9029-33296dcd568d___Com.G_SpM_FL 8522.JPG,Tomato___Bacterial_spot/2cafa053-4dd6-4528-bb4f-53e4afeecefe___GCREC_Bact.Sp 2968.JPG,Tomato___Spider_mites Two-spotted_spider_mite,Tomato___Bacterial_spot,test,train,8,True
054bfcdc69850fe63d1bc2d00fa53e391c9bb9424f754e3d6f40d9509a603498,212829c4c40f799562927ce53b931280ada333e531f89c32a0089b330beba4d2,Tomato___Leaf_Mold/e401be04-ce62-4682-ae91-765fc4c2cc31___Crnl_L.Mold 7114.JPG,Tomato___Septoria_leaf_spot/c363173e-e72f-4aeb-937b-29f60598736d___JR_Sept.L.S 8563.JPG,Tomato___Leaf_Mold,Tomato___Septoria_leaf_spot,test,train,8,True
05db236232f07792cc08489c8617f667fce82aff286e50f3006c205131716c69,861eeeea768999d97c454d368ec94432856dc3a362a2a984db207493d58d1e80,Tomato___Tomato_Yellow_Leaf_Curl_Virus/641037eb-ab10-44eb-9ddb-7d3d8e363008___YLCV_NREC 2191.JPG,Tomato___Tomato_Yellow_Leaf_Curl_Virus/4216d51d-afb3-4b53-9d16-45d29d8c708a___YLCV_GCREC 2171.JPG,Tomato___Tomato_Yellow_Leaf_Curl_Virus,Tomato___Tomato_Yellow_Leaf_Curl_Virus,test,train,8,True
067874e38b4516aabbc0da95cd7d61a3f3bdeb24cfefd4e091e7451ffd702108,400d50443114d32451a977554b494557c3d85885fb9a3555ad325d41614deded,Tomato___Late_blight/3102efb7-6d3d-41db-aac8-587014fefe49___GHLB2 Leaf 9053.JPG,Tomato___Late_blight/9b0836db-9e56-4dc2-ba79-2d02907eaee1___GHLB2 Leaf 9048.JPG,Tomato___Late_blight,Tomato___Late_blight,test,train,8,True
069f1f239f0f093b6bb77e458437a5d3e00e4938a615bdb023cd8327de73e11b,ef3c739f0df131d0a1f6467fe05734b6f820f5b6bcbc77fe8e7309f88a4a0fc6,Tomato___Tomato_Yellow_Leaf_Curl_Virus/b89e6dce-ebc9-4eac-a0f8-19e34657f6e1___UF.GRC_YLCV_Lab 02067.JPG,Tomato___Tomato_Yellow_Leaf_Curl_Virus/6f22936e-2dac-423c-b046-aa1fe8a25978___UF.GRC_YLCV_Lab 02053.JPG,Tomato___Tomato_Yellow_Leaf_Curl_Virus,Tomato___Tomato_Yellow_Leaf_Curl_Virus,test,val,8,True
06c15d00743aeab0e4c190d564be54a87f93519bd33a98ac404faab524d70c5f,4577b8c021315b6367d32341bed6a038e100170f8f0b1c058d0d793a2a7c8e88,Tomato___Tomato_mosaic_virus/67662638-1bfa-4ff6-8305-2d8544277ef0___PSU_CG 2222.JPG,Tomato___Leaf_Mold/f48883d4-b37c-46b9-8e3d-a3cb04ff6067___Crnl_L.Mold 6641.JPG,Tomato___Tomato_mosaic_virus,Tomato___Leaf_Mold,train,val,8,True
0816d823a968bbd1f03f576e030b346ff1f04edc6f0c00c4ffd5fb8501f78908,84f7f3ac03462495897ede31ab47363e589b1130960bac1af0fe9319ff5a43b4,Tomato___Tomato_Yellow_Leaf_Curl_Virus/6d8945de-29b4-413c-a3f6-043889d99116___UF.GRC_YLCV_Lab 03220.JPG,Tomato___Tomato_Yellow_Leaf_Curl_Virus/b1db6ecd-197e-40fa-9abb-bce650f2517d___UF.GRC_YLCV_Lab 03221.JPG,Tomato___Tomato_Yellow_Leaf_Curl_Virus,Tomato___Tomato_Yellow_Leaf_Curl_Virus,train,val,8,True
085dcb6e268fb1c2094c536d85d776608b1d3316ddad7a215cf96ad2ef5f2cef,b51bc9d5732ec9c48385392d49e71f01de82df31e777af7f5848eee85007e23a,Tomato___Septoria_leaf_spot/a1b6deb1-e0f7-4eb4-a2ca-77d1f1e45aaa___Matt.S_CG 7818.JPG,Tomato___Septoria_leaf_spot/d5380a5d-03bb-46d1-ae25-b245f3eec822___Matt.S_CG 7626.JPG,Tomato___Septoria_leaf_spot,Tomato___Septoria_leaf_spot,test,train,8,True
097c19b136424b818db4e05f4f6f496a98b8f996324eafde606f92e470e219b3,5a5023bb684ff609f9bf0dd59258cfab2e20a81dce1531080a7299cf163125bf,Tomato___Tomato_Yellow_Leaf_Curl_Virus/be7be6fa-e171-4a56-bae4-f53c718f4362___YLCV_NREC 2083.JPG,Tomato___Spider_mites Two-spotted_spider_mite/fbd9d6dd-1141-42e8-84d5-7ca48ba4632c___Com.G_SpM_FL 9377.JPG,Tomato___Tomato_Yellow_Leaf_Curl_Virus,Tomato___Spider_mites Two-spotted_spider_mite,test,train,8,True
09eb9b05811028cf7e20721027b617c159414e104b57bf5be36ef4d8fa938719,1f75c4afdc85532fae7202dbfc5a39273180f0aca1ccf365c3ded774e4edf88c,Tomato___Bacterial_spot/edcbb73e-46f6-4798-bcdd-7c4477b6b9cf___GCREC_Bact.Sp 3214.JPG,Tomato___Tomato_Yellow_Leaf_Curl_Virus/78c33fe5-c2ce-416a-acad-c8432c75e58e___YLCV_GCREC 2026.JPG,Tomato___Bacterial_spot,Tomato___Tomato_Yellow_Leaf_Curl_Virus,test,train,8,True
09eb9b05811028cf7e20721027b617c159414e104b57bf5be36ef4d8fa938719,4886d81526e7f64e6bfffedbecdae028d84f70a1562f6e0604ea97b5b3ed1f16,Tomato___Bacterial_spot/edcbb73e-46f6-4798-bcdd-7c4477b6b9cf___GCREC_Bact.Sp 3214.JPG,Tomato___Septoria_leaf_spot/253ddc99-8132-4710-bb89-eb83ab271abc___Matt.S_CG 0698.JPG,Tomato___Bacterial_spot,Tomato___Septoria_leaf_spot,test,val,8,True
09eb9b05811028cf7e20721027b617c159414e104b57bf5be36ef4d8fa938719,98fc3b47c9c121764f8b47cd3e6a2a6073e489fcf7cad88c6afbcf35994db47b,Tomato___Bacterial_spot/edcbb73e-46f6-4798-bcdd-7c4477b6b9cf___GCREC_Bact.Sp 3214.JPG,Tomato___Bacterial_spot/7e7479df-7aac-4b5f-9724-db28ca442a74___GCREC_Bact.Sp 3215.JPG,Tomato___Bacterial_spot,Tomato___Bacterial_spot,test,train,8,True
0a7c94b9bee60fe0f16e9b07b266e47404f7b349ee0dd6cd4659e567ddc6b9fa,1d2818cb1f800e7ec0c32908a8e059ae390c5d8076a3e909e1ef87ab47e71c2d,Tomato___Early_blight/a8cade96-090a-4dcd-bc79-d13a4046370d___RS_Erly.B 7721.JPG,Tomato___Tomato_Yellow_Leaf_Curl_Virus/d250bc4b-6d82-4294-9659-419b0e6775c1___YLCV_GCREC 2549.JPG,Tomato___Early_blight,Tomato___Tomato_Yellow_Leaf_Curl_Virus,test,val,8,True
0ac2da9802cbce62591402fe207b8b2eb5b04ba5db8c15d4d0c6808077c733d3,839fff53e23476eabf547a4529bef95bc56bb84512e33d023eb28f561f0e047a,Tomato___healthy/c268e18a-6916-43ef-8aa8-f68b1429b7dc___GH_HL Leaf 236.2.JPG,Tomato___healthy/89ecd925-23ef-4bfe-8c55-cad05161aca2___GH_HL Leaf 236.1.JPG,Tomato___healthy,Tomato___healthy,train,val,8,True
0b8fa96415cce5f450f2e6ec8767226dcc58002154da3e862ec2ea0e457dc810,bb7d2560600226783077e80dec0dba1954db4acb9d8fe88db6de585e31d5bd51,Tomato___Bacterial_spot/f5142872-5e4b-4038-b4fd-b38c4097e5aa___GCREC_Bact.Sp 5679.JPG,Tomato___Bacterial_spot/ef71eeaa-1a9c-41f6-8cbe-394a441b3f0c___GCREC_Bact.Sp 3507.JPG,Tomato___Bacterial_spot,Tomato___Bacterial_spot,train,val,8,True
0c76309cbac9d682add6ae3bdc9a01894e627f2089ecccff68e93625f44de857,580f38a815d5b2ba9b67152506555575370efe20af058137e19c5ea111899fa9,Tomato___Tomato_Yellow_Leaf_Curl_Virus/d7b4c58c-f9c5-413e-953f-2d51e83f3b66___YLCV_GCREC 5314.JPG,Tomato___Tomato_Yellow_Leaf_Curl_Virus/5ad0f91d-2756-4b92-ae07-1945f1b71c45___YLCV_GCREC 5315.JPG,Tomato___Tomato_Yellow_Leaf_Curl_Virus,Tomato___Tomato_Yellow_Leaf_Curl_Virus,test,train,8,True
0c838c20eac3dbd75a7a03321a985bb72d9c63b94bbb99b935f7fd02a18b1210,538a2ad59717f32cd2bd822901c53b7bb45fcac75c86a9cbecb4ed5784060608,Tomato___Late_blight/d373ae28-23fa-48ac-9745-7b9f405698d5___RS_Late.B 5391.JPG,Tomato___Bacterial_spot/3dde2c0b-a6d1-49f7-bcdc-3a615ea9d0c0___GCREC_Bact.Sp 5731.JPG,Tomato___Late_blight,Tomato___Bacterial_spot,test,train,8,True
0e07018700c55592a414fc9bb5b47f27af26aa8cff49de90c9d6e97540122434,33fed08dc68066cf614b93a9d1c69f955616c686540bd038c1462bb7e5362832,Tomato___Tomato_Yellow_Leaf_Curl_Virus/f7dd391f-26cd-42df-8e92-2aa4cdf5d28b___UF.GRC_YLCV_Lab 01909.JPG,Tomato___Tomato_Yellow_Leaf_Curl_Virus/0b65e4d3-9a6e-463a-b930-814c787d01c6___UF.GRC_YLCV_Lab 01910.JPG,Tomato___Tomato_Yellow_Leaf_Curl_Virus,Tomato___Tomato_Yellow_Leaf_Curl_Virus,test,train,8,True
0e08e5ce138815769d8166ad5c6602c2fad5a5c3c7338160e2209f9ea5bbbd8b,6fbb6425e70c6c3e6e308c1ba5ee5ced556df1739ae0c92b4a991057c48aed87,Tomato___Spider_mites Two-spotted_spider_mite/5a5afa95-1fb6-477e-a24c-a6fe1cac644f___Com.G_SpM_FL 9282.JPG,Tomato___Spider_mites Two-spotted_spider_mite/61b545b4-309c-4eff-9fe7-e0979dbe3c40___Com.G_SpM_FL 1322.JPG,Tomato___Spider_mites Two-spotted_spider_mite,Tomato___Spider_mites Two-spotted_spider_mite,test,train,8,True
0e0b38fbc699a8896a2c68f4d9c42770bfad439bab56c546145e6913b769bcd3,248c637e601f81e71ff3c24ecad96be95db26e3bb0746cd5183a0bd961cdb591,Tomato___Tomato_Yellow_Leaf_Curl_Virus/837c2369-4f38-4c58-b1ed-fa83f96258ad___UF.GRC_YLCV_Lab 02439.JPG,Tomato___Tomato_Yellow_Leaf_Curl_Virus/b086e7d4-52fe-4779-b2a5-5927aec3e636___UF.GRC_YLCV_Lab 02437.JPG,Tomato___Tomato_Yellow_Leaf_Curl_Virus,Tomato___Tomato_Yellow_Leaf_Curl_Virus,train,val,8,True
0e1a7d94b6d60b7aed3757c2387a6364b4826a60b5cd07fefac7e795b8d6413f,11007aaba90e588473e3a8c8830f8c7b9402f39616f555c952c8f62adccf60e1,Tomato___Septoria_leaf_spot/86726614-43a7-445c-a854-153e3830cbcc___Matt.S_CG 7686.JPG,Tomato___Target_Spot/1ea4741f-c01c-486e-a4b4-c77bce536f95___Com.G_TgS_FL 9821.JPG,Tomato___Septoria_leaf_spot,Tomato___Target_Spot,train,val,8,True
0f11740938f2f0db8024bfe390ecf70a21f49136a3a7e7e7c14a944e93a875bf,9790344d299ea5a371140172da45fed9d5fd45de89aa791e1dd597369caabdfb,Tomato___Septoria_leaf_spot/82de2fc1-0ff9-4711-a89d-35db440d2078___JR_Sept.L.S 8564.JPG,Tomato___Leaf_Mold/55c2cd78-8c7c-4102-801f-c87d2284b874___Crnl_L.Mold 7069.JPG,Tomato___Septoria_leaf_spot,Tomato___Leaf_Mold,test,train,8,True
10120467726bd29a36f13b8979bc2596f71e9af7215c4947f1232188a5533e23,5fee14b259be7eed4c1a5a4ba99d5d5536ec7901f85aebb76aee46aab10ef736,Tomato___Bacterial_spot/4987b5ee-012c-4bcd-854d-7881a50757fd___GCREC_Bact.Sp 3209.JPG,Tomato___Spider_mites Two-spotted_spider_mite/e6f7952e-cf7e-4d1e-8dd5-4853d5fcc4ee___Com.G_SpM_FL 8543.JPG,Tomato___Bacterial_spot,Tomato___Spider_mites Two-spotted_spider_mite,test,train,8,True
10120467726bd29a36f13b8979bc2596f71e9af7215c4947f1232188a5533e23,d3cbe89cdf3e20ad0a2799cd1a4c58cf31e7ecce59bf993eaf6c96bc011afb3a,Tomato___Bacterial_spot/4987b5ee-012c-4bcd-854d-7881a50757fd___GCREC_Bact.Sp 3209.JPG,Tomato___Tomato_Yellow_Leaf_Curl_Virus/6d1de1e6-b895-4032-a256-dbb68a746684___YLCV_GCREC 2813.JPG,Tomato___Bacterial_spot,Tomato___Tomato_Yellow_Leaf_Curl_Virus,test,train,8,True
10120467726bd29a36f13b8979bc2596f71e9af7215c4947f1232188a5533e23,e0c3c622f898fcb652973f222637ed7ca6b350c0b89a1dda3f956ac5c7c6ab0e,Tomato___Bacterial_spot/4987b5ee-012c-4bcd-854d-7881a50757fd___GCREC_Bact.Sp 3209.JPG,Tomato___Bacterial_spot/822e2ff3-34d5-4634-b82e-2d5cc16c1485___GCREC_Bact.Sp 5990.JPG,Tomato___Bacterial_spot,Tomato___Bacterial_spot,test,train,8,True
105ba0f137b7e9c8ee30b7199fc9b00115817d35ffc3d26c87f52371aab16823,3abdcaf130372676a6a24dd0c140636d1953a3320d377b3b3ca15bee4fbe2269,Tomato___Late_blight/e5f21018-4aac-42f7-a397-a973907ac4ec___GHLB2 Leaf 156.JPG,Tomato___Late_blight/2d63d91d-5366-4f88-83e1-cc5ce4b16d2e___GHLB2 Leaf 156.1.JPG,Tomato___Late_blight,Tomato___Late_blight,train,val,8,True
106643806ad15430821cfbc160899a5cac43f12bc9fd83e56913ec9501f84728,adca9c8a187e38c68b7bd5ba1edb705befbf5f0230c0fd5655bd78d87a8eed34,Tomato___Tomato_Yellow_Leaf_Curl_Virus/ab4df6f2-5a4c-4e14-8742-9d1b11f621c7___YLCV_GCREC 5304.JPG,Tomato___Septoria_leaf_spot/388bbf02-8689-4a87-8fac-ec29b6e9268e___Matt.S_CG 6504.JPG,Tomato___Tomato_Yellow_Leaf_Curl_Virus,Tomato___Septoria_leaf_spot,test,train,8,True
10adda3a457bba9a35b7a1383b7f629f9182dd64c0d978769c48aa6da0efe476,c05eec14a9fd26f17806ee599251dd1bb7262cc7dd5e5eea83278fdf76655135,Tomato___Spider_mites Two-spotted_spider_mite/2fb77f60-ae5b-40c4-b6fb-3c90ac55ccd4___Com.G_SpM_FL 9367.JPG,Tomato___Septoria_leaf_spot/4b0ff251-1da4-4f9c-bf92-46441043c6cf___Keller.St_CG 1951.JPG,Tomato___Spider_mites Two-spotted_spider_mite,Tomato___Septoria_leaf_spot,test,val,8,True
10bccd6beee7694d426028efae554855e0de49bfdeadcd4d507fdf24f5c03d14,ad004a2c3dc106d3b6331fb29d9026dc047a2fdb73d68a9fd9bee49c2caafe18,Tomato___healthy/c8c7cb85-d7eb-4d60-b90e-bfe5277b79ad___GH_HL Leaf 277.JPG,Tomato___healthy/9268e1da-3fc4-49b1-8fcb-3f0d8957114a___GH_HL Leaf 277.1.JPG,Tomato___healthy,Tomato___healthy,test,train,8,True
12556738b2f48250fe597634657bd937a6321bb84caeaf285efb1bada9ce84f7,549e0a55437aa5944875e7673bb73daba158629c37018e0204372a3e55e839c9,Tomato___Bacterial_spot/c8460f59-b097-4d67-9832-1db6e2334459___UF.GRC_BS_Lab Leaf 0360.JPG,Tomato___Bacterial_spot/1737e7ba-181e-400c-ab66-7723468e277f___UF.GRC_BS_Lab Leaf 0348.JPG,Tomato___Bacterial_spot,Tomato___Bacterial_spot,train,val,8,True
12de894d72a0556cd2ed5b1a4e7a1b1d0499143ff3199d3443d758d4fa0d41b6,ccce6c9179eee73cc512ca5e5d5f24ac644bec8ceea724b0f499022f662b3863,Tomato___Tomato_Yellow_Leaf_Curl_Virus/40d9f5a1-0215-4707-bdd9-96b089f44415___YLCV_GCREC 2574.JPG,Tomato___Early_blight/4aa63e45-c531-40e2-86ca-a788e74d4f18___RS_Erly.B 7549.JPG,Tomato___Tomato_Yellow_Leaf_Curl_Virus,Tomato___Early_blight,train,val,8,True
13160154ec55492f393f938b0a189ca898288514c9552c7c1807175b7b6336c1,2f973e6c3918f2b2c27f5ad3221b39b6d44ae3a8d1f96db41828d95bd44caefe,Tomato___Bacterial_spot/ec7b4bc1-dd3e-4735-a90c-1d51831994a1___GCREC_Bact.Sp 3134.JPG,Tomato___Bacterial_spot/195a20ea-ecf8-4611-ae53-ed76d8a522b7___GCREC_Bact.Sp 5791.JPG,Tomato___Bacterial_spot,Tomato___Bacterial_spot,train,val,8,True
13b5aee40b854a5cf894bf545c91d6f212df5bb7837eb6ff75b4263af0c4d7b5,fe69fb4db59ab20e8dae6bcb285e63438628640c09fa5b3cbee898c7ec190bac,Tomato___Tomato_Yellow_Leaf_Curl_Virus/6dce29d9-72d5-4acb-8cb0-2e252ad40f69___UF.GRC_YLCV_Lab 03349.JPG,Tomato___Tomato_Yellow_Leaf_Curl_Virus/37338a4a-c04f-4cc7-bc36-d3deb78c95a9___UF.GRC_YLCV_Lab 03336.JPG,Tomato___Tomato_Yellow_Leaf_Curl_Virus,Tomato___Tomato_Yellow_Leaf_Curl_Virus,test,train,8,True
14270e56561db7d31530303f91dcdf8614906984f58fcc3be61df0ca7c0311ce,c223f2597d59f198713922cb89293a44df900b34d47c9106ce1a720fd13cdb1b,Tomato___Tomato_Yellow_Leaf_Curl_Virus/253ae572-3c75-4781-b05b-e5ca1cf3df14___YLCV_GCREC 2874.JPG,Tomato___Septoria_leaf_spot/00f16858-f392-4d9e-ad9f-efab8049a13f___JR_Sept.L.S 8368.JPG,Tomato___Tomato_Yellow_Leaf_Curl_Virus,Tomato___Septoria_leaf_spot,test,train,8,True
14ee18f12bb167de77a7113f76e6ec04c51b22d1bafcb2624cefdee815412090,525ad3214a7ec70dfddbbec29e11865da2e8f325ec67222b7b8bcd62ae9da325,Tomato___Tomato_Yellow_Leaf_Curl_Virus/7447f09a-4155-433a-b7d7-ce8c6fc2cba7___UF.GRC_YLCV_Lab 02093.JPG,Tomato___Tomato_Yellow_Leaf_Curl_Virus/25dabdac-3c5c-4c0b-93cd-908b561e1adc___YLCV_GCREC 2547.JPG,Tomato___Tomato_Yellow_Leaf_Curl_Virus,Tomato___Tomato_Yellow_Leaf_Curl_Virus,train,val,8,True
152848269c73271ccd5542b1049527c3a2b264ac6e2d005714a2e64aa0be6e4a,b4765b9fca4094be845810f502bfb1c7df13b6e76d98a39c9b32f04ad61da6b5,Tomato___healthy/1bfeed83-f119-46cd-b806-0e17e1dae136___RS_HL 0017.JPG,Tomato___Spider_mites Two-spotted_spider_mite/2cfa680e-a8f9-43b5-856d-cb8fe9607a73___Com.G_SpM_FL 9334.JPG,Tomato___healthy,Tomato___Spider_mites Two-spotted_spider_mite,train,val,8,True
163d84561b7bdcb3b530d3142596ef64c468e409f268b6e678a552b79039ccc6,dbff1b03fd4e39e951d567bf5df2fff923c90014e0bf7ab99c4478a9cc867b60,Tomato___Septoria_leaf_spot/de5db2f2-c55f-4f1f-9d7e-2c9bf41b1abb___Matt.S_CG 0782.JPG,Tomato___Septoria_leaf_spot/c1df5a2c-d5ce-4e96-902e-ca7b15490e70___Matt.S_CG 0778.JPG,Tomato___Septoria_leaf_spot,Tomato___Septoria_leaf_spot,train,val,8,True
165fb749e97945843582f71b584b2dfd9f08e3405062710167acbe49abbce4a0,69447f620726b0dee08f5951ccd9b6ee98d8528a5ba153fc135a119e90d63578,Tomato___Bacterial_spot/12071472-8b0f-494e-994e-8abff2082ec4___GCREC_Bact.Sp 6130.JPG,Tomato___Bacterial_spot/116f4d08-405e-492c-a8b2-dd596b19b820___GCREC_Bact.Sp 3053.JPG,Tomato___Bacterial_spot,Tomato___Bacterial_spot,test,train,8,True
165fb749e97945843582f71b584b2dfd9f08e3405062710167acbe49abbce4a0,a113926900de1c52fa7d86239c1c07ea72e6a0cba04a5e5c90a836d3a4940c8a,Tomato___Bacterial_spot/12071472-8b0f-494e-994e-8abff2082ec4___GCREC_Bact.Sp 6130.JPG,Tomato___Bacterial_spot/113b3262-b784-450e-8fe7-6f35652f073d___GCREC_Bact.Sp 3153.JPG,Tomato___Bacterial_spot,Tomato___Bacterial_spot,test,train,8,True
1731abc9a32e0f5f6feb6250967761f7c26d2972e384e922f2e03ff873694d78,4c34e82e2f8f81a923fd9677ad91eaa4ad9772f7afde5015cf85403d4fa39be6,Tomato___Bacterial_spot/90107060-4458-44d1-a2b3-20cd9e3d4d11___GCREC_Bact.Sp 5728.JPG,Tomato___Bacterial_spot/31549f17-8b3c-4a16-9775-d3c50db39fb8___GCREC_Bact.Sp 5968.JPG,Tomato___Bacterial_spot,Tomato___Bacterial_spot,train,val,8,True
1812712d5dd2cbc46e8e99fcee27c130492fc3b3903f151f0a825559d0209e80,601c6a311622b12ca0dcdc12628fa075459feaf1c5abf3a94c0f4429515d94e0,Tomato___Spider_mites Two-spotted_spider_mite/9fd7933b-4bf4-4e0d-b81b-6ee87326480c___Com.G_SpM_FL 9583.JPG,Tomato___Target_Spot/9a8a98fe-5fd4-4630-bd49-35cfd3672e8b___Com.G_TgS_FL 9706.JPG,Tomato___Spider_mites Two-spotted_spider_mite,Tomato___Target_Spot,train,val,8,True
185fdccec8a038d146d16927b84cad2b5f4824ea6e21738fed1126cba6d1f8f1,9f975c0123368bdc4b7ec172a9bcc56b210d5f32a68139033a628fae2e23f3b4,Tomato___Spider_mites Two-spotted_spider_mite/fe341b0c-ce8b-4b3e-8031-2db41d446644___Com.G_SpM_FL 8668.JPG,Tomato___Spider_mites Two-spotted_spider_mite/4a6a93a5-d51c-4769-8669-12ec54d87ce6___Com.G_SpM_FL 9441.JPG,Tomato___Spider_mites Two-spotted_spider_mite,Tomato___Spider_mites Two-spotted_spider_mite,test,val,8,True
185fdccec8a038d146d16927b84cad2b5f4824ea6e21738fed1126cba6d1f8f1,a8f9296e671435471010c940780556c877c2b477881c1760123ced8489ed558d,Tomato___Spider_mites Two-spotted_spider_mite/fe341b0c-ce8b-4b3e-8031-2db41d446644___Com.G_SpM_FL 8668.JPG,Tomato___Tomato_Yellow_Leaf_Curl_Virus/6bd38152-a092-419b-974e-1a7231794f4e___YLCV_NREC 2131.JPG,Tomato___Spider_mites Two-spotted_spider_mite,Tomato___Tomato_Yellow_Leaf_Curl_Virus,test,train,8,True
18ab6158a91bb6ac61db3385ec676079dc56ff3912ee7ac622f616d85c614a44,1d2818cb1f800e7ec0c32908a8e059ae390c5d8076a3e909e1ef87ab47e71c2d,Tomato___Bacterial_spot/90fa8cf2-fc80-4944-9484-7cd6bb6cc1da___GCREC_Bact.Sp 5767.JPG,Tomato___Tomato_Yellow_Leaf_Curl_Virus/d250bc4b-6d82-4294-9659-419b0e6775c1___YLCV_GCREC 2549.JPG,Tomato___Bacterial_spot,Tomato___Tomato_Yellow_Leaf_Curl_Virus,train,val,8,True
1964985a40944fcfecb3fcf58a10f03b4d83e27cdc67e9d05d688d67ef41c925,ed9be43e6c6b573baaf698f66bc547796bca9cba342f28fac02f0d962cc36403,Tomato___Tomato_Yellow_Leaf_Curl_Virus/0db2eb04-b52c-4df9-9b3d-17bf58f03bc3___UF.GRC_YLCV_Lab 02967.JPG,Tomato___Tomato_Yellow_Leaf_Curl_Virus/72003229-f8aa-4e84-b62e-3fde4a1651ed___UF.GRC_YLCV_Lab 02963.JPG,Tomato___Tomato_Yellow_Leaf_Curl_Virus,Tomato___Tomato_Yellow_Leaf_Curl_Virus,train,val,8,True
196fbd25abb94120043f1df53741c4d0ab48c30431c600ae7e4b4252e2a51101,d09a0d07d0ea5b9c3295a87a8c5df9214cfa23a206d34bcf369b283c058e6a8e,Tomato___Tomato_Yellow_Leaf_Curl_Virus/e1913ee9-80ad-4295-beb4-d9d51b61ab7e___UF.GRC_YLCV_Lab 02497.JPG,Tomato___Tomato_Yellow_Leaf_Curl_Virus/906f8e46-f387-4d39-9d7d-08df032222e0___UF.GRC_YLCV_Lab 02498.JPG,Tomato___Tomato_Yellow_Leaf_Curl_Virus,Tomato___Tomato_Yellow_Leaf_Curl_Virus,train,val,8,True
197597ff31ff16e4a82088c35d66410c2df51c2687b16639cdd8a8d9f7e39568,7b6aed2dcdaf909e3d300a63f659b96ed081ebcf6206cfc834b4285a26872113,Tomato___Spider_mites Two-spotted_spider_mite/95379b0d-f7b4-4f9c-8eb4-860556e2eabb___Com.G_SpM_FL 1621.JPG,Tomato___Tomato_Yellow_Leaf_Curl_Virus/75dd0ad6-c0c5-457a-80e4-e967b7330350___YLCV_NREC 0178.JPG,Tomato___Spider_mites Two-spotted_spider_mite,Tomato___Tomato_Yellow_Leaf_Curl_Virus,train,val,8,True
1a0eff97eddac32cf210c0abe81fe6ddad43a3e7dab5e31874ba564d1147917f,f7c86f903361b990d5fa7414091474641e5999f3528462965596ffa63aa31a7d,Tomato___Leaf_Mold/150f6844-796d-4960-b42b-629f25806bfb___Crnl_L.Mold 7096.JPG,Tomato___Leaf_Mold/0ed11606-167f-4951-9a07-ffaa7e2aa88a___Crnl_L.Mold 6831.JPG,Tomato___Leaf_Mold,Tomato___Leaf_Mold,test,val,8,True
1a6aa81707c5c0a295c0ce5131105c4809eb9723529999948f757288c2806c89,fcdc77b5c2f5e229a35fea550ec5dd3ce49979bf75a96859f5a8ed7a1dc046e3,Tomato___Tomato_Yellow_Leaf_Curl_Virus/1c70bf65-e808-49de-bea2-7e47ef01c139___UF.GRC_YLCV_Lab 02768.JPG,Tomato___Tomato_Yellow_Leaf_Curl_Virus/c95cd4be-4ab4-4c2a-aa8c-6ac66374e142___UF.GRC_YLCV_Lab 02769.JPG,Tomato___Tomato_Yellow_Leaf_Curl_Virus,Tomato___Tomato_Yellow_Leaf_Curl_Virus,test,train,8,True
1ab1b6878f0ffe9ccc2983adb2fae255bac55bb6a131dbbd29b4beeab3bfaf94,9420cc1bab3684a9b021fd83d95d957b34a4f55c97c336dddb4825ec1e60ba6d,Tomato___Spider_mites Two-spotted_spider_mite/fa0f71aa-5583-4376-ab17-a755cf065aaf___Com.G_SpM_FL 1520.JPG,Tomato___Spider_mites Two-spotted_spider_mite/45d0aca4-ce49-43cb-af35-99ac8d283930___Com.G_SpM_FL 1459.JPG,Tomato___Spider_mites Two-spotted_spider_mite,Tomato___Spider_mites Two-spotted_spider_mite,train,val,8,True
1b245fc89da0409c909725c00cdd530e80afed4cca3b4aa53726a4a4f4ce6a82,c407bba9b27dba6447d8c680cecc997eb8932b008b51420481fea5b58d57766c,Tomato___Late_blight/fabba25a-e191-47c5-a468-6acf744312e1___GHLB2 Leaf 8835.JPG,Tomato___Late_blight/2159d0f7-09ef-46ad-ad49-749e8ce1becc___GHLB2 Leaf 8836.JPG,Tomato___Late_blight,Tomato___Late_blight,train,val,8,True
1b40cd2e9b4ee58dd2524a09dd485d930cc0db23c73ffec002b26e84ca65e0fc,57ffc53bd16cfa034cdb1c7a732e4c4e2597e41b55d72fb3a84f07d227236caa,Tomato___Bacterial_spot/1addf690-441a-40c5-b1e7-c618a8af1f40___GCREC_Bact.Sp 3744.JPG,Tomato___Spider_mites Two-spotted_spider_mite/b1405282-b12b-4d98-923a-04e217720c2b___Com.G_SpM_FL 9304.JPG,Tomato___Bacterial_spot,Tomato___Spider_mites Two-spotted_spider_mite,train,val,8,True
1b6053ba4dfcdc7071245116ea0b6fc6b826471d3ebee0baaaf326425a0c3e50,2502b81ac81ca5a9d1bc39ae74b2f89ab6c337b372417ae9c8d0cb4264901c1e,Tomato___Tomato_Yellow_Leaf_Curl_Virus/7951bb0d-3885-4014-a492-dc199b39e7bc___UF.GRC_YLCV_Lab 02825.JPG,Tomato___Tomato_Yellow_Leaf_Curl_Virus/b15d8e06-e6dc-4c14-b20e-89c6ba801daf___UF.GRC_YLCV_Lab 02795.JPG,Tomato___Tomato_Yellow_Leaf_Curl_Virus,Tomato___Tomato_Yellow_Leaf_Curl_Virus,train,val,8,True
1b809c7a00a2cf0a029eac9503ab4921a1d9f13f444e4e116d8a9cef99d0f967,55d19e175a4dc248665b5b063121aa51d8a5d118cfea74205e1cff4a79456e05,Tomato___Tomato_Yellow_Leaf_Curl_Virus/f0bca7b0-0d0c-4b01-9f7f-390d3c2bff2f___UF.GRC_YLCV_Lab 03067.JPG,Tomato___Tomato_Yellow_Leaf_Curl_Virus/755de3cb-deee-4f67-bd63-0afacb7d5cf0___UF.GRC_YLCV_Lab 03066.JPG,Tomato___Tomato_Yellow_Leaf_Curl_Virus,Tomato___Tomato_Yellow_Leaf_Curl_Virus,train,val,8,True
1bd8bb5113c3baff13719088a73aab289a201e26f99c75849efbf50af43d745c,5a6898a9c8f518eaade28b3b544c5ae79de1e5ae9cb5ff585461a6cf2824c902,Tomato___healthy/5418b9ca-804d-4219-8272-805c0d78c28b___GH_HL Leaf 404.1.JPG,Tomato___healthy/debe033e-a878-46dc-8336-8bc25811df35___GH_HL Leaf 303.JPG,Tomato___healthy,Tomato___healthy,train,val,8,True
1bf95bb95ccfb7285e3a855c6e4a5bad6524fede3e5bfe82ff7f758e27b9cb11,e13a6771150b3a2d73ed44ce9a27ef6714de2866b35379439465f115fa46e76a,Tomato___Bacterial_spot/37f07271-2a51-4ebd-8346-d9703f725998___GCREC_Bact.Sp 3238.JPG,Tomato___Spider_mites Two-spotted_spider_mite/1e06dafa-f977-4354-992e-3271f34a2344___Com.G_SpM_FL 9601.JPG,Tomato___Bacterial_spot,Tomato___Spider_mites Two-spotted_spider_mite,train,val,8,True
1c228bcbddf2af6f92348d748f9ab073a17123c7c8f737b3b94f1dc3dcd65bc0,76f69dbd75d81ea418edd0c625d0de56f731bc16a9ec8cef2c86a8f7d4ff3a21,Tomato___Target_Spot/9d04eab3-3ca0-4c04-aca6-6b63a5c0b491___Com.G_TgS_FL 0816.JPG,Tomato___healthy/6a159b17-b233-4b65-ba45-9fbced7f1d39___RS_HL 0339.JPG,Tomato___Target_Spot,Tomato___healthy,train,val,8,True
1c228bcbddf2af6f92348d748f9ab073a17123c7c8f737b3b94f1dc3dcd65bc0,89f6b68af289e560e535b4ade5bb65bd14c75a9d964ed3b5152cd6ffe3eb0595,Tomato___Target_Spot/9d04eab3-3ca0-4c04-aca6-6b63a5c0b491___Com.G_TgS_FL 0816.JPG,Tomato___Leaf_Mold/a740fdd7-45f9-445f-a992-37005aa41d32___Crnl_L.Mold 6883.JPG,Tomato___Target_Spot,Tomato___Leaf_Mold,train,val,8,True
1cb901448fe13a379dff608ebbea32bb561d60279e0ec1d0295e17ea42273b59,cb3e2c197f00ae6bd56f9333625b7876b1cffc8b8c9c5dcc337c63f0a4a48571,Tomato___healthy/c1dfd66e-7c0c-40a7-8280-0aa1aaf5436b___GH_HL Leaf 431.JPG,Tomato___healthy/9721c76f-52cc-4a63-a465-4cc32974806c___GH_HL Leaf 431.1.JPG,Tomato___healthy,Tomato___healthy,test,train,8,True
1d7b614cd565837d91ac8ee84b13f8b31655be9b3ffe5401fe756709d488fb6f,d1e7b64206e31a9a356fd181774cc69eadc9f969f1439fec372632ee8e7cb3b7,Tomato___Tomato_Yellow_Leaf_Curl_Virus/5741aac8-276f-4654-afc7-ebb939c3d4b8___UF.GRC_YLCV_Lab 02665.JPG,Tomato___Tomato_Yellow_Leaf_Curl_Virus/ea824bff-58c4-402e-936c-70bc49912701___UF.GRC_YLCV_Lab 02667.JPG,Tomato___Tomato_Yellow_Leaf_Curl_Virus,Tomato___Tomato_Yellow_Leaf_Curl_Virus,test,train,8,True
1e89ceac9e1f2238f6a1f1a3c0bed631fc518312da3becad8c887eabfd2e6df7,7f07de299b50ef1260b334ce2a2eab5fbbd01f21c1b70200857e863ee941ad0e,Tomato___Early_blight/c684e255-de5d-4905-b934-962180be33cb___RS_Erly.B 7353.JPG,Tomato___Spider_mites Two-spotted_spider_mite/5e4d96fa-4eec-4d95-a3a2-6d6afbc5a004___Com.G_SpM_FL 9496.JPG,Tomato___Early_blight,Tomato___Spider_mites Two-spotted_spider_mite,test,train,8,True
1e89ceac9e1f2238f6a1f1a3c0bed631fc518312da3becad8c887eabfd2e6df7,8733e8afa902ddbe2748ee92c6c1d2027752abfa1e21a44027151fb0be38d4f4,Tomato___Early_blight/c684e255-de5d-4905-b934-962180be33cb___RS_Erly.B 7353.JPG,Tomato___Tomato_Yellow_Leaf_Curl_Virus/51f629a9-de2f-4304-8241-1b3e5333d0fb___YLCV_GCREC 2853.JPG,Tomato___Early_blight,Tomato___Tomato_Yellow_Leaf_Curl_Virus,test,train,8,True
1e89ceac9e1f2238f6a1f1a3c0bed631fc518312da3becad8c887eabfd2e6df7,a2cb0e302d020481bb2bb22964a7a938c01248542449a455509f7d2cce21f515,Tomato___Early_blight/c684e255-de5d-4905-b934-962180be33cb___RS_Erly.B 7353.JPG,Tomato___Early_blight/21ad39db-c205-4220-a7e6-566042e70007___RS_Erly.B 7633.JPG,Tomato___Early_blight,Tomato___Early_blight,test,train,8,True
1e89ceac9e1f2238f6a1f1a3c0bed631fc518312da3becad8c887eabfd2e6df7,a5f6cbebd36e5bce98183da632d551066bfacaa1fde956af426dcc5c7de3a031,Tomato___Early_blight/c684e255-de5d-4905-b934-962180be33cb___RS_Erly.B 7353.JPG,Tomato___Spider_mites Two-spotted_spider_mite/f5eec0e2-699a-484e-91dd-c91f6c03a2c5___Com.G_SpM_FL 8547.JPG,Tomato___Early_blight,Tomato___Spider_mites Two-spotted_spider_mite,test,train,8,True
1ec5f8461a765eea471c8e4b698031956232c6ad207df087ebba7ebd09bc0703,c42ea5551ed991d64da5b581dd72c34ab2448a0f14aec256a4f8cd452028d375,Tomato___Tomato_Yellow_Leaf_Curl_Virus/7216b367-1645-4eb6-b4ae-5ed5f18232a8___UF.GRC_YLCV_Lab 02535.JPG,Tomato___Tomato_Yellow_Leaf_Curl_Virus/6bc71828-8107-4cf7-9da1-54ac9f7c73da___UF.GRC_YLCV_Lab 02534.JPG,Tomato___Tomato_Yellow_Leaf_Curl_Virus,Tomato___Tomato_Yellow_Leaf_Curl_Virus,train,val,8,True
1ed4393156b523292092f6b8a8d662981047929f0fb5141d26b4b300c42540ac,0a1f99c5b844a32ce53513ec8fc085571c14b872772a636bac35a3c75c9846cb,Tomato___Bacterial_spot/ee0ba215-e20d-4ba0-855e-2610d771fb3c___GCREC_Bact.Sp 3509.JPG,Tomato___Target_Spot/6d8550bb-b43d-4e66-a5fc-f320110ad625___Com.G_TgS_FL 9905.JPG,Tomato___Bacterial_spot,Tomato___Target_Spot,train,val,8,True
1f386b01a88f32677236dd814f935486e1942f4f69c625012abb41ffa355abcd,05266f10549a05d927cb203a27e9b3cc0143eb6b593fd6832899eedbe387cee1,Tomato___Tomato_Yellow_Leaf_Curl_Virus/5475a5df-34ee-46f1-bbb7-d989f471886f___UF.GRC_YLCV_Lab 02442.JPG,Tomato___Tomato_Yellow_Leaf_Curl_Virus/592d471e-1ae5-4b14-a1d9-85fceaff6ed0___UF.GRC_YLCV_Lab 02444.JPG,Tomato___Tomato_Yellow_Leaf_Curl_Virus,Tomato___Tomato_Yellow_Leaf_Curl_Virus,train,val,8,True
1f386b01a88f32677236dd814f935486e1942f4f69c625012abb41ffa355abcd,248c637e601f81e71ff3c24ecad96be95db26e3bb0746cd5183a0bd961cdb591,Tomato___Tomato_Yellow_Leaf_Curl_Virus/5475a5df-34ee-46f1-bbb7-d989f471886f___UF.GRC_YLCV_Lab 02442.JPG,Tomato___Tomato_Yellow_Leaf_Curl_Virus/b086e7d4-52fe-4779-b2a5-5927aec3e636___UF.GRC_YLCV_Lab 02437.JPG,Tomato___Tomato_Yellow_Leaf_Curl_Virus,Tomato___Tomato_Yellow_Leaf_Curl_Virus,train,val,8,True
1f99ab5dc7669faf780139461580ccb9a63655c2cb94454fbe5e658b9666dc05,57898467b81c460bb2ff0c1929f349be0a81ba93e49f4b0e0fe8b7b8e6a8ee41,Tomato___Tomato_Yellow_Leaf_Curl_Virus/ffb295c9-f14e-4a15-831a-bf905da7fcb6___UF.GRC_YLCV_Lab 09560.JPG,Tomato___Tomato_Yellow_Leaf_Curl_Virus/4a60344b-ba5b-49a6-879c-e2289e02ec46___UF.GRC_YLCV_Lab 09558.JPG,Tomato___Tomato_Yellow_Leaf_Curl_Virus,Tomato___Tomato_Yellow_Leaf_Curl_Virus,test,train,8,True
1fee6ca1dbef805e9e01cde2d52b4a4b3ed07fef926ef80b6115615e8fdfd33f,4cfc251466495b12d1f4b72555b1b515c2ad216488efc470a3d64403f6565071,Tomato___Spider_mites Two-spotted_spider_mite/be731b6f-179f-436f-93eb-851f833575a9___Com.G_SpM_FL 1291.JPG,Tomato___Spider_mites Two-spotted_spider_mite/00bc7858-1dca-4bfb-a828-225f03bd72a5___Com.G_SpM_FL 9455.JPG,Tomato___Spider_mites Two-spotted_spider_mite,Tomato___Spider_mites Two-spotted_spider_mite,train,val,8,True
1fee6ca1dbef805e9e01cde2d52b4a4b3ed07fef926ef80b6115615e8fdfd33f,5d78e021ca6bd7a4988855778c441bdd06579bf4d9110d5e40cdf9c2c1f5c94b,Tomato___Spider_mites Two-spotted_spider_mite/be731b6f-179f-436f-93eb-851f833575a9___Com.G_SpM_FL 1291.JPG,Tomato___Spider_mites Two-spotted_spider_mite/2c2f7f98-8c5b-4981-bb74-f827c5f963fe___Com.G_SpM_FL 8734.JPG,Tomato___Spider_mites Two-spotted_spider_mite,Tomato___Spider_mites Two-spotted_spider_mite,train,val,8,True
2002e575e0724991d0a25a2a1ccd4035e4d34908d93b32e41ec156658e8d9d28,119b27f14297706dac77efcfab417870dd6d4c37ebe9648c30f5267c0eb2d6b8,Tomato___Spider_mites Two-spotted_spider_mite/bdbfbe1d-f2ac-4ab1-a20f-dc64ab2b1e75___Com.G_SpM_FL 8432.JPG,Tomato___Bacterial_spot/db6177ef-cf23-402a-ac95-f8c136c6385d___GCREC_Bact.Sp 3135.JPG,Tomato___Spider_mites Two-spotted_spider_mite,Tomato___Bacterial_spot,train,val,8,True
20554971ab0859cb3df1672e2ad0970e4a79d5521b21faee6c906aeb1789b81e,1ed8943297cc26e3fffe878274f0ab3e8a719a3a69ca2ae960a71b253d6820dd,Tomato___Septoria_leaf_spot/5a79c447-4d9d-4daf-81a6-c23a00480a93___Matt.S_CG 2473.JPG,Tomato___Leaf_Mold/1d25cb12-499f-453f-9a62-dbc3fd20b220___Crnl_L.Mold 7061.JPG,Tomato___Septoria_leaf_spot,Tomato___Leaf_Mold,test,train,8,True
20ab000a2e00e34854492395fbce74ad384cdbad7eb7b463197ab4b4408dd7fe,9a8df682a27a5ff51307ea45c072c7d1227e91c1e4684a16e3edca7323607e3f,Tomato___Bacterial_spot/ad286f63-30e7-4c14-87b3-9829fe00ec61___GCREC_Bact.Sp 5826.JPG,Tomato___Bacterial_spot/27a806fe-06f2-48fb-92cf-32d44d545606___GCREC_Bact.Sp 3052.JPG,Tomato___Bacterial_spot,Tomato___Bacterial_spot,train,val,8,True
2115adf205b8c11d39e3618656b257e3abc53ffa31250b97806588a43d231149,4891e488cdc3cf260547f1298447acc723ea72c5f13c2d58a46e2c2466bdeb82,Tomato___Tomato_Yellow_Leaf_Curl_Virus/10f63c22-2aee-4b78-96e3-b265a5c25d41___UF.GRC_YLCV_Lab 02578.JPG,Tomato___Tomato_Yellow_Leaf_Curl_Virus/bdba6b3a-019c-432d-921f-d5cf7614687b___UF.GRC_YLCV_Lab 02575.JPG,Tomato___Tomato_Yellow_Leaf_Curl_Virus,Tomato___Tomato_Yellow_Leaf_Curl_Virus,test,val,8,True
216a6a9b1a6041829d838ed5bbb15d66d3c2d34a6069b5a29e1a4ba66f774be3,f1dbf072e600cefb011b8ff9fe6f8c78d85caa1f7b5bd0513cc094c8aa8f8115,Tomato___Leaf_Mold/51189dab-468d-4304-8368-d0e4e3247194___Crnl_L.Mold 6667.JPG,Tomato___Leaf_Mold/f59fc67c-3f69-4dd5-b4f5-370cb8ed71da___Crnl_L.Mold 6788.JPG,Tomato___Leaf_Mold,Tomato___Leaf_Mold,train,val,8,True
217b0b6c64b0c385b31d592fafbc22abad439c8e30cf1d712eaf1b45d50b361b,e422ba3ba2f8a023c0919ac0e6c6779b3708c8b3eea20946fd67bef8298e2742,Tomato___Bacterial_spot/087cec29-0b94-4fd0-9c29-92f50cc8155f___UF.GRC_BS_Lab Leaf 0289.JPG,Tomato___Bacterial_spot/fbae79e4-5907-44e2-b249-68e0643f1a21___UF.GRC_BS_Lab Leaf 0330.JPG,Tomato___Bacterial_spot,Tomato___Bacterial_spot,test,train,8,True
22af9c8181ac83b8b7e8eadf1687da4299816d038c02065d69660fc4c58218b3,d12b96e66c8a8c2224c47a5a478ccdde0dc35bab157d2f51048465df49eccdbd,Tomato___healthy/95abb641-4435-4531-88f6-a4a597c5ff33___RS_HL 9779.JPG,Tomato___healthy/b951fffc-404c-4b85-a7ec-fe8b4f9a15fa___RS_HL 0540.JPG,Tomato___healthy,Tomato___healthy,test,train,8,True
22b14ce948b91213c10ae9cfd9327815c8f8fa731a58aad8adc4630b406c7da6,e2f881ff4e86670e05378a0d3b9decc5586da2b96103f1b713a815ce4e37c74f,Tomato___Target_Spot/9c6d95a8-87be-441c-b232-93addadab9b8___Com.G_TgS_FL 0775.JPG,Tomato___Target_Spot/627ccb34-558c-4e7d-81de-8fa8fd3f7549___Com.G_TgS_FL 8198.JPG,Tomato___Target_Spot,Tomato___Target_Spot,train,val,8,True
22d534f9ef7a3df16b35b47cb36ed9242f32273a79b1e31845fec1386a02734f,69447f620726b0dee08f5951ccd9b6ee98d8528a5ba153fc135a119e90d63578,Tomato___Bacterial_spot/f6084490-18e3-489a-9144-4584db9c1d38___GCREC_Bact.Sp 3049.JPG,Tomato___Bacterial_spot/116f4d08-405e-492c-a8b2-dd596b19b820___GCREC_Bact.Sp 3053.JPG,Tomato___Bacterial_spot,Tomato___Bacterial_spot,test,train,8,True
23e1867e0d70c1ae69fedece6103cd89d9cf9e2233605b9e648820c469036e70,62009f7a156a451dddd76b3352797b9725a3a036fc2dbc693372c96a98f4c26c,Tomato___Tomato_Yellow_Leaf_Curl_Virus/4aa9556f-ef31-4894-bcd0-09ed19641349___YLCV_NREC 2709.JPG,Tomato___Leaf_Mold/ea8273ed-0d2e-483d-a653-0abc4886d780___Crnl_L.Mold 6988.JPG,Tomato___Tomato_Yellow_Leaf_Curl_Virus,Tomato___Leaf_Mold,train,val,8,True
24584cd344f04dcb4b517641ae161f467cc156a064564b09c43990dd7ff65e96,0bcddf78995aac2c6afe3880558663c365b87926ce4ed9fff56e9dae01cc8880,Tomato___Leaf_Mold/8f03cf41-751b-4dd9-9f74-e7bd40919d96___Crnl_L.Mold 7074.JPG,Tomato___Spider_mites Two-spotted_spider_mite/aaa6e60c-1db9-475d-b312-c3fea4a00c5a___Com.G_SpM_FL 9020.JPG,Tomato___Leaf_Mold,Tomato___Spider_mites Two-spotted_spider_mite,test,val,8,True
24584cd344f04dcb4b517641ae161f467cc156a064564b09c43990dd7ff65e96,7a08a4bd9bb5f04882871848334595d1f974fc053c4eedb700dc72991740c218,Tomato___Leaf_Mold/8f03cf41-751b-4dd9-9f74-e7bd40919d96___Crnl_L.Mold 7074.JPG,Tomato___Spider_mites Two-spotted_spider_mite/52082f00-79c2-4043-8af8-7cd8e10e7625___Com.G_SpM_FL 9615.JPG,Tomato___Leaf_Mold,Tomato___Spider_mites Two-spotted_spider_mite,test,train,8,True
24584cd344f04dcb4b517641ae161f467cc156a064564b09c43990dd7ff65e96,9b6b23daf98493e224fbac77119859aff384642fe2f2e4ae9043f5ba89e56e7e,Tomato___Leaf_Mold/8f03cf41-751b-4dd9-9f74-e7bd40919d96___Crnl_L.Mold 7074.JPG,Tomato___Tomato_Yellow_Leaf_Curl_Virus/864c03ea-6a1f-4453-a4f9-99f3e1dde04c___YLCV_GCREC 2939.JPG,Tomato___Leaf_Mold,Tomato___Tomato_Yellow_Leaf_Curl_Virus,test,train,8,True
24f079925c2e427ef9f024f95f6677a050085aa9a17ac802e31b7d352513ae47,5fee14b259be7eed4c1a5a4ba99d5d5536ec7901f85aebb76aee46aab10ef736,Tomato___Bacterial_spot/78cfeab2-37b0-478d-ae48-7ecf27e5859f___GCREC_Bact.Sp 3401.JPG,Tomato___Spider_mites Two-spotted_spider_mite/e6f7952e-cf7e-4d1e-8dd5-4853d5fcc4ee___Com.G_SpM_FL 8543.JPG,Tomato___Bacterial_spot,Tomato___Spider_mites Two-spotted_spider_mite,test,train,8,True
257dfc0ea31a979e7deb4c913ca22ab3c0f58e51a12e8c2d8f5701dd54f57e1d,52c0700a61f79b41f91ec486f1bcd8f9bca2dbd0adf8a1e2f37b1c4f57948e87,Tomato___Target_Spot/9939cceb-a336-4bc0-9f0b-438bc418d157___Com.G_TgS_FL 9982.JPG,Tomato___Tomato_Yellow_Leaf_Curl_Virus/4c92449d-2ec4-4b81-ab67-6bfe565cf83d___YLCV_GCREC 5353.JPG,Tomato___Target_Spot,Tomato___Tomato_Yellow_Leaf_Curl_Virus,train,val,8,True
2647f85c27237e78d4572bfacfc84bca54268302fb236ee128afe27131282ced,d030d8edcd2a7f760f56c788fd47ae2a4035e1e8f40dfb6ffe3466b5d342178f,Tomato___Spider_mites Two-spotted_spider_mite/bf88f51a-48da-4e77-9d9f-55f1641d210e___Com.G_SpM_FL 1500.JPG,Tomato___Bacterial_spot/6d0dd572-9911-4c87-8493-7dde760c19bf___GCREC_Bact.Sp 3055.JPG,Tomato___Spider_mites Two-spotted_spider_mite,Tomato___Bacterial_spot,train,val,8,True
26b3b5924972716fe70eef6b17526c18d6e8a7860e7f01ae156c19f8d541d0b5,1160f46157eb99e05e5ee922877d735b179f12a04e59053222bae11e9f6cbb0d,Tomato___Bacterial_spot/76dd04b9-ddda-4575-954c-dd3d04ce45aa___GCREC_Bact.Sp 5750.JPG,Tomato___Bacterial_spot/b1229b90-496b-4489-a1ca-cc6fbbeb4fbd___GCREC_Bact.Sp 6260.JPG,Tomato___Bacterial_spot,Tomato___Bacterial_spot,train,val,8,True
279cbc99cd7e4d5b2ce1e65a4f743f56f292c9a92243f9ef10a2947475f285d1,a1f2ae34faf30734fbd9c18437f73cb123a4ca4e5b2b578e2293b406edef0cb1,Tomato___Tomato_Yellow_Leaf_Curl_Virus/95b27a95-6bc1-44ff-b40b-dab246ff48ac___UF.GRC_YLCV_Lab 01638.JPG,Tomato___Tomato_Yellow_Leaf_Curl_Virus/c7241dbd-e45f-4954-88f2-85b40ca9c223___UF.GRC_YLCV_Lab 01648.JPG,Tomato___Tomato_Yellow_Leaf_Curl_Virus,Tomato___Tomato_Yellow_Leaf_Curl_Virus,test,val,8,True
291fa4f30d07ef9179cbebd871ecec9e6b676df9d0c7f829a2669cbfcef343fe,a31495114115c9b4a7591ccfebe210d8a7cc1763a530f04d5599d1c5fb48ccfb,Tomato___Bacterial_spot/3256b07a-4561-45b8-b3d5-9422c0241c00___GCREC_Bact.Sp 3054.JPG,Tomato___Early_blight/983a04ad-2cc6-4d78-9365-a67012b4ffdc___RS_Erly.B 7661.JPG,Tomato___Bacterial_spot,Tomato___Early_blight,train,val,8,True
2957b0c784d2b930d82f459a1a213924744fcabcae284f137b2ae3a38badf74a,9447443cb0b6641ddf71c2f70288090b8b80194fbec5473d97a4cae042249c76,Tomato___Tomato_Yellow_Leaf_Curl_Virus/cefb6cb4-bf0a-449d-aeac-8f960f6c1670___UF.GRC_YLCV_Lab 01356.JPG,Tomato___Tomato_Yellow_Leaf_Curl_Virus/4c91c53b-4c37-4029-974b-97daae68f9ab___UF.GRC_YLCV_Lab 01360.JPG,Tomato___Tomato_Yellow_Leaf_Curl_Virus,Tomato___Tomato_Yellow_Leaf_Curl_Virus,train,val,8,True
2a3b424ae6c8f5c42339a667daac7454813a85e185da7c186f0d2b5f7952506f,9e8fa8a83a2841672031dbb0081de5566de23f2dff3fddd07548e9277644826d,Tomato___Bacterial_spot/58b4de6b-90af-4c5b-a95b-3fdd953c9255___GCREC_Bact.Sp 5830.JPG,Tomato___Early_blight/65590648-dcda-4455-b1ca-9311e4e6d0af___RS_Erly.B 7659.JPG,Tomato___Bacterial_spot,Tomato___Early_blight,test,train,8,True
2a3b424ae6c8f5c42339a667daac7454813a85e185da7c186f0d2b5f7952506f,a1810c8057fbc3e6dfc947e6eeb9bf452fd242641b3f1742c3fd7bed5d327d80,Tomato___Bacterial_spot/58b4de6b-90af-4c5b-a95b-3fdd953c9255___GCREC_Bact.Sp 5830.JPG,Tomato___Tomato_Yellow_Leaf_Curl_Virus/1c28ac78-ae5c-4e33-81bb-c2311ded2d8d___YLCV_GCREC 2560.JPG,Tomato___Bacterial_spot,Tomato___Tomato_Yellow_Leaf_Curl_Virus,test,val,8,True
2a700ce802dfee9b6f03c4a5a416b3d736c6fc0c3d6ccb695dc64207f29a9085,e38752b3eb03c5793d5a362bcb46bf28073d8adaf03bdcc0aba4744476ea1ba0,Tomato___Bacterial_spot/de0200a0-173c-401f-827b-2a12d639a744___GCREC_Bact.Sp 3072.JPG,Tomato___Bacterial_spot/a6d6640b-c086-44f5-a53f-8cb59f72a7b4___GCREC_Bact.Sp 5886.JPG,Tomato___Bacterial_spot,Tomato___Bacterial_spot,train,val,8,True
2a8c8036aef04d9b4561896d2b0c29f1cd521ec32ecb408057329a39fc362677,2a08a12e29106e2dc830a17206db8c3c4bc3d41c7c1a49d2329b7d12a031190d,Tomato___Target_Spot/904ba0d5-9070-496a-8983-1eb75cd4149c___Com.G_TgS_FL 0049.JPG,Tomato___Spider_mites Two-spotted_spider_mite/c632fc41-93b2-4655-abee-cfba25000d1b___Com.G_SpM_FL 1476.JPG,Tomato___Target_Spot,Tomato___Spider_mites Two-spotted_spider_mite,train,val,8,True
2aa235892d435d1a399fb9bbdc4d72ab0bf4e3c1a3fa31928a36cd716eab0596,3681e2a216005c249ce8f61f02cdd5738d88613e76027132d852cb17db6f76f7,Tomato___Tomato_Yellow_Leaf_Curl_Virus/893b2607-341e-4a68-ace3-b0199d8d1961___UF.GRC_YLCV_Lab 02086.JPG,Tomato___Tomato_Yellow_Leaf_Curl_Virus/31d40792-f720-42ba-b669-7947fcbc6594___UF.GRC_YLCV_Lab 02077.JPG,Tomato___Tomato_Yellow_Leaf_Curl_Virus,Tomato___Tomato_Yellow_Leaf_Curl_Virus,train,val,8,True
2b2a52b453b8751c3bdd02f94f93d63a5715390921c0d3f0d7cf960b72b689f2,02fb63393adc666cdb613e6e7bd1cdc4a7cee8bb29013359387a5b41d5338a96,Tomato___Tomato_Yellow_Leaf_Curl_Virus/dba2c650-207f-43af-b14d-c7a46bd9cf70___YLCV_NREC 0210.JPG,Tomato___Spider_mites Two-spotted_spider_mite/cf21eb19-c8d6-4eba-9086-487d11bb8f94___Com.G_SpM_FL 9430.JPG,Tomato___Tomato_Yellow_Leaf_Curl_Virus,Tomato___Spider_mites Two-spotted_spider_mite,test,train,8,True
2b8b5f0bc3a4a6f7bfb9bd2b153850e884b483d2c9cef10acca816b45fb0cdf0,2898c05cde4b0dcfd81ecde193512341e1cb971ee8c04e44591d851974a3d8df,Tomato___Septoria_leaf_spot/c94c0c06-4d30-4c10-b2dc-eed7a658a0f2___JR_Sept.L.S 8514.JPG,Tomato___Leaf_Mold/301d7712-9538-418b-a767-041aa830d1ad___Crnl_L.Mold 6711.JPG,Tomato___Septoria_leaf_spot,Tomato___Leaf_Mold,test,val,8,True
2b9da5b8e0482424d5c55d0d929626b662156b31cb252d4c34a28632dd8647b1,34cb6df28cfe5b926edddf688f396959b237613b65d5d61f5fe08786960c564c,Tomato___Tomato_Yellow_Leaf_Curl_Virus/c8ae615f-6d9d-4d4b-b459-983224902369___UF.GRC_YLCV_Lab 02632.JPG,Tomato___Tomato_Yellow_Leaf_Curl_Virus/5e4b6dcd-69ce-4aba-b8ee-fd63df524d3f___UF.GRC_YLCV_Lab 02622.JPG,Tomato___Tomato_Yellow_Leaf_Curl_Virus,Tomato___Tomato_Yellow_Leaf_Curl_Virus,test,val,8,True
2bfb19acbb762ed3f8e41e2bdf0f99f71dab424c0a2d7dd2f29191596f1b594a,15e70fb1b49e61c41c78cd0e29fe524c00e09e1d71c9ec7de14605792aa161aa,Tomato___Bacterial_spot/e4d01d54-df44-40ab-a6f9-74c9e0834998___GCREC_Bact.Sp 5950.JPG,Tomato___Spider_mites Two-spotted_spider_mite/b4734f01-4373-4566-ab26-535b4883d443___Com.G_SpM_FL 8816.JPG,Tomato___Bacterial_spot,Tomato___Spider_mites Two-spotted_spider_mite,test,train,8,True
2bfb19acbb762ed3f8e41e2bdf0f99f71dab424c0a2d7dd2f29191596f1b594a,58030925de75de720225e2284aa9c036ea7414a557e2ebe1fca56c85e513d7ee,Tomato___Bacterial_spot/e4d01d54-df44-40ab-a6f9-74c9e0834998___GCREC_Bact.Sp 5950.JPG,Tomato___Target_Spot/eb278265-e24b-4628-8941-c0b7b167cb27___Com.G_TgS_FL 0783.JPG,Tomato___Bacterial_spot,Tomato___Target_Spot,test,train,8,True
2c0d3291dbf01080c3794576fee4ae44e3c54b66955da1b25a8042b127ba5b70,20aff4777e78d003dfcd52b270d54e850a4f7bb458f76f7c59f2a029691ade38,Tomato___Bacterial_spot/a4208fb2-ff57-41f1-bc52-30d69736076c___GCREC_Bact.Sp 3441.JPG,Tomato___Bacterial_spot/08a25478-76ed-4e4c-8ad0-bc7322f050b0___GCREC_Bact.Sp 3028.JPG,Tomato___Bacterial_spot,Tomato___Bacterial_spot,test,train,8,True
2c0d3291dbf01080c3794576fee4ae44e3c54b66955da1b25a8042b127ba5b70,68bbe28aa1b2be242724dbaf68edc698fe273d379ef8d863e568dabceb60a0df,Tomato___Bacterial_spot/a4208fb2-ff57-41f1-bc52-30d69736076c___GCREC_Bact.Sp 3441.JPG,Tomato___Early_blight/9d64c577-43dd-4409-b0ed-f5460bc01dc9___RS_Erly.B 7685.JPG,Tomato___Bacterial_spot,Tomato___Early_blight,test,train,8,True
2c65d076e73e073275a191381aa157a7f1a72d8d0a3add27a1fe2c6b8bdf2f5b,55c382943a07301019a56c4f0c421b5d4b54149e6e4a517e201d0fbb10082783,Tomato___Tomato_Yellow_Leaf_Curl_Virus/744f2065-261d-42be-87ec-de81a39df65d___UF.GRC_YLCV_Lab 02577.JPG,Tomato___Tomato_Yellow_Leaf_Curl_Virus/cd234ded-de47-4b41-8e02-a586eeb21c36___UF.GRC_YLCV_Lab 02589.JPG,Tomato___Tomato_Yellow_Leaf_Curl_Virus,Tomato___Tomato_Yellow_Leaf_Curl_Virus,test,train,8,True
2cda0093a56724586be9512c6900ceb1aec9d349643d08a9160bf5cf4203d553,8ffd06a8c6e1e775388d7fac98d43a324de6f48696a9abd68fa980f97027d6a8,Tomato___Bacterial_spot/6fbea9aa-cc3b-46be-a066-a762cd659113___GCREC_Bact.Sp 6024.JPG,Tomato___Bacterial_spot/887eab5c-9475-46b7-81df-ea2c5190e7fe___GCREC_Bact.Sp 6026.JPG,Tomato___Bacterial_spot,Tomato___Bacterial_spot,train,val,8,True
2d01c653dcf0f98e7d45b6f1ff91c031bd3344b03aa7759285b1f9c1f75c9c5f,f3c2e91456c003e9efd8d6063d41f0028abf7198a5709d26855336a8250f8063,Tomato___Target_Spot/b0e42bb8-f979-4fc3-a261-a964e3dd5e5a___Com.G_TgS_FL 8296.JPG,Tomato___Target_Spot/38c3b873-fdb0-47b8-a56c-3580143b3acf___Com.G_TgS_FL 9818.JPG,Tomato___Target_Spot,Tomato___Target_Spot,train,val,8,True
2d5f630d723c20183ccd89b1e8c430ab4677a749ad3a34785790efe04a5528df,6c46bd47eb96155246fb33e57a872587cfd89b98da311af922dc239a1691c009,Tomato___healthy/d3997d9d-f607-44f2-9473-b41db6b1116b___GH_HL Leaf 473.JPG,Tomato___healthy/e9392a5e-2fac-48c5-a23d-df3aa3f61048___GH_HL Leaf 217.JPG,Tomato___healthy,Tomato___healthy,train,val,8,True
2d791475f2533d077bac9580d874faaa3e2211ad9a591aea470356cb32a95b59,6f94311a4522e9cc9fe84b3a10b968dfcda02a64b56e9690944b0a63a4de4935,Tomato___Tomato_Yellow_Leaf_Curl_Virus/254071ba-5724-485b-855e-8dcc496f3586___YLCV_NREC 2637.JPG,Tomato___Tomato_Yellow_Leaf_Curl_Virus/22b93888-921c-43a9-87f1-0ada76e72e12___YLCV_NREC 2489.JPG,Tomato___Tomato_Yellow_Leaf_Curl_Virus,Tomato___Tomato_Yellow_Leaf_Curl_Virus,test,train,8,True
2d791475f2533d077bac9580d874faaa3e2211ad9a591aea470356cb32a95b59,d2ff5c3091f6b4a350ae4972a4e45ecb6e1e09b4b23fe318f89b3afb127487d6,Tomato___Tomato_Yellow_Leaf_Curl_Virus/254071ba-5724-485b-855e-8dcc496f3586___YLCV_NREC 2637.JPG,Tomato___Septoria_leaf_spot/cdf6e7c1-419f-4bfe-aaaa-9e2872ee8fa3___JR_Sept.L.S 2642.JPG,Tomato___Tomato_Yellow_Leaf_Curl_Virus,Tomato___Septoria_leaf_spot,test,val,8,True
2da635763ccda0bb127fccc156d84fa8bb2bde1b38255df55e20fc952534b329,5cb8805f63f3202dc7a1fa84cd4db8abb46d7524be2c19b6a470b4193753d989,Tomato___Spider_mites Two-spotted_spider_mite/a515cf30-960a-46ec-b19a-9d66894029d6___Com.G_SpM_FL 9519.JPG,Tomato___Spider_mites Two-spotted_spider_mite/af792df7-cfe0-41cc-bb9c-54500e894222___Com.G_SpM_FL 9518.JPG,Tomato___Spider_mites Two-spotted_spider_mite,Tomato___Spider_mites Two-spotted_spider_mite,train,val,8,True
2dc52fc092df757fe9791c688a19cd3c9bff5e1dbc90aa0e9977397e0f6c96f2,e13a6771150b3a2d73ed44ce9a27ef6714de2866b35379439465f115fa46e76a,Tomato___Early_blight/b165d0d3-726d-4913-8b92-3f14e1b99410___RS_Erly.B 6377.JPG,Tomato___Spider_mites Two-spotted_spider_mite/1e06dafa-f977-4354-992e-3271f34a2344___Com.G_SpM_FL 9601.JPG,Tomato___Early_blight,Tomato___Spider_mites Two-spotted_spider_mite,train,val,8,True
2de34742edd159cf8bce0608134d7975498dea89243bb1d0cedd1a033b27c3b7,97b50f2de89827bc6bff6bf7a83fe6c942fe939e6212caa0fc4fad94d854ed03,Tomato___Tomato_Yellow_Leaf_Curl_Virus/fc8d8c51-99a2-4dc2-8b2c-c304f793fb86___YLCV_NREC 2829.JPG,Tomato___Spider_mites Two-spotted_spider_mite/2f286777-f4b0-4b89-9d29-8942267199dd___Com.G_SpM_FL 1515.JPG,Tomato___Tomato_Yellow_Leaf_Curl_Virus,Tomato___Spider_mites Two-spotted_spider_mite,train,val,8,True
2dfdfa7d8b8bafd5ad4f52a130e7bc00b5f737ad10983868e94b88236f6c28af,7d4253f97faaffec665e995fd7310899784581f524a3f08e7ea6201172f629c2,Tomato___Bacterial_spot/6a198118-1387-400d-bfb8-c1127df2570d___GCREC_Bact.Sp 5885.JPG,Tomato___Bacterial_spot/8c556686-072a-4d3a-aad6-4e5534611f03___GCREC_Bact.Sp 5825.JPG,Tomato___Bacterial_spot,Tomato___Bacterial_spot,test,train,8,True
2dfdfa7d8b8bafd5ad4f52a130e7bc00b5f737ad10983868e94b88236f6c28af,9070474b620c8195ffeb69abefa8bd61b57db46b6f198314f3277159977c4836,Tomato___Bacterial_spot/6a198118-1387-400d-bfb8-c1127df2570d___GCREC_Bact.Sp 5885.JPG,Tomato___Bacterial_spot/dbabca53-fd46-46e9-91c0-64232aac8c25___GCREC_Bact.Sp 3816.JPG,Tomato___Bacterial_spot,Tomato___Bacterial_spot,test,train,8,True
2e99e30ff1cd326c00b2f2bee0e6a49aa511e6fb1aefc621423f58ea45684040,02e02539d36b4bffd224d910cb9ddfd6636f3a99b9e14b9c21ba0719ac4ba2cc,Tomato___Spider_mites Two-spotted_spider_mite/d2184d36-c149-4bab-bc07-66c9afce4567___Com.G_SpM_FL 9507.JPG,Tomato___Spider_mites Two-spotted_spider_mite/4b1d558e-7ffb-409b-bf8e-9b665519e896___Com.G_SpM_FL 8746.JPG,Tomato___Spider_mites Two-spotted_spider_mite,Tomato___Spider_mites Two-spotted_spider_mite,train,val,8,True
2ec344a42d4236d35fb4b2d51831a7af13d6f28414bd0e2b7759d3b7a4b6ca44,76769947da18f95cf571b255e4070b8524e715b179c949a44f05552e70de45be,Tomato___Spider_mites Two-spotted_spider_mite/edd90a56-3a0f-4b3c-a55e-0e0a73bdf18d___Com.G_SpM_FL 1689.JPG,Tomato___Spider_mites Two-spotted_spider_mite/3b26b807-0511-477d-92ff-5e84d0c4059a___Com.G_SpM_FL 8724.JPG,Tomato___Spider_mites Two-spotted_spider_mite,Tomato___Spider_mites Two-spotted_spider_mite,train,val,8,True
302920986bd4a60daf3b177c00ecef26e29b3f608c7c40afe528586e66237e96,907c16f403b5b35f12540d457869ae27581829ca26b453c39d2dcb09863de61e,Tomato___Spider_mites Two-spotted_spider_mite/ab076be9-6ea4-4fa2-b173-d9b1b76953ab___Com.G_SpM_FL 9353.JPG,Tomato___Spider_mites Two-spotted_spider_mite/8979cbcd-62c9-4891-a428-f01bd2d177fa___Com.G_SpM_FL 9259.JPG,Tomato___Spider_mites Two-spotted_spider_mite,Tomato___Spider_mites Two-spotted_spider_mite,test,train,8,True
302920986bd4a60daf3b177c00ecef26e29b3f608c7c40afe528586e66237e96,91c63445b600c8fd8b9db0f083374cb21f252d309a69613d11d4d71d22aeb5c9,Tomato___Spider_mites Two-spotted_spider_mite/ab076be9-6ea4-4fa2-b173-d9b1b76953ab___Com.G_SpM_FL 9353.JPG,Tomato___Bacterial_spot/ef110350-8e1f-4eb2-a384-037eafaf1089___GCREC_Bact.Sp 5980.JPG,Tomato___Spider_mites Two-spotted_spider_mite,Tomato___Bacterial_spot,test,train,8,True
302920986bd4a60daf3b177c00ecef26e29b3f608c7c40afe528586e66237e96,a04b56ef476a3ca479c88f5851f3b88dc024db05919c4500571f1522acb3d75e,Tomato___Spider_mites Two-spotted_spider_mite/ab076be9-6ea4-4fa2-b173-d9b1b76953ab___Com.G_SpM_FL 9353.JPG,Tomato___Tomato_Yellow_Leaf_Curl_Virus/291ee93a-1f02-4d58-b376-54999cb136da___YLCV_GCREC 5217.JPG,Tomato___Spider_mites Two-spotted_spider_mite,Tomato___Tomato_Yellow_Leaf_Curl_Virus,test,val,8,True
308347826959af2e6c8df33f35a3ce99ccbd684dd199369678d07c016a54d255,c6f8071b106f333747ccaf2550e8b5513c5a2d61bb24f64aff7271d44ac41e6b,Tomato___Tomato_Yellow_Leaf_Curl_Virus/3f3ef404-2b53-4f9e-b2dc-ad069da7e2e7___UF.GRC_YLCV_Lab 02941.JPG,Tomato___Tomato_Yellow_Leaf_Curl_Virus/b45afa3d-e908-428c-b680-3093b30e0e06___UF.GRC_YLCV_Lab 02940.JPG,Tomato___Tomato_Yellow_Leaf_Curl_Virus,Tomato___Tomato_Yellow_Leaf_Curl_Virus,test,val,8,True
309a857efac13a3dfdc7e2de5b6b4671dc5bc7772c2af58b5ca06dae08df83b7,a5d47b082622c3b9ed9f5344e2821ae1f044514492f86d6f5cb7b6ef948c7f2a,Tomato___Tomato_Yellow_Leaf_Curl_Virus/a30da1b9-9d10-47e4-ae81-6d0e330d03b5___UF.GRC_YLCV_Lab 01305.JPG,Tomato___Tomato_Yellow_Leaf_Curl_Virus/dbbfa69e-b641-4bf1-b2a3-fd3969c11ffc___UF.GRC_YLCV_Lab 01302.JPG,Tomato___Tomato_Yellow_Leaf_Curl_Virus,Tomato___Tomato_Yellow_Leaf_Curl_Virus,test,train,8,True
30ad7aa10a08a121868367f007dd4855714bae444e716d00264fb2c0ef1d2d47,2ec808de270ac633c79277baa46769e1a23ca7e0a7090dd6936f95cdb93cb852,Tomato___Bacterial_spot/225a427b-3e65-45fc-aaa4-1210fb81c20e___GCREC_Bact.Sp 3457.JPG,Tomato___Bacterial_spot/dc206acc-605b-4a85-a35b-44ce62f0ea7e___GCREC_Bact.Sp 6055.JPG,Tomato___Bacterial_spot,Tomato___Bacterial_spot,train,val,8,True
3141d2810628dfa5615bf3b611bf0aa0ce50831535a0bdf828cdf40cc9dcfe48,cfdd5a4e5e419a91c2bd4f34adbfc31e640ad5af4b1a1aec7478b2ae5bbc8c06,Tomato___Tomato_Yellow_Leaf_Curl_Virus/df2d99c6-7217-42f5-88dd-738625e4fe5b___YLCV_GCREC 2122.JPG,Tomato___Bacterial_spot/176ee70d-778e-4f49-a761-67271feff912___GCREC_Bact.Sp 5976.JPG,Tomato___Tomato_Yellow_Leaf_Curl_Virus,Tomato___Bacterial_spot,train,val,8,True
31777b38d1e67a6fc100e0438763a65d27e3e5cb5b9279df96bd24982b7a72fe,1e49a0f92dc3bfabd2854f5dd995e1c125fcc8dc9860a343d4bcab36dcc2ab76,Tomato___Target_Spot/8b0db49a-127f-47e5-b942-a869a028903a___Com.G_TgS_FL 0717.JPG,Tomato___Bacterial_spot/3fd9d993-1ce7-4958-903a-ae99de1d5ad7___GCREC_Bact.Sp 5988.JPG,Tomato___Target_Spot,Tomato___Bacterial_spot,train,val,8,True
318d2811b3bb2d18f1867a8643cd576068efba173f2ba11f4a01bea9ac02ee6f,58b81c93e7433717102d5b9290898b8490ac7660816d32b576de097691a307af,Tomato___Tomato_Yellow_Leaf_Curl_Virus/18973252-18b9-4302-b89c-2678798a038f___UF.GRC_YLCV_Lab 02668.JPG,Tomato___Tomato_Yellow_Leaf_Curl_Virus/43aae6d1-40ae-42f4-8b71-ae9351683a90___UF.GRC_YLCV_Lab 02661.JPG,Tomato___Tomato_Yellow_Leaf_Curl_Virus,Tomato___Tomato_Yellow_Leaf_Curl_Virus,test,train,8,True
318d2811b3bb2d18f1867a8643cd576068efba173f2ba11f4a01bea9ac02ee6f,d1e7b64206e31a9a356fd181774cc69eadc9f969f1439fec372632ee8e7cb3b7,Tomato___Tomato_Yellow_Leaf_Curl_Virus/18973252-18b9-4302-b89c-2678798a038f___UF.GRC_YLCV_Lab 02668.JPG,Tomato___Tomato_Yellow_Leaf_Curl_Virus/ea824bff-58c4-402e-936c-70bc49912701___UF.GRC_YLCV_Lab 02667.JPG,Tomato___Tomato_Yellow_Leaf_Curl_Virus,Tomato___Tomato_Yellow_Leaf_Curl_Virus,test,train,8,True
3220f52d213cefc4f532d6c8e6bf4415a45891187c7ffae8705e37dcb0079556,df0be93053fcb6246a078420fc9a715f171060b52ec11da61a2a849d84048adf,Tomato___Tomato_Yellow_Leaf_Curl_Virus/46743c5e-9665-4ab9-aa10-20044684b87e___YLCV_GCREC 5224.JPG,Tomato___Spider_mites Two-spotted_spider_mite/a7e5ee11-72e4-4e8b-8a1d-1ca0ca5bfebd___Com.G_SpM_FL 8747.JPG,Tomato___Tomato_Yellow_Leaf_Curl_Virus,Tomato___Spider_mites Two-spotted_spider_mite,train,val,8,True
3228ad671ab692acce626e1de3ff63dfba8b6cce38653aec3b648057dc88faa8,671a31dd3f5d8f83b19566b8d4a9d857ccbc0e5e01ea596259d50229c87f9760,Tomato___Bacterial_spot/2279def6-9a9e-43cd-8f35-9111fa81ab13___GCREC_Bact.Sp 5952.JPG,Tomato___Target_Spot/a69cdb49-df5d-4053-b9b5-fb52e934ad99___Com.G_TgS_FL 9695.JPG,Tomato___Bacterial_spot,Tomato___Target_Spot,train,val,8,True
322bdfc7ecc9f8bb7a16a3acd60b1c93d26a9449a014cd83e7dc613ebfea9a3c,d42444be0364fd9975a39b70c58c28995bc79ae83502efa49136c32db90617dd,Tomato___Bacterial_spot/28557b27-1dce-4cd4-bed0-c4a84207d3e2___GCREC_Bact.Sp 6187.JPG,Tomato___Bacterial_spot/97f376a8-3781-4f2f-8fec-6a8150247d1e___GCREC_Bact.Sp 3387.JPG,Tomato___Bacterial_spot,Tomato___Bacterial_spot,test,train,8,True
322bdfc7ecc9f8bb7a16a3acd60b1c93d26a9449a014cd83e7dc613ebfea9a3c,ece4ae3f02afa3ea05fba0abf3679a0b1a79a4a4abe4264892dc0b071b739489,Tomato___Bacterial_spot/28557b27-1dce-4cd4-bed0-c4a84207d3e2___GCREC_Bact.Sp 6187.JPG,Tomato___Septoria_leaf_spot/fb69b46d-32bd-4d11-a60f-7eec788523c2___Matt.S_CG 6278.JPG,Tomato___Bacterial_spot,Tomato___Septoria_leaf_spot,test,train,8,True
332a20a68ff6be597dc146ee6539d776689bac2a2fd7773285924baf16970fe3,e10681c79751d1489aad8dd577d86eadcf9d473e91e38dc248f4fefa2f72817d,Tomato___Bacterial_spot/b540f78d-2b64-4c23-bc20-2287f63b383f___GCREC_Bact.Sp 6128.JPG,Tomato___Bacterial_spot/e813e60a-25a6-4444-8fb6-eeab328d9ccc___GCREC_Bact.Sp 3573.JPG,Tomato___Bacterial_spot,Tomato___Bacterial_spot,train,val,8,True
336898fb9df73ac0851acd66c7ba95bbdc7e09fc317cd041d4bd47a7cfec0c71,a6cb8c2b4705440c0cdf81634cdf8fb9657f3d747ee7556d32aca1681bb07dac,Tomato___Tomato_mosaic_virus/763335af-2beb-4331-b2e5-3f61a4b0b914___PSU_CG 2365.JPG,Tomato___Tomato_mosaic_virus/3a99961c-cc66-44a9-b2c7-4d5a0714e839___PSU_CG 2162.JPG,Tomato___Tomato_mosaic_virus,Tomato___Tomato_mosaic_virus,train,val,8,True
336898fb9df73ac0851acd66c7ba95bbdc7e09fc317cd041d4bd47a7cfec0c71,e753acece63dec89e264d3851e79512fa39061b256e45c16864149612550d10c,Tomato___Tomato_mosaic_virus/763335af-2beb-4331-b2e5-3f61a4b0b914___PSU_CG 2365.JPG,Tomato___Tomato_Yellow_Leaf_Curl_Virus/61ca16d1-d69c-4540-b3ba-52bf53dfbc40___YLCV_GCREC 2921.JPG,Tomato___Tomato_mosaic_virus,Tomato___Tomato_Yellow_Leaf_Curl_Virus,train,val,8,True
33a1a8a2a77ec7d5d7cbbb9dc8104fd5fdbc46574ea1c5211c8bbec68b468a5e,bfa95f183a1cf6c20223d2182f54570d3f45d504231c3a67bfd00a0f29941580,Tomato___Tomato_Yellow_Leaf_Curl_Virus/a64ad298-f59c-4111-b66a-756a6890665f___YLCV_NREC 2432.JPG,Tomato___Spider_mites Two-spotted_spider_mite/9a9a3476-f397-4892-82ab-24638ce03b01___Com.G_SpM_FL 9435.JPG,Tomato___Tomato_Yellow_Leaf_Curl_Virus,Tomato___Spider_mites Two-spotted_spider_mite,test,train,8,True
33dbb3d42df9ef8baf7de4628f9d319b8cdb0a88ad65e0aeff366155148ea967,05240a7876e006e9c03e5357782e986dfabb69d481894a43b2bc3504549ca895,Tomato___Bacterial_spot/4f844956-b7ab-4a05-80cf-20ac61fa91c8___GCREC_Bact.Sp 3038.JPG,Tomato___Bacterial_spot/e1fa4f5f-d166-4483-95c4-0c420ee2098e___GCREC_Bact.Sp 3458.JPG,Tomato___Bacterial_spot,Tomato___Bacterial_spot,train,val,8,True
33dbb3d42df9ef8baf7de4628f9d319b8cdb0a88ad65e0aeff366155148ea967,5f22428306442f58e45ac789e7a45c8a7e70a7e4fe658d35aacabc324d795349,Tomato___Bacterial_spot/4f844956-b7ab-4a05-80cf-20ac61fa91c8___GCREC_Bact.Sp 3038.JPG,Tomato___Bacterial_spot/e41ca477-b751-45f7-9a19-3442349e45ef___GCREC_Bact.Sp 3254.JPG,Tomato___Bacterial_spot,Tomato___Bacterial_spot,train,val,8,True
33fb716273da7249e4c9f4a256a88c7601fdcbfa6e58155e055a83dc540c4ddd,a808397724e269f78745d5ba99836d1fbc424593661296179023aaf08dd612b2,Tomato___Tomato_Yellow_Leaf_Curl_Virus/49cc0a68-128e-4a2b-aa3c-c1855639bcff___UF.GRC_YLCV_Lab 02879.JPG,Tomato___Tomato_Yellow_Leaf_Curl_Virus/feb4e0fa-e4e7-4eb9-8948-ea1bac27fa1e___UF.GRC_YLCV_Lab 02872.JPG,Tomato___Tomato_Yellow_Leaf_Curl_Virus,Tomato___Tomato_Yellow_Leaf_Curl_Virus,train,val,8,True
34415fd65255c8f6f6d62c1add8bfddbed3d44c54205107ee9e2b30b9f65a5c3,15dbe60dbe738bb2c91b75d7d0b38b4dee07a72cf626f62ee815deac043bc68a,Tomato___Spider_mites Two-spotted_spider_mite/84838a39-2c68-42ed-a423-04e4398460b6___Com.G_SpM_FL 1781.JPG,Tomato___Tomato_Yellow_Leaf_Curl_Virus/e906bb40-58ca-45d8-81ad-3e36ac4984b8___YLCV_NREC 2973.JPG,Tomato___Spider_mites Two-spotted_spider_mite,Tomato___Tomato_Yellow_Leaf_Curl_Virus,test,val,8,True
34415fd65255c8f6f6d62c1add8bfddbed3d44c54205107ee9e2b30b9f65a5c3,197597ff31ff16e4a82088c35d66410c2df51c2687b16639cdd8a8d9f7e39568,Tomato___Spider_mites Two-spotted_spider_mite/84838a39-2c68-42ed-a423-04e4398460b6___Com.G_SpM_FL 1781.JPG,Tomato___Spider_mites Two-spotted_spider_mite/95379b0d-f7b4-4f9c-8eb4-860556e2eabb___Com.G_SpM_FL 1621.JPG,Tomato___Spider_mites Two-spotted_spider_mite,Tomato___Spider_mites Two-spotted_spider_mite,test,train,8,True
34ac1e612c8744cf3adfa586a38dfb260c821b21a00e3ff6f7491c31770385cc,1a39a9e020d821213e9c96eb08637d2c2a51ee0f134f17c414daebdec3dc626e,Tomato___Early_blight/4d007f46-814a-4cec-93d4-0be4b32a9ed6___RS_Erly.B 6495.JPG,Tomato___Early_blight/3726eff6-547d-411e-bc00-f8b533d067e3___RS_Erly.B 6494.JPG,Tomato___Early_blight,Tomato___Early_blight,test,train,8,True
3525cd00344827dff4047696a445effed01e07783fb561e3dd1e45b549329faa,7c04170310d9cac42e0ddfce4450491f9960ce3c52f20a17dab86849341bcb34,Tomato___Leaf_Mold/0c0debed-e807-4236-a2e3-d9b72f54367f___Crnl_L.Mold 6899.JPG,Tomato___Leaf_Mold/a9bfbf7a-3669-4b5e-a5c7-ac8fcd03fd48___Crnl_L.Mold 7094.JPG,Tomato___Leaf_Mold,Tomato___Leaf_Mold,test,train,8,True
3551d4f40a1d32ccf4ec1cec45ac4f35e42e36668b382a88da045616fcfc0776,4fb62d11b9c99e42856eadb5cc26450287afd577716d96ceb9ad2246ab38daf5,Tomato___Spider_mites Two-spotted_spider_mite/f8ffac77-3323-4fdb-814b-4a1967048978___Com.G_SpM_FL 9275.JPG,Tomato___Tomato_Yellow_Leaf_Curl_Virus/486e621f-336e-42c5-a1c8-d9ccde04ec4e___YLCV_NREC 0147.JPG,Tomato___Spider_mites Two-spotted_spider_mite,Tomato___Tomato_Yellow_Leaf_Curl_Virus,test,train,8,True
358f26aef1229d8cd4db1152b8d64d16d789f1615df07903866470c9cbb371c5,b74d4f1c6c2b97505804b1954da32eca4f7e5759047c256c3a11f8edf601d332,Tomato___Tomato_Yellow_Leaf_Curl_Virus/821ab91a-6de6-45c7-85f1-0d1fe243e37c___YLCV_NREC 2153.JPG,Tomato___Spider_mites Two-spotted_spider_mite/e33fa280-f5cc-404b-a205-36966e9ceb38___Com.G_SpM_FL 8950.JPG,Tomato___Tomato_Yellow_Leaf_Curl_Virus,Tomato___Spider_mites Two-spotted_spider_mite,train,val,8,True
35d7d7c8e95436194acbc4ac737f2e4a973333e33cd5d4fd98cf2890a68f200f,f6c2e9150f7f2f3381ea4b5ff01958f9da7308410da3708ccc82db67eb110216,Tomato___Leaf_Mold/9445a483-85a6-465c-b9b0-1ff8bc519a43___Crnl_L.Mold 9035.JPG,Tomato___Leaf_Mold/af1c1bf4-43b5-47ff-aade-ebd32635f77a___Crnl_L.Mold 7045.JPG,Tomato___Leaf_Mold,Tomato___Leaf_Mold,test,train,8,True
363d8ddfdccf1935f85f8c2642b5963d81f4ecb7de8d3e10e7b68bde22b2c094,f2f29439ae6024f15cbdc83ff1328fdd485a6c66c1a548c79f3bf537ed440d7c,Tomato___Bacterial_spot/a19a6fda-96bc-4ae1-821e-765518e86d00___GCREC_Bact.Sp 5844.JPG,Tomato___Bacterial_spot/43f97b78-04ee-4092-a909-6fd9af60d1a6___GCREC_Bact.Sp 3330.JPG,Tomato___Bacterial_spot,Tomato___Bacterial_spot,train,val,8,True
3728a09feb56b4715d1f08332f3f1b6b6bc46613a4a8d8fa0e39e5c5eaad4ccd,4f918046c186527b77348a6b1e904e010cc0a39ea3c0cb5d34bbcd6c09c60a32,Tomato___Late_blight/1eacb98a-d88b-4e86-bbb8-19ec6a4e6c67___GHLB2 Leaf 148.2.JPG,Tomato___Late_blight/207dee29-3d2e-4f08-9642-ef4c932fb280___GHLB2 Leaf 8608.JPG,Tomato___Late_blight,Tomato___Late_blight,test,train,8,True
38e92cf3e532545ff9a83dd562587f8fbac58ecf139ba2357904d5d724ff4622,af420caba771f97e0c19d287a2b3661ae8aac3b119f7e1f034f60b6d5038c538,Tomato___Leaf_Mold/240a5b33-6071-4129-b017-1c7bba52a690___Crnl_L.Mold 6991.JPG,Tomato___Leaf_Mold/8d6e2d0b-672d-4737-8973-17a9f31517a8___Crnl_L.Mold 7070.JPG,Tomato___Leaf_Mold,Tomato___Leaf_Mold,test,val,8,True
3903a07a46c2cdbea245a26bea2357532bdf7598b45b09d638313fdf9817da8e,7370a3e5d9029a06e2267ef6c5851c3cb159a2f96b6ad3e910dbd715132139d4,Tomato___Bacterial_spot/af614af9-a200-4887-a394-13667ecbc8f7___GCREC_Bact.Sp 6000.JPG,Tomato___Bacterial_spot/b1bc2e49-8946-48ee-8b44-8f54270b2d84___GCREC_Bact.Sp 5999.JPG,Tomato___Bacterial_spot,Tomato___Bacterial_spot,train,val,8,True
390576ebd19e86a1f924a537ba66d0f3a6e281f7a8ed6c0cb26d5003d5b6b855,4afcf0a1387d5f549004bc343db787d8776d0e18e6ec8a84a5e87bbd53b88e2e,Tomato___Septoria_leaf_spot/d96cbe0b-3d16-4e41-903a-5bb493052682___Matt.S_CG 6166.JPG,Tomato___Septoria_leaf_spot/53f65bdf-e5cc-4e3a-a672-43ac0edc8f24___Matt.S_CG 6098.JPG,Tomato___Septoria_leaf_spot,Tomato___Septoria_leaf_spot,train,val,8,True
399a65e7c4eeed376121ef3e9d80cbb768eccaa1c594db9c482db7795fff630e,bf444e5bdb383eb4faa9fbc0c2cfc6b0b3d1e0ce81c2fa458175bf6cf03dd964,Tomato___Target_Spot/e6efb6e3-7e58-441d-808f-bdb535f8ad70___Com.G_TgS_FL 9764.JPG,Tomato___healthy/c298eb46-4b8f-4a5b-a819-ceabb2fc7211___RS_HL 9677.JPG,Tomato___Target_Spot,Tomato___healthy,test,train,8,True
39b03a986b39cf5ca2472c4c9fcf4bdea4cdae2600d182ae65c3a582ae467b12,72d65ecea3fadeb06606dc683f482610af05bc6f580c95ab0562437c8439d349,Tomato___Bacterial_spot/51ce2b94-a8c2-4656-bb2d-442ec0dbd780___GCREC_Bact.Sp 5957.JPG,Tomato___Target_Spot/8a3a6a39-5774-4a98-a6a5-9544e425d418___Com.G_TgS_FL 8155.JPG,Tomato___Bacterial_spot,Tomato___Target_Spot,test,train,8,True
39b03a986b39cf5ca2472c4c9fcf4bdea4cdae2600d182ae65c3a582ae467b12,a04b56ef476a3ca479c88f5851f3b88dc024db05919c4500571f1522acb3d75e,Tomato___Bacterial_spot/51ce2b94-a8c2-4656-bb2d-442ec0dbd780___GCREC_Bact.Sp 5957.JPG,Tomato___Tomato_Yellow_Leaf_Curl_Virus/291ee93a-1f02-4d58-b376-54999cb136da___YLCV_GCREC 5217.JPG,Tomato___Bacterial_spot,Tomato___Tomato_Yellow_Leaf_Curl_Virus,test,val,8,True
3b08d46b3e54c56668b65063f9b3485fa9ccb644586ea07de7b60a790459be87,7761e7e39343230cff4bc76c5e0ad2448b89d8c384d4564e5e2c1aeb9988acec,Tomato___healthy/19e31197-5f6d-4925-975c-884bd4a94bfe___RS_HL 0291.JPG,Tomato___Bacterial_spot/6cb5947c-d06a-4114-932e-ca1b952326c7___GCREC_Bact.Sp 3568.JPG,Tomato___healthy,Tomato___Bacterial_spot,train,val,8,True
3b1dcecd98200ed2f78c479019f66e0eda69db8a7dc6ec0b29f7ac9f4d2a5b96,97fd1a33fb4577e134383b46a26064a11862b0c7ecc7a1d4793071471bb4dcef,Tomato___Leaf_Mold/bf97c963-b3cd-480a-be10-b8b2c539973f___Crnl_L.Mold 6982.JPG,Tomato___Leaf_Mold/edd41abf-a135-4648-b724-a57b91f403e5___Crnl_L.Mold 6980.JPG,Tomato___Leaf_Mold,Tomato___Leaf_Mold,test,train,8,True
3b3c149b99ee1a7a9d1003ba86d9e8f472054521684ddfe2660d9d3fce8833b7,34e76372e6bc419a79f58f065adba4928df8c4a7703ca4f91f634b543ff6948f,Tomato___healthy/f163df8f-6510-4520-82ee-779d2679af33___GH_HL Leaf 422.2.JPG,Tomato___Tomato_Yellow_Leaf_Curl_Virus/3a5a7bd1-55df-4afd-a9d5-0e93fd42be27___UF.GRC_YLCV_Lab 01324.JPG,Tomato___healthy,Tomato___Tomato_Yellow_Leaf_Curl_Virus,train,val,8,True
3b93f230a7ec8696554985e7c1446be6e53ef883dd8dfb6a964f7a59a0a753a1,2c1e960371ed96cfbba013c8a41b187341a2703e15176835b6e25ec32db3f820,Tomato___Bacterial_spot/b2b3acc9-66f5-4451-9103-deaca3797430___GCREC_Bact.Sp 3446.JPG,Tomato___Tomato_Yellow_Leaf_Curl_Virus/de8fb56b-d3f3-4691-bb7c-0aaeaba74e81___YLCV_GCREC 2466.JPG,Tomato___Bacterial_spot,Tomato___Tomato_Yellow_Leaf_Curl_Virus,test,train,8,True
3b93f230a7ec8696554985e7c1446be6e53ef883dd8dfb6a964f7a59a0a753a1,43be7eecd3bd861c76aae0f9d5333fbf8434bb4f65a13e7124f87b9b6f485c41,Tomato___Bacterial_spot/b2b3acc9-66f5-4451-9103-deaca3797430___GCREC_Bact.Sp 3446.JPG,Tomato___Bacterial_spot/df2cde45-b06c-421e-b0b9-955bf8b8f2e7___GCREC_Bact.Sp 2978.JPG,Tomato___Bacterial_spot,Tomato___Bacterial_spot,test,train,8,True
3c16a8b027982bb69ade4d6b2e56498e25d2f2896ad7e855a3c8154025cf91d5,119b27f14297706dac77efcfab417870dd6d4c37ebe9648c30f5267c0eb2d6b8,Tomato___Spider_mites Two-spotted_spider_mite/348aec86-49bc-4e2d-8ca7-66545421cc06___Com.G_SpM_FL 1746.JPG,Tomato___Bacterial_spot/db6177ef-cf23-402a-ac95-f8c136c6385d___GCREC_Bact.Sp 3135.JPG,Tomato___Spider_mites Two-spotted_spider_mite,Tomato___Bacterial_spot,train,val,8,True
3c16a8b027982bb69ade4d6b2e56498e25d2f2896ad7e855a3c8154025cf91d5,514450f7d562cc4284cc56b8d9a78b225c4569b41b2626a7cf2c6a5d78095875,Tomato___Spider_mites Two-spotted_spider_mite/348aec86-49bc-4e2d-8ca7-66545421cc06___Com.G_SpM_FL 1746.JPG,Tomato___Tomato_Yellow_Leaf_Curl_Virus/6c74c99f-0377-4870-ac98-c1ad619d8a7a___YLCV_GCREC 2623.JPG,Tomato___Spider_mites Two-spotted_spider_mite,Tomato___Tomato_Yellow_Leaf_Curl_Virus,train,val,8,True
3c16a8b027982bb69ade4d6b2e56498e25d2f2896ad7e855a3c8154025cf91d5,6908b712051f42e894fb15123fbc0b30445a09f2249e9e90ad7e8c75f1a76f46,Tomato___Spider_mites Two-spotted_spider_mite/348aec86-49bc-4e2d-8ca7-66545421cc06___Com.G_SpM_FL 1746.JPG,Tomato___Spider_mites Two-spotted_spider_mite/2e9248a1-78c7-4aa8-a696-ab96c6947ceb___Com.G_SpM_FL 8629.JPG,Tomato___Spider_mites Two-spotted_spider_mite,Tomato___Spider_mites Two-spotted_spider_mite,train,val,8,True
3c16a8b027982bb69ade4d6b2e56498e25d2f2896ad7e855a3c8154025cf91d5,d84b0f689d338c1c5bd692ed0f132d5bc3494ba852883b18440bf71a09161381,Tomato___Spider_mites Two-spotted_spider_mite/348aec86-49bc-4e2d-8ca7-66545421cc06___Com.G_SpM_FL 1746.JPG,Tomato___Spider_mites Two-spotted_spider_mite/cf3bd731-bbcd-494e-86a2-793f1e944bb5___Com.G_SpM_FL 9462.JPG,Tomato___Spider_mites Two-spotted_spider_mite,Tomato___Spider_mites Two-spotted_spider_mite,train,val,8,True
3c26d76822f94832dcbc5d91966f7707781223f07044236b59b2b6cf121959c8,36041624a1e7e6d94dc3c16b148b668ddcc18b4964fa15568e1e88fa73547852,Tomato___Target_Spot/8ce8a9a0-3f3a-4a42-b5b0-1b2221af3d2a___Com.G_TgS_FL 9811.JPG,Tomato___Spider_mites Two-spotted_spider_mite/e8a2e430-adae-4b78-bcfd-5652c59ad548___Com.G_SpM_FL 1758.JPG,Tomato___Target_Spot,Tomato___Spider_mites Two-spotted_spider_mite,train,val,8,True
3cce974b786455ea56aee2ba84071ad11e0bd24bbc9ef03a6c7cb02aba25430f,31b2517089e17a7ddd8e56b364c5c5cf33ebb4ced5b1b73d9dc33fe888862ced,Tomato___Target_Spot/9b2c3687-231d-456a-9b3a-df24481f9c12___Com.G_TgS_FL 8177.JPG,Tomato___Septoria_leaf_spot/e9fa8424-f050-4541-ab57-7d5853f3716c___JR_Sept.L.S 2545.JPG,Tomato___Target_Spot,Tomato___Septoria_leaf_spot,test,train,8,True
3dda8d333c243638f46fc9c27f88cbcece578eb986e7bdcc25ef33d13b9820bb,8080babb7074d9d03002cb918dcd51dd5cd1ff21b8fdd56e97ed5e865f9c8276,Tomato___Tomato_Yellow_Leaf_Curl_Virus/fa16f530-1e23-4a86-acb1-1ff53dd49e37___UF.GRC_YLCV_Lab 02499.JPG,Tomato___Tomato_Yellow_Leaf_Curl_Virus/5b3e9035-71e9-4113-b6eb-fff0ed904099___UF.GRC_YLCV_Lab 02514.JPG,Tomato___Tomato_Yellow_Leaf_Curl_Virus,Tomato___Tomato_Yellow_Leaf_Curl_Virus,test,val,8,True
3dda8d333c243638f46fc9c27f88cbcece578eb986e7bdcc25ef33d13b9820bb,fbefaeecf433f0e5d87c7e292719cd27de4362ce308768c77694dc1e2c42f393,Tomato___Tomato_Yellow_Leaf_Curl_Virus/fa16f530-1e23-4a86-acb1-1ff53dd49e37___UF.GRC_YLCV_Lab 02499.JPG,Tomato___Tomato_Yellow_Leaf_Curl_Virus/de775839-7363-47c7-bc42-7bff83af822a___UF.GRC_YLCV_Lab 02513.JPG,Tomato___Tomato_Yellow_Leaf_Curl_Virus,Tomato___Tomato_Yellow_Leaf_Curl_Virus,test,train,8,True
3e1d7fbfd784818440c8c6c18b435206ce0da67156f41dc7e7bae1350addba60,ccce6c9179eee73cc512ca5e5d5f24ac644bec8ceea724b0f499022f662b3863,Tomato___Spider_mites Two-spotted_spider_mite/3049a6ad-905d-4a96-92b4-2ec045c397a1___Com.G_SpM_FL 8796.JPG,Tomato___Early_blight/4aa63e45-c531-40e2-86ca-a788e74d4f18___RS_Erly.B 7549.JPG,Tomato___Spider_mites Two-spotted_spider_mite,Tomato___Early_blight,train,val,8,True
3e71b2b25be8e016e94a75c1719b50afb808ea805241d7be917e7e2f26fbfecb,b3070a8dba2b117258c05b7a62d13fc0ccc93b113b8a5259dcc968e4ae8cd4dc,Tomato___Late_blight/a9d292cb-2aaf-44cd-a1ef-bec9b05308b9___RS_Late.B 7005.JPG,Tomato___Bacterial_spot/86bcf005-a793-4d1f-a767-99548b4c3aa6___GCREC_Bact.Sp 3131.JPG,Tomato___Late_blight,Tomato___Bacterial_spot,train,val,8,True
3ed0e6149de2f6edb1729de0836ca167966f87c55cd3dd1cf5fb1d1a305966b5,e51c7fedaa87e44ba214eb4c88ab91f715d1812de95587d7f4db1cf3ca7a976d,Tomato___Spider_mites Two-spotted_spider_mite/317f11f9-657f-43f7-943e-efb03cc62b40___Com.G_SpM_FL 1608.JPG,Tomato___Spider_mites Two-spotted_spider_mite/2aa0254f-e3c8-400f-bb0c-c039f19f4aa5___Com.G_SpM_FL 1649.JPG,Tomato___Spider_mites Two-spotted_spider_mite,Tomato___Spider_mites Two-spotted_spider_mite,test,val,8,True
3f10686fb3450ca87dc11cc6fc31ea93f1cb853ed4e3d6ca93c7a24a4210f71c,8406fae0352b7db076c330c038b6ebb6f8eef5f0186aa98bc045c5592c7872aa,Tomato___healthy/dbbde73f-e630-4799-9a08-37bd5602f1b2___GH_HL Leaf 208.JPG,Tomato___healthy/424c3315-6c08-4ab3-89da-d8456bc2050b___GH_HL Leaf 443.JPG,Tomato___healthy,Tomato___healthy,train,val,8,True
3f2161cff920ea94bfce6d75a8ec3e5604684528e2c1ad4035a9c1535920b466,c054bb2c387a9156129e04ddf42359cd02b8792a4b330e9845a94fe2a7b433df,Tomato___Late_blight/45472e0c-7abb-48eb-aab6-8a1b612839eb___GHLB2 Leaf 8962.JPG,Tomato___Late_blight/e7aaf85a-7392-43b1-9b10-6f1fb0045cba___GHLB2 Leaf 8961.JPG,Tomato___Late_blight,Tomato___Late_blight,train,val,8,True
3f79fad55833aa2b18e73683748a0fb45c4e221e23442501ae68999078de8a10,4aac7ead92ffebb860f66807a2b6daa14384089fdd519f3acd9e9e1bf64c02c6,Tomato___Tomato_Yellow_Leaf_Curl_Virus/c983c63c-02d3-4678-8920-1ac68be940ec___UF.GRC_YLCV_Lab 01589.JPG,Tomato___Tomato_Yellow_Leaf_Curl_Virus/40726129-3f95-4a8d-b0c6-865c12889fd9___UF.GRC_YLCV_Lab 01586.JPG,Tomato___Tomato_Yellow_Leaf_Curl_Virus,Tomato___Tomato_Yellow_Leaf_Curl_Virus,test,train,8,True
3fb28110b867808942ad9c723e435cadcea2ed7c1b382fcda6214d6ad202d825,a48c5030de508689bc42d29934f00ffa2d1f4dda18327bda2d6d6ceb196f154a,Tomato___Spider_mites Two-spotted_spider_mite/5e28726c-2195-49d1-bce4-e84dde076d76___Com.G_SpM_FL 1587.JPG,Tomato___Early_blight/757b49d0-db8e-4352-820a-9f0bdb7d2657___RS_Erly.B 7748.JPG,Tomato___Spider_mites Two-spotted_spider_mite,Tomato___Early_blight,train,val,8,True
4036c2bc93ddafd3dcff34495f5b0bce4a3dbb0082bc8a04cc175cce47b2867c,885d8d92bdb8698711f8528a88075f64cb28cf1e3cdea0ce9feeb8f83966fd92,Tomato___healthy/5853fc45-5ce0-4b2c-a36e-18eda75a97c6___RS_HL 9632.JPG,Tomato___Tomato_Yellow_Leaf_Curl_Virus/cd4071de-f678-4095-ad66-fc6d218c7424___YLCV_GCREC 2900.JPG,Tomato___healthy,Tomato___Tomato_Yellow_Leaf_Curl_Virus,train,val,8,True
40a0a7c451bbdf6cc4dbba8c8d6dc99d3ce154f99fcd0e9fda84074221d305e2,514450f7d562cc4284cc56b8d9a78b225c4569b41b2626a7cf2c6a5d78095875,Tomato___Septoria_leaf_spot/8bf151ef-d3ca-47f9-b2d0-685ba9c5f229___Matt.S_CG 1453.JPG,Tomato___Tomato_Yellow_Leaf_Curl_Virus/6c74c99f-0377-4870-ac98-c1ad619d8a7a___YLCV_GCREC 2623.JPG,Tomato___Septoria_leaf_spot,Tomato___Tomato_Yellow_Leaf_Curl_Virus,train,val,8,True
40c590d0a595695adf97c9942bfaaadf4a31c60259f5d30212552742237805eb,32b6c0dd6fb7b88be8576305f626e71692a6bb3c21e2aa546eb13fcf6019438e,Tomato___Tomato_Yellow_Leaf_Curl_Virus/dc4756b0-aca4-4bad-a224-c6a3be0708bf___YLCV_GCREC 5239.JPG,Tomato___Septoria_leaf_spot/952f14ea-6697-4361-897f-a3123c69b7e4___Matt.S_CG 2790.JPG,Tomato___Tomato_Yellow_Leaf_Curl_Virus,Tomato___Septoria_leaf_spot,test,train,8,True
4103c4090062a9a91306e4cfdf4ab963f4a5e5fce5771c31330024e04a73864a,79e3405b93570e56b421dc2d4fda845cc98d9772685d18daf76fb6949e495368,Tomato___Early_blight/8b7b2dbe-cb3d-4ab1-a487-7c7d5553b796___RS_Erly.B 7448.JPG,Tomato___Tomato_Yellow_Leaf_Curl_Virus/3e3324fe-c455-4fd7-9373-0d9af52a13a0___YLCV_GCREC 2221.JPG,Tomato___Early_blight,Tomato___Tomato_Yellow_Leaf_Curl_Virus,train,val,8,True
4112365ed0d0ae0eb5f0bb258efde5a7dda5c7e5a514fa35daf2451530a486ef,724a5c9b636797497da35e0c2de4e75935b79f9c609964e0fc47a510967ed181,Tomato___Late_blight/8ad4d607-b0e5-4151-9455-66e8ece55ff7___GHLB2 Leaf 8774.JPG,Tomato___Late_blight/975cefdc-29dc-4355-b9bb-5abd4a910654___GHLB2 Leaf 8657.JPG,Tomato___Late_blight,Tomato___Late_blight,test,train,8,True
4128244536e8e31f1545aacd61c6723cda25e346f59828fb6b237b7d98adab6b,23e7c0f6e9345cb2ef138f7365355b172557a243d3992cb9eb1dd1cbfdcfa9f1,Tomato___Bacterial_spot/799f1c5e-d749-47d1-a8c9-d11f506ceed9___GCREC_Bact.Sp 5629.JPG,Tomato___Tomato_Yellow_Leaf_Curl_Virus/9a7ed46b-c399-44d6-bfde-43593776f56e___YLCV_GCREC 2452.JPG,Tomato___Bacterial_spot,Tomato___Tomato_Yellow_Leaf_Curl_Virus,train,val,8,True
4156209102e4dc8aee4c4cf717f377ebbd77062d0a838c37d194a35df5c0c3b9,40da2e9a8d86b5d8db2f62de70f4105c3b801186e6a590fd1618dd10d1b82338,Tomato___Tomato_Yellow_Leaf_Curl_Virus/7e6b55eb-7f0a-40c1-a49d-f304636387b1___YLCV_NREC 2293.JPG,Tomato___healthy/43f6d6f0-be8e-4120-8c86-fad3bcfd5c03___RS_HL 0180.JPG,Tomato___Tomato_Yellow_Leaf_Curl_Virus,Tomato___healthy,test,train,8,True
41d68a30433d429b145d20a179def55a18a44f3ee1a048894fe63cbe24ff94eb,2e577a9542c0a34d2873670cd3b5f3416272ba063626154d7283fc3afe7d4a4d,Tomato___Bacterial_spot/cbbb4f7c-382f-420e-a1c8-e919af9497a7___GCREC_Bact.Sp 3192.JPG,Tomato___Bacterial_spot/e14b7ae8-96ff-47e0-8b35-aa7203dc49d5___GCREC_Bact.Sp 3020.JPG,Tomato___Bacterial_spot,Tomato___Bacterial_spot,train,val,8,True
41d68a30433d429b145d20a179def55a18a44f3ee1a048894fe63cbe24ff94eb,b1de9eedb6c5461ad3907786e46519a3470abcdc1287114acf4d78bc11d02a6c,Tomato___Bacterial_spot/cbbb4f7c-382f-420e-a1c8-e919af9497a7___GCREC_Bact.Sp 3192.JPG,Tomato___Bacterial_spot/8e0325d9-4504-4e3a-8013-a064b8c546f1___GCREC_Bact.Sp 3260.JPG,Tomato___Bacterial_spot,Tomato___Bacterial_spot,train,val,8,True
41df1f01beb6c53cb3f3981ee3540e404d97fce3c0efec5d45377bfed25e5551,ead2f920a8effb3d4af1cae7fab2d52d87ee28a9cfe2c4e24c3812dc3f6c9d74,Tomato___Leaf_Mold/b394a386-09e3-4dc9-b1cb-debf575963e6___Crnl_L.Mold 8908.JPG,Tomato___Leaf_Mold/774d3b86-63a3-46a7-9355-9aa512d70e19___Crnl_L.Mold 8914.JPG,Tomato___Leaf_Mold,Tomato___Leaf_Mold,test,val,8,True
4298bf8afdae3318832ccef64ca000b318726b0f94f238a4adc4624636e8bc23,f09536279ba53f5f54422810a34670fdbc192b1a6b61976797443ddb4cb7e00c,Tomato___Septoria_leaf_spot/f8e19e45-a84d-4292-8849-8849518a2d4f___JR_Sept.L.S 8517.JPG,Tomato___Spider_mites Two-spotted_spider_mite/50468eb2-6dce-4229-85b9-fede51827beb___Com.G_SpM_FL 8681.JPG,Tomato___Septoria_leaf_spot,Tomato___Spider_mites Two-spotted_spider_mite,test,train,8,True
4382b3e8d3f1398c2d5c197ff55cb284e3f85dc63a62263ed7f9117b32ac28d8,ef3c739f0df131d0a1f6467fe05734b6f820f5b6bcbc77fe8e7309f88a4a0fc6,Tomato___Tomato_Yellow_Leaf_Curl_Virus/6bd39b91-63eb-4b23-9fe2-67ceed0a8a8c___UF.GRC_YLCV_Lab 02052.JPG,Tomato___Tomato_Yellow_Leaf_Curl_Virus/6f22936e-2dac-423c-b046-aa1fe8a25978___UF.GRC_YLCV_Lab 02053.JPG,Tomato___Tomato_Yellow_Leaf_Curl_Virus,Tomato___Tomato_Yellow_Leaf_Curl_Virus,train,val,8,True
43b70e4954a5723b6b08ac0943f1a1e41ef00e771fdba9357265e0f6cf0ff585,9a29127aad33b25e886c28b18f2b248bcb01c501193c958971fedf91753160f0,Tomato___healthy/902d49e5-febf-4970-b0fb-99a57e8e284b___GH_HL Leaf 179.JPG,Tomato___healthy/6b9b1ad6-3e75-4378-ad97-7dc9b8fa084e___GH_HL Leaf 179.1.JPG,Tomato___healthy,Tomato___healthy,test,train,8,True
446beddb844c10089c865e1289fc06f715951cd0511400fd088a808717c7d291,1b7c7bfd7a0e5320c54ac87c823c0a5c0f2e5230c18f570ca344526fa47cd27f,Tomato___Septoria_leaf_spot/2eb010be-cfb9-40cf-9b69-0521e5ecf2a1___Matt.S_CG 1263.JPG,Tomato___Early_blight/5a62e38f-8042-4ca8-8df6-2bdeed7e9a7b___RS_Erly.B 9493.JPG,Tomato___Septoria_leaf_spot,Tomato___Early_blight,train,val,8,True
448b409459ee1e6ece79058579ce38b9926a8700e990a0ada01c003c72d22bcf,4948b41e2bb113e536037a6f1aece56eca768a44e08ead4d86a7dffdcab88717,Tomato___healthy/c58defb7-5515-4b89-896f-13039c13051f___GH_HL Leaf 372.1.JPG,Tomato___healthy/bb06c1c7-3f4d-45d0-8882-b2eb8861b834___GH_HL Leaf 372.JPG,Tomato___healthy,Tomato___healthy,test,train,8,True
44d68cb8cc75e462cc9ab8d00e940fc2c2ef52ea75516a53d03a457c8594da9d,6277bd8913be0b8c38e06e1411e9338b9a54d206dd66fa12ca176756e1f73494,Tomato___Spider_mites Two-spotted_spider_mite/33e0bed5-9b9e-46ba-9f85-42f86d6f06eb___Com.G_SpM_FL 9453.JPG,Tomato___Tomato_Yellow_Leaf_Curl_Virus/71e1f9e6-cd1a-4b49-8138-17eb6220a549___YLCV_NREC 2937.JPG,Tomato___Spider_mites Two-spotted_spider_mite,Tomato___Tomato_Yellow_Leaf_Curl_Virus,test,train,8,True
45b0c4b7c909622d5d1f3f69d8d73599cdaf13a8b5f6fb085a80ace886ff148a,8be3ac2d1fea885fc13a782e5af70e40daba397f9697395506f2efd58757d89b,Tomato___Tomato_Yellow_Leaf_Curl_Virus/83bd57f8-9061-4b1d-ac71-b426f16c7be6___UF.GRC_YLCV_Lab 02870.JPG,Tomato___Tomato_Yellow_Leaf_Curl_Virus/0ef08a25-e24e-4ac7-96b7-fbc28046ce34___UF.GRC_YLCV_Lab 02884.JPG,Tomato___Tomato_Yellow_Leaf_Curl_Virus,Tomato___Tomato_Yellow_Leaf_Curl_Virus,train,val,8,True
45b0c4b7c909622d5d1f3f69d8d73599cdaf13a8b5f6fb085a80ace886ff148a,a808397724e269f78745d5ba99836d1fbc424593661296179023aaf08dd612b2,Tomato___Tomato_Yellow_Leaf_Curl_Virus/83bd57f8-9061-4b1d-ac71-b426f16c7be6___UF.GRC_YLCV_Lab 02870.JPG,Tomato___Tomato_Yellow_Leaf_Curl_Virus/feb4e0fa-e4e7-4eb9-8948-ea1bac27fa1e___UF.GRC_YLCV_Lab 02872.JPG,Tomato___Tomato_Yellow_Leaf_Curl_Virus,Tomato___Tomato_Yellow_Leaf_Curl_Virus,train,val,8,True
45dd00f4c4075b1e9705415c2d173c47970031c4dd93afb182cc68e5d71efca7,1b30d8466d35c3ad4de7380ceda8c890bd2d286152d01efced95a0077e2baf8c,Tomato___Bacterial_spot/650a2408-9d62-4ebc-92ca-689e2612e248___GCREC_Bact.Sp 3325.JPG,Tomato___Bacterial_spot/891189aa-f345-470c-91ad-509bae4bf611___GCREC_Bact.Sp 3277.JPG,Tomato___Bacterial_spot,Tomato___Bacterial_spot,train,val,8,True
45deab2ba3b479bfc4ce266699dd0c5194c53977930317e7f264b9d98fbb19c7,652c58f0de5f570d2d41372d73663eb9babee3afa16183d3c8d4705ec3ab6fc1,Tomato___Bacterial_spot/409570ee-0708-46a7-a65b-592a682cf3cc___GCREC_Bact.Sp 2986.JPG,Tomato___Septoria_leaf_spot/381296fd-87f1-4238-a725-b052eb876ee3___Matt.S_CG 1429.JPG,Tomato___Bacterial_spot,Tomato___Septoria_leaf_spot,test,train,8,True
45f33bbe8942639eb19dc463274c03927f1ced33dc7df8f3c154ded0a9844a90,feb904c334ffd09a9ae13662361d69ec0fe92751025bd86df1112a80fe52a408,Tomato___Tomato_Yellow_Leaf_Curl_Virus/bbc63a52-2d8c-41b9-ad18-86f8022a70b7___UF.GRC_YLCV_Lab 09436.JPG,Tomato___Tomato_Yellow_Leaf_Curl_Virus/ec7d8dde-84ea-44c9-bf4c-60ba75ca4a37___UF.GRC_YLCV_Lab 09439.JPG,Tomato___Tomato_Yellow_Leaf_Curl_Virus,Tomato___Tomato_Yellow_Leaf_Curl_Virus,train,val,8,True
468ec3e5a034f176dc8c6e3cd0ea96fabcbb615da168d680c47b3b2831cc29c6,bac2256c4009f0fd388f266e51134aad5aac236dd9f01ea34e1ae3e0a2999e51,Tomato___Tomato_Yellow_Leaf_Curl_Virus/ffa378ce-ee74-4bd3-bb05-ad43d05a91d1___UF.GRC_YLCV_Lab 02805.JPG,Tomato___Tomato_Yellow_Leaf_Curl_Virus/defed5ef-bce4-4f46-800d-8dc029e5e78a___UF.GRC_YLCV_Lab 02804.JPG,Tomato___Tomato_Yellow_Leaf_Curl_Virus,Tomato___Tomato_Yellow_Leaf_Curl_Virus,test,train,8,True
46ccfc0cf7ee95afabb7710ff2dfd0dacc58d42e58ba0cf41f1218c90a997b6a,d8fa4e14eca5dfbad7e6890753100f99783a42c566ee50a394034ddc39dca8f8,Tomato___Tomato_Yellow_Leaf_Curl_Virus/fe40e21d-3391-4c08-9fce-c78de4b4c366___YLCV_GCREC 2264.JPG,Tomato___Spider_mites Two-spotted_spider_mite/6cc782cb-b61e-40a1-8feb-bb205a36c161___Com.G_SpM_FL 1437.JPG,Tomato___Tomato_Yellow_Leaf_Curl_Virus,Tomato___Spider_mites Two-spotted_spider_mite,train,val,8,True
46d6afb5ed3ece8083c855d92241c0aaa0b1aff9a3c31a1b26d77990d27488a8,579b94744a072d604f0cb949951e6f9ad12885c002a4adfc3f025e7c7e9eea9b,Tomato___Bacterial_spot/ec84b7c0-20c8-4b60-9389-a0dbef553184___GCREC_Bact.Sp 6361.JPG,Tomato___Bacterial_spot/f3febe3a-8dfb-442c-a227-8c77d63e7252___GCREC_Bact.Sp 5823.JPG,Tomato___Bacterial_spot,Tomato___Bacterial_spot,train,val,8,True
46fa3b9bcbd69274f2ee892787f26d6ad3e1d382951762db1320b0ec75a39136,9a8df682a27a5ff51307ea45c072c7d1227e91c1e4684a16e3edca7323607e3f,Tomato___Spider_mites Two-spotted_spider_mite/bdb1071d-586d-4cdf-a792-a15af76ed9cf___Com.G_SpM_FL 8670.JPG,Tomato___Bacterial_spot/27a806fe-06f2-48fb-92cf-32d44d545606___GCREC_Bact.Sp 3052.JPG,Tomato___Spider_mites Two-spotted_spider_mite,Tomato___Bacterial_spot,train,val,8,True
483a56ba7a83ebb656b12c51637dc946024695f4424d66b6a04bec7e2a860729,ab1c1706db08eb7f70a14ce1f1a7c78440f29600526af8c8cb36dfbe86692a95,Tomato___healthy/3b4a011c-68ae-4b84-90b5-27ef4b2d3447___GH_HL Leaf 255.JPG,Tomato___healthy/709e6c14-61e3-4157-b371-f143ca5b1fda___GH_HL Leaf 256.JPG,Tomato___healthy,Tomato___healthy,train,val,8,True
483d24d630476a0cf3c9096339024671b9a699004cd80cd0253265e99f1e188e,0a1f99c5b844a32ce53513ec8fc085571c14b872772a636bac35a3c75c9846cb,Tomato___Bacterial_spot/e8d5ea0b-2943-4529-9238-b0f7d087250b___GCREC_Bact.Sp 3056.JPG,Tomato___Target_Spot/6d8550bb-b43d-4e66-a5fc-f320110ad625___Com.G_TgS_FL 9905.JPG,Tomato___Bacterial_spot,Tomato___Target_Spot,train,val,8,True
48731509a7dce82631eb90a0b4b88c1a4519e8f5c4e474c557f3a60e66acce0c,1f01fddc725275286daefdeaaab84eb62bb545007024155957c1b9e9263277e7,Tomato___Spider_mites Two-spotted_spider_mite/2a1b18db-6bbb-4c36-ad06-bf0fcaa5c4b8___Com.G_SpM_FL 1418.JPG,Tomato___Spider_mites Two-spotted_spider_mite/b922a594-89b4-417f-ba52-b38eda920525___Com.G_SpM_FL 1398.JPG,Tomato___Spider_mites Two-spotted_spider_mite,Tomato___Spider_mites Two-spotted_spider_mite,test,val,8,True
48731509a7dce82631eb90a0b4b88c1a4519e8f5c4e474c557f3a60e66acce0c,65d5841056acea4499c01d1de191528ee70ff957efe15a81ed33e984ae353acb,Tomato___Spider_mites Two-spotted_spider_mite/2a1b18db-6bbb-4c36-ad06-bf0fcaa5c4b8___Com.G_SpM_FL 1418.JPG,Tomato___Spider_mites Two-spotted_spider_mite/e9b2e448-c8b7-4fde-b1f2-1ab86dce0b86___Com.G_SpM_FL 1330.JPG,Tomato___Spider_mites Two-spotted_spider_mite,Tomato___Spider_mites Two-spotted_spider_mite,test,train,8,True
487ff0c4f44753857559351da560a8c8df7eeecffa1132a2922db3cb8588f381,b465a36bbeba6988d054d7d3e8d389bfc2141e9c44edaacd8919302217603c9c,Tomato___Bacterial_spot/d7c6cfbf-059c-40b2-b920-8a1815c32374___GCREC_Bact.Sp 6063.JPG,Tomato___Bacterial_spot/fb703e38-2ea0-468f-9958-0f88be8e1fb0___GCREC_Bact.Sp 3126.JPG,Tomato___Bacterial_spot,Tomato___Bacterial_spot,train,val,8,True
48d07a6aaed27ecfc8b4aeaf307f9a9d6220dd6f81eaa2b9b8d606d5274dfd89,5c9e92306b722afa58604c84aa4ee4b0571ea8614c45c310be324157a6dff35b,Tomato___Early_blight/36c17d6d-9e00-4e7c-bf14-eaadb64b508d___RS_Erly.B 7641.JPG,Tomato___Bacterial_spot/1eb86f3d-7d18-41b8-b33c-807662b2d2df___GCREC_Bact.Sp 5555.JPG,Tomato___Early_blight,Tomato___Bacterial_spot,test,train,8,True
48d07a6aaed27ecfc8b4aeaf307f9a9d6220dd6f81eaa2b9b8d606d5274dfd89,d00a4f076a0c793d89aed82c3fe7b11d13312480e963c6bbcf95066b2ca1f78b,Tomato___Early_blight/36c17d6d-9e00-4e7c-bf14-eaadb64b508d___RS_Erly.B 7641.JPG,Tomato___Bacterial_spot/f58a3d12-29e7-4f43-a189-fa80df8f8e72___GCREC_Bact.Sp 5691.JPG,Tomato___Early_blight,Tomato___Bacterial_spot,test,train,8,True
48f64a20a1f11053999f555448229367d89ce0371bb34a94f88c7e34f26a0d58,601c6a311622b12ca0dcdc12628fa075459feaf1c5abf3a94c0f4429515d94e0,Tomato___Target_Spot/d4d1505c-7798-4961-a44a-c190c3dd2b55___Com.G_TgS_FL 9997.JPG,Tomato___Target_Spot/9a8a98fe-5fd4-4630-bd49-35cfd3672e8b___Com.G_TgS_FL 9706.JPG,Tomato___Target_Spot,Tomato___Target_Spot,train,val,8,True
49b10ef53f07c3db19b50fb09c2abdcc7dab6950a26ddd19d789a9bc825515dd,42904fc6c3ad0edae6e877ab0a91c8dab05ca194e09bfa9f8d9bae2a8deb0f8e,Tomato___Early_blight/250f6c43-1800-4c21-9d73-cc51fe144bbc___RS_Erly.B 6356.JPG,Tomato___Bacterial_spot/ed17ee54-fc7b-43a7-8945-c8ddc3b4dfdb___GCREC_Bact.Sp 5741.JPG,Tomato___Early_blight,Tomato___Bacterial_spot,test,train,8,True
49dc48451f2923a73b5fdfcf882f24d3af7b03d9c2ad7e2660757e922e1d69f3,6166cced56f9e432f42711c361a94397e01960551bff5f33068fe39eb495f75a,Tomato___Bacterial_spot/6f825e2c-3ee2-4250-8c60-9ec3026d6a85___GCREC_Bact.Sp 3118.JPG,Tomato___Tomato_Yellow_Leaf_Curl_Virus/4f33b7d2-4a76-4d3c-9a7f-5753e080582c___YLCV_GCREC 2014.JPG,Tomato___Bacterial_spot,Tomato___Tomato_Yellow_Leaf_Curl_Virus,test,train,8,True
4accb953d11d8bc6c74e4eef5d0ab2b5c2948f4482a2e33f7ce9b669f42457e5,348d9db94ef547c1512bc8a7a1097d18acd36c379e0ba91ab75e71fb125ef0f7,Tomato___Spider_mites Two-spotted_spider_mite/25025d43-973f-4f07-8a3f-0457749ea4e6___Com.G_SpM_FL 9642.JPG,Tomato___Spider_mites Two-spotted_spider_mite/14c0db1b-b549-4b15-82ae-9f88fe857365___Com.G_SpM_FL 9650.JPG,Tomato___Spider_mites Two-spotted_spider_mite,Tomato___Spider_mites Two-spotted_spider_mite,test,train,8,True
4cdcf956a56f5ad0e3b5662c20071123cbae9982fe0e583dcff37290c20c9a66,f8be14717662f93c51e90f3413c914391de9e949ebf2f3a57de8b3492848c5da,Tomato___Spider_mites Two-spotted_spider_mite/01720a27-7595-496b-bf53-dbe5c8c1e2c3___Com.G_SpM_FL 8476.JPG,Tomato___Leaf_Mold/9829462d-ce9d-4f1e-a44c-bb586a4a5f83___Crnl_L.Mold 6948.JPG,Tomato___Spider_mites Two-spotted_spider_mite,Tomato___Leaf_Mold,test,train,8,True
4cdcf956a56f5ad0e3b5662c20071123cbae9982fe0e583dcff37290c20c9a66,fe53466178c1187e4aa9e5b1bd036d34984ec04d89e568398b036c2c146e89df,Tomato___Spider_mites Two-spotted_spider_mite/01720a27-7595-496b-bf53-dbe5c8c1e2c3___Com.G_SpM_FL 8476.JPG,Tomato___Spider_mites Two-spotted_spider_mite/9fb18019-23c3-482e-9cdf-a9520238cf29___Com.G_SpM_FL 9617.JPG,Tomato___Spider_mites Two-spotted_spider_mite,Tomato___Spider_mites Two-spotted_spider_mite,test,train,8,True
4d75270fe2bbff89c424fbc3350ecc74d222671d112c29880923a86f4c7b3195,2a08a12e29106e2dc830a17206db8c3c4bc3d41c7c1a49d2329b7d12a031190d,Tomato___Tomato_Yellow_Leaf_Curl_Virus/615a35a3-9a43-4325-8411-6548b893df15___YLCV_GCREC 2851.JPG,Tomato___Spider_mites Two-spotted_spider_mite/c632fc41-93b2-4655-abee-cfba25000d1b___Com.G_SpM_FL 1476.JPG,Tomato___Tomato_Yellow_Leaf_Curl_Virus,Tomato___Spider_mites Two-spotted_spider_mite,test,val,8,True
4d75270fe2bbff89c424fbc3350ecc74d222671d112c29880923a86f4c7b3195,514450f7d562cc4284cc56b8d9a78b225c4569b41b2626a7cf2c6a5d78095875,Tomato___Tomato_Yellow_Leaf_Curl_Virus/615a35a3-9a43-4325-8411-6548b893df15___YLCV_GCREC 2851.JPG,Tomato___Tomato_Yellow_Leaf_Curl_Virus/6c74c99f-0377-4870-ac98-c1ad619d8a7a___YLCV_GCREC 2623.JPG,Tomato___Tomato_Yellow_Leaf_Curl_Virus,Tomato___Tomato_Yellow_Leaf_Curl_Virus,test,val,8,True
4d75270fe2bbff89c424fbc3350ecc74d222671d112c29880923a86f4c7b3195,dd901da0ab1e18c9147f8604fc532660ce58202c125dcbc198c075a9e8cfcf0b,Tomato___Tomato_Yellow_Leaf_Curl_Virus/615a35a3-9a43-4325-8411-6548b893df15___YLCV_GCREC 2851.JPG,Tomato___Bacterial_spot/5d1f3889-f029-4ebd-834d-9e39d775b070___GCREC_Bact.Sp 5996.JPG,Tomato___Tomato_Yellow_Leaf_Curl_Virus,Tomato___Bacterial_spot,test,train,8,True
4d8bbf97011b9ed7dfcf30ef6a81c4adcd7b49bda00bbe575e0a6d923f1882c5,5f74feec6bbd2499e8073c7af3b1cf7ff5a5926522a73bc2757a2ee97fef75f8,Tomato___Septoria_leaf_spot/4e91dd84-5a88-4b2f-8c08-b48a1c0bfc4c___Matt.S_CG 6575.JPG,Tomato___Bacterial_spot/841ea726-5c4a-4447-9f56-0eda38f002d2___GCREC_Bact.Sp 3388.JPG,Tomato___Septoria_leaf_spot,Tomato___Bacterial_spot,train,val,8,True
4ddef025a695044884dd9b84e541d7d83f5de40432551a95d828f615aadd0c77,2cc731e0a2d8c91370c2459cdeb9959abc0d2614a51a57f841e264c54b95ccb1,Tomato___Spider_mites Two-spotted_spider_mite/00fa99e8-2605-4d72-be69-98277587d84b___Com.G_SpM_FL 1453.JPG,Tomato___Septoria_leaf_spot/f13ab290-0715-4c2c-bd6a-f72a044e2096___Matt.S_CG 0676.JPG,Tomato___Spider_mites Two-spotted_spider_mite,Tomato___Septoria_leaf_spot,train,val,8,True
4e023fb714e0c20386fff3d03e7b1e47a101b3b07d56587652c0f4849f9e74f8,9a8df682a27a5ff51307ea45c072c7d1227e91c1e4684a16e3edca7323607e3f,Tomato___Bacterial_spot/e277b59d-2e55-4117-92c7-93996599ef02___GCREC_Bact.Sp 3168.JPG,Tomato___Bacterial_spot/27a806fe-06f2-48fb-92cf-32d44d545606___GCREC_Bact.Sp 3052.JPG,Tomato___Bacterial_spot,Tomato___Bacterial_spot,train,val,8,True
4e133998d23477841a0aaa9a8dd393ea48be1df77aaf23b8c9924a406475f760,5301278739f2455935bafcdd4f9d5727e047c3a552f4f61355f186c6f68389c6,Tomato___Tomato_Yellow_Leaf_Curl_Virus/9a75713a-1bfb-4584-9004-f32cfde08703___YLCV_GCREC 5208.JPG,Tomato___Septoria_leaf_spot/e5a5d1bd-7ff8-4b04-bdcd-dde9c678802a___JR_Sept.L.S 2647.JPG,Tomato___Tomato_Yellow_Leaf_Curl_Virus,Tomato___Septoria_leaf_spot,test,train,8,True
4e179498459af4d7c15ea67dccf59670312be9f37171a2ec5605e44759fd18e5,e804327bc56e69c54f70e31d5e297984810425865b54d7e3aac2b7994d1af4bf,Tomato___Tomato_Yellow_Leaf_Curl_Virus/f112226f-4a2e-4b09-a355-7d7e1ff9308f___YLCV_NREC 0308.JPG,Tomato___Tomato_Yellow_Leaf_Curl_Virus/9ed260d7-af82-45c4-80f1-bfb8918fe71e___YLCV_NREC 2426.JPG,Tomato___Tomato_Yellow_Leaf_Curl_Virus,Tomato___Tomato_Yellow_Leaf_Curl_Virus,test,val,8,True
4eb251346629dc445837fc01aa749bd970a063a7755e1f38ded95352324e41de,9fffaab3e78da9765107c4f8cd105c51cd1f87a871e4a5a62a53dc6d3b6af9f9,Tomato___Spider_mites Two-spotted_spider_mite/7c425456-e0e6-4594-a8ef-a195c4d5b088___Com.G_SpM_FL 9463.JPG,Tomato___Spider_mites Two-spotted_spider_mite/83d3d054-0ca6-41bd-9b65-ae5d27f9605d___Com.G_SpM_FL 1384.JPG,Tomato___Spider_mites Two-spotted_spider_mite,Tomato___Spider_mites Two-spotted_spider_mite,train,val,8,True
4eb6aafaea6f51eb00f65674a74657c3e9ede9c5a29d87e9356d997437e7f4d3,04d733820f4cd0200149a853e865a8e5ab38565e9d755e1fa95eb41a5eef2dad,Tomato___Leaf_Mold/78cfaa28-9259-4225-8641-5dfaceab2118___Crnl_L.Mold 6690.JPG,Tomato___Leaf_Mold/c02f3863-3012-4f3a-873e-8003d73a54f9___Crnl_L.Mold 6520.JPG,Tomato___Leaf_Mold,Tomato___Leaf_Mold,test,train,8,True
4eb6aafaea6f51eb00f65674a74657c3e9ede9c5a29d87e9356d997437e7f4d3,31845c3f3dd6044497843aae3c0dc3fa4cd91a75dc051a26acbaa889b042858d,Tomato___Leaf_Mold/78cfaa28-9259-4225-8641-5dfaceab2118___Crnl_L.Mold 6690.JPG,Tomato___Bacterial_spot/bd510221-f461-40d9-a959-1ca05a478fd6___GCREC_Bact.Sp 3331.JPG,Tomato___Leaf_Mold,Tomato___Bacterial_spot,test,train,8,True
4ed2e748b51b9ac8dda57ab501cabbfc01cddd369644702286163d03428e0790,a04b56ef476a3ca479c88f5851f3b88dc024db05919c4500571f1522acb3d75e,Tomato___Spider_mites Two-spotted_spider_mite/ac1d7686-c250-47b4-a16d-046305b99d2a___Com.G_SpM_FL 8725.JPG,Tomato___Tomato_Yellow_Leaf_Curl_Virus/291ee93a-1f02-4d58-b376-54999cb136da___YLCV_GCREC 5217.JPG,Tomato___Spider_mites Two-spotted_spider_mite,Tomato___Tomato_Yellow_Leaf_Curl_Virus,train,val,8,True
4ffb56901cc2b5bcf400331d8c39306275528923b9331916d706d66cb6a97c23,7e3adfa64a1ae8509269fee33af8227fe874f7597d9bef62531d87838070322d,Tomato___Leaf_Mold/55495e8f-9873-4dda-a02e-32736fed032a___Crnl_L.Mold 6499.JPG,Tomato___Target_Spot/4f742898-78c7-4f18-b98b-937734263cbe___Com.G_TgS_FL 0884.JPG,Tomato___Leaf_Mold,Tomato___Target_Spot,test,train,8,True
506bdf74d75a6e016b304e4354ee6365cb187d60420f6f42f11606c1e5a1dfb0,18f9a253f71ad7b9c0df9698f8cd82b2b3f7c9cabd6770dbd8bb01723274a1f7,Tomato___Bacterial_spot/d4e4f6a5-f887-48b1-83d5-44e6f834cab4___GCREC_Bact.Sp 6064.JPG,Tomato___Tomato_Yellow_Leaf_Curl_Virus/c1d48af7-665a-436b-872a-2ccccf30e09b___YLCV_GCREC 2218.JPG,Tomato___Bacterial_spot,Tomato___Tomato_Yellow_Leaf_Curl_Virus,test,train,8,True
506bdf74d75a6e016b304e4354ee6365cb187d60420f6f42f11606c1e5a1dfb0,c6d911ccc42fe7d337ebc4946f156c9918a70c6b75697ebab99b18f569873a84,Tomato___Bacterial_spot/d4e4f6a5-f887-48b1-83d5-44e6f834cab4___GCREC_Bact.Sp 6064.JPG,Tomato___Bacterial_spot/93425b8b-4f69-47ec-bbd7-15723bd9b563___GCREC_Bact.Sp 6004.JPG,Tomato___Bacterial_spot,Tomato___Bacterial_spot,test,val,8,True
5095bb802c32704e3a25ef1b5fd9cd50627b2037b7f52065c5672b22fbf248b3,285b4d9fc0d4c2870b03fb2fe7bc4653ad631636794cea037f9c49d3a6a72347,Tomato___Spider_mites Two-spotted_spider_mite/d50b9da6-eb7a-4552-aea7-d74b6da2e071___Com.G_SpM_FL 8607.JPG,Tomato___Target_Spot/11d94c10-2699-48ee-b3fb-27d4ac60aeaf___Com.G_TgS_FL 9894.JPG,Tomato___Spider_mites Two-spotted_spider_mite,Tomato___Target_Spot,train,val,8,True
512f075bd5309e0f8e25133626650817b30c9645637eba4bab80c7621fcdf667,34e76372e6bc419a79f58f065adba4928df8c4a7703ca4f91f634b543ff6948f,Tomato___Tomato_Yellow_Leaf_Curl_Virus/35a7c22a-0c4a-4706-aad7-42f70f9e20a5___UF.GRC_YLCV_Lab 01320.JPG,Tomato___Tomato_Yellow_Leaf_Curl_Virus/3a5a7bd1-55df-4afd-a9d5-0e93fd42be27___UF.GRC_YLCV_Lab 01324.JPG,Tomato___Tomato_Yellow_Leaf_Curl_Virus,Tomato___Tomato_Yellow_Leaf_Curl_Virus,train,val,8,True
5237b69629e988aab3426b358aacdb27e5094d57a463f824e05938bf26e3094f,e38752b3eb03c5793d5a362bcb46bf28073d8adaf03bdcc0aba4744476ea1ba0,Tomato___Septoria_leaf_spot/3ff747b1-7cec-42e2-a938-9af10afeab8c___Matt.S_CG 1285.JPG,Tomato___Bacterial_spot/a6d6640b-c086-44f5-a53f-8cb59f72a7b4___GCREC_Bact.Sp 5886.JPG,Tomato___Septoria_leaf_spot,Tomato___Bacterial_spot,train,val,8,True
52d570f983633cd9890b4aaca95f399c74a4f2ee97ef49c2914a2ad0de3103f1,9fffaab3e78da9765107c4f8cd105c51cd1f87a871e4a5a62a53dc6d3b6af9f9,Tomato___Spider_mites Two-spotted_spider_mite/1ff30221-d082-4dd3-ab7b-0028ecf897db___Com.G_SpM_FL 9608.JPG,Tomato___Spider_mites Two-spotted_spider_mite/83d3d054-0ca6-41bd-9b65-ae5d27f9605d___Com.G_SpM_FL 1384.JPG,Tomato___Spider_mites Two-spotted_spider_mite,Tomato___Spider_mites Two-spotted_spider_mite,train,val,8,True
52df820b414431df55e174b81df8f2907be3a92ca25e76769e8094698243b41f,678157ebd827b21c4618c0592a54688509e1450a22b1687b31fef7f1ebbde53b,Tomato___Bacterial_spot/e4dad7d3-b043-4dc9-9b41-0df12c1a6823___GCREC_Bact.Sp 5822.JPG,Tomato___Bacterial_spot/7ce15eb0-95ec-4196-a8c0-efa2905523a5___GCREC_Bact.Sp 3193.JPG,Tomato___Bacterial_spot,Tomato___Bacterial_spot,test,train,8,True
52df820b414431df55e174b81df8f2907be3a92ca25e76769e8094698243b41f,856960946febc5e0bbf1acd4862fb3d21c5c839e66391d5a1e1db4a8935589a3,Tomato___Bacterial_spot/e4dad7d3-b043-4dc9-9b41-0df12c1a6823___GCREC_Bact.Sp 5822.JPG,Tomato___Bacterial_spot/51cb7cc6-9562-4d43-9b6d-0bf168ea8ddd___GCREC_Bact.Sp 5854.JPG,Tomato___Bacterial_spot,Tomato___Bacterial_spot,test,train,8,True
52df820b414431df55e174b81df8f2907be3a92ca25e76769e8094698243b41f,e4c41996a3d990062542b13c30666cf35dcc957f37fbefb4f482ed95b1c21067,Tomato___Bacterial_spot/e4dad7d3-b043-4dc9-9b41-0df12c1a6823___GCREC_Bact.Sp 5822.JPG,Tomato___Septoria_leaf_spot/df46d711-05b9-48cd-b175-24391bbb92ad___Matt.S_CG 7664.JPG,Tomato___Bacterial_spot,Tomato___Septoria_leaf_spot,test,train,8,True
5301278739f2455935bafcdd4f9d5727e047c3a552f4f61355f186c6f68389c6,b3510e0bff977ceefe9d3d9769e56b6e4d668a881a91aba162d4b6d234199c80,Tomato___Septoria_leaf_spot/e5a5d1bd-7ff8-4b04-bdcd-dde9c678802a___JR_Sept.L.S 2647.JPG,Tomato___Septoria_leaf_spot/06778fed-2b98-49b1-a9d3-d57765586a3f___Matt.S_CG 2795.JPG,Tomato___Septoria_leaf_spot,Tomato___Septoria_leaf_spot,train,val,8,True
532e057e58f47db44c32730d6f5260211c5849dbbd7ef04033af38bb13c28de3,eb2c32f4e6b4b47a728c60bc6a5f741eaaa1529c4e50a6b91356c9fef4c2cba2,Tomato___Bacterial_spot/55f46365-0a3b-4194-b830-8b0b74bf1a19___GCREC_Bact.Sp 3106.JPG,Tomato___Tomato_Yellow_Leaf_Curl_Virus/cfe4a82e-6ed7-44a3-b2d5-ab1cf52df728___YLCV_GCREC 5435.JPG,Tomato___Bacterial_spot,Tomato___Tomato_Yellow_Leaf_Curl_Virus,test,val,8,True
5395984faa9f2be7701c124cd9b9f7e90fe46fa12178e3a71c508304f58fee7c,0afad2c42bd4d2924211a0d60ad4cdf053b24841693eb0acf7b3e5471b9d62fa,Tomato___Tomato_Yellow_Leaf_Curl_Virus/d88d1e13-2d41-47b1-88ed-e1a19459e2d1___UF.GRC_YLCV_Lab 03102.JPG,Tomato___Tomato_Yellow_Leaf_Curl_Virus/992db8f0-bf57-4971-b1d6-e9aa6fc84a44___UF.GRC_YLCV_Lab 03227.JPG,Tomato___Tomato_Yellow_Leaf_Curl_Virus,Tomato___Tomato_Yellow_Leaf_Curl_Virus,train,val,8,True
55fc2ac4fc67557e90aa63ab867632fc9c3ed094eeda3f67a4d4341da2e5da99,6377dfdff51070e6a5495153c1701d0b277e2cd2aca9362062ecd8e5d3118ea9,Tomato___Early_blight/74c531fc-c39c-429c-b285-909272c4238b___RS_Erly.B 9550.JPG,Tomato___Bacterial_spot/d150fcab-c23c-4dd3-869f-961d3104d850___GCREC_Bact.Sp 3194.JPG,Tomato___Early_blight,Tomato___Bacterial_spot,test,train,8,True
55fc2ac4fc67557e90aa63ab867632fc9c3ed094eeda3f67a4d4341da2e5da99,65b5d491ee79ef95cc55d17180be7053cb7cb0bd9a7240af0d333430a5d88d21,Tomato___Early_blight/74c531fc-c39c-429c-b285-909272c4238b___RS_Erly.B 9550.JPG,Tomato___Spider_mites Two-spotted_spider_mite/5b432300-9fe3-428a-8a4f-ae38a283f953___Com.G_SpM_FL 8792.JPG,Tomato___Early_blight,Tomato___Spider_mites Two-spotted_spider_mite,test,train,8,True
567a7b45581fcc86a64447b8324809e18a5da0ebd5fe00d7fbe07a92e29d9170,2bc1a62092976bdd80c797e3b309c8d33225dd3a3ec3a5ed3048a3322e1cf6ae,Tomato___Bacterial_spot/ed94e669-2770-4452-9698-cfaea67e92d4___GCREC_Bact.Sp 6222.JPG,Tomato___Spider_mites Two-spotted_spider_mite/f6d125d8-795a-40ac-91d7-142f6cf023eb___Com.G_SpM_FL 9262.JPG,Tomato___Bacterial_spot,Tomato___Spider_mites Two-spotted_spider_mite,test,train,8,True
567d69017ad75ae8a2aa4ad2376adb5f04d13f3a40425dae5c6afd36ec4622f2,7455a0db197755fde8b4f5b9d9abc3d101dd6f681f5d7f67e38e97d57af29e7d,Tomato___Bacterial_spot/efce769f-3228-490a-b442-58a67d2ce349___GCREC_Bact.Sp 5868.JPG,Tomato___Bacterial_spot/9edd8354-16cf-4d2d-ae1a-7b274e31a665___GCREC_Bact.Sp 5869.JPG,Tomato___Bacterial_spot,Tomato___Bacterial_spot,train,val,8,True
56f9d31c6aac6e46f02ddbd73f1541bd42d45530edd0a9d274c5a0c409f8cdd1,5f74feec6bbd2499e8073c7af3b1cf7ff5a5926522a73bc2757a2ee97fef75f8,Tomato___Tomato_Yellow_Leaf_Curl_Virus/d843af8e-bec8-4c55-bde4-f01beb1b6209___YLCV_GCREC 2274.JPG,Tomato___Bacterial_spot/841ea726-5c4a-4447-9f56-0eda38f002d2___GCREC_Bact.Sp 3388.JPG,Tomato___Tomato_Yellow_Leaf_Curl_Virus,Tomato___Bacterial_spot,train,val,8,True
5759a65a0099a8b59c6d578b9e5eaecc7810920324092cb1c809449b0c608543,b68d3d009797c3e2749df03f00b0c0702992160b1172328e593dd2a59de991a6,Tomato___Bacterial_spot/a04e5c65-ae00-495e-b732-6c7030e32fc1___GCREC_Bact.Sp 2962.JPG,Tomato___Tomato_Yellow_Leaf_Curl_Virus/375cd208-1f22-49ff-84c9-b256bf8b9392___YLCV_NREC 0215.JPG,Tomato___Bacterial_spot,Tomato___Tomato_Yellow_Leaf_Curl_Virus,test,train,8,True
576185e62ebab24e2fd06594481616b32910148a632fe1bb4dce2aa9e9c69ed2,9425349d1da7e958ee6db2f584cf567914942d5bc8b22a4e05d9d26631966722,Tomato___Tomato_Yellow_Leaf_Curl_Virus/e7d1ebdd-f5f6-4cf9-8e77-0e69fccb6b07___YLCV_GCREC 5496.JPG,Tomato___Tomato_Yellow_Leaf_Curl_Virus/e9688f99-9a4a-4d39-91c3-d4ea5a25e591___YLCV_GCREC 2919.JPG,Tomato___Tomato_Yellow_Leaf_Curl_Virus,Tomato___Tomato_Yellow_Leaf_Curl_Virus,train,val,8,True
576241e05024746b1bcc6b64c9d8c8b69c867fa24e4216d58b5c7f37f8b10b38,19f5464dd50b135c7d2abb6ef7ec8f4b1172c2f027538d36aba17430a49b9549,Tomato___Spider_mites Two-spotted_spider_mite/6549382d-4588-46c9-8a3f-53666af6ba03___Com.G_SpM_FL 9374.JPG,Tomato___Spider_mites Two-spotted_spider_mite/9d97d667-2bd1-4e96-a237-620f42c9034b___Com.G_SpM_FL 9360.JPG,Tomato___Spider_mites Two-spotted_spider_mite,Tomato___Spider_mites Two-spotted_spider_mite,train,val,8,True
596c6ab077f3349263e0f1e05b7f8c490bb6038ced9aea73d14f6ac8e224ce29,b465a36bbeba6988d054d7d3e8d389bfc2141e9c44edaacd8919302217603c9c,Tomato___Tomato_Yellow_Leaf_Curl_Virus/fe416f0e-d3f7-440d-a01f-9a076cfa0656___YLCV_GCREC 1931.JPG,Tomato___Bacterial_spot/fb703e38-2ea0-468f-9958-0f88be8e1fb0___GCREC_Bact.Sp 3126.JPG,Tomato___Tomato_Yellow_Leaf_Curl_Virus,Tomato___Bacterial_spot,test,val,8,True
5a2e0354e9869aa5e8109d5892d18c782343dca1f2fe0794e763867a429fec0f,03ac6ea0844fa6c8473de5ad2a125e5a951c5840a2c11afb80fe710fa7e628c2,Tomato___Tomato_Yellow_Leaf_Curl_Virus/d1cf89de-dd5e-42ed-98d8-42a8cc094a6f___YLCV_GCREC 2223.JPG,Tomato___Spider_mites Two-spotted_spider_mite/7aa0221d-b673-413d-a089-05fe33d9d78a___Com.G_SpM_FL 8714.JPG,Tomato___Tomato_Yellow_Leaf_Curl_Virus,Tomato___Spider_mites Two-spotted_spider_mite,train,val,8,True
5ab8e65640d394d4a86bf06e6b9e94e57306538ae56af850fc474430a056faf3,3dae4e7edbc5f10bca0b2ffef18ac52dba239ed139d4a45f49e254030db17c4d,Tomato___Septoria_leaf_spot/86f5ea7a-75c7-4732-a71a-c7bc0717f847___Matt.S_CG 7604.JPG,Tomato___Septoria_leaf_spot/5189b4a5-9bdb-4cea-b746-6dbf65ee2b72___Matt.S_CG 6737.JPG,Tomato___Septoria_leaf_spot,Tomato___Septoria_leaf_spot,train,val,8,True
5ac4479759f2418e78ad21bd38516f595d1510bddce37740b857f3ac82317dea,35d1eaff86fc3a6c6d1e10939e463410a7ad21b2f34c67b1e3f1af581c5806a6,Tomato___Leaf_Mold/38ae943e-ebbd-44f9-9d58-ff760f357620___Crnl_L.Mold 6826.JPG,Tomato___Leaf_Mold/4505fb9f-e46f-4d8f-b63e-b7d389811dab___Crnl_L.Mold 6907.JPG,Tomato___Leaf_Mold,Tomato___Leaf_Mold,train,val,8,True
5b1712e8aba1ec7176a1ac8692c96bae42739daa7bff6e41dbf6623507e065d8,dcc734fd62c9ca7105f8a50c5a50bf4ea6e68f92b7366ab370a6722f1616cfb2,Tomato___Spider_mites Two-spotted_spider_mite/d2414051-ad35-4413-8305-9285c5acdc79___Com.G_SpM_FL 9524.JPG,Tomato___Target_Spot/44a9131e-6f2a-408d-ab7e-ccd0a935cdcc___Com.G_TgS_FL 9934.JPG,Tomato___Spider_mites Two-spotted_spider_mite,Tomato___Target_Spot,test,train,8,True
5c66166214469d65f44aac03cf295be572084097a859b1173cb0aee9fee6b383,5d3e2b122a116f724938d3d1e5b27ec1504b2c6483832dfba637991fb17dd67e,Tomato___Tomato_Yellow_Leaf_Curl_Virus/2a32769b-1352-43fb-889d-612c4395848c___UF.GRC_YLCV_Lab 02713.JPG,Tomato___Tomato_Yellow_Leaf_Curl_Virus/e571b56f-b93b-4132-8265-5356bb0cb704___UF.GRC_YLCV_Lab 02712.JPG,Tomato___Tomato_Yellow_Leaf_Curl_Virus,Tomato___Tomato_Yellow_Leaf_Curl_Virus,train,val,8,True
5ccd25c67976ebab2eb50112eafebf626a960b8c6b3b254b158affc25d19bdfb,566bc8991e153a9ee4f60b2c590ad2ffc0b9e7fc96c1a363768eed222d68e9a8,Tomato___Tomato_Yellow_Leaf_Curl_Virus/b974d4bd-2eb4-4195-9ef3-e396fa51f085___UF.GRC_YLCV_Lab 01982.JPG,Tomato___healthy/5576cac9-71e4-4ec3-96bd-9b5cfa94fef4___GH_HL Leaf 267.JPG,Tomato___Tomato_Yellow_Leaf_Curl_Virus,Tomato___healthy,train,val,8,True
5cddf46f86b37252e72ff4465f1730cbc07481f0ba7cd5083544a284eb854276,4bfd4a3231fcb907b6a6f40d96a56843f1f110f1866fb60d23c8bfe343d204c5,Tomato___Tomato_Yellow_Leaf_Curl_Virus/2884e60c-aec0-4029-95fc-d445201992c1___UF.GRC_YLCV_Lab 01538.JPG,Tomato___Tomato_Yellow_Leaf_Curl_Virus/0aeac05f-804d-4e4c-a753-644ae6547d60___UF.GRC_YLCV_Lab 01539.JPG,Tomato___Tomato_Yellow_Leaf_Curl_Virus,Tomato___Tomato_Yellow_Leaf_Curl_Virus,train,val,8,True
5d1bdf633c4007cc184d0d651ce58010ee886a19e395a428f4a4eb7ffb5764a6,be4b21b32800b4cdbc93f7d33e8613222f063d3f506a7dc2e105311937defaad,Tomato___Bacterial_spot/0f81cc91-5b9b-4061-a127-74105ebbcccf___GCREC_Bact.Sp 6305.JPG,Tomato___Tomato_Yellow_Leaf_Curl_Virus/9cf9a08e-9351-4899-90cc-0441f2654849___YLCV_NREC 0060.JPG,Tomato___Bacterial_spot,Tomato___Tomato_Yellow_Leaf_Curl_Virus,test,train,8,True
5d70030e1513fa8fa48e2a432f4a4b487095a3fac4bab595d71bb7eb7740e1df,6c72c41c6241921b5f3991692f30ecc5254aac4d24487338c15c5f7517e458ae,Tomato___Early_blight/b6bdfe3b-7cb9-48e1-86b2-4ccaf3770af1___RS_Erly.B 9477.JPG,Tomato___Bacterial_spot/9fc3b924-71f1-40a6-8826-de89c9e34e52___GCREC_Bact.Sp 3050.JPG,Tomato___Early_blight,Tomato___Bacterial_spot,test,train,8,True
5deee6f2714638d2588e5be35717ad59ffe5afc66f38688f7056662cff996730,d5053f87d91b919281015a3896e33012523535955d1cf74eeec06d16b2348fa5,Tomato___Tomato_Yellow_Leaf_Curl_Virus/e30ef72f-3a20-44d2-92e2-4456fafd2b1d___UF.GRC_YLCV_Lab 01729.JPG,Tomato___Early_blight/809042e0-7587-4a45-93e8-e166c07a55ec___RS_Erly.B 7692.JPG,Tomato___Tomato_Yellow_Leaf_Curl_Virus,Tomato___Early_blight,test,val,8,True
5e8630a6d8bfdcc57a4aab5c9a9e04f9d0425c89113fa84a10abd36ee6939a98,0e54160863b41cbdcd748cf159a3cd2aaadd0d9377bdc2b00642c3cf421076b7,Tomato___Tomato_Yellow_Leaf_Curl_Virus/81b06de5-7a1a-40e5-8626-81004a3ed36f___YLCV_GCREC 2801.JPG,Tomato___Spider_mites Two-spotted_spider_mite/7513d5a2-ba48-4e0a-9d45-a6a37b645431___Com.G_SpM_FL 9387.JPG,Tomato___Tomato_Yellow_Leaf_Curl_Virus,Tomato___Spider_mites Two-spotted_spider_mite,test,train,8,True
5e8630a6d8bfdcc57a4aab5c9a9e04f9d0425c89113fa84a10abd36ee6939a98,cbfee62b1b44cedc02bf6a93a8e36c2e88d273d602b5d2ec6de89a2e90601095,Tomato___Tomato_Yellow_Leaf_Curl_Virus/81b06de5-7a1a-40e5-8626-81004a3ed36f___YLCV_GCREC 2801.JPG,Tomato___Spider_mites Two-spotted_spider_mite/1dde88ff-2897-4181-834f-e3629e3cd12c___Com.G_SpM_FL 9560.JPG,Tomato___Tomato_Yellow_Leaf_Curl_Virus,Tomato___Spider_mites Two-spotted_spider_mite,test,train,8,True
5e9b0c1073ce487d69cbfcc166b5f7bc18468d3884518af887d6f8456d0cff88,052db803ece2313b3fea33ef5da04949808e7cb1fd137fae95a5139c591f03dd,Tomato___Bacterial_spot/919da9f4-c9aa-4c11-a383-17fdc98876c0___GCREC_Bact.Sp 5809.JPG,Tomato___Late_blight/4378c0ca-ff9f-48f4-8311-e716e89b1a99___RS_Late.B 5087.JPG,Tomato___Bacterial_spot,Tomato___Late_blight,train,val,8,True
5e9b0c1073ce487d69cbfcc166b5f7bc18468d3884518af887d6f8456d0cff88,b778eec1d706671264219950c349e2f1264e7efb23dd578e0964ef8a5ebea399,Tomato___Bacterial_spot/919da9f4-c9aa-4c11-a383-17fdc98876c0___GCREC_Bact.Sp 5809.JPG,Tomato___Septoria_leaf_spot/f8f528ee-f9c3-47cb-b67f-a9265d86d9d1___Matt.S_CG 1446.JPG,Tomato___Bacterial_spot,Tomato___Septoria_leaf_spot,train,val,8,True
5e9b0c1073ce487d69cbfcc166b5f7bc18468d3884518af887d6f8456d0cff88,bb7d2560600226783077e80dec0dba1954db4acb9d8fe88db6de585e31d5bd51,Tomato___Bacterial_spot/919da9f4-c9aa-4c11-a383-17fdc98876c0___GCREC_Bact.Sp 5809.JPG,Tomato___Bacterial_spot/ef71eeaa-1a9c-41f6-8cbe-394a441b3f0c___GCREC_Bact.Sp 3507.JPG,Tomato___Bacterial_spot,Tomato___Bacterial_spot,train,val,8,True
5eba81e3a769844fa3353112424e767e86755db93862b4f713ffd405623173d5,8be3ac2d1fea885fc13a782e5af70e40daba397f9697395506f2efd58757d89b,Tomato___Tomato_Yellow_Leaf_Curl_Virus/a5e84295-fbcc-4353-af35-59aca809604f___UF.GRC_YLCV_Lab 01898.JPG,Tomato___Tomato_Yellow_Leaf_Curl_Virus/0ef08a25-e24e-4ac7-96b7-fbc28046ce34___UF.GRC_YLCV_Lab 02884.JPG,Tomato___Tomato_Yellow_Leaf_Curl_Virus,Tomato___Tomato_Yellow_Leaf_Curl_Virus,train,val,8,True
5eeff3437b7541e58c9ff285ea30f23f3e9341e4b94fb31fe2b723f949d1a662,7a7e5475a76b3d648c3a160749dc554739089313d05128b9e6a877465809cc13,Tomato___Target_Spot/ee7d5b86-6015-4bea-b881-e2487eb85805___Com.G_TgS_FL 0041.JPG,Tomato___Early_blight/07409e2c-a730-4b11-b25e-31025bd63a91___RS_Erly.B 9578.JPG,Tomato___Target_Spot,Tomato___Early_blight,train,val,8,True
5f207e28fcd65450f6b85345dd0fc040139d9bda05fcf77ffc3adfa0e23d4183,167d41859b8d459e403b23231a263535a8697e7639be63c5003f034fbd00b155,Tomato___Tomato_Yellow_Leaf_Curl_Virus/70734df3-e201-4660-bdc7-8728f3a47c0f___UF.GRC_YLCV_Lab 02596.JPG,Tomato___Tomato_Yellow_Leaf_Curl_Virus/065a4b60-c606-4dae-b255-144d3442221e___UF.GRC_YLCV_Lab 02597.JPG,Tomato___Tomato_Yellow_Leaf_Curl_Virus,Tomato___Tomato_Yellow_Leaf_Curl_Virus,test,train,8,True
5f43909ac440a1c1ff72630838ac76739879107573f5b5511eacea34d62887cb,ab8c2c98e7a67dd1839c1668e32163865f5cf320f7c1754971ebbbb2a88ef80c,Tomato___Tomato_Yellow_Leaf_Curl_Virus/684f5c4c-257b-496a-8efb-d8d563a2f531___UF.GRC_YLCV_Lab 02912.JPG,Tomato___Spider_mites Two-spotted_spider_mite/44755960-f542-4f8e-a1a0-94cf3cad8c21___Com.G_SpM_FL 1498.JPG,Tomato___Tomato_Yellow_Leaf_Curl_Virus,Tomato___Spider_mites Two-spotted_spider_mite,test,train,8,True
5fee14b259be7eed4c1a5a4ba99d5d5536ec7901f85aebb76aee46aab10ef736,dd663e70ca2c43b63015eed6b6c611f09d4e2603b7b73fa09b6cc495dca74855,Tomato___Spider_mites Two-spotted_spider_mite/e6f7952e-cf7e-4d1e-8dd5-4853d5fcc4ee___Com.G_SpM_FL 8543.JPG,Tomato___Spider_mites Two-spotted_spider_mite/86508eec-6019-4504-a97e-285e5e910dc7___Com.G_SpM_FL 8723.JPG,Tomato___Spider_mites Two-spotted_spider_mite,Tomato___Spider_mites Two-spotted_spider_mite,train,val,8,True
6011b6db2e9c94105891bcd2686e4cfbf90745b4c7cf5c9188856cefc8669390,197c4bae3421bb4e916142b7a9b24eaa8109ebd7ed0b5ad1c887790f2a899666,Tomato___Tomato_Yellow_Leaf_Curl_Virus/63850dfe-2c79-4728-8557-b1eb242e16f1___YLCV_GCREC 2298.JPG,Tomato___Bacterial_spot/7e423f77-2947-4e4e-9777-17a780996d39___GCREC_Bact.Sp 5600.JPG,Tomato___Tomato_Yellow_Leaf_Curl_Virus,Tomato___Bacterial_spot,train,val,8,True
61cb3ad6e22dab369d99569d01bf6accf38ae74b44e707650dbd4cca7d1352e7,064cd82319e45315319381ee5943d1d3581a971914b7a8d3cbbd237399f29af4,Tomato___Bacterial_spot/196be0af-51c3-4587-bd91-9a606631d4f3___GCREC_Bact.Sp 3453.JPG,Tomato___healthy/27ed6a35-3fb7-4d57-9cb4-b368c1f4f6eb___RS_HL 9665.JPG,Tomato___Bacterial_spot,Tomato___healthy,train,val,8,True
61cb3ad6e22dab369d99569d01bf6accf38ae74b44e707650dbd4cca7d1352e7,08e1a931dc3e60c1160d9f03fe1d3bee0a7acf680d6bb7a9e42563f0edad377a,Tomato___Bacterial_spot/196be0af-51c3-4587-bd91-9a606631d4f3___GCREC_Bact.Sp 3453.JPG,Tomato___Bacterial_spot/9f3bb55d-b52d-4be3-b89b-e7c8cbe8e131___GCREC_Bact.Sp 3112.JPG,Tomato___Bacterial_spot,Tomato___Bacterial_spot,train,val,8,True
61e5d6533e3947dc77f838118dfbbcdc567f859b23b51727c8d2877a782a76e9,10e2d14ac2c3d2c5b6b48c40c72bd119c6d906014128d98b303b90da20c869dd,Tomato___Bacterial_spot/99187376-a5c2-41a7-9eb5-73cc0b2e5c2d___GCREC_Bact.Sp 3137.JPG,Tomato___Tomato_Yellow_Leaf_Curl_Virus/2ba5c8db-ec68-4619-a6b6-b5b953ca96b6___YLCV_GCREC 2124.JPG,Tomato___Bacterial_spot,Tomato___Tomato_Yellow_Leaf_Curl_Virus,test,train,8,True
61f3907695a4a5573d8ff5b2221a0bfd5671867476bf1dc4ee0a227c0b241e8f,78dcd630af2c8631d0d2dd48d85acf2f851aca1b48a3220de75d6318ec99aa74,Tomato___Tomato_Yellow_Leaf_Curl_Virus/c449b3cd-3e89-4145-8e41-457e3418e685___UF.GRC_YLCV_Lab 02839.JPG,Tomato___Tomato_Yellow_Leaf_Curl_Virus/e7c80ace-56b0-4579-bec9-8fc7c0682fec___UF.GRC_YLCV_Lab 02834.JPG,Tomato___Tomato_Yellow_Leaf_Curl_Virus,Tomato___Tomato_Yellow_Leaf_Curl_Virus,test,train,8,True
61f3907695a4a5573d8ff5b2221a0bfd5671867476bf1dc4ee0a227c0b241e8f,bb78c2b7f1f3d69c5019ed889ea60733e22fe9e69c55cc187ddda2be78914ebd,Tomato___Tomato_Yellow_Leaf_Curl_Virus/c449b3cd-3e89-4145-8e41-457e3418e685___UF.GRC_YLCV_Lab 02839.JPG,Tomato___Tomato_Yellow_Leaf_Curl_Virus/12b2b901-0356-4460-ad3c-074bcd2f4ea2___UF.GRC_YLCV_Lab 02858.JPG,Tomato___Tomato_Yellow_Leaf_Curl_Virus,Tomato___Tomato_Yellow_Leaf_Curl_Virus,test,train,8,True
629b053ca80461540fc6878d86a0dce1f147d796cf72d9b54416bf179f038c08,30b6255083bf14471dda37d1f5fd2cc256e48f17d61b7c7ee9ffb7316753c78f,Tomato___Late_blight/c5749d4c-332c-4017-bcb8-c22d5dbcc91e___GHLB2 Leaf 8803.JPG,Tomato___Late_blight/c0767cc9-acc8-4f4b-b9b5-1958899633ef___GHLB2 Leaf 8807.JPG,Tomato___Late_blight,Tomato___Late_blight,train,val,8,True
629ec7850314f94749606abd5e6d0b606a58b2278720eff30047999f11510bb2,420316c9a9fad65948abc0f237660a4a8f3a1df05f16b6faba9f0212ef973e41,Tomato___Tomato_Yellow_Leaf_Curl_Virus/f6ce32e5-da3a-40a9-a3b8-47c1325991f5___UF.GRC_YLCV_Lab 02878.JPG,Tomato___Tomato_Yellow_Leaf_Curl_Virus/6041f290-bdf5-425f-a38f-44f57a7548ba___UF.GRC_YLCV_Lab 02883.JPG,Tomato___Tomato_Yellow_Leaf_Curl_Virus,Tomato___Tomato_Yellow_Leaf_Curl_Virus,train,val,8,True
629ec7850314f94749606abd5e6d0b606a58b2278720eff30047999f11510bb2,a808397724e269f78745d5ba99836d1fbc424593661296179023aaf08dd612b2,Tomato___Tomato_Yellow_Leaf_Curl_Virus/f6ce32e5-da3a-40a9-a3b8-47c1325991f5___UF.GRC_YLCV_Lab 02878.JPG,Tomato___Tomato_Yellow_Leaf_Curl_Virus/feb4e0fa-e4e7-4eb9-8948-ea1bac27fa1e___UF.GRC_YLCV_Lab 02872.JPG,Tomato___Tomato_Yellow_Leaf_Curl_Virus,Tomato___Tomato_Yellow_Leaf_Curl_Virus,train,val,8,True
62e3f7e44408be00faebd9d95ae68e936ff248a04f61a5d4f6692da230de95fa,5243232c08f0722d1c968f4f4471a2dd1b5083ef74fdeb4959721eae82d8bd97,Tomato___Tomato_Yellow_Leaf_Curl_Virus/928083f9-28e8-4e9d-9437-bd6d72b851e1___UF.GRC_YLCV_Lab 02787.JPG,Tomato___Tomato_Yellow_Leaf_Curl_Virus/47b48180-43b8-42ea-bdc2-1fede43b8076___UF.GRC_YLCV_Lab 02790.JPG,Tomato___Tomato_Yellow_Leaf_Curl_Virus,Tomato___Tomato_Yellow_Leaf_Curl_Virus,train,val,8,True
635e56168bfebe0bd18d78401c9308837d383995b1ee1c2dc58cbf5121fc500e,c679984ab1ccc65129b84b4d235b7d11d2c06ef7d32e4ae480165cfc70a624fd,Tomato___Septoria_leaf_spot/546a14dd-fe94-4651-82bb-012f6fbf53a7___Matt.S_CG 6675.JPG,Tomato___Late_blight/d6e1f9c1-f0f2-4370-8eb5-aba74edd815a___RS_Late.B 5209.JPG,Tomato___Septoria_leaf_spot,Tomato___Late_blight,test,val,8,True
6372475fb6cb1a68f1aaffbbb676e7baf2b2bc4315da28d37a0e1d6a5716e250,051e455ff4faa34e7f4605c2450508b8dcfc3bcb31015c28709d163473298fec,Tomato___Tomato_Yellow_Leaf_Curl_Virus/fa407285-32db-4ba4-98c3-e9b81675779e___UF.GRC_YLCV_Lab 01473.JPG,Tomato___Tomato_Yellow_Leaf_Curl_Virus/f9e6a633-a695-4239-9566-456473fdf474___UF.GRC_YLCV_Lab 01480.JPG,Tomato___Tomato_Yellow_Leaf_Curl_Virus,Tomato___Tomato_Yellow_Leaf_Curl_Virus,test,train,8,True
63b34ccd833c4d7d06c4303ec8cd9e8dc5e500ed33966e27091e38d0068ec878,87804d6ff429b99673d34299537084455b734fbd791a13230e67594021caa578,Tomato___Tomato_Yellow_Leaf_Curl_Virus/f61d3f58-ca3d-480e-b724-df5f85b4b720___YLCV_GCREC 5528.JPG,Tomato___Bacterial_spot/2a7b80f9-bd15-42cf-aab5-699232ee1506___GCREC_Bact.Sp 6317.JPG,Tomato___Tomato_Yellow_Leaf_Curl_Virus,Tomato___Bacterial_spot,test,train,8,True
64270bd6d199d52087ff6ee3ffdda246f03a6e72be56febce33ba4359f71cf23,6bbe773a0deaf18874d8c9aa19d2cc774ff65dedde5d4cb0e52e5ca541fd01cf,Tomato___Bacterial_spot/afb75fca-bf21-4def-99aa-1fdf5455a95a___GCREC_Bact.Sp 3440.JPG,Tomato___Spider_mites Two-spotted_spider_mite/ae60fb8a-1774-422b-a141-869d27d74e22___Com.G_SpM_FL 9378.JPG,Tomato___Bacterial_spot,Tomato___Spider_mites Two-spotted_spider_mite,test,train,8,True
6465e651c35bb9f45f5c9f52498d19cb09f007b39523e35c09484e3327a7c8dc,768cc8f4433fb9c16e95bd3b9eb1e082cce702dea4a0be66c3c79f65db524fa7,Tomato___Bacterial_spot/02a0f70a-9e27-420e-93ff-6ed8105f41c1___GCREC_Bact.Sp 3570.JPG,Tomato___Bacterial_spot/e5ebe0ed-8be8-46c8-a209-32b00ad5f65e___GCREC_Bact.Sp 6033.JPG,Tomato___Bacterial_spot,Tomato___Bacterial_spot,train,val,8,True
64687b8124464b59204e2b83ca4f4f0aeddf6f8c0905f36e4b06f56d471cd3f4,a3ae08222a54a853e9fdcad6dce5df5159dca1252d1bb354625969f98c7041ea,Tomato___Bacterial_spot/ec7b4f39-0aff-4fdb-96cd-5c8cbaf3bf34___GCREC_Bact.Sp 2963.JPG,Tomato___Bacterial_spot/a8fc7e5e-24c7-45f5-a794-29fab66dd122___GCREC_Bact.Sp 3726.JPG,Tomato___Bacterial_spot,Tomato___Bacterial_spot,train,val,8,True
64baf89d97e053c72e1de28c178259c905b0f737aaccf089f9159feacd4364ce,89f6b68af289e560e535b4ade5bb65bd14c75a9d964ed3b5152cd6ffe3eb0595,Tomato___Bacterial_spot/d489099b-31cf-484f-a0d6-46f24e6875ab___GCREC_Bact.Sp 3523.JPG,Tomato___Leaf_Mold/a740fdd7-45f9-445f-a992-37005aa41d32___Crnl_L.Mold 6883.JPG,Tomato___Bacterial_spot,Tomato___Leaf_Mold,train,val,8,True
64baf89d97e053c72e1de28c178259c905b0f737aaccf089f9159feacd4364ce,b465a36bbeba6988d054d7d3e8d389bfc2141e9c44edaacd8919302217603c9c,Tomato___Bacterial_spot/d489099b-31cf-484f-a0d6-46f24e6875ab___GCREC_Bact.Sp 3523.JPG,Tomato___Bacterial_spot/fb703e38-2ea0-468f-9958-0f88be8e1fb0___GCREC_Bact.Sp 3126.JPG,Tomato___Bacterial_spot,Tomato___Bacterial_spot,train,val,8,True
655beb50e25e5be99dc9a0a2a26c12551d8a3f2a56bdf99b0c29b7fd04894897,05240a7876e006e9c03e5357782e986dfabb69d481894a43b2bc3504549ca895,Tomato___Target_Spot/c47c2e46-e1ec-4359-ae0b-5e8b89dbd32f___Com.G_TgS_FL 9795.JPG,Tomato___Bacterial_spot/e1fa4f5f-d166-4483-95c4-0c420ee2098e___GCREC_Bact.Sp 3458.JPG,Tomato___Target_Spot,Tomato___Bacterial_spot,test,val,8,True
655beb50e25e5be99dc9a0a2a26c12551d8a3f2a56bdf99b0c29b7fd04894897,3228ad671ab692acce626e1de3ff63dfba8b6cce38653aec3b648057dc88faa8,Tomato___Target_Spot/c47c2e46-e1ec-4359-ae0b-5e8b89dbd32f___Com.G_TgS_FL 9795.JPG,Tomato___Bacterial_spot/2279def6-9a9e-43cd-8f35-9111fa81ab13___GCREC_Bact.Sp 5952.JPG,Tomato___Target_Spot,Tomato___Bacterial_spot,test,train,8,True
655beb50e25e5be99dc9a0a2a26c12551d8a3f2a56bdf99b0c29b7fd04894897,7e923079f65ccfd273346458b95f14840191d187fc7d7b212623eb497854edda,Tomato___Target_Spot/c47c2e46-e1ec-4359-ae0b-5e8b89dbd32f___Com.G_TgS_FL 9795.JPG,Tomato___Bacterial_spot/3d997709-70ca-4845-a4df-02995c20f5f0___GCREC_Bact.Sp 2987.JPG,Tomato___Target_Spot,Tomato___Bacterial_spot,test,train,8,True
65d5841056acea4499c01d1de191528ee70ff957efe15a81ed33e984ae353acb,a49bacf26a9ff07a961027100e611057cbacf33be06ce43229e955bd7ed82612,Tomato___Spider_mites Two-spotted_spider_mite/e9b2e448-c8b7-4fde-b1f2-1ab86dce0b86___Com.G_SpM_FL 1330.JPG,Tomato___Spider_mites Two-spotted_spider_mite/64338ca4-e33c-473a-86b5-58a4e76149a9___Com.G_SpM_FL 8632.JPG,Tomato___Spider_mites Two-spotted_spider_mite,Tomato___Spider_mites Two-spotted_spider_mite,train,val,8,True
65f1a00f1dfe4d9733c3aad81e105940e27bf3f14482d7c65b71791c1c324972,7ec75a4af274d18507580821e6c4e6e20e2cff7b04d2b229b0bf163ea8b6f7f3,Tomato___Septoria_leaf_spot/e09ba1ab-7952-4b09-a886-0025c4536d7c___Keller.St_CG 1936.JPG,Tomato___Septoria_leaf_spot/f67d781b-72a1-4e74-9a0b-770bf4b03882___Keller.St_CG 1944.JPG,Tomato___Septoria_leaf_spot,Tomato___Septoria_leaf_spot,test,train,8,True
6635ac48267f819281536681d90a350a9f2d1641f5cdbf54ddb3146a42a8c1e1,43ac1ffbfc7935b6fa2923a3f9b2769096ceca46e76c0f63bb609efdde0c9743,Tomato___Tomato_Yellow_Leaf_Curl_Virus/06718520-1ddc-40e0-ada1-37910bc41e36___UF.GRC_YLCV_Lab 01534.JPG,Tomato___Tomato_Yellow_Leaf_Curl_Virus/401ddcf1-6af4-4caf-a185-1d920167b214___UF.GRC_YLCV_Lab 01541.JPG,Tomato___Tomato_Yellow_Leaf_Curl_Virus,Tomato___Tomato_Yellow_Leaf_Curl_Virus,train,val,8,True
68c827e18ac35fc8df87b549fd8b750c8c8fd6649f19a4fc8f8fb09c509af89f,1b1701e8bad3ce5dc1bd08d2689435d1107c36fc0edf348b94430d0a14cf4543,Tomato___Tomato_Yellow_Leaf_Curl_Virus/21401648-7356-4019-9781-516afa0ff7c4___UF.GRC_YLCV_Lab 02527.JPG,Tomato___Tomato_Yellow_Leaf_Curl_Virus/c6cb3a61-4f50-478f-9097-b21f470ce971___UF.GRC_YLCV_Lab 02536.JPG,Tomato___Tomato_Yellow_Leaf_Curl_Virus,Tomato___Tomato_Yellow_Leaf_Curl_Virus,train,val,8,True
68c827e18ac35fc8df87b549fd8b750c8c8fd6649f19a4fc8f8fb09c509af89f,c42ea5551ed991d64da5b581dd72c34ab2448a0f14aec256a4f8cd452028d375,Tomato___Tomato_Yellow_Leaf_Curl_Virus/21401648-7356-4019-9781-516afa0ff7c4___UF.GRC_YLCV_Lab 02527.JPG,Tomato___Tomato_Yellow_Leaf_Curl_Virus/6bc71828-8107-4cf7-9da1-54ac9f7c73da___UF.GRC_YLCV_Lab 02534.JPG,Tomato___Tomato_Yellow_Leaf_Curl_Virus,Tomato___Tomato_Yellow_Leaf_Curl_Virus,train,val,8,True
6981a37e8cf0988f68c46c286e06c9b21a93d7f45bed8c2c6ea2cff18cb60ee7,c6d911ccc42fe7d337ebc4946f156c9918a70c6b75697ebab99b18f569873a84,Tomato___Septoria_leaf_spot/fd774721-5f04-4293-b462-8301952d140a___Matt.S_CG 6372.JPG,Tomato___Bacterial_spot/93425b8b-4f69-47ec-bbd7-15723bd9b563___GCREC_Bact.Sp 6004.JPG,Tomato___Septoria_leaf_spot,Tomato___Bacterial_spot,test,val,8,True
69c40df73788d43977b9a684e4cdd2bb702f307da1b0793ea483fe7c891dfd5a,cdfa0ccd045e7b6af782f91e5000383e09f56f18054e7d2d1cb59b19f7e9ca21,Tomato___Early_blight/503785a3-9eaa-4887-b832-2288f747624a___RS_Erly.B 7636.JPG,Tomato___Tomato_Yellow_Leaf_Curl_Virus/f6bfc52d-f4c7-410b-a867-04691d15df30___YLCV_NREC 2595.JPG,Tomato___Early_blight,Tomato___Tomato_Yellow_Leaf_Curl_Virus,test,train,8,True
69cabf9adc3c86d57ba58810148350cb72671cfa1297f2363f4ad1a3afb6968c,0332c97f512b08d7cf78bb69ad9ac48ea542a10115e7908017bdf7bdf7bcb5b3,Tomato___Septoria_leaf_spot/1a88e419-7d5c-45c7-a10f-4e1f80280cd2___Matt.S_CG 1584.JPG,Tomato___Tomato_Yellow_Leaf_Curl_Virus/69853336-0ccf-4fdc-8602-774279ecbce6___YLCV_GCREC 2836.JPG,Tomato___Septoria_leaf_spot,Tomato___Tomato_Yellow_Leaf_Curl_Virus,test,train,8,True
69cabf9adc3c86d57ba58810148350cb72671cfa1297f2363f4ad1a3afb6968c,d666dda5103919b608b2c659103e5d24d6433b8aa5099a52a01ad21b7dbd705b,Tomato___Septoria_leaf_spot/1a88e419-7d5c-45c7-a10f-4e1f80280cd2___Matt.S_CG 1584.JPG,Tomato___Spider_mites Two-spotted_spider_mite/bcca5917-17c5-4b38-ac89-233eec6a4ddb___Com.G_SpM_FL 9540.JPG,Tomato___Septoria_leaf_spot,Tomato___Spider_mites Two-spotted_spider_mite,test,train,8,True
6a860565e4dc99e6832e5bd58fc227d38cf95280b2650346f9b173d747f97b4e,c79782010dbf9bffddd25968e0f7a24ed0196ab4eb6ee3201150f4f8f5a18818,Tomato___Target_Spot/4dd67eba-381f-4733-9fde-2263b4da5dd0___Com.G_TgS_FL 9947.JPG,Tomato___Spider_mites Two-spotted_spider_mite/141ec6e2-9ff8-436c-9d18-9edb8b26d861___Com.G_SpM_FL 8644.JPG,Tomato___Target_Spot,Tomato___Spider_mites Two-spotted_spider_mite,test,val,8,True
6a9a8569aca118921a6a7055954fbd63676846b36b41637ba37be4bffcf8e1ad,b371106fbe243043b093f63a2231b528d24c96f2a2f683973ebac93579675dc3,Tomato___Late_blight/fabaa5c5-3180-49b7-b538-d1a31316afd8___GHLB2 Leaf 121.4.JPG,Tomato___Late_blight/231be16a-304a-48ce-a243-0b4d95c59681___GHLB2 Leaf 121.2.JPG,Tomato___Late_blight,Tomato___Late_blight,train,val,8,True
6b1688e05b6800a789b02fa08a1a583632c830a6d861df5bba2c1f81b9df19fd,6674d2740895af1b0e32213971fdc7c57156bb917dc7edfee5db20afd2aee182,Tomato___Bacterial_spot/c41baf9d-cf9e-4acb-a7a8-bb0c7e201621___GCREC_Bact.Sp 3492.JPG,Tomato___Bacterial_spot/ccfdfe87-72ec-4b17-bd86-9f0bb242dfd5___GCREC_Bact.Sp 3367.JPG,Tomato___Bacterial_spot,Tomato___Bacterial_spot,train,val,8,True
6b53f0c1a91b86b2993c79d8f74ec740e21cbe2ecd652d08275c3821969d15b7,067439d3cc099b8cf9536903443300a9aaef7475af83bc91adc58f824f5cf773,Tomato___Tomato_Yellow_Leaf_Curl_Virus/46476c84-3651-4706-af74-ccda9fb43719___UF.GRC_YLCV_Lab 08496.JPG,Tomato___Target_Spot/34edeb32-db7b-4885-b55f-5aeba556997c___Com.G_TgS_FL 0008.JPG,Tomato___Tomato_Yellow_Leaf_Curl_Virus,Tomato___Target_Spot,test,train,8,True
6d13db43508d0ac5d6d70674112d5c33be99ddecde785b1fc7c0de6ae887e889,2a08a12e29106e2dc830a17206db8c3c4bc3d41c7c1a49d2329b7d12a031190d,Tomato___Bacterial_spot/cdd68f49-20b8-4523-99cf-6479f85b8410___GCREC_Bact.Sp 5853.JPG,Tomato___Spider_mites Two-spotted_spider_mite/c632fc41-93b2-4655-abee-cfba25000d1b___Com.G_SpM_FL 1476.JPG,Tomato___Bacterial_spot,Tomato___Spider_mites Two-spotted_spider_mite,train,val,8,True
6d623f2da19eb044c68db66cfafe5f0ca47e68a294792913ce228eb971005139,ad2bd11901f301d51c7da6856123693a106b32790769a372f56a7844c60becc8,Tomato___Tomato_mosaic_virus/2d053972-2f30-414c-9de9-e37c98e44648___PSU_CG 2104.JPG,Tomato___Tomato_mosaic_virus/9c96bbe3-5599-4e31-996f-ae37d75872f5___PSU_CG 2215.JPG,Tomato___Tomato_mosaic_virus,Tomato___Tomato_mosaic_virus,test,train,8,True
6dcf7621f48bbc3035ee9b27cf7e6438d62aae22596360a2ff90dc05b73381f0,c50d42bed21cdceb9059e9ba678e90778facb8d13c5755b3c326c01a7f7a1732,Tomato___Spider_mites Two-spotted_spider_mite/7a01961e-dd28-460b-928c-a656a8a6d018___Com.G_SpM_FL 8569.JPG,Tomato___Spider_mites Two-spotted_spider_mite/5579b8b1-b67b-446a-96da-599e048979f5___Com.G_SpM_FL 8905.JPG,Tomato___Spider_mites Two-spotted_spider_mite,Tomato___Spider_mites Two-spotted_spider_mite,train,val,8,True
6ea09b45029c67ed3adf11c8939664462d91e670c307062d25769fe39059d897,c27c6dff8910d93f99c3904177b039810c047ee49b83c4186aa1d8b01c58b46d,Tomato___Bacterial_spot/87e80453-5c30-413b-b60f-673730e8e2d4___GCREC_Bact.Sp 3207.JPG,Tomato___Bacterial_spot/a75edffc-d484-41ea-adb2-8808748a53db___GCREC_Bact.Sp 5608.JPG,Tomato___Bacterial_spot,Tomato___Bacterial_spot,train,val,8,True
6eeb47203a7b34c763e543c8b114c739965f1569ace230465e318c6c2fde4dd8,9425349d1da7e958ee6db2f584cf567914942d5bc8b22a4e05d9d26631966722,Tomato___Bacterial_spot/669e40d9-4ef8-4f22-82c1-778bf0895ac6___GCREC_Bact.Sp 3166.JPG,Tomato___Tomato_Yellow_Leaf_Curl_Virus/e9688f99-9a4a-4d39-91c3-d4ea5a25e591___YLCV_GCREC 2919.JPG,Tomato___Bacterial_spot,Tomato___Tomato_Yellow_Leaf_Curl_Virus,train,val,8,True
6ef49a4c06a436905df68f00b96aae7a6ad1546759b3870600025f7f45164683,9b7b5866ad6c97228768c6f5108a69e65214a136ba60ba05057848f296c867f5,Tomato___Spider_mites Two-spotted_spider_mite/0b437fa8-c1c8-45f4-b608-bdc6f7e09f84___Com.G_SpM_FL 1137.JPG,Tomato___Spider_mites Two-spotted_spider_mite/92e113f7-cb96-47b7-a9a9-e03c29d0662c___Com.G_SpM_FL 1757.JPG,Tomato___Spider_mites Two-spotted_spider_mite,Tomato___Spider_mites Two-spotted_spider_mite,test,val,8,True
6f4f8abd0fae6f565315cc3468e390920b04ae6b46d72c02d631c001d7e08352,d59d8e1c5eae809ef157f9c28cde7dfb968a9eeab4537d995d3fabe317ddfdfe,Tomato___healthy/e283f6ea-c756-47ca-ac84-57a38138b571___GH_HL Leaf 343.JPG,Tomato___healthy/eab401a8-c014-4a63-98d4-b6144cfc7bc9___GH_HL Leaf 289.JPG,Tomato___healthy,Tomato___healthy,train,val,8,True
6fb39f8be4ec20b55a984098b6f562d00bf3a1e5eedcb8602ba4a1a006ac787a,5d78e021ca6bd7a4988855778c441bdd06579bf4d9110d5e40cdf9c2c1f5c94b,Tomato___Spider_mites Two-spotted_spider_mite/b321a516-da4c-4e95-8239-a33b281e05d1___Com.G_SpM_FL 1755.JPG,Tomato___Spider_mites Two-spotted_spider_mite/2c2f7f98-8c5b-4981-bb74-f827c5f963fe___Com.G_SpM_FL 8734.JPG,Tomato___Spider_mites Two-spotted_spider_mite,Tomato___Spider_mites Two-spotted_spider_mite,test,val,8,True
6fb39f8be4ec20b55a984098b6f562d00bf3a1e5eedcb8602ba4a1a006ac787a,87ae2d3db3fdc84f2d967e578171c38960541fb2a07dcdef92f4d39383850609,Tomato___Spider_mites Two-spotted_spider_mite/b321a516-da4c-4e95-8239-a33b281e05d1___Com.G_SpM_FL 1755.JPG,Tomato___Target_Spot/d1c4acfe-82e8-4f48-b8c7-39074dfe6f9e___Com.G_TgS_FL 9784.JPG,Tomato___Spider_mites Two-spotted_spider_mite,Tomato___Target_Spot,test,train,8,True
6fcb48100393bb290e1d7ec71543ab6571e77e0e2a2caf2124aa091124530538,72d966777ee58e751a4a1069293a6a4e3c897dab235132671167e307c278f6bc,Tomato___Tomato_Yellow_Leaf_Curl_Virus/88d7f604-281a-492c-b7cf-0f4e3f151c4e___YLCV_NREC 2169.JPG,Tomato___Tomato_Yellow_Leaf_Curl_Virus/a1e1c763-0b15-46be-a205-8530232f0384___YLCV_NREC 2874.JPG,Tomato___Tomato_Yellow_Leaf_Curl_Virus,Tomato___Tomato_Yellow_Leaf_Curl_Virus,test,train,8,True
6fe7b9d06c7475abe42ad194ad27bda256c7bee7afe603610fc3bfd2e51e0387,d3a8120b338a1bc07f2acf203f0a6fe124780f141e1ace20a7805edfc85aba48,Tomato___Spider_mites Two-spotted_spider_mite/1f3c081d-ddf4-48f7-884b-08b3a5b3ae0a___Com.G_SpM_FL 1307.JPG,Tomato___Spider_mites Two-spotted_spider_mite/e413f08a-f5dd-454a-b059-b81bb35c8509___Com.G_SpM_FL 8470.JPG,Tomato___Spider_mites Two-spotted_spider_mite,Tomato___Spider_mites Two-spotted_spider_mite,train,val,8,True
70551381b16a7c335c30a93b1120449256b952994a4404a5685789c0c2c148fb,73f28eb1e37cd67d678f109f972bd8ae468076bbb0806c961dc2f386f85566b0,Tomato___Spider_mites Two-spotted_spider_mite/416c7502-7038-43fb-a700-d11d8a54cafb___Com.G_SpM_FL 9025.JPG,Tomato___Spider_mites Two-spotted_spider_mite/c55448f3-e375-4b37-9b38-58ff1444b592___Com.G_SpM_FL 8509.JPG,Tomato___Spider_mites Two-spotted_spider_mite,Tomato___Spider_mites Two-spotted_spider_mite,test,train,8,True
70551381b16a7c335c30a93b1120449256b952994a4404a5685789c0c2c148fb,aba120368ae8e7021516d16bcc12845ca11974ca9a2f6f366c68613def3a7aa6,Tomato___Spider_mites Two-spotted_spider_mite/416c7502-7038-43fb-a700-d11d8a54cafb___Com.G_SpM_FL 9025.JPG,Tomato___healthy/4f5dde42-a6ac-4886-8b9e-a944568ace95___RS_HL 0080.JPG,Tomato___Spider_mites Two-spotted_spider_mite,Tomato___healthy,test,train,8,True
70edbb49ea131c85473481c6a3d3ff34b5a67d5a2d188ea73b069d65c4bb637c,220ffbed5c95b70231bb345411b538c03bb59aa9780c5b723e41b039e1b65aa5,Tomato___Target_Spot/05fa9fcd-ce4c-4c47-aabf-6d794ada4e1c___Com.G_TgS_FL 9802.JPG,Tomato___Tomato_Yellow_Leaf_Curl_Virus/9ca23fe4-e698-4cd4-ae7e-63c7777cfa65___YLCV_GCREC 2762.JPG,Tomato___Target_Spot,Tomato___Tomato_Yellow_Leaf_Curl_Virus,train,val,8,True
71adb9c216cf53fc8dd613277a3816cfbdd1f301b4f654a049e68460203bfeae,7fd8efe3f7277361f5008dbfcd36b1853a6f8ec2609eadd0a4ace84db74c4c29,Tomato___Spider_mites Two-spotted_spider_mite/0e05cc2b-1209-4a5a-9ae1-26b3dd13204b___Com.G_SpM_FL 8428.JPG,Tomato___Spider_mites Two-spotted_spider_mite/dcfe0418-3991-4d0d-9722-dd14eb59f20e___Com.G_SpM_FL 8737.JPG,Tomato___Spider_mites Two-spotted_spider_mite,Tomato___Spider_mites Two-spotted_spider_mite,train,val,8,True
7207a45a29550cfe4d20cc3255a98b061d4666138ce74d13f5ec2ad4f5c1efa4,8153c8913f71e99584a2e7ba8d79e397457e709ad0cfc7a2abf558b15876829b,Tomato___Early_blight/8a13da5b-4bc2-485a-962d-df8c6634ea00___RS_Erly.B 7519.JPG,Tomato___Bacterial_spot/744d7841-7130-4c98-b20f-0f6581115783___GCREC_Bact.Sp 5618.JPG,Tomato___Early_blight,Tomato___Bacterial_spot,train,val,8,True
721137ec4c6b5e2bac7af66d854069dbcb1c9220844469d65e695cc6cd4f3337,8616bed65cff45f3d48c4f19248d5814267f469da1e760ce35ef0f77ffbfd167,Tomato___Spider_mites Two-spotted_spider_mite/8d3bb7dc-a5fa-42c2-8bb0-f5703c9125de___Com.G_SpM_FL 1666.JPG,Tomato___Bacterial_spot/2cafa053-4dd6-4528-bb4f-53e4afeecefe___GCREC_Bact.Sp 2968.JPG,Tomato___Spider_mites Two-spotted_spider_mite,Tomato___Bacterial_spot,test,train,8,True
72d01bd971f2c650dde52da76c9e2ff31417b9a2015119cb1a05f385ad4a12bd,f8a12d80735e5544b6becae284b1a549461fdca8a53e8af6ec565d4bf90c8fa4,Tomato___Septoria_leaf_spot/e77fea03-e748-4903-bf0d-242af509ea7e___Matt.S_CG 2536.JPG,Tomato___Tomato_Yellow_Leaf_Curl_Virus/5c1d1466-a04e-4af3-9539-9da31467ddf7___YLCV_GCREC 2055.JPG,Tomato___Septoria_leaf_spot,Tomato___Tomato_Yellow_Leaf_Curl_Virus,train,val,8,True
72e2f46e0cea881b4af8cdad4b930aff80678f4dd940319d045b770c33d4e98a,3022f70e57cf2f5de6b3df842905efa02d0fde5c3dee6071da7b3364f944a9c1,Tomato___Bacterial_spot/ddfa387b-e1ba-4033-aea8-e6644c19b0fa___GCREC_Bact.Sp 3563.JPG,Tomato___Early_blight/d418610e-e676-4722-b84a-6de973499fa9___RS_Erly.B 9425.JPG,Tomato___Bacterial_spot,Tomato___Early_blight,test,train,8,True
7330becb2b1137b6bed0c67d1766425243fd6c5cb4a3b39366e57bab38ab3a98,487ff0c4f44753857559351da560a8c8df7eeecffa1132a2922db3cb8588f381,Tomato___Bacterial_spot/b39d9edd-bcee-456c-b078-e3e286171114___GCREC_Bact.Sp 3656.JPG,Tomato___Bacterial_spot/d7c6cfbf-059c-40b2-b920-8a1815c32374___GCREC_Bact.Sp 6063.JPG,Tomato___Bacterial_spot,Tomato___Bacterial_spot,test,train,8,True
7330becb2b1137b6bed0c67d1766425243fd6c5cb4a3b39366e57bab38ab3a98,766a3669e0a7f190145ff4e0b697d78d64aeca0625737b66c43376eeda92d466,Tomato___Bacterial_spot/b39d9edd-bcee-456c-b078-e3e286171114___GCREC_Bact.Sp 3656.JPG,Tomato___Target_Spot/8ef53996-d440-40b6-8665-2e3acf4f6b7b___Com.G_TgS_FL 9875.JPG,Tomato___Bacterial_spot,Tomato___Target_Spot,test,train,8,True
7330becb2b1137b6bed0c67d1766425243fd6c5cb4a3b39366e57bab38ab3a98,e8810c3a5bc6e033c56791c15d134092a07bbde485bd09d24c8b8dbf46acc331,Tomato___Bacterial_spot/b39d9edd-bcee-456c-b078-e3e286171114___GCREC_Bact.Sp 3656.JPG,Tomato___Bacterial_spot/805d07e6-2190-4c8a-9267-75b1c0477a04___GCREC_Bact.Sp 3010.JPG,Tomato___Bacterial_spot,Tomato___Bacterial_spot,test,train,8,True
7376bea2943c04f7d34b0307e2c2205b407ee40a5e038a5d1932a2795568077e,4886d81526e7f64e6bfffedbecdae028d84f70a1562f6e0604ea97b5b3ed1f16,Tomato___Tomato_Yellow_Leaf_Curl_Virus/2c7bfbfd-03a0-4a77-8e20-ba199809deb8___YLCV_GCREC 2790.JPG,Tomato___Septoria_leaf_spot/253ddc99-8132-4710-bb89-eb83ab271abc___Matt.S_CG 0698.JPG,Tomato___Tomato_Yellow_Leaf_Curl_Virus,Tomato___Septoria_leaf_spot,train,val,8,True
7385d72b5500246f2033d780a3de6bccbf3566621c7c941e74a2c15a3a4649aa,2214a4575039cebb6f5c6ce25714d3f7fe66bcbf12a771b4da04a154ba4189c3,Tomato___Bacterial_spot/f1cd9194-f7ea-41c0-bfba-9b9e30c52ec7___GCREC_Bact.Sp 5938.JPG,Tomato___Bacterial_spot/27ebdaaa-b432-4d4a-b404-a04e58a46f44___GCREC_Bact.Sp 6025.JPG,Tomato___Bacterial_spot,Tomato___Bacterial_spot,train,val,8,True
73eb425ed2ddd0e7952d999ae43dfafdb100f0234bfdd3d6a713b844023869c9,9f975c0123368bdc4b7ec172a9bcc56b210d5f32a68139033a628fae2e23f3b4,Tomato___Spider_mites Two-spotted_spider_mite/45248234-50eb-465e-a7e1-7b80140db3d3___Com.G_SpM_FL 9509.JPG,Tomato___Spider_mites Two-spotted_spider_mite/4a6a93a5-d51c-4769-8669-12ec54d87ce6___Com.G_SpM_FL 9441.JPG,Tomato___Spider_mites Two-spotted_spider_mite,Tomato___Spider_mites Two-spotted_spider_mite,train,val,8,True
7556f1526d258ee51ff47d6fb01390b07f3654d5e718e6fb2b17b067a051904d,6d13db43508d0ac5d6d70674112d5c33be99ddecde785b1fc7c0de6ae887e889,Tomato___Target_Spot/63d1a91a-4deb-4f35-a7d9-07b69211494f___Com.G_TgS_FL 9839.JPG,Tomato___Bacterial_spot/cdd68f49-20b8-4523-99cf-6479f85b8410___GCREC_Bact.Sp 5853.JPG,Tomato___Target_Spot,Tomato___Bacterial_spot,test,train,8,True
762c775c257e8576b92c68d9ae7ae9b11847639cbcf75b2cb992e1726458e2e0,46fa3b9bcbd69274f2ee892787f26d6ad3e1d382951762db1320b0ec75a39136,Tomato___Bacterial_spot/e4404de4-7958-4e77-a7ed-664dd0d7f2c9___GCREC_Bact.Sp 5906.JPG,Tomato___Spider_mites Two-spotted_spider_mite/bdb1071d-586d-4cdf-a792-a15af76ed9cf___Com.G_SpM_FL 8670.JPG,Tomato___Bacterial_spot,Tomato___Spider_mites Two-spotted_spider_mite,test,train,8,True
762c775c257e8576b92c68d9ae7ae9b11847639cbcf75b2cb992e1726458e2e0,5016f3856b70147f50bc412bcf8e73c3d284cb06822c1f1a4b2d7f5ad3edbac8,Tomato___Bacterial_spot/e4404de4-7958-4e77-a7ed-664dd0d7f2c9___GCREC_Bact.Sp 5906.JPG,Tomato___Spider_mites Two-spotted_spider_mite/c2ad3c75-0f64-405a-832f-50f258c188ca___Com.G_SpM_FL 8581.JPG,Tomato___Bacterial_spot,Tomato___Spider_mites Two-spotted_spider_mite,test,val,8,True
762c775c257e8576b92c68d9ae7ae9b11847639cbcf75b2cb992e1726458e2e0,7cf5c86e55797af9be3385f191497a8c3ff5ee8a136de1c69946e07d225ab279,Tomato___Bacterial_spot/e4404de4-7958-4e77-a7ed-664dd0d7f2c9___GCREC_Bact.Sp 5906.JPG,Tomato___Target_Spot/e56c1e39-3815-4735-bf2b-2b3fa8747235___Com.G_TgS_FL 0012.JPG,Tomato___Bacterial_spot,Tomato___Target_Spot,test,train,8,True
762c775c257e8576b92c68d9ae7ae9b11847639cbcf75b2cb992e1726458e2e0,89f36c22de8b5c557463ab480229b73d75af88406aef1578da91167662e2242b,Tomato___Bacterial_spot/e4404de4-7958-4e77-a7ed-664dd0d7f2c9___GCREC_Bact.Sp 5906.JPG,Tomato___Bacterial_spot/f2ea99a2-3e21-45ff-adf0-b7cfdd955d68___GCREC_Bact.Sp 5959.JPG,Tomato___Bacterial_spot,Tomato___Bacterial_spot,test,train,8,True
762c775c257e8576b92c68d9ae7ae9b11847639cbcf75b2cb992e1726458e2e0,9470bc01dbf17b1a6adfcfe79312198eea7d56aae277c91af3d8d232dbe6fba2,Tomato___Bacterial_spot/e4404de4-7958-4e77-a7ed-664dd0d7f2c9___GCREC_Bact.Sp 5906.JPG,Tomato___Bacterial_spot/7b40e020-e33c-4e9f-8093-d7593b8340dc___GCREC_Bact.Sp 3348.JPG,Tomato___Bacterial_spot,Tomato___Bacterial_spot,test,train,8,True
762c775c257e8576b92c68d9ae7ae9b11847639cbcf75b2cb992e1726458e2e0,fb1451a848499a0467366ac204278ad03ff301fe89866c735d7c7f12c44d1fae,Tomato___Bacterial_spot/e4404de4-7958-4e77-a7ed-664dd0d7f2c9___GCREC_Bact.Sp 5906.JPG,Tomato___Bacterial_spot/b2e02801-9306-4703-b1cd-d9247fa17a11___GCREC_Bact.Sp 6296.JPG,Tomato___Bacterial_spot,Tomato___Bacterial_spot,test,train,8,True
765327f18e4b71da2f8c707ab25ba5da2f886f4a70a5d6afbbbb20e8609086c6,dea825eee23b020a71e112d34daa12e4b0e1f672d6e3fe7c0ac6c19c90fea01f,Tomato___Tomato_Yellow_Leaf_Curl_Virus/fe557172-ac9a-41ad-ab7d-3002103b3f71___UF.GRC_YLCV_Lab 01527.JPG,Tomato___Tomato_Yellow_Leaf_Curl_Virus/d2be9006-5f93-4260-9693-fe3beecbbcbf___UF.GRC_YLCV_Lab 01526.JPG,Tomato___Tomato_Yellow_Leaf_Curl_Virus,Tomato___Tomato_Yellow_Leaf_Curl_Virus,train,val,8,True
76a30cd78da73428c0058c2291d7556fde48291106c50dfc027982e4d25611c4,c566185f23822772d6b4308a3c661d5935dce28693330c43ffd3fd983c0a2111,Tomato___Spider_mites Two-spotted_spider_mite/f9725539-49f8-4152-9c67-cc018fca8c87___Com.G_SpM_FL 1477.JPG,Tomato___Bacterial_spot/8dbf81aa-7085-4707-9374-9be792a0fd4a___GCREC_Bact.Sp 3275.JPG,Tomato___Spider_mites Two-spotted_spider_mite,Tomato___Bacterial_spot,train,val,8,True
76a7363ba5ee8318c603933c081258a14054052f8d45586cf31ec4cd9fd5f660,d8ff17cb1a4d6b918f4791a45116d1ccab291374dd72e8a822e5cdb4d97fa9c9,Tomato___Target_Spot/d0c861e0-aae7-4847-84cc-880ecc5a8aa1___Com.G_TgS_FL 8005.JPG,Tomato___healthy/7beda862-3964-4839-9d08-b9b3fa27b028___RS_HL 9952.JPG,Tomato___Target_Spot,Tomato___healthy,train,val,8,True
76b0937e65a20c02cc8037d8f3d18b584bf24387156dbf625b89e5ccf8bfb436,64687b8124464b59204e2b83ca4f4f0aeddf6f8c0905f36e4b06f56d471cd3f4,Tomato___Bacterial_spot/dabf464f-af7f-4fdb-b598-ebc369968706___GCREC_Bact.Sp 3287.JPG,Tomato___Bacterial_spot/ec7b4f39-0aff-4fdb-96cd-5c8cbaf3bf34___GCREC_Bact.Sp 2963.JPG,Tomato___Bacterial_spot,Tomato___Bacterial_spot,test,train,8,True
76c6f72ab740bff6533020708532ec7444ba942fd26c8dcb800ab62ae1d10435,01ca70a58d4c2f17456142666a4e1eb2afcfc42ef871c54d57568d257c68645f,Tomato___Tomato_Yellow_Leaf_Curl_Virus/b207f179-2945-4eb7-883f-ca6b6610ecb2___YLCV_GCREC 2241.JPG,Tomato___Tomato_Yellow_Leaf_Curl_Virus/e03a6b15-f236-4b0a-a1bc-a61f02f959ed___UF.GRC_YLCV_Lab 01915.JPG,Tomato___Tomato_Yellow_Leaf_Curl_Virus,Tomato___Tomato_Yellow_Leaf_Curl_Virus,test,train,8,True
7715a3941fdbc194353c1b384d688c885ec7cb101d16808c126e767ca92cb6a2,7a2517d106db5e38c6acd13a5f4c5da9d0206b1c9e80af09b704dde22abbedf0,Tomato___Spider_mites Two-spotted_spider_mite/ad4a99a4-3dc7-4401-85d6-d803b9fcc70a___Com.G_SpM_FL 1762.JPG,Tomato___Spider_mites Two-spotted_spider_mite/d90a9ec7-89f8-4c31-855e-368a5b66be3d___Com.G_SpM_FL 1626.JPG,Tomato___Spider_mites Two-spotted_spider_mite,Tomato___Spider_mites Two-spotted_spider_mite,test,train,8,True
7715a3941fdbc194353c1b384d688c885ec7cb101d16808c126e767ca92cb6a2,9420cc1bab3684a9b021fd83d95d957b34a4f55c97c336dddb4825ec1e60ba6d,Tomato___Spider_mites Two-spotted_spider_mite/ad4a99a4-3dc7-4401-85d6-d803b9fcc70a___Com.G_SpM_FL 1762.JPG,Tomato___Spider_mites Two-spotted_spider_mite/45d0aca4-ce49-43cb-af35-99ac8d283930___Com.G_SpM_FL 1459.JPG,Tomato___Spider_mites Two-spotted_spider_mite,Tomato___Spider_mites Two-spotted_spider_mite,test,val,8,True
77183d6a182a5c058c63588c91da49718675a85f8cdd89d88fce71e8555b8a0d,ca0724af2cfaa410e621bd0c7ab1d6d32da0a9b3370032bf62c46616455330a0,Tomato___Target_Spot/bd11d819-0a1f-4bd2-a460-899c0357a182___Com.G_TgS_FL 8251.JPG,Tomato___Target_Spot/d6412b9a-8a7e-458b-bf28-d3b56d3d8972___Com.G_TgS_FL 0731.JPG,Tomato___Target_Spot,Tomato___Target_Spot,train,val,8,True
771b924dff6bd98df718cc7cb179b38a542ea4680e34bd6c9ff2a55443770b42,3d801a24d7e2b793f35ee0e616cf297a14ce891378c702fd93b0c5e1b403bb86,Tomato___Target_Spot/e262c75d-d82f-4168-941a-d583d08ece86___Com.G_TgS_FL 0747.JPG,Tomato___Target_Spot/b9c0a1d0-87ff-4b7a-99be-e9d9bc51927e___Com.G_TgS_FL 9687.JPG,Tomato___Target_Spot,Tomato___Target_Spot,test,train,8,True
776717b96b2ab9a6af8bc3d6bd57538a0df2274aa0bd0d293da18c4f1c037e97,81a23fed1c1d375c6059b492b5fa0a11f7df8f2fd92d8d66d8251398288075aa,Tomato___Tomato_Yellow_Leaf_Curl_Virus/e29ec2e5-6b23-4351-bd51-99d7e4d1316e___YLCV_NREC 2674.JPG,Tomato___Spider_mites Two-spotted_spider_mite/9bedf503-beca-40b4-b1d1-6c12e96343f3___Com.G_SpM_FL 1481.JPG,Tomato___Tomato_Yellow_Leaf_Curl_Virus,Tomato___Spider_mites Two-spotted_spider_mite,train,val,8,True
789ea17f2f1c1582ad5732886a360c96459ef283b59fee71a49e3aca7d3f9811,7fd8efe3f7277361f5008dbfcd36b1853a6f8ec2609eadd0a4ace84db74c4c29,Tomato___Target_Spot/4336ced4-0736-4225-961b-bee4e29ac60a___Com.G_TgS_FL 7915.JPG,Tomato___Spider_mites Two-spotted_spider_mite/dcfe0418-3991-4d0d-9722-dd14eb59f20e___Com.G_SpM_FL 8737.JPG,Tomato___Target_Spot,Tomato___Spider_mites Two-spotted_spider_mite,train,val,8,True
790f66c8814e0638b8f69ccf740711dff48d8fd41bcc930fb800b3cecd3d1009,534c8178a60eb5a1ffe05445781c5dbad2b0205bfa1a96ba7e90f0fdacf87f9d,Tomato___Bacterial_spot/9886ea69-5a4e-4fa4-9e41-e9f65884ba9e___GCREC_Bact.Sp 3199.JPG,Tomato___Bacterial_spot/6fea8e75-6d4e-4cbb-93bf-98ef33b57302___GCREC_Bact.Sp 3508.JPG,Tomato___Bacterial_spot,Tomato___Bacterial_spot,train,val,8,True
796c0d24955bfbf90a2df24a72cf79af700e48f2cfec6e451f000b467392a54e,c042907ae41ba05d629c6c7a8075f17cdcb0b79b004e87ee63985f590bbf2bcb,Tomato___Septoria_leaf_spot/42184af4-cb8b-4287-b000-04fa630a167f___Matt.S_CG 2424.JPG,Tomato___Bacterial_spot/6cb8d633-865d-4809-99ff-c826fbcbfb7d___GCREC_Bact.Sp 5707.JPG,Tomato___Septoria_leaf_spot,Tomato___Bacterial_spot,train,val,8,True
796c0d24955bfbf90a2df24a72cf79af700e48f2cfec6e451f000b467392a54e,e924331d943effce79a8d0e30fabf05aa6e5d69bdede803e69a0c69edec4d8f1,Tomato___Septoria_leaf_spot/42184af4-cb8b-4287-b000-04fa630a167f___Matt.S_CG 2424.JPG,Tomato___Bacterial_spot/d2cbc8f4-b632-47de-bc45-edeb4f0911f1___GCREC_Bact.Sp 5994.JPG,Tomato___Septoria_leaf_spot,Tomato___Bacterial_spot,train,val,8,True
79979c918f7ff5591a0bf90a8034458e7859aab48c2ad220b8ad9759e2e0fc45,b1de9eedb6c5461ad3907786e46519a3470abcdc1287114acf4d78bc11d02a6c,Tomato___Target_Spot/9a03ff47-8285-478e-9e82-f4f51a7180a5___Com.G_TgS_FL 0010.JPG,Tomato___Bacterial_spot/8e0325d9-4504-4e3a-8013-a064b8c546f1___GCREC_Bact.Sp 3260.JPG,Tomato___Target_Spot,Tomato___Bacterial_spot,train,val,8,True
7a01a2924dbb73c1e63b0150bf06557cacc1834bc63af4537e9a5fad8c4a8c7a,ea33934b589d1707ad00c463d8ce8d4c03ea295780ab897211ba6643843c569d,Tomato___Tomato_Yellow_Leaf_Curl_Virus/d03292d0-0b5d-4b4c-b86d-1a0dad4842e8___YLCV_GCREC 1922.JPG,Tomato___Spider_mites Two-spotted_spider_mite/7c41b687-8858-4f41-985c-9318ae538bb5___Com.G_SpM_FL 9284.JPG,Tomato___Tomato_Yellow_Leaf_Curl_Virus,Tomato___Spider_mites Two-spotted_spider_mite,test,train,8,True
7a51cfc85b128c59289e335a4b1f5c31d3ba9bec7acea6279cd6a44ed7784f39,bd8425b0da0ca9b4edc6f7a28787b4dfd507549dd787afdddfaba35fc0691c99,Tomato___Tomato_Yellow_Leaf_Curl_Virus/f8af66c9-8c33-45fb-a18a-1f32766b8531___UF.GRC_YLCV_Lab 02335.JPG,Tomato___Tomato_Yellow_Leaf_Curl_Virus/baeaac37-43ab-48fe-9cfd-10467463912a___UF.GRC_YLCV_Lab 02347.JPG,Tomato___Tomato_Yellow_Leaf_Curl_Virus,Tomato___Tomato_Yellow_Leaf_Curl_Virus,test,train,8,True
7a897bfe0d7377adb31bff14f7088054c58ac7b29264e888a02f6317254f948c,20e0b37c9c387a6d0971bdedcd28e9be98a5b67539ecaac25849d410ca16ac45,Tomato___Bacterial_spot/5e1bc867-05f6-4749-af57-60a73435bba2___GCREC_Bact.Sp 6027.JPG,Tomato___Bacterial_spot/4850260f-50f5-4f6a-a0ab-1b5b744bdd13___GCREC_Bact.Sp 3346.JPG,Tomato___Bacterial_spot,Tomato___Bacterial_spot,test,train,8,True
7b2561bf38b0d15ccb302bc35fce6ad98c1db90be54850cca93cd719e17b3052,fffc49b21b96a824538d48b496bc2b68671e6057b700c04ef09996f814f3cdfc,Tomato___Target_Spot/55760340-3a3e-4155-99c4-ba680f52b359___Com.G_TgS_FL 8335.JPG,Tomato___Bacterial_spot/dea314b1-624c-492d-9eb0-965a34bf89c7___GCREC_Bact.Sp 3462.JPG,Tomato___Target_Spot,Tomato___Bacterial_spot,test,train,8,True
7c4dcd8bca4647f58189be8a023633126c169036e118f97e0d8625d3a652dff9,a1178f20d67b653083a8df426faa78524996401bc8dd68973c2c059252ed5c9d,Tomato___Spider_mites Two-spotted_spider_mite/3a54bf13-626b-4d55-b445-127cc82a52a6___Com.G_SpM_FL 1243.JPG,Tomato___Spider_mites Two-spotted_spider_mite/8d0dffc7-aecb-4583-b3a3-1027fb4fd3d1___Com.G_SpM_FL 9567.JPG,Tomato___Spider_mites Two-spotted_spider_mite,Tomato___Spider_mites Two-spotted_spider_mite,train,val,8,True
7cce126bb1949048eb55d31fb193acc197d2778480763b1976b5308eae42e359,6546d7cd82815052e539cc4ac951b7a1038ef9ff7496bc134e026fa4139853e1,Tomato___Tomato_Yellow_Leaf_Curl_Virus/059cfdda-02f3-4f6a-9ab9-d87638de50b0___YLCV_NREC 2582.JPG,Tomato___Bacterial_spot/8bae19e3-0db1-423f-a588-665eb7f08eb9___GCREC_Bact.Sp 6355.JPG,Tomato___Tomato_Yellow_Leaf_Curl_Virus,Tomato___Bacterial_spot,test,train,8,True
7cf5c86e55797af9be3385f191497a8c3ff5ee8a136de1c69946e07d225ab279,8afe0346cda347cb9fbd135a669f2c71f52efce35aa6e917b415f2681e7400e5,Tomato___Target_Spot/e56c1e39-3815-4735-bf2b-2b3fa8747235___Com.G_TgS_FL 0012.JPG,Tomato___Target_Spot/8fa4b03e-7abe-456e-a84e-2b490ada8b0f___Com.G_TgS_FL 9709.JPG,Tomato___Target_Spot,Tomato___Target_Spot,train,val,8,True
7de72cea1ae8267ced08689ee2c4aba468e1c4a8b56f0bd09f333d0670ae289f,a657716b365a122b163603b0e1765643f85c61b2bec1f6f0a04d983968ae002b,Tomato___Septoria_leaf_spot/459318c1-ddb2-4f9c-b497-6280e1e82b96___JR_Sept.L.S 2635.JPG,Tomato___Septoria_leaf_spot/98da1654-e91d-48d7-931c-9642d46a9f77___JR_Sept.L.S 2634.JPG,Tomato___Septoria_leaf_spot,Tomato___Septoria_leaf_spot,train,val,8,True
7e46b3c4e9bff1554dcebd27b2200bdb1b3d0fc72aedcb30e559a6b019b23bbb,32b0fc4efe55aa559cb30c214d1ff442289f927659923cf058ff3daba38064eb,Tomato___Spider_mites Two-spotted_spider_mite/c4888a9c-836d-4024-a44e-7e451470388d___Com.G_SpM_FL 9447.JPG,Tomato___Tomato_Yellow_Leaf_Curl_Virus/adc3a730-4492-412b-b282-23a43f68a516___YLCV_NREC 0304.JPG,Tomato___Spider_mites Two-spotted_spider_mite,Tomato___Tomato_Yellow_Leaf_Curl_Virus,test,train,8,True
7ed2b81a2b8ee04ede332319617324f45239d4343a1bf3207e63774bf51cf2d9,15e70fb1b49e61c41c78cd0e29fe524c00e09e1d71c9ec7de14605792aa161aa,Tomato___Early_blight/17a09abf-ee69-4d46-ac80-f8608d799b19___RS_Erly.B 7451.JPG,Tomato___Spider_mites Two-spotted_spider_mite/b4734f01-4373-4566-ab26-535b4883d443___Com.G_SpM_FL 8816.JPG,Tomato___Early_blight,Tomato___Spider_mites Two-spotted_spider_mite,test,train,8,True
7f0d49aed4cb8e0fc0bc28f6d2ec7877f256008646ddaa72ce7b0110d5753b58,04983afd4ccd2a6ba0fe432244d8d58eace4cb43a508040968c1610757aafb57,Tomato___Leaf_Mold/b0f88a05-dfca-4814-9080-fb0a3fa0ee0c___Crnl_L.Mold 6978.JPG,Tomato___Tomato_Yellow_Leaf_Curl_Virus/114aede5-a632-4623-8c0e-5517a4a207e7___YLCV_GCREC 2702.JPG,Tomato___Leaf_Mold,Tomato___Tomato_Yellow_Leaf_Curl_Virus,train,val,8,True
7f0d49aed4cb8e0fc0bc28f6d2ec7877f256008646ddaa72ce7b0110d5753b58,9b7b5866ad6c97228768c6f5108a69e65214a136ba60ba05057848f296c867f5,Tomato___Leaf_Mold/b0f88a05-dfca-4814-9080-fb0a3fa0ee0c___Crnl_L.Mold 6978.JPG,Tomato___Spider_mites Two-spotted_spider_mite/92e113f7-cb96-47b7-a9a9-e03c29d0662c___Com.G_SpM_FL 1757.JPG,Tomato___Leaf_Mold,Tomato___Spider_mites Two-spotted_spider_mite,train,val,8,True
7f594db55a909ff4ec82d5c1afad77ec65b2144e8749d6879e2550490c9fee86,0c8aba5d8918d33203d34971f3370308010406b6e517a4c86a223341a7e06cf3,Tomato___Bacterial_spot/ea4ddb4b-216a-4ec2-85bc-06314c7de145___GCREC_Bact.Sp 3022.JPG,Tomato___Septoria_leaf_spot/57628952-daac-46fc-950e-f57e3b418703___Matt.S_CG 7653.JPG,Tomato___Bacterial_spot,Tomato___Septoria_leaf_spot,test,train,8,True
7f594db55a909ff4ec82d5c1afad77ec65b2144e8749d6879e2550490c9fee86,122aa3b0ac374bdc4c356feaa74175cd8a72704ac9ab0aaf99023e5434f1e334,Tomato___Bacterial_spot/ea4ddb4b-216a-4ec2-85bc-06314c7de145___GCREC_Bact.Sp 3022.JPG,Tomato___Target_Spot/225b37a6-449f-4436-92be-ae3299f968a4___Com.G_TgS_FL 8197.JPG,Tomato___Bacterial_spot,Tomato___Target_Spot,test,train,8,True
7f594db55a909ff4ec82d5c1afad77ec65b2144e8749d6879e2550490c9fee86,539548aa08f2ada5508901653077b0460d1758aa8e6a1ec22e5b96ba069bdebb,Tomato___Bacterial_spot/ea4ddb4b-216a-4ec2-85bc-06314c7de145___GCREC_Bact.Sp 3022.JPG,Tomato___Spider_mites Two-spotted_spider_mite/fe1c35cf-8f9d-4986-b8b3-6d116bc8b388___Com.G_SpM_FL 8633.JPG,Tomato___Bacterial_spot,Tomato___Spider_mites Two-spotted_spider_mite,test,train,8,True
7f594db55a909ff4ec82d5c1afad77ec65b2144e8749d6879e2550490c9fee86,58030925de75de720225e2284aa9c036ea7414a557e2ebe1fca56c85e513d7ee,Tomato___Bacterial_spot/ea4ddb4b-216a-4ec2-85bc-06314c7de145___GCREC_Bact.Sp 3022.JPG,Tomato___Target_Spot/eb278265-e24b-4628-8941-c0b7b167cb27___Com.G_TgS_FL 0783.JPG,Tomato___Bacterial_spot,Tomato___Target_Spot,test,train,8,True
7f594db55a909ff4ec82d5c1afad77ec65b2144e8749d6879e2550490c9fee86,ba5de53f59194cbedaeed80ec5c7fb0d811bdbc9cb63385aa8681968e75b19d6,Tomato___Bacterial_spot/ea4ddb4b-216a-4ec2-85bc-06314c7de145___GCREC_Bact.Sp 3022.JPG,Tomato___Bacterial_spot/0b233197-cd35-4031-80c2-610e7e3a046b___GCREC_Bact.Sp 6095.JPG,Tomato___Bacterial_spot,Tomato___Bacterial_spot,test,train,8,True
7f594db55a909ff4ec82d5c1afad77ec65b2144e8749d6879e2550490c9fee86,cf1e90aa1f8061e079631c9e20b2d0d409df8fe93ceb839b3d5d7c838cfe7852,Tomato___Bacterial_spot/ea4ddb4b-216a-4ec2-85bc-06314c7de145___GCREC_Bact.Sp 3022.JPG,Tomato___Bacterial_spot/122e4db5-bfc6-44b2-b7c5-bf05d040ca79___GCREC_Bact.Sp 5782.JPG,Tomato___Bacterial_spot,Tomato___Bacterial_spot,test,train,8,True
7f594db55a909ff4ec82d5c1afad77ec65b2144e8749d6879e2550490c9fee86,d0ef87a5c8032599134bd37dbc5c90c73032d0ff68f579f0fb110a7f0af71de6,Tomato___Bacterial_spot/ea4ddb4b-216a-4ec2-85bc-06314c7de145___GCREC_Bact.Sp 3022.JPG,Tomato___Tomato_Yellow_Leaf_Curl_Virus/5082c000-323f-4002-86e1-d446e94be8f7___YLCV_GCREC 2670.JPG,Tomato___Bacterial_spot,Tomato___Tomato_Yellow_Leaf_Curl_Virus,test,train,8,True
7f594db55a909ff4ec82d5c1afad77ec65b2144e8749d6879e2550490c9fee86,d1364092ed8461de1162734e9c5eefe48799ff99cca212c0a5f81dea023ffd01,Tomato___Bacterial_spot/ea4ddb4b-216a-4ec2-85bc-06314c7de145___GCREC_Bact.Sp 3022.JPG,Tomato___Bacterial_spot/6a4ce1e3-a768-4f6e-96cf-3590df10fdc5___GCREC_Bact.Sp 3608.JPG,Tomato___Bacterial_spot,Tomato___Bacterial_spot,test,train,8,True
7f594db55a909ff4ec82d5c1afad77ec65b2144e8749d6879e2550490c9fee86,eacd66681479fc9c3c02be9f51e347388f7baffbaf82a093e0334fdb9aa38e31,Tomato___Bacterial_spot/ea4ddb4b-216a-4ec2-85bc-06314c7de145___GCREC_Bact.Sp 3022.JPG,Tomato___Early_blight/0f12e22b-49a9-4d9a-84bc-76bb86ed2a14___RS_Erly.B 9572.JPG,Tomato___Bacterial_spot,Tomato___Early_blight,test,train,8,True
8083b70dd1bf22f5b6c3dda825a86ed483836cfb5980fe548c5cb17a42f92213,064cd82319e45315319381ee5943d1d3581a971914b7a8d3cbbd237399f29af4,Tomato___Bacterial_spot/17ee90d7-f733-4026-a83e-c5c87ad88e67___GCREC_Bact.Sp 5623.JPG,Tomato___healthy/27ed6a35-3fb7-4d57-9cb4-b368c1f4f6eb___RS_HL 9665.JPG,Tomato___Bacterial_spot,Tomato___healthy,train,val,8,True
80de3914ff7334e555f48ee4c1d3aea17aba612d99e201d171749ea80bfb2e73,6a84c949c64e01d1f343b55fe7f9805d6041fb81a848a58514cf409f53ceb3a6,Tomato___Tomato_Yellow_Leaf_Curl_Virus/57b31c9e-51bb-49c9-8950-91a4e27eca5f___YLCV_GCREC 2764.JPG,Tomato___Tomato_Yellow_Leaf_Curl_Virus/05fcb411-6673-4c9a-a028-6cf70a8033a6___YLCV_NREC 0197.JPG,Tomato___Tomato_Yellow_Leaf_Curl_Virus,Tomato___Tomato_Yellow_Leaf_Curl_Virus,test,train,8,True
815541a3ca7625d53f2d506d22eda944aa51006f8205aafb7b4eb1325377594e,89abeb64405f24490b67c1f26a9a46e3de275a40899858b3fe5fc9084b88d24e,Tomato___Tomato_Yellow_Leaf_Curl_Virus/99360874-81da-4658-ad04-3f454f15bc9f___YLCV_NREC 2524.JPG,Tomato___Target_Spot/10e35abb-b0a4-4aa2-a533-ab12c7fbe76a___Com.G_TgS_FL 8035.JPG,Tomato___Tomato_Yellow_Leaf_Curl_Virus,Tomato___Target_Spot,test,train,8,True
815e6093dbb508dd80b69b0278a2bcdfc2e365a19df454a8af91cfdae36230f8,6d25d0926a3c23302b07672e50d8b3835b4e2946d2d21d4a0285d330fce68866,Tomato___Bacterial_spot/8a5ddf5c-d342-4729-95cc-e846494d37ed___GCREC_Bact.Sp 3130.JPG,Tomato___Bacterial_spot/1a83cb1d-6e47-4caf-931f-61ecad37dca4___GCREC_Bact.Sp 6167.JPG,Tomato___Bacterial_spot,Tomato___Bacterial_spot,train,val,8,True
815e6093dbb508dd80b69b0278a2bcdfc2e365a19df454a8af91cfdae36230f8,9447443cb0b6641ddf71c2f70288090b8b80194fbec5473d97a4cae042249c76,Tomato___Bacterial_spot/8a5ddf5c-d342-4729-95cc-e846494d37ed___GCREC_Bact.Sp 3130.JPG,Tomato___Tomato_Yellow_Leaf_Curl_Virus/4c91c53b-4c37-4029-974b-97daae68f9ab___UF.GRC_YLCV_Lab 01360.JPG,Tomato___Bacterial_spot,Tomato___Tomato_Yellow_Leaf_Curl_Virus,train,val,8,True
81aea847927dedad0663090a9def087211a675c6b126c205ea32d00ad42c7e16,8a4e2da95bbb492c37f58e3d7409d0cc2f1220fa2051db517b75337159759061,Tomato___Septoria_leaf_spot/b06c3d4e-04cf-4eff-82fa-4553264a21e0___JR_Sept.L.S 2615.JPG,Tomato___Target_Spot/d10a8e5b-bf53-45de-adbe-ea42f9bcb937___Com.G_TgS_FL 9910.JPG,Tomato___Septoria_leaf_spot,Tomato___Target_Spot,test,train,8,True
81be7f4a16241cd55460c9ee116f1f253b113c7f5db8584ca430b091dc64f5ae,08e1a931dc3e60c1160d9f03fe1d3bee0a7acf680d6bb7a9e42563f0edad377a,Tomato___Early_blight/a3611dae-1359-41af-b506-0b012c37a451___RS_Erly.B 7368.JPG,Tomato___Bacterial_spot/9f3bb55d-b52d-4be3-b89b-e7c8cbe8e131___GCREC_Bact.Sp 3112.JPG,Tomato___Early_blight,Tomato___Bacterial_spot,test,val,8,True
81be7f4a16241cd55460c9ee116f1f253b113c7f5db8584ca430b091dc64f5ae,658559319f014a592049e1a660d4e5d95bfab9dabc87aeda46736ecba21eb6a2,Tomato___Early_blight/a3611dae-1359-41af-b506-0b012c37a451___RS_Erly.B 7368.JPG,Tomato___Bacterial_spot/cb4644f6-9f79-4cad-96e8-08da62d43550___GCREC_Bact.Sp 5732.JPG,Tomato___Early_blight,Tomato___Bacterial_spot,test,train,8,True
81be7f4a16241cd55460c9ee116f1f253b113c7f5db8584ca430b091dc64f5ae,69b596318aed2824a4dec9327ec4bd708f53248a733f139d019a16c2131ffd1d,Tomato___Early_blight/a3611dae-1359-41af-b506-0b012c37a451___RS_Erly.B 7368.JPG,Tomato___Bacterial_spot/19a19d0b-373f-497a-89bf-ea941ff5e12b___GCREC_Bact.Sp 3124.JPG,Tomato___Early_blight,Tomato___Bacterial_spot,test,train,8,True
81be7f4a16241cd55460c9ee116f1f253b113c7f5db8584ca430b091dc64f5ae,9470bc01dbf17b1a6adfcfe79312198eea7d56aae277c91af3d8d232dbe6fba2,Tomato___Early_blight/a3611dae-1359-41af-b506-0b012c37a451___RS_Erly.B 7368.JPG,Tomato___Bacterial_spot/7b40e020-e33c-4e9f-8093-d7593b8340dc___GCREC_Bact.Sp 3348.JPG,Tomato___Early_blight,Tomato___Bacterial_spot,test,train,8,True
82b85062d2103f192fc301bb31ce586a53d198546cfe4a84e2bba726e4f1ccc7,8abb0239b8dd964361b270e03540b04991ec239d704b34cfc18831fdaf5aacf6,Tomato___Spider_mites Two-spotted_spider_mite/a75666ed-91d1-4f47-bcf2-554c8a5a3fd5___Com.G_SpM_FL 9551.JPG,Tomato___Spider_mites Two-spotted_spider_mite/0d956449-8243-4229-b293-124461cc4940___Com.G_SpM_FL 9325.JPG,Tomato___Spider_mites Two-spotted_spider_mite,Tomato___Spider_mites Two-spotted_spider_mite,train,val,8,True
82b85062d2103f192fc301bb31ce586a53d198546cfe4a84e2bba726e4f1ccc7,93b7c95efdb9bababb5aca7728b4e7b31527694979e08d1a7d53bf2c7cae6bb8,Tomato___Spider_mites Two-spotted_spider_mite/a75666ed-91d1-4f47-bcf2-554c8a5a3fd5___Com.G_SpM_FL 9551.JPG,Tomato___Spider_mites Two-spotted_spider_mite/d60456fc-4596-45b6-97bf-ea1c5855297e___Com.G_SpM_FL 9555.JPG,Tomato___Spider_mites Two-spotted_spider_mite,Tomato___Spider_mites Two-spotted_spider_mite,train,val,8,True
82dc9f3f193f3088eae7e0e360b80b2e6b662c168f8d751295207105f8996699,4c34e82e2f8f81a923fd9677ad91eaa4ad9772f7afde5015cf85403d4fa39be6,Tomato___Bacterial_spot/eabc7def-52d6-4383-8d81-ffbe7beedce8___GCREC_Bact.Sp 5572.JPG,Tomato___Bacterial_spot/31549f17-8b3c-4a16-9775-d3c50db39fb8___GCREC_Bact.Sp 5968.JPG,Tomato___Bacterial_spot,Tomato___Bacterial_spot,train,val,8,True
83197d247b5a3252a56154fd6d97d41fd3b6067c73fb905cd4c7d1a3c375b606,acaa1c0a130101a87c1f9829bd013358609d55689b23f57d37fa60feba009dd3,Tomato___Tomato_Yellow_Leaf_Curl_Virus/8bd55b06-6ef9-44eb-94c3-99e679e6021b___UF.GRC_YLCV_Lab 02659.JPG,Tomato___Tomato_Yellow_Leaf_Curl_Virus/87f03c98-0901-4f4d-8a31-41c9260ff9b1___UF.GRC_YLCV_Lab 02658.JPG,Tomato___Tomato_Yellow_Leaf_Curl_Virus,Tomato___Tomato_Yellow_Leaf_Curl_Virus,test,train,8,True
8385bfc4348171788ff9fc6d073e8d183718a22e8b93bdd1549ef28b2aec85e3,03fb8fc138e3ba6f971a5f5959262d4fc1b5a07a1b646ac8406aa42addfd89b1,Tomato___Spider_mites Two-spotted_spider_mite/edfb0fe5-a10c-469d-9346-802e68dfcd58___Com.G_SpM_FL 9390.JPG,Tomato___Spider_mites Two-spotted_spider_mite/851ea0ae-63c2-4f43-825e-e5e60b636ec0___Com.G_SpM_FL 1747.JPG,Tomato___Spider_mites Two-spotted_spider_mite,Tomato___Spider_mites Two-spotted_spider_mite,test,train,8,True
8385bfc4348171788ff9fc6d073e8d183718a22e8b93bdd1549ef28b2aec85e3,23e7c0f6e9345cb2ef138f7365355b172557a243d3992cb9eb1dd1cbfdcfa9f1,Tomato___Spider_mites Two-spotted_spider_mite/edfb0fe5-a10c-469d-9346-802e68dfcd58___Com.G_SpM_FL 9390.JPG,Tomato___Tomato_Yellow_Leaf_Curl_Virus/9a7ed46b-c399-44d6-bfde-43593776f56e___YLCV_GCREC 2452.JPG,Tomato___Spider_mites Two-spotted_spider_mite,Tomato___Tomato_Yellow_Leaf_Curl_Virus,test,val,8,True
8385bfc4348171788ff9fc6d073e8d183718a22e8b93bdd1549ef28b2aec85e3,52d570f983633cd9890b4aaca95f399c74a4f2ee97ef49c2914a2ad0de3103f1,Tomato___Spider_mites Two-spotted_spider_mite/edfb0fe5-a10c-469d-9346-802e68dfcd58___Com.G_SpM_FL 9390.JPG,Tomato___Spider_mites Two-spotted_spider_mite/1ff30221-d082-4dd3-ab7b-0028ecf897db___Com.G_SpM_FL 9608.JPG,Tomato___Spider_mites Two-spotted_spider_mite,Tomato___Spider_mites Two-spotted_spider_mite,test,train,8,True
8385bfc4348171788ff9fc6d073e8d183718a22e8b93bdd1549ef28b2aec85e3,82b85062d2103f192fc301bb31ce586a53d198546cfe4a84e2bba726e4f1ccc7,Tomato___Spider_mites Two-spotted_spider_mite/edfb0fe5-a10c-469d-9346-802e68dfcd58___Com.G_SpM_FL 9390.JPG,Tomato___Spider_mites Two-spotted_spider_mite/a75666ed-91d1-4f47-bcf2-554c8a5a3fd5___Com.G_SpM_FL 9551.JPG,Tomato___Spider_mites Two-spotted_spider_mite,Tomato___Spider_mites Two-spotted_spider_mite,test,train,8,True
8385bfc4348171788ff9fc6d073e8d183718a22e8b93bdd1549ef28b2aec85e3,a1178f20d67b653083a8df426faa78524996401bc8dd68973c2c059252ed5c9d,Tomato___Spider_mites Two-spotted_spider_mite/edfb0fe5-a10c-469d-9346-802e68dfcd58___Com.G_SpM_FL 9390.JPG,Tomato___Spider_mites Two-spotted_spider_mite/8d0dffc7-aecb-4583-b3a3-1027fb4fd3d1___Com.G_SpM_FL 9567.JPG,Tomato___Spider_mites Two-spotted_spider_mite,Tomato___Spider_mites Two-spotted_spider_mite,test,val,8,True
8385bfc4348171788ff9fc6d073e8d183718a22e8b93bdd1549ef28b2aec85e3,bcc1087f1e34b8dbad24e44ee969456502be09cd4aa415ff06e011e6e7b57237,Tomato___Spider_mites Two-spotted_spider_mite/edfb0fe5-a10c-469d-9346-802e68dfcd58___Com.G_SpM_FL 9390.JPG,Tomato___Spider_mites Two-spotted_spider_mite/f7b7b4c8-1420-4ffe-ba64-97be026edeb4___Com.G_SpM_FL 8978.JPG,Tomato___Spider_mites Two-spotted_spider_mite,Tomato___Spider_mites Two-spotted_spider_mite,test,train,8,True
8385bfc4348171788ff9fc6d073e8d183718a22e8b93bdd1549ef28b2aec85e3,faa7b43c1847ee8cbd18dc3ee691ba0e1eea5705a75879a047a7289c2b92bf32,Tomato___Spider_mites Two-spotted_spider_mite/edfb0fe5-a10c-469d-9346-802e68dfcd58___Com.G_SpM_FL 9390.JPG,Tomato___Spider_mites Two-spotted_spider_mite/12a4f265-5ed5-4818-be8a-5225f8043446___Com.G_SpM_FL 1554.JPG,Tomato___Spider_mites Two-spotted_spider_mite,Tomato___Spider_mites Two-spotted_spider_mite,test,train,8,True
83903a7444c6fa27f4d4462363b2330c0e0938e57b12c30efcc1749dc671e64c,5f74feec6bbd2499e8073c7af3b1cf7ff5a5926522a73bc2757a2ee97fef75f8,Tomato___Septoria_leaf_spot/70ee4f41-ddc6-4626-9a67-44c3a072e509___Matt.S_CG 6680.JPG,Tomato___Bacterial_spot/841ea726-5c4a-4447-9f56-0eda38f002d2___GCREC_Bact.Sp 3388.JPG,Tomato___Septoria_leaf_spot,Tomato___Bacterial_spot,train,val,8,True
83d74c10b08108fb519e64616d3fc5e1f271dff5ec71d4247b516f572c8c6678,ef2f151cd870aff92bdc1c2ecd97926d59cf6191123e0a0b13ca19e10ef424b3,Tomato___Tomato_Yellow_Leaf_Curl_Virus/7c466e1e-fab1-49ad-8886-f91308c5a1ab___UF.GRC_YLCV_Lab 02184.JPG,Tomato___Tomato_Yellow_Leaf_Curl_Virus/78026401-90de-477b-8c6d-e9bde6f41f41___UF.GRC_YLCV_Lab 02185.JPG,Tomato___Tomato_Yellow_Leaf_Curl_Virus,Tomato___Tomato_Yellow_Leaf_Curl_Virus,train,val,8,True
8438a6d5284bb2bdc4f6f7a43b6683a40392dc0824afe5da8cfd2b097f00f675,9f975c0123368bdc4b7ec172a9bcc56b210d5f32a68139033a628fae2e23f3b4,Tomato___Spider_mites Two-spotted_spider_mite/f41b78aa-281c-416f-9d9b-4a5a3d9f20fc___Com.G_SpM_FL 9012.JPG,Tomato___Spider_mites Two-spotted_spider_mite/4a6a93a5-d51c-4769-8669-12ec54d87ce6___Com.G_SpM_FL 9441.JPG,Tomato___Spider_mites Two-spotted_spider_mite,Tomato___Spider_mites Two-spotted_spider_mite,train,val,8,True
846ddf6bafdedcea7d0c71eac1ff112daa715955ad2be021030a95a84298d755,4782c01c026ee103acfde838441fcb9315d0bd25af89474a673a82ecf362c5c9,Tomato___Tomato_Yellow_Leaf_Curl_Virus/c7cae581-0ef1-4e2f-8b45-36fb037fdbc7___UF.GRC_YLCV_Lab 02374.JPG,Tomato___Tomato_Yellow_Leaf_Curl_Virus/5a3f63fd-717e-442a-8fa4-a904ec2dfe2f___UF.GRC_YLCV_Lab 02362.JPG,Tomato___Tomato_Yellow_Leaf_Curl_Virus,Tomato___Tomato_Yellow_Leaf_Curl_Virus,test,train,8,True
856960946febc5e0bbf1acd4862fb3d21c5c839e66391d5a1e1db4a8935589a3,2e577a9542c0a34d2873670cd3b5f3416272ba063626154d7283fc3afe7d4a4d,Tomato___Bacterial_spot/51cb7cc6-9562-4d43-9b6d-0bf168ea8ddd___GCREC_Bact.Sp 5854.JPG,Tomato___Bacterial_spot/e14b7ae8-96ff-47e0-8b35-aa7203dc49d5___GCREC_Bact.Sp 3020.JPG,Tomato___Bacterial_spot,Tomato___Bacterial_spot,train,val,8,True
85c70a43d0d7b074a98bc8421baa3a94cea6dc957d4b32a116a300df3ecfba95,5dfa19207cf9016ac936c5e5ee322f3e9a8535eb5a2572dbc7d01aa7c1d9fec2,Tomato___Spider_mites Two-spotted_spider_mite/8745069c-b83d-4672-8f04-03d33e276cd7___Com.G_SpM_FL 9028.JPG,Tomato___Spider_mites Two-spotted_spider_mite/7c8a88f4-1182-4813-b6b8-4b69a862afaf___Com.G_SpM_FL 1301.JPG,Tomato___Spider_mites Two-spotted_spider_mite,Tomato___Spider_mites Two-spotted_spider_mite,train,val,8,True
860f53431053f015aee7cd1b056bed5179fa8e917e8dbcae646ba0214805465c,8e2ffefd6663b2474b03c99b11a57d878f11fcf8394fa2aaca36e26c76434b66,Tomato___Target_Spot/b2bf7586-9182-403a-b639-2eb26a2440b4___Com.G_TgS_FL 9688.JPG,Tomato___Target_Spot/e34619bf-28f8-408c-9eda-5975feabaf43___Com.G_TgS_FL 9672.JPG,Tomato___Target_Spot,Tomato___Target_Spot,train,val,8,True
8616bed65cff45f3d48c4f19248d5814267f469da1e760ce35ef0f77ffbfd167,5f74feec6bbd2499e8073c7af3b1cf7ff5a5926522a73bc2757a2ee97fef75f8,Tomato___Bacterial_spot/2cafa053-4dd6-4528-bb4f-53e4afeecefe___GCREC_Bact.Sp 2968.JPG,Tomato___Bacterial_spot/841ea726-5c4a-4447-9f56-0eda38f002d2___GCREC_Bact.Sp 3388.JPG,Tomato___Bacterial_spot,Tomato___Bacterial_spot,train,val,8,True
86946bf8dcb48a3148ef3680429af7f6f8bdd83e92c8e8d0f9e548a6e118c83d,3b4f3c1fdbe32d4ee6a123ef0f28ad86c5baa2150fac430113c006c371dd8cc6,Tomato___Target_Spot/39c2047a-9d7b-489e-b790-45bf9340ee97___Com.G_TgS_FL 8331.JPG,Tomato___Target_Spot/0d15f8d7-a777-4c3b-b5e4-5b1d31661e89___Com.G_TgS_FL 1094.JPG,Tomato___Target_Spot,Tomato___Target_Spot,test,train,8,True
873a1979f4cf9038a78459a131289266e9a020e2463bf11272ecd6d7ff0bf4a7,9420cc1bab3684a9b021fd83d95d957b34a4f55c97c336dddb4825ec1e60ba6d,Tomato___Spider_mites Two-spotted_spider_mite/25245f74-df2c-442d-8146-bdf161cc18f2___Com.G_SpM_FL 1419.JPG,Tomato___Spider_mites Two-spotted_spider_mite/45d0aca4-ce49-43cb-af35-99ac8d283930___Com.G_SpM_FL 1459.JPG,Tomato___Spider_mites Two-spotted_spider_mite,Tomato___Spider_mites Two-spotted_spider_mite,test,val,8,True
873a1979f4cf9038a78459a131289266e9a020e2463bf11272ecd6d7ff0bf4a7,97ddeeef9416dc27130839beebf387ff9f51b45d070b468742c7f29faa64ad2f,Tomato___Spider_mites Two-spotted_spider_mite/25245f74-df2c-442d-8146-bdf161cc18f2___Com.G_SpM_FL 1419.JPG,Tomato___Septoria_leaf_spot/12703385-4e74-4e56-b90a-fede2827fbf2___Matt.S_CG 6039.JPG,Tomato___Spider_mites Two-spotted_spider_mite,Tomato___Septoria_leaf_spot,test,train,8,True
873a1979f4cf9038a78459a131289266e9a020e2463bf11272ecd6d7ff0bf4a7,b826cfa4068aab3df187a84157372589307e1420d969b7cb46bf3cb97e1efa6b,Tomato___Spider_mites Two-spotted_spider_mite/25245f74-df2c-442d-8146-bdf161cc18f2___Com.G_SpM_FL 1419.JPG,Tomato___Septoria_leaf_spot/969a199c-8cf8-4a0a-94ef-d7a23569417b___Matt.S_CG 1586.JPG,Tomato___Spider_mites Two-spotted_spider_mite,Tomato___Septoria_leaf_spot,test,val,8,True
873a1979f4cf9038a78459a131289266e9a020e2463bf11272ecd6d7ff0bf4a7,e25c183981e4a15fbb643cc02186279e895a2ddc76517a1ce63534c618bc0630,Tomato___Spider_mites Two-spotted_spider_mite/25245f74-df2c-442d-8146-bdf161cc18f2___Com.G_SpM_FL 1419.JPG,Tomato___Spider_mites Two-spotted_spider_mite/0cee18fc-bbbd-40dd-8d73-93df072c09ea___Com.G_SpM_FL 8904.JPG,Tomato___Spider_mites Two-spotted_spider_mite,Tomato___Spider_mites Two-spotted_spider_mite,test,train,8,True
873a1979f4cf9038a78459a131289266e9a020e2463bf11272ecd6d7ff0bf4a7,efb44fa8ea7b49a2958304b53e254752bf114bf400fd5acf643f1deaf6678785,Tomato___Spider_mites Two-spotted_spider_mite/25245f74-df2c-442d-8146-bdf161cc18f2___Com.G_SpM_FL 1419.JPG,Tomato___Bacterial_spot/7c95cf7e-17c8-43c5-93ad-4934f2574120___GCREC_Bact.Sp 6279.JPG,Tomato___Spider_mites Two-spotted_spider_mite,Tomato___Bacterial_spot,test,val,8,True
873a1979f4cf9038a78459a131289266e9a020e2463bf11272ecd6d7ff0bf4a7,f683bdb79adfae84424c6d5e860fefc6266526d9165992d6fdb50c0d9603cb5e,Tomato___Spider_mites Two-spotted_spider_mite/25245f74-df2c-442d-8146-bdf161cc18f2___Com.G_SpM_FL 1419.JPG,Tomato___Spider_mites Two-spotted_spider_mite/e1b3535e-675c-4021-a14f-75da349d6127___Com.G_SpM_FL 8757.JPG,Tomato___Spider_mites Two-spotted_spider_mite,Tomato___Spider_mites Two-spotted_spider_mite,test,train,8,True
87ae2d3db3fdc84f2d967e578171c38960541fb2a07dcdef92f4d39383850609,5d78e021ca6bd7a4988855778c441bdd06579bf4d9110d5e40cdf9c2c1f5c94b,Tomato___Target_Spot/d1c4acfe-82e8-4f48-b8c7-39074dfe6f9e___Com.G_TgS_FL 9784.JPG,Tomato___Spider_mites Two-spotted_spider_mite/2c2f7f98-8c5b-4981-bb74-f827c5f963fe___Com.G_SpM_FL 8734.JPG,Tomato___Target_Spot,Tomato___Spider_mites Two-spotted_spider_mite,train,val,8,True
884c3642b5f69f71ce7d844828e3aa1d3021984b8c699304b782c4d60ede6a9a,18e8dedd5c2959994a5894e30207d78c10ae4a2ad07d8385e6f328b1a304ee45,Tomato___Bacterial_spot/3bed8328-2a32-49f3-b887-a083b1757259___GCREC_Bact.Sp 6171.JPG,Tomato___Bacterial_spot/59738947-4377-41ba-8a10-0335fdc27ab7___GCREC_Bact.Sp 3734.JPG,Tomato___Bacterial_spot,Tomato___Bacterial_spot,test,train,8,True
8862bb167b54cf85309444d9a88952d2e5c0442f44dc4ab7fe9648bbab1c7c9b,b3d1edf84834d4cdcb9353147755f7f8159ff2c96743a3bd1a29be231d174373,Tomato___Early_blight/b7294a44-e1fd-4eab-97ac-ed6669c58d8f___RS_Erly.B 7514.JPG,Tomato___Bacterial_spot/e45ae43b-3111-47af-8da4-65dc05595a7f___GCREC_Bact.Sp 5973.JPG,Tomato___Early_blight,Tomato___Bacterial_spot,test,train,8,True
897cf57d8744333d89a97e11036a5563f334bddc61b1112ee5f94c20c29b8cd9,e10681c79751d1489aad8dd577d86eadcf9d473e91e38dc248f4fefa2f72817d,Tomato___Bacterial_spot/b7abb659-e26e-42a0-a9d3-ddee98526b8f___GCREC_Bact.Sp 5748.JPG,Tomato___Bacterial_spot/e813e60a-25a6-4444-8fb6-eeab328d9ccc___GCREC_Bact.Sp 3573.JPG,Tomato___Bacterial_spot,Tomato___Bacterial_spot,train,val,8,True
89a263096fab647168fb5a2a3ef15a17b0a13d27e15cddb11552a46eaa3429bb,248c637e601f81e71ff3c24ecad96be95db26e3bb0746cd5183a0bd961cdb591,Tomato___Tomato_Yellow_Leaf_Curl_Virus/ce145bc2-c0fa-40b5-8622-38a7a88a1823___UF.GRC_YLCV_Lab 02441.JPG,Tomato___Tomato_Yellow_Leaf_Curl_Virus/b086e7d4-52fe-4779-b2a5-5927aec3e636___UF.GRC_YLCV_Lab 02437.JPG,Tomato___Tomato_Yellow_Leaf_Curl_Virus,Tomato___Tomato_Yellow_Leaf_Curl_Virus,train,val,8,True
89f14afd4140eab3a07f63cf2361c35306b6aa763fab4d2fe411fb8da3255816,7fd406ee2bcd7dd5449c2b449ce848cfefe5e9817540c3309bae4f26d3f11e0c,Tomato___Target_Spot/896ad268-fc74-45f5-b80b-ebf70336ef65___Com.G_TgS_FL 7994.JPG,Tomato___Target_Spot/d7b51750-838a-4abb-9d0a-d56bc5a64df2___Com.G_TgS_FL 0021.JPG,Tomato___Target_Spot,Tomato___Target_Spot,test,train,8,True
8a16912ca01781ab734a76cd2f3cba9f0b517980d1df3a202f85ea7f1950b11b,72b420af080db372574e64946f78e2ed80cb9017c789c4ea148178f3c77a567b,Tomato___Leaf_Mold/e40291b5-6b55-4c56-a044-3971e70eda1e___Crnl_L.Mold 7164.JPG,Tomato___Leaf_Mold/8f4781c0-53fa-4056-839e-400915d8aa5e___Crnl_L.Mold 6683.JPG,Tomato___Leaf_Mold,Tomato___Leaf_Mold,test,train,8,True
8a4e2da95bbb492c37f58e3d7409d0cc2f1220fa2051db517b75337159759061,285b4d9fc0d4c2870b03fb2fe7bc4653ad631636794cea037f9c49d3a6a72347,Tomato___Target_Spot/d10a8e5b-bf53-45de-adbe-ea42f9bcb937___Com.G_TgS_FL 9910.JPG,Tomato___Target_Spot/11d94c10-2699-48ee-b3fb-27d4ac60aeaf___Com.G_TgS_FL 9894.JPG,Tomato___Target_Spot,Tomato___Target_Spot,train,val,8,True
8a65a0d709ede51b559d262d86aaa66ca832194322e7c5e90cabd4a369307798,c9be9bb9c06a2195f2cfd5eb0c8446891687f313cadbf0e5973b1bdf5669c38f,Tomato___Tomato_Yellow_Leaf_Curl_Virus/fafa446d-bbd4-4fe2-a0a8-72472392548e___UF.GRC_YLCV_Lab 03233.JPG,Tomato___Tomato_Yellow_Leaf_Curl_Virus/57faea2c-eb21-4af3-95f9-87ccef203c42___UF.GRC_YLCV_Lab 03232.JPG,Tomato___Tomato_Yellow_Leaf_Curl_Virus,Tomato___Tomato_Yellow_Leaf_Curl_Virus,test,train,8,True
8cc87d0a0b4a4b70ac74a906c2c7f67e3763683ca490951aa880527c22f2305a,9a8df682a27a5ff51307ea45c072c7d1227e91c1e4684a16e3edca7323607e3f,Tomato___Bacterial_spot/e82d7b9f-9e5a-4d2c-9094-4b3961a062bd___GCREC_Bact.Sp 2976.JPG,Tomato___Bacterial_spot/27a806fe-06f2-48fb-92cf-32d44d545606___GCREC_Bact.Sp 3052.JPG,Tomato___Bacterial_spot,Tomato___Bacterial_spot,train,val,8,True
8cc87d0a0b4a4b70ac74a906c2c7f67e3763683ca490951aa880527c22f2305a,e38752b3eb03c5793d5a362bcb46bf28073d8adaf03bdcc0aba4744476ea1ba0,Tomato___Bacterial_spot/e82d7b9f-9e5a-4d2c-9094-4b3961a062bd___GCREC_Bact.Sp 2976.JPG,Tomato___Bacterial_spot/a6d6640b-c086-44f5-a53f-8cb59f72a7b4___GCREC_Bact.Sp 5886.JPG,Tomato___Bacterial_spot,Tomato___Bacterial_spot,train,val,8,True
8dbd43bfa4f1ceb51ec04f138f6b6d0fffcfefd0669a63ac165306ee12e3a47f,e1f608d40dcdfadc23218c98a23e88bfaa99e4b1e7ba6a7d8899f16b14c4bc52,Tomato___Late_blight/c1f3a153-7738-4cdc-a8a2-003e7221001a___GHLB2 Leaf 9013.JPG,Tomato___Late_blight/da40dbcb-5ed7-428a-9c64-34c0b6ab7219___GHLB2 Leaf 9009.JPG,Tomato___Late_blight,Tomato___Late_blight,test,train,8,True
8e61016f9605cb6228c24e2733197397a5e55bb1a8313cb6995ed3d8f8c48f81,daf96da20d0bb4e0e22a5e956b2037516317d05facb798e961ca3e9086c47c18,Tomato___Early_blight/e6645f63-afc8-416a-a4cb-0f5c719476ae___RS_Erly.B 6419.JPG,Tomato___Leaf_Mold/9332f136-9cb8-4b78-b6fa-507b03fc6d6a___Crnl_L.Mold 6764.JPG,Tomato___Early_blight,Tomato___Leaf_Mold,train,val,8,True
8e9daf35a08a088b12c4e7b43f1cb155200b8cd8f98b3dc47c923e3e0bb0124e,a57b2b8368604732d699bbc777a4207b98e840b924acb1f12f8145c7ecfe6b38,Tomato___Spider_mites Two-spotted_spider_mite/5dfe90b9-9c33-4d29-bc96-c08dd5cf5d05___Com.G_SpM_FL 1185.JPG,Tomato___Tomato_Yellow_Leaf_Curl_Virus/0a9560c4-1430-4514-93c4-7036f6fee43d___UF.GRC_YLCV_Lab 01280.JPG,Tomato___Spider_mites Two-spotted_spider_mite,Tomato___Tomato_Yellow_Leaf_Curl_Virus,test,train,8,True
8edc01a0d5c3812d652ab6a924b0b39367fd9d0b9351a4920a704bf07b837203,d91bfff18d7bdc7cc1b06b971b00d1859528641ba55f43e88fff2e8645356a9e,Tomato___Tomato_Yellow_Leaf_Curl_Virus/b3481eef-aed0-41cf-a27b-ffbcff8b7928___UF.GRC_YLCV_Lab 02464.JPG,Tomato___Tomato_Yellow_Leaf_Curl_Virus/6f7f519d-9af2-4532-80c0-7a06311d776e___UF.GRC_YLCV_Lab 02465.JPG,Tomato___Tomato_Yellow_Leaf_Curl_Virus,Tomato___Tomato_Yellow_Leaf_Curl_Virus,train,val,8,True
8f7d78c2c30addd6f1d81ebd98a5c9c845e372f32d82d030679cf538dc9c736d,d99a357e9f39affbb1dc642d7981107e83b1b1f3266aa55db4b28c88bc3a317c,Tomato___Bacterial_spot/2359d490-4be7-4328-97bf-860b2f78bc19___GCREC_Bact.Sp 6113.JPG,Tomato___Bacterial_spot/50950fff-ebce-4985-bf46-713a0cdae29c___GCREC_Bact.Sp 5589.JPG,Tomato___Bacterial_spot,Tomato___Bacterial_spot,train,val,8,True
8f98f99ee8db452bf37b87a3c56df705290b91a754f8bc3fb12637e223b4984d,5e5d6229f30b3f52f0ebe66e8c2e58a6385fd38fab9b766c925830d1f79c9cac,Tomato___Tomato_Yellow_Leaf_Curl_Virus/98a26c39-bf0a-44ca-9856-b855c8a96bd1___YLCV_GCREC 5273.JPG,Tomato___Spider_mites Two-spotted_spider_mite/e1b32a63-c580-47e4-a2e9-d08d32923d9d___Com.G_SpM_FL 8420.JPG,Tomato___Tomato_Yellow_Leaf_Curl_Virus,Tomato___Spider_mites Two-spotted_spider_mite,test,train,8,True
8f98f99ee8db452bf37b87a3c56df705290b91a754f8bc3fb12637e223b4984d,f2ab2b689d438ddbed304725d13220dad4030c46725c9c81e12d0ee9b9701229,Tomato___Tomato_Yellow_Leaf_Curl_Virus/98a26c39-bf0a-44ca-9856-b855c8a96bd1___YLCV_GCREC 5273.JPG,Tomato___Tomato_Yellow_Leaf_Curl_Virus/403386c4-fd8e-4456-a769-b338bc992ea0___YLCV_NREC 2305.JPG,Tomato___Tomato_Yellow_Leaf_Curl_Virus,Tomato___Tomato_Yellow_Leaf_Curl_Virus,test,train,8,True
90011455dc32d80d19ca3cd6c7b5e0ee673208943d3ffb621713d0158a3e8efb,f8a12d80735e5544b6becae284b1a549461fdca8a53e8af6ec565d4bf90c8fa4,Tomato___Tomato_Yellow_Leaf_Curl_Virus/52cacd46-28dc-4604-b1b9-19bc2c89b124___YLCV_GCREC 2474.JPG,Tomato___Tomato_Yellow_Leaf_Curl_Virus/5c1d1466-a04e-4af3-9539-9da31467ddf7___YLCV_GCREC 2055.JPG,Tomato___Tomato_Yellow_Leaf_Curl_Virus,Tomato___Tomato_Yellow_Leaf_Curl_Virus,train,val,8,True
90488c14daba89488221ffcbbadfde2f3cbd23d5edf33c4677349d5a3837efe8,ae722ce35a2d44941607ca2a3562b63a275dae7b1d302c9fd2c5f961c93ab40f,Tomato___Tomato_Yellow_Leaf_Curl_Virus/c1fd6c41-2c00-498d-bb46-0ebb172b02e6___YLCV_NREC 2364.JPG,Tomato___Tomato_Yellow_Leaf_Curl_Virus/9bf28103-50ef-4fdc-a06c-86b61d34e8ae___YLCV_NREC 2865.JPG,Tomato___Tomato_Yellow_Leaf_Curl_Virus,Tomato___Tomato_Yellow_Leaf_Curl_Virus,test,train,8,True
907d4ebfbc0c8df6e54130119eb16248e7b36053e8e5b6427f0a9f48ecbd7e99,35adc110a29a5e0e106d4333c329dd4555bc0d14ee40e4ea67a0bae1d425b8b4,Tomato___Bacterial_spot/e6a975f7-b2f0-4dec-b360-c944abd984da___GCREC_Bact.Sp 3249.JPG,Tomato___Bacterial_spot/6a56a429-b241-428d-9fb7-7ea0b84d2b12___GCREC_Bact.Sp 3246.JPG,Tomato___Bacterial_spot,Tomato___Bacterial_spot,test,train,8,True
90a603f10ab39f12624f18524f0a821a5506d39ff570110e191a8bf1e631278d,1ee7bdc2ff3c2d3ce48ee5d006f5965ddc380c2ca26114b01ec8dbd280e43928,Tomato___Spider_mites Two-spotted_spider_mite/8f46dd1e-a67f-4e94-87c2-8a405b9e3f49___Com.G_SpM_FL 9639.JPG,Tomato___Spider_mites Two-spotted_spider_mite/95ed6d10-20c2-4b45-9d3e-73b7bea122dc___Com.G_SpM_FL 8423.JPG,Tomato___Spider_mites Two-spotted_spider_mite,Tomato___Spider_mites Two-spotted_spider_mite,train,val,8,True
90a603f10ab39f12624f18524f0a821a5506d39ff570110e191a8bf1e631278d,fa8bcfa8360264a5348f8911160195473291a804ec9d291fa22b84bda07348ca,Tomato___Spider_mites Two-spotted_spider_mite/8f46dd1e-a67f-4e94-87c2-8a405b9e3f49___Com.G_SpM_FL 9639.JPG,Tomato___Spider_mites Two-spotted_spider_mite/1e0e0b1b-bc70-486b-9d85-f6e3ca348516___Com.G_SpM_FL 1285.JPG,Tomato___Spider_mites Two-spotted_spider_mite,Tomato___Spider_mites Two-spotted_spider_mite,train,val,8,True
90bc52b9c47e468cc13582e4ded7a4ba9a1b0fa8663f4d004f23f0c6fcfa1e16,2e99e30ff1cd326c00b2f2bee0e6a49aa511e6fb1aefc621423f58ea45684040,Tomato___Target_Spot/1cc31c92-0fbd-488a-b0a2-ef25f985bf13___Com.G_TgS_FL 9840.JPG,Tomato___Spider_mites Two-spotted_spider_mite/d2184d36-c149-4bab-bc07-66c9afce4567___Com.G_SpM_FL 9507.JPG,Tomato___Target_Spot,Tomato___Spider_mites Two-spotted_spider_mite,test,train,8,True
90db2111bc87466be4cf1f3cf9db95b254661bc18c4cf3ab606a51e44562fb02,62c6fd42c3603c43fea8984e05052abc7d67fa42880a645ce413439a86540217,Tomato___Tomato_Yellow_Leaf_Curl_Virus/1f3cf528-4e4e-4df7-936f-10c527a549da___UF.GRC_YLCV_Lab 01559.JPG,Tomato___Tomato_Yellow_Leaf_Curl_Virus/2db24fcd-55de-469e-8591-ff19e791146a___UF.GRC_YLCV_Lab 01563.JPG,Tomato___Tomato_Yellow_Leaf_Curl_Virus,Tomato___Tomato_Yellow_Leaf_Curl_Virus,test,train,8,True
90f8832c3e7a5df03e3d7586aeef3308656cb3e2007bacec4d67ac6dcc0b864b,bb4d15df105b042207182df1884c75bed31470121525eccbf6aea506ba032a3b,Tomato___Spider_mites Two-spotted_spider_mite/2e41d72c-c68b-44f1-8380-ece84ab98bfd___Com.G_SpM_FL 1727.JPG,Tomato___Spider_mites Two-spotted_spider_mite/338b9a2f-bdba-40e5-a861-b354fbf3e468___Com.G_SpM_FL 8630.JPG,Tomato___Spider_mites Two-spotted_spider_mite,Tomato___Spider_mites Two-spotted_spider_mite,test,train,8,True
9140564081d61f023adf29b9e1d46a98f110a6ceff2a5e6975ad6e59c858fdd0,a57f692c06f1f002d5f3d77ddaba11017cee5dd5c8b90e3aef92afd7d818aad8,Tomato___Tomato_Yellow_Leaf_Curl_Virus/403d44e4-8670-43a4-8d77-cebc53d1a08d___YLCV_NREC 2468.JPG,Tomato___Spider_mites Two-spotted_spider_mite/eac6b680-4e8b-48bf-b85b-c2296d7c1853___Com.G_SpM_FL 9565.JPG,Tomato___Tomato_Yellow_Leaf_Curl_Virus,Tomato___Spider_mites Two-spotted_spider_mite,train,val,8,True
9156c24a1ca1ba3451d8dddc0b50a279bf18a6efc1666288c1dafb44ae6a77b1,79c73c7060b94f57ac4fcb2703aa1deab232894baab8cf0df53d0ff3bdaf64ab,Tomato___Tomato_Yellow_Leaf_Curl_Virus/f527ed8b-e5c2-4412-948f-d940039d60d3___YLCV_GCREC 5168.JPG,Tomato___Spider_mites Two-spotted_spider_mite/d8a1b62d-7ea5-417c-aceb-b466f7822690___Com.G_SpM_FL 9487.JPG,Tomato___Tomato_Yellow_Leaf_Curl_Virus,Tomato___Spider_mites Two-spotted_spider_mite,train,val,8,True
91bc8042ac008322de8a41fbc2980011eb9225653c7eebf3a525cc896010b0f1,27b7c0b1c147346a0c15d51f660a1bc8348506eb0da13fa99d08f1423f0e12ce,Tomato___Tomato_Yellow_Leaf_Curl_Virus/a04cd262-ad83-468f-94c1-6142da11a28c___UF.GRC_YLCV_Lab 02876.JPG,Tomato___Tomato_Yellow_Leaf_Curl_Virus/8cde28ca-3f7c-4641-81a7-0d5f0e7fabc7___UF.GRC_YLCV_Lab 02887.JPG,Tomato___Tomato_Yellow_Leaf_Curl_Virus,Tomato___Tomato_Yellow_Leaf_Curl_Virus,train,val,8,True
91ebac3a2677bd1415d3f56b025a72a84005c4d28eff2aec3570b701ac983da3,5b424f08150a727cc41fdcea3ac5e28a20c85faf4b4b1a3971864561a7107054,Tomato___Tomato_Yellow_Leaf_Curl_Virus/61f1fdf9-4a44-4bfa-9762-fe39eef02552___YLCV_GCREC 2742.JPG,Tomato___Bacterial_spot/97135339-c428-4fec-9805-718d83ef7fcf___GCREC_Bact.Sp 5722.JPG,Tomato___Tomato_Yellow_Leaf_Curl_Virus,Tomato___Bacterial_spot,test,train,8,True
920ddba82c973b9d162a82ab54c5f709cdb0f243c3aea292ff507b905cd95ef4,e70f0f3a6bf0e1524b7f9356d7575d88089b0a291fdec5fbe12d782cbe5e66f0,Tomato___Tomato_Yellow_Leaf_Curl_Virus/5f2cfdd5-f41d-47b4-99ea-520a20c2e9b6___UF.GRC_YLCV_Lab 01491.JPG,Tomato___Tomato_Yellow_Leaf_Curl_Virus/d0631a5a-5206-4544-96eb-eddcf6d9be5a___UF.GRC_YLCV_Lab 01490.JPG,Tomato___Tomato_Yellow_Leaf_Curl_Virus,Tomato___Tomato_Yellow_Leaf_Curl_Virus,test,train,8,True
9354aa00bc2ce685b88ed746a76648c7ea2fc307f60d2bf7311fdef80dde718a,b6feead808fbaf42d2cc690015b8928530f6635a2f0f07ee9796dacdf90bfa85,Tomato___Spider_mites Two-spotted_spider_mite/ac5ba358-529e-41f3-a289-b85be6ae405f___Com.G_SpM_FL 9258.JPG,Tomato___Spider_mites Two-spotted_spider_mite/afd11a59-5ed8-4f8d-8e6e-280f6a4deced___Com.G_SpM_FL 8989.JPG,Tomato___Spider_mites Two-spotted_spider_mite,Tomato___Spider_mites Two-spotted_spider_mite,train,val,8,True
93730e63ca8e866e09c0ce6f57ccfc0122bdee2189c6f6b539bbae1e00ddab34,04d733820f4cd0200149a853e865a8e5ab38565e9d755e1fa95eb41a5eef2dad,Tomato___Tomato_Yellow_Leaf_Curl_Virus/751c6198-2c36-42c9-b233-b45b5e147d5b___YLCV_GCREC 5209.JPG,Tomato___Leaf_Mold/c02f3863-3012-4f3a-873e-8003d73a54f9___Crnl_L.Mold 6520.JPG,Tomato___Tomato_Yellow_Leaf_Curl_Virus,Tomato___Leaf_Mold,test,train,8,True
93730e63ca8e866e09c0ce6f57ccfc0122bdee2189c6f6b539bbae1e00ddab34,3312058e249ff6de8a0c582d481dde8495fe6a721ba7d0bb2247f9e9b7ee2143,Tomato___Tomato_Yellow_Leaf_Curl_Virus/751c6198-2c36-42c9-b233-b45b5e147d5b___YLCV_GCREC 5209.JPG,Tomato___Tomato_Yellow_Leaf_Curl_Virus/5dfc9f5a-e6ba-443c-a875-458aa4b973cb___YLCV_GCREC 2561.JPG,Tomato___Tomato_Yellow_Leaf_Curl_Virus,Tomato___Tomato_Yellow_Leaf_Curl_Virus,test,val,8,True
93730e63ca8e866e09c0ce6f57ccfc0122bdee2189c6f6b539bbae1e00ddab34,6aae761671c1a0d72f6be9845f14f5cf657e8979c37faf14311aa147d8e11a8e,Tomato___Tomato_Yellow_Leaf_Curl_Virus/751c6198-2c36-42c9-b233-b45b5e147d5b___YLCV_GCREC 5209.JPG,Tomato___Spider_mites Two-spotted_spider_mite/53465364-cf45-422d-89f7-fa8fb1ce2bfe___Com.G_SpM_FL 9270.JPG,Tomato___Tomato_Yellow_Leaf_Curl_Virus,Tomato___Spider_mites Two-spotted_spider_mite,test,train,8,True
93730e63ca8e866e09c0ce6f57ccfc0122bdee2189c6f6b539bbae1e00ddab34,89f6b68af289e560e535b4ade5bb65bd14c75a9d964ed3b5152cd6ffe3eb0595,Tomato___Tomato_Yellow_Leaf_Curl_Virus/751c6198-2c36-42c9-b233-b45b5e147d5b___YLCV_GCREC 5209.JPG,Tomato___Leaf_Mold/a740fdd7-45f9-445f-a992-37005aa41d32___Crnl_L.Mold 6883.JPG,Tomato___Tomato_Yellow_Leaf_Curl_Virus,Tomato___Leaf_Mold,test,val,8,True
942e00ac60882ffd6e8650c0e57c285756da7c789c65e53f025655f7b127a96e,777ecaafed7c0fc51314ce7ee58a478539a0198251421a44526ee9d3d64b0f8d,Tomato___Tomato_Yellow_Leaf_Curl_Virus/00b41556-fe22-41fb-93aa-76b0c45d923a___UF.GRC_YLCV_Lab 02644.JPG,Tomato___Tomato_Yellow_Leaf_Curl_Virus/0fe8e176-9806-44bb-9dbd-394e47305776___UF.GRC_YLCV_Lab 02654.JPG,Tomato___Tomato_Yellow_Leaf_Curl_Virus,Tomato___Tomato_Yellow_Leaf_Curl_Virus,test,train,8,True
946f73cab7ab5cb2cea3cc928bf550f9ff80fb659d6da64a38c2c7999e1b9a79,cb787bf52c75141fb97b6d34c583aee161a231cc27c25e380940ffd0000b0735,Tomato___Leaf_Mold/2d6f98ac-7545-4ea6-97f7-51374d16adc2___Crnl_L.Mold 7005.JPG,Tomato___Leaf_Mold/86bcc70f-66dd-40ec-8bf5-d260f58cb25d___Crnl_L.Mold 7004.JPG,Tomato___Leaf_Mold,Tomato___Leaf_Mold,test,train,8,True
9470bc01dbf17b1a6adfcfe79312198eea7d56aae277c91af3d8d232dbe6fba2,08e1a931dc3e60c1160d9f03fe1d3bee0a7acf680d6bb7a9e42563f0edad377a,Tomato___Bacterial_spot/7b40e020-e33c-4e9f-8093-d7593b8340dc___GCREC_Bact.Sp 3348.JPG,Tomato___Bacterial_spot/9f3bb55d-b52d-4be3-b89b-e7c8cbe8e131___GCREC_Bact.Sp 3112.JPG,Tomato___Bacterial_spot,Tomato___Bacterial_spot,train,val,8,True
94aa8b3fbd54dcb889004b821628d774ed8a5c96d866266de10dab0396276e59,a49bacf26a9ff07a961027100e611057cbacf33be06ce43229e955bd7ed82612,Tomato___Spider_mites Two-spotted_spider_mite/c8d652a6-a7a7-496b-9535-7015e3f67c95___Com.G_SpM_FL 8492.JPG,Tomato___Spider_mites Two-spotted_spider_mite/64338ca4-e33c-473a-86b5-58a4e76149a9___Com.G_SpM_FL 8632.JPG,Tomato___Spider_mites Two-spotted_spider_mite,Tomato___Spider_mites Two-spotted_spider_mite,train,val,8,True
95101d6661c9c0459a32b2a3afa91548c3ff5b5ff2b3af04c5d6f4eed7eb4259,ded93e4daa0556093ba5ef8968d7405be95559c92886d7c7bb40e3217018179a,Tomato___Septoria_leaf_spot/cffae6ca-ff80-4c1f-9fbf-451d39a94a80___JR_Sept.L.S 8518.JPG,Tomato___Septoria_leaf_spot/e6de79a8-a9d1-4e78-a978-7d5628957576___JR_Sept.L.S 8366.JPG,Tomato___Septoria_leaf_spot,Tomato___Septoria_leaf_spot,train,val,8,True
9521880c4027386a58eb568701117c68beecb65b3629427d592484f659dbfec9,8e10cbdfa005951a4bab3c8b12175adbae4c9570f3dce21cd6c107545c0316e7,Tomato___Leaf_Mold/4459390d-64ca-42d2-977b-afb0ed667701___Crnl_L.Mold 6714.JPG,Tomato___Septoria_leaf_spot/c66d82d9-a895-42ae-a7fb-a93917e3f10d___Matt.S_CG 6813.JPG,Tomato___Leaf_Mold,Tomato___Septoria_leaf_spot,test,train,8,True
9521880c4027386a58eb568701117c68beecb65b3629427d592484f659dbfec9,9be45d8b39dac24c706176c7e1877d9df0c590e322295c8ad57cffa49061756d,Tomato___Leaf_Mold/4459390d-64ca-42d2-977b-afb0ed667701___Crnl_L.Mold 6714.JPG,Tomato___Septoria_leaf_spot/e4a8819b-a2c9-48ab-9873-4d198b51bbd9___JR_Sept.L.S 2626.JPG,Tomato___Leaf_Mold,Tomato___Septoria_leaf_spot,test,train,8,True
9521880c4027386a58eb568701117c68beecb65b3629427d592484f659dbfec9,c5efa99cef9ed49989098b288e4ab371e9e6921afa078fa0f8006a2bf56522cc,Tomato___Leaf_Mold/4459390d-64ca-42d2-977b-afb0ed667701___Crnl_L.Mold 6714.JPG,Tomato___Early_blight/a28eb895-ef7c-49cc-bc0f-5e01498e5ca2___RS_Erly.B 6463.JPG,Tomato___Leaf_Mold,Tomato___Early_blight,test,train,8,True
95597ed7597da68504f1becce36c140e6ec84039d34c5bba4de59e337b397684,2042fca47765a1f2a54741fccde34d1c739925a234d39756c5d22c9ee923984c,Tomato___Spider_mites Two-spotted_spider_mite/d28089d2-6e51-4b8d-866c-88ecaf0239ac___Com.G_SpM_FL 9422.JPG,Tomato___Target_Spot/280c585c-d0d6-4558-87ff-04c5f67a1d56___Com.G_TgS_FL 8027.JPG,Tomato___Spider_mites Two-spotted_spider_mite,Tomato___Target_Spot,test,train,8,True
95597ed7597da68504f1becce36c140e6ec84039d34c5bba4de59e337b397684,3c16a8b027982bb69ade4d6b2e56498e25d2f2896ad7e855a3c8154025cf91d5,Tomato___Spider_mites Two-spotted_spider_mite/d28089d2-6e51-4b8d-866c-88ecaf0239ac___Com.G_SpM_FL 9422.JPG,Tomato___Spider_mites Two-spotted_spider_mite/348aec86-49bc-4e2d-8ca7-66545421cc06___Com.G_SpM_FL 1746.JPG,Tomato___Spider_mites Two-spotted_spider_mite,Tomato___Spider_mites Two-spotted_spider_mite,test,train,8,True
95597ed7597da68504f1becce36c140e6ec84039d34c5bba4de59e337b397684,514450f7d562cc4284cc56b8d9a78b225c4569b41b2626a7cf2c6a5d78095875,Tomato___Spider_mites Two-spotted_spider_mite/d28089d2-6e51-4b8d-866c-88ecaf0239ac___Com.G_SpM_FL 9422.JPG,Tomato___Tomato_Yellow_Leaf_Curl_Virus/6c74c99f-0377-4870-ac98-c1ad619d8a7a___YLCV_GCREC 2623.JPG,Tomato___Spider_mites Two-spotted_spider_mite,Tomato___Tomato_Yellow_Leaf_Curl_Virus,test,val,8,True
95597ed7597da68504f1becce36c140e6ec84039d34c5bba4de59e337b397684,e00fc85bd36571370a503c3eb95e27de2fffede6ccd945ed074b740316a500ce,Tomato___Spider_mites Two-spotted_spider_mite/d28089d2-6e51-4b8d-866c-88ecaf0239ac___Com.G_SpM_FL 9422.JPG,Tomato___Septoria_leaf_spot/f4640d91-2fa7-4eb1-9d0c-45b8bc42eda2___Matt.S_CG 6117.JPG,Tomato___Spider_mites Two-spotted_spider_mite,Tomato___Septoria_leaf_spot,test,train,8,True
9568e2992de6a86271e62f1805ca928310a7f90189d184abcfbb36ee1024b916,a2dd5ffbdbded8926163a79e0fb2ae4e684e7b95e58ebb2f8dd28021c7054162,Tomato___Bacterial_spot/38ef51e1-c793-4a6c-b17d-e066bcd533c8___GCREC_Bact.Sp 5639.JPG,Tomato___Spider_mites Two-spotted_spider_mite/fbabfa17-0b7e-4c83-bb10-ebcf80515ce7___Com.G_SpM_FL 8741.JPG,Tomato___Bacterial_spot,Tomato___Spider_mites Two-spotted_spider_mite,test,train,8,True
963ffebd1f8753d9be60e3463ed721016e1d324c4c33daeda2054f8eefb6ff5f,e334d51b2681267c25d5573bae59740dcb6581a72aef584bf32c994796d6bde1,Tomato___Leaf_Mold/7a8f225e-a87c-47ca-a49d-27b620951a4e___Crnl_L.Mold 6497.JPG,Tomato___Tomato_Yellow_Leaf_Curl_Virus/43b2be62-cb86-46f4-9049-92e77d4f335b___YLCV_NREC 0074.JPG,Tomato___Leaf_Mold,Tomato___Tomato_Yellow_Leaf_Curl_Virus,test,train,8,True
96f1c5174fe411263a4e91f9758a01ee646c63ceffc604a3e12d1924ccdbfcfb,de2cc54ebc633d5f24d1ff7ac9b93c1e165b925557426a9fabaac272f366b350,Tomato___Spider_mites Two-spotted_spider_mite/ab58e633-4e84-48f1-a412-c8210940345d___Com.G_SpM_FL 1191.JPG,Tomato___Spider_mites Two-spotted_spider_mite/80a63b1a-cee1-46c3-90c7-4d3d234a2552___Com.G_SpM_FL 1751.JPG,Tomato___Spider_mites Two-spotted_spider_mite,Tomato___Spider_mites Two-spotted_spider_mite,train,val,8,True
9790344d299ea5a371140172da45fed9d5fd45de89aa791e1dd597369caabdfb,b826cfa4068aab3df187a84157372589307e1420d969b7cb46bf3cb97e1efa6b,Tomato___Leaf_Mold/55c2cd78-8c7c-4102-801f-c87d2284b874___Crnl_L.Mold 7069.JPG,Tomato___Septoria_leaf_spot/969a199c-8cf8-4a0a-94ef-d7a23569417b___Matt.S_CG 1586.JPG,Tomato___Leaf_Mold,Tomato___Septoria_leaf_spot,train,val,8,True
97ddeeef9416dc27130839beebf387ff9f51b45d070b468742c7f29faa64ad2f,220ffbed5c95b70231bb345411b538c03bb59aa9780c5b723e41b039e1b65aa5,Tomato___Septoria_leaf_spot/12703385-4e74-4e56-b90a-fede2827fbf2___Matt.S_CG 6039.JPG,Tomato___Tomato_Yellow_Leaf_Curl_Virus/9ca23fe4-e698-4cd4-ae7e-63c7777cfa65___YLCV_GCREC 2762.JPG,Tomato___Septoria_leaf_spot,Tomato___Tomato_Yellow_Leaf_Curl_Virus,train,val,8,True
98f8f7d53a89fbaba012fc4687e4740c034b830f88435f23b6f58f2396aebe7a,c9a2e95a4fd1c10a10604c7d2f994ae2c14f65133fbbca2644db2741b6a0cc77,Tomato___Leaf_Mold/b2ba5e8d-5cbd-472c-b736-84949fa2b8ad___Crnl_L.Mold 6744.JPG,Tomato___Leaf_Mold/0f1ce7cf-da72-4ddb-9bdb-a1af620537c6___Crnl_L.Mold 6840.JPG,Tomato___Leaf_Mold,Tomato___Leaf_Mold,train,val,8,True
9a37621546799c54de218f03732c3abb500ad3c56695db46dad1bdb6196c3183,220ffbed5c95b70231bb345411b538c03bb59aa9780c5b723e41b039e1b65aa5,Tomato___Spider_mites Two-spotted_spider_mite/789cd918-1324-45be-a616-e38f9ab50a48___Com.G_SpM_FL 1189.JPG,Tomato___Tomato_Yellow_Leaf_Curl_Virus/9ca23fe4-e698-4cd4-ae7e-63c7777cfa65___YLCV_GCREC 2762.JPG,Tomato___Spider_mites Two-spotted_spider_mite,Tomato___Tomato_Yellow_Leaf_Curl_Virus,train,val,8,True
9a40cb9e06051b372dee55d9922c45c2658031c674dbb4aa050c8c964da03674,2dbc7718589f26927ab1089d34f08e1d87a9bd74aff5cb39f664bef731763944,Tomato___Spider_mites Two-spotted_spider_mite/54461621-21aa-4ae7-92e1-800c74162441___Com.G_SpM_FL 1721.JPG,Tomato___Spider_mites Two-spotted_spider_mite/9fd01a9c-be59-4d02-aca8-7d28170ea727___Com.G_SpM_FL 1588.JPG,Tomato___Spider_mites Two-spotted_spider_mite,Tomato___Spider_mites Two-spotted_spider_mite,test,train,8,True
9a40cb9e06051b372dee55d9922c45c2658031c674dbb4aa050c8c964da03674,52fa3efa8110ad7e615cb6ecffa9a27601e299c749c46c566830dc006a198111,Tomato___Spider_mites Two-spotted_spider_mite/54461621-21aa-4ae7-92e1-800c74162441___Com.G_SpM_FL 1721.JPG,Tomato___Early_blight/1a8bd88f-309f-4392-b387-7cb423ef0ab6___RS_Erly.B 7366.JPG,Tomato___Spider_mites Two-spotted_spider_mite,Tomato___Early_blight,test,train,8,True
9a40cb9e06051b372dee55d9922c45c2658031c674dbb4aa050c8c964da03674,a49bacf26a9ff07a961027100e611057cbacf33be06ce43229e955bd7ed82612,Tomato___Spider_mites Two-spotted_spider_mite/54461621-21aa-4ae7-92e1-800c74162441___Com.G_SpM_FL 1721.JPG,Tomato___Spider_mites Two-spotted_spider_mite/64338ca4-e33c-473a-86b5-58a4e76149a9___Com.G_SpM_FL 8632.JPG,Tomato___Spider_mites Two-spotted_spider_mite,Tomato___Spider_mites Two-spotted_spider_mite,test,val,8,True
9a5f5cf6918d4ed78a50cf23efbb2cba82d6969c6f5adca062259d2cf487a49f,4bfd4a3231fcb907b6a6f40d96a56843f1f110f1866fb60d23c8bfe343d204c5,Tomato___Spider_mites Two-spotted_spider_mite/674cafe0-472c-4ae9-85e6-f1a750677837___Com.G_SpM_FL 9632.JPG,Tomato___Tomato_Yellow_Leaf_Curl_Virus/0aeac05f-804d-4e4c-a753-644ae6547d60___UF.GRC_YLCV_Lab 01539.JPG,Tomato___Spider_mites Two-spotted_spider_mite,Tomato___Tomato_Yellow_Leaf_Curl_Virus,train,val,8,True
9a9bb157f17739a26fb49c9458460752855594151b4c29d704aebdf102b465e0,08e1a931dc3e60c1160d9f03fe1d3bee0a7acf680d6bb7a9e42563f0edad377a,Tomato___Bacterial_spot/3dd61e20-fb5a-486e-b579-763312c9cf27___GCREC_Bact.Sp 3116.JPG,Tomato___Bacterial_spot/9f3bb55d-b52d-4be3-b89b-e7c8cbe8e131___GCREC_Bact.Sp 3112.JPG,Tomato___Bacterial_spot,Tomato___Bacterial_spot,test,val,8,True
9a9bb157f17739a26fb49c9458460752855594151b4c29d704aebdf102b465e0,224a7ff2f41cc06246228ba7031f339f4ef5967c26c408802b59fac6b85c6fe3,Tomato___Bacterial_spot/3dd61e20-fb5a-486e-b579-763312c9cf27___GCREC_Bact.Sp 3116.JPG,Tomato___Bacterial_spot/3a08d08d-9820-492b-a99f-eb19147724b7___GCREC_Bact.Sp 3288.JPG,Tomato___Bacterial_spot,Tomato___Bacterial_spot,test,train,8,True
9a9bb157f17739a26fb49c9458460752855594151b4c29d704aebdf102b465e0,5708f4dbd2fb6d590adf6e6b8e965e2835a2d4c9d1a25c3b417828191718fea6,Tomato___Bacterial_spot/3dd61e20-fb5a-486e-b579-763312c9cf27___GCREC_Bact.Sp 3116.JPG,Tomato___Target_Spot/8284cba7-30b7-401d-923d-65f7786d7aae___Com.G_TgS_FL 8333.JPG,Tomato___Bacterial_spot,Tomato___Target_Spot,test,train,8,True
9a9bb157f17739a26fb49c9458460752855594151b4c29d704aebdf102b465e0,91c3fff5d79783c7e38a2cd1a045093ad6e69e337fb78e800b2c152496998a34,Tomato___Bacterial_spot/3dd61e20-fb5a-486e-b579-763312c9cf27___GCREC_Bact.Sp 3116.JPG,Tomato___Bacterial_spot/638774fe-d7e6-4920-a8d9-e39b9c308474___GCREC_Bact.Sp 5806.JPG,Tomato___Bacterial_spot,Tomato___Bacterial_spot,test,train,8,True
9a9bb157f17739a26fb49c9458460752855594151b4c29d704aebdf102b465e0,9470bc01dbf17b1a6adfcfe79312198eea7d56aae277c91af3d8d232dbe6fba2,Tomato___Bacterial_spot/3dd61e20-fb5a-486e-b579-763312c9cf27___GCREC_Bact.Sp 3116.JPG,Tomato___Bacterial_spot/7b40e020-e33c-4e9f-8093-d7593b8340dc___GCREC_Bact.Sp 3348.JPG,Tomato___Bacterial_spot,Tomato___Bacterial_spot,test,train,8,True
9a9bb157f17739a26fb49c9458460752855594151b4c29d704aebdf102b465e0,fc2f0f7e0231015c8bdaa4b0585332eb846270c3e5c5a5149792946c83c7b61a,Tomato___Bacterial_spot/3dd61e20-fb5a-486e-b579-763312c9cf27___GCREC_Bact.Sp 3116.JPG,Tomato___Spider_mites Two-spotted_spider_mite/9a99ec55-8f08-425c-b3c5-e0d0b6636ef5___Com.G_SpM_FL 1776.JPG,Tomato___Bacterial_spot,Tomato___Spider_mites Two-spotted_spider_mite,test,train,8,True
9acb58702dd01707248e2778d0d6b5a7f9c8c52fbddd6b07c6d9f7e1d0acd5ee,0ef19544e61332c1251b6c71047a31daa173d5c45b0addd0f8e8a01120e36cf7,Tomato___Bacterial_spot/98d7bfb4-4200-453f-8ebb-98019900a55c___GCREC_Bact.Sp 6201.JPG,Tomato___Bacterial_spot/2fa6fe6b-a7dc-471e-a878-b8d8e0121126___GCREC_Bact.Sp 3159.JPG,Tomato___Bacterial_spot,Tomato___Bacterial_spot,test,train,8,True
9ad5554a050ab53b934297ed612e0577e7b2a1789e5a3fd9974c7ae05cd49017,ef0ff5d66edeeb10f937c28a8136535251ae5d7d44a36430d5a2e2b5d7a4871c,Tomato___Spider_mites Two-spotted_spider_mite/4ab2b9cc-67cd-417c-934c-5e76a4f9fa49___Com.G_SpM_FL 8845.JPG,Tomato___Target_Spot/87794f12-b113-4064-bdf5-19c79a8077a0___Com.G_TgS_FL 8015.JPG,Tomato___Spider_mites Two-spotted_spider_mite,Tomato___Target_Spot,test,train,8,True
9af4073c17175b99b36515585bb48b41557ede086858b658c9cf702d7afc9580,584a3f0b8946a9d98cc51d77715c67138629af51b5ef7278f67ec9d7c30d0b32,Tomato___Leaf_Mold/4c11a95e-122b-4e5e-a90c-cb550f8f6bb2___Crnl_L.Mold 7176.JPG,Tomato___Leaf_Mold/88deb0c4-49bf-47aa-a91c-bf099f830940___Crnl_L.Mold 9169.JPG,Tomato___Leaf_Mold,Tomato___Leaf_Mold,test,train,8,True
9b08003211d4d3da0c556ca3be7cb04d3c02d8779302652daaf62fb1c037663b,aaadf021bc9e70627aafd4a06b16b6ad81ff80d4deff6e6ca9f8910733f59a99,Tomato___Tomato_Yellow_Leaf_Curl_Virus/672966d2-c86a-41a4-af87-8007ac47398c___YLCV_NREC 2087.JPG,Tomato___Spider_mites Two-spotted_spider_mite/0ade19e4-c48b-4e58-bddf-153d44d48c3e___Com.G_SpM_FL 9449.JPG,Tomato___Tomato_Yellow_Leaf_Curl_Virus,Tomato___Spider_mites Two-spotted_spider_mite,train,val,8,True
9b7846c1ca35a0a36ffd46e18f93af4e0a859683eff802a2e299349e5bcf95d8,c3dff8c2d3db0ce53754a7d39ce861665f651b323fe8454493ba9ac8185aeaaa,Tomato___Tomato_Yellow_Leaf_Curl_Virus/700b2b34-d31d-436f-9a7c-59491dbe908e___UF.GRC_YLCV_Lab 03314.JPG,Tomato___Tomato_Yellow_Leaf_Curl_Virus/cf7105a7-3ba3-4676-af9b-131e89655464___UF.GRC_YLCV_Lab 03318.JPG,Tomato___Tomato_Yellow_Leaf_Curl_Virus,Tomato___Tomato_Yellow_Leaf_Curl_Virus,test,train,8,True
9bfa818e52df71f621f4e83475040cb65b6d36ed20d7b6892c6099084aaf32ff,ccc38f6f9c456bf6b00b0cc4502a516291c07c813eca5831ab689e871a1369cc,Tomato___Bacterial_spot/76bf0511-84d8-4609-94e6-248bea3d1465___GCREC_Bact.Sp 6032.JPG,Tomato___Target_Spot/6b66d5e4-aacb-405a-aea0-bbc9e842822a___Com.G_TgS_FL 9726.JPG,Tomato___Bacterial_spot,Tomato___Target_Spot,train,val,8,True
9cf3a985a6aead4d7049eea6ed15f0a6d928627b7b3b6147b469fe37436d9c30,cda7289b8c225c9300211b066a9f1d8dde1b2560ae403b6265c389be7f5638cd,Tomato___Bacterial_spot/b179b3d0-80cf-4dbf-9e88-b3e9b4a93b3b___GCREC_Bact.Sp 3659.JPG,Tomato___Bacterial_spot/3dbc84e0-27f1-421f-8978-82881bf846fd___GCREC_Bact.Sp 3514.JPG,Tomato___Bacterial_spot,Tomato___Bacterial_spot,train,val,8,True
9d4526bac6ccc2988935421a715db3d812ad102475d3b286a9051544723c32aa,790f66c8814e0638b8f69ccf740711dff48d8fd41bcc930fb800b3cecd3d1009,Tomato___Early_blight/e803b217-d9a9-4b0d-9ea1-679145625159___RS_Erly.B 9571.JPG,Tomato___Bacterial_spot/9886ea69-5a4e-4fa4-9e41-e9f65884ba9e___GCREC_Bact.Sp 3199.JPG,Tomato___Early_blight,Tomato___Bacterial_spot,test,train,8,True
9efbb1b097a6f3572f1f7d68fb4e9ac9d9e43305ca7927eeaf6eb06a8943b936,89e552e061467d532121de05b07b571a3918228dedf2291dee3ffa43b8680bf4,Tomato___Spider_mites Two-spotted_spider_mite/bb1743d4-c84b-4945-93cf-705eead70b21___Com.G_SpM_FL 8491.JPG,Tomato___Target_Spot/3ae1f4b2-dc70-40c5-87e1-af9461ffac5a___Com.G_TgS_FL 0658.JPG,Tomato___Spider_mites Two-spotted_spider_mite,Tomato___Target_Spot,train,val,8,True
9f0e3fc372b77e9c1ddd4b849ed6a33a9302b3c0f968ad7b5b870048f3a91da9,483d24d630476a0cf3c9096339024671b9a699004cd80cd0253265e99f1e188e,Tomato___Early_blight/db228bdf-309f-4dd5-a3c7-d77af0acadb8___RS_Erly.B 7584.JPG,Tomato___Bacterial_spot/e8d5ea0b-2943-4529-9238-b0f7d087250b___GCREC_Bact.Sp 3056.JPG,Tomato___Early_blight,Tomato___Bacterial_spot,test,train,8,True
9f0e3fc372b77e9c1ddd4b849ed6a33a9302b3c0f968ad7b5b870048f3a91da9,4b136d56263d245a20fd1a8cdf89f33b348c34e1492249b1bb0b34adaeedd433,Tomato___Early_blight/db228bdf-309f-4dd5-a3c7-d77af0acadb8___RS_Erly.B 7584.JPG,Tomato___Bacterial_spot/0893cbc5-7c6f-4ed2-863a-78f0bdb31ba0___GCREC_Bact.Sp 6174.JPG,Tomato___Early_blight,Tomato___Bacterial_spot,test,train,8,True
9f0e3fc372b77e9c1ddd4b849ed6a33a9302b3c0f968ad7b5b870048f3a91da9,892a18d1929c2c9e22ca5332c777a89c91e345d21c0a6079b21081e808b36762,Tomato___Early_blight/db228bdf-309f-4dd5-a3c7-d77af0acadb8___RS_Erly.B 7584.JPG,Tomato___Spider_mites Two-spotted_spider_mite/5c0e506b-b1cb-49a7-b764-b80b73d4244e___Com.G_SpM_FL 1196.JPG,Tomato___Early_blight,Tomato___Spider_mites Two-spotted_spider_mite,test,train,8,True
9f3df4ced93b8bd2f21b3d97e03164754b2e85be1dfea0189cac49788675225f,89f36c22de8b5c557463ab480229b73d75af88406aef1578da91167662e2242b,Tomato___Septoria_leaf_spot/b06560a7-6ad1-438a-8ea2-badfe58a5f1e___Matt.S_CG 1250.JPG,Tomato___Bacterial_spot/f2ea99a2-3e21-45ff-adf0-b7cfdd955d68___GCREC_Bact.Sp 5959.JPG,Tomato___Septoria_leaf_spot,Tomato___Bacterial_spot,test,train,8,True
9ffc36a696ff3e466679bb584010b1dd6503e045146fe5271c2a4abc2325f4c1,4886d81526e7f64e6bfffedbecdae028d84f70a1562f6e0604ea97b5b3ed1f16,Tomato___Tomato_Yellow_Leaf_Curl_Virus/40583125-415e-441b-bb55-90f417bf9c5f___YLCV_GCREC 5432.JPG,Tomato___Septoria_leaf_spot/253ddc99-8132-4710-bb89-eb83ab271abc___Matt.S_CG 0698.JPG,Tomato___Tomato_Yellow_Leaf_Curl_Virus,Tomato___Septoria_leaf_spot,test,val,8,True
a038960f244a2959c1168587800e10002d9c85c4682f112fb64eb9bd1a69a867,98f3e466aaebee37f1266ea71dd5d0ab30c0d1d90342dc33422b2bad96ab6a35,Tomato___Spider_mites Two-spotted_spider_mite/df77b9e2-1bbe-416d-bb88-51ff56bc823d___Com.G_SpM_FL 1177.JPG,Tomato___Spider_mites Two-spotted_spider_mite/d626d9d0-24e6-4a85-a13d-6c40f9895e23___Com.G_SpM_FL 1334.JPG,Tomato___Spider_mites Two-spotted_spider_mite,Tomato___Spider_mites Two-spotted_spider_mite,test,train,8,True
a038960f244a2959c1168587800e10002d9c85c4682f112fb64eb9bd1a69a867,9f5da83c7ee9c9b89b1c8cf46609f7103501c52f37e5e3302554aa0747e45c01,Tomato___Spider_mites Two-spotted_spider_mite/df77b9e2-1bbe-416d-bb88-51ff56bc823d___Com.G_SpM_FL 1177.JPG,Tomato___Spider_mites Two-spotted_spider_mite/8cfb09a9-81f5-4d7f-b5d2-459ae2cead76___Com.G_SpM_FL 8536.JPG,Tomato___Spider_mites Two-spotted_spider_mite,Tomato___Spider_mites Two-spotted_spider_mite,test,val,8,True
a1214f9f785334c6b78a9e38c52ee45e043fa8b7d9d901344b7529b01a3fe707,9f658f448737e201341e1d245087a3c1b2e561e49dc7dfc5274a181cc9b332e8,Tomato___Tomato_Yellow_Leaf_Curl_Virus/bdba2e33-7a1d-4886-a654-bdc78fe9cacd___UF.GRC_YLCV_Lab 02201.JPG,Tomato___Tomato_Yellow_Leaf_Curl_Virus/db5a401d-fc3a-435e-86db-c3902dc0db84___UF.GRC_YLCV_Lab 02202.JPG,Tomato___Tomato_Yellow_Leaf_Curl_Virus,Tomato___Tomato_Yellow_Leaf_Curl_Virus,train,val,8,True
a1d34cb42e896e1205b7e861cdfe8bf89796c4053a1b651b262fa23e9f518e46,97d24b185079e9afff55f7280c33dcd6f554bd674f71b8da761c7b738a275b16,Tomato___Septoria_leaf_spot/0751ddb1-c3ee-46ee-bee1-46c24c567dc2___Matt.S_CG 6116.JPG,Tomato___Tomato_Yellow_Leaf_Curl_Virus/9f5ef8de-d896-4d9d-a824-080e4238850f___UF.GRC_YLCV_Lab 02089.JPG,Tomato___Septoria_leaf_spot,Tomato___Tomato_Yellow_Leaf_Curl_Virus,test,train,8,True
a1d34cb42e896e1205b7e861cdfe8bf89796c4053a1b651b262fa23e9f518e46,e22731d7f21e87aa43b703b1a8cef3cb94e25fd6d4f6f48e071ec161b17794b1,Tomato___Septoria_leaf_spot/0751ddb1-c3ee-46ee-bee1-46c24c567dc2___Matt.S_CG 6116.JPG,Tomato___Spider_mites Two-spotted_spider_mite/d64bb364-65c3-401d-b9b9-56fad8fbfdd8___Com.G_SpM_FL 8804.JPG,Tomato___Septoria_leaf_spot,Tomato___Spider_mites Two-spotted_spider_mite,test,train,8,True
a240f281e56d100d9b99a74ed7bc2daa8f779a87f9b2c1936df9a03ae565c515,bcd6566abf76f0c86bf91873223435110249516ddd2e0f06d9bffd142ddc9d2e,Tomato___Spider_mites Two-spotted_spider_mite/77659538-6771-4e5d-95a5-be6c55c8f308___Com.G_SpM_FL 9614.JPG,Tomato___Tomato_Yellow_Leaf_Curl_Virus/3c6bd94d-921c-4860-b355-9cc8f4e0f8cc___YLCV_GCREC 2378.JPG,Tomato___Spider_mites Two-spotted_spider_mite,Tomato___Tomato_Yellow_Leaf_Curl_Virus,test,train,8,True
a240f281e56d100d9b99a74ed7bc2daa8f779a87f9b2c1936df9a03ae565c515,dc5999f33407ea2a8500f3feeabaa030eff8faa8d5c02518914235e5ba92046a,Tomato___Spider_mites Two-spotted_spider_mite/77659538-6771-4e5d-95a5-be6c55c8f308___Com.G_SpM_FL 9614.JPG,Tomato___Spider_mites Two-spotted_spider_mite/2cd8d4c9-6eb7-4ed2-808f-df3ae1aedf7a___Com.G_SpM_FL 9621.JPG,Tomato___Spider_mites Two-spotted_spider_mite,Tomato___Spider_mites Two-spotted_spider_mite,test,train,8,True
a2a680eb0f36cb47a9757ce296438f2f9f1b912f79e72a58e1e8bab4865d9580,fb1b1f14efe4142bf9e0299191937e7e839bbb07f986e05b8ded1220f81b9262,Tomato___Tomato_Yellow_Leaf_Curl_Virus/3c05bb5b-6671-49aa-88b7-246f2bfd9996___YLCV_GCREC 2846.JPG,Tomato___Spider_mites Two-spotted_spider_mite/9e86198b-55c7-45b2-821f-42e0ca05312c___Com.G_SpM_FL 9417.JPG,Tomato___Tomato_Yellow_Leaf_Curl_Virus,Tomato___Spider_mites Two-spotted_spider_mite,test,train,8,True
a3961b19668857969cca0ddb9a6dadbcd4a54ef18ed1305275feb41be9a33f64,163d84561b7bdcb3b530d3142596ef64c468e409f268b6e678a552b79039ccc6,Tomato___Tomato_Yellow_Leaf_Curl_Virus/e55470c7-4232-4271-b3e4-be5ecc9974b3___YLCV_GCREC 1976.JPG,Tomato___Septoria_leaf_spot/de5db2f2-c55f-4f1f-9d7e-2c9bf41b1abb___Matt.S_CG 0782.JPG,Tomato___Tomato_Yellow_Leaf_Curl_Virus,Tomato___Septoria_leaf_spot,test,train,8,True
a3961b19668857969cca0ddb9a6dadbcd4a54ef18ed1305275feb41be9a33f64,a1810c8057fbc3e6dfc947e6eeb9bf452fd242641b3f1742c3fd7bed5d327d80,Tomato___Tomato_Yellow_Leaf_Curl_Virus/e55470c7-4232-4271-b3e4-be5ecc9974b3___YLCV_GCREC 1976.JPG,Tomato___Tomato_Yellow_Leaf_Curl_Virus/1c28ac78-ae5c-4e33-81bb-c2311ded2d8d___YLCV_GCREC 2560.JPG,Tomato___Tomato_Yellow_Leaf_Curl_Virus,Tomato___Tomato_Yellow_Leaf_Curl_Virus,test,val,8,True
a3961b19668857969cca0ddb9a6dadbcd4a54ef18ed1305275feb41be9a33f64,b3070a8dba2b117258c05b7a62d13fc0ccc93b113b8a5259dcc968e4ae8cd4dc,Tomato___Tomato_Yellow_Leaf_Curl_Virus/e55470c7-4232-4271-b3e4-be5ecc9974b3___YLCV_GCREC 1976.JPG,Tomato___Bacterial_spot/86bcf005-a793-4d1f-a767-99548b4c3aa6___GCREC_Bact.Sp 3131.JPG,Tomato___Tomato_Yellow_Leaf_Curl_Virus,Tomato___Bacterial_spot,test,val,8,True
a3a88ae4580b2134bf122124f7da8b6423e29581f66bd2c1d9826b269ec1c964,e5c63d76e755245ef7dd273224ad960a65eace34786cb02ed5c0fc4ee3a4cfc5,Tomato___Tomato_Yellow_Leaf_Curl_Virus/41b73fb7-4f01-4519-8876-afb3c716fbe1___UF.GRC_YLCV_Lab 02120.JPG,Tomato___Tomato_Yellow_Leaf_Curl_Virus/cd37cbce-e141-40a5-8af6-8fa6790c7ed3___UF.GRC_YLCV_Lab 02128.JPG,Tomato___Tomato_Yellow_Leaf_Curl_Virus,Tomato___Tomato_Yellow_Leaf_Curl_Virus,train,val,8,True
a3a88ae4580b2134bf122124f7da8b6423e29581f66bd2c1d9826b269ec1c964,e8404857080cc2ede4001c6451eee1de288a11d5f20152cec583dfa04a491c07,Tomato___Tomato_Yellow_Leaf_Curl_Virus/41b73fb7-4f01-4519-8876-afb3c716fbe1___UF.GRC_YLCV_Lab 02120.JPG,Tomato___Tomato_Yellow_Leaf_Curl_Virus/de18b33c-5efe-4b8f-89f0-d7a280898cfe___UF.GRC_YLCV_Lab 02121.JPG,Tomato___Tomato_Yellow_Leaf_Curl_Virus,Tomato___Tomato_Yellow_Leaf_Curl_Virus,train,val,8,True
a441dd3345a0c53f0b8a5b5ac8844f1d0c547206fe647844c07b98f970fe401c,1d2818cb1f800e7ec0c32908a8e059ae390c5d8076a3e909e1ef87ab47e71c2d,Tomato___Tomato_Yellow_Leaf_Curl_Virus/3f2be9e5-4587-4559-8b49-7cad446c4d98___YLCV_GCREC 2733.JPG,Tomato___Tomato_Yellow_Leaf_Curl_Virus/d250bc4b-6d82-4294-9659-419b0e6775c1___YLCV_GCREC 2549.JPG,Tomato___Tomato_Yellow_Leaf_Curl_Virus,Tomato___Tomato_Yellow_Leaf_Curl_Virus,train,val,8,True
a476784014ebf56c111a136af2aa9d1522563bed5fcc90ee8b9b71b7bc06f6c1,8bf783da0f66cdc90edc4c60b3a78af3a018e8b87112a7c6c023f68111bda963,Tomato___Tomato_Yellow_Leaf_Curl_Virus/2f8099f2-6966-44f7-a938-227e08a79c80___YLCV_NREC 2375.JPG,Tomato___Septoria_leaf_spot/17c7e5bd-f44e-4dbd-9cd0-f0dbcc654306___JR_Sept.L.S 8557.JPG,Tomato___Tomato_Yellow_Leaf_Curl_Virus,Tomato___Septoria_leaf_spot,test,train,8,True
a4c43f799cabbecfc8e3fcb247b565165b6956951bb89709fe4124673e0fd826,9a140f37c379a3143b1876dbc89df776de7be4ebff58a9d82e934f2717cce1c6,Tomato___Septoria_leaf_spot/224c7002-2660-42fb-9be0-f55f7fa49e14___Matt.S_CG 7647.JPG,Tomato___Early_blight/0c221e01-a85e-4794-b45b-3a91e349a8d2___RS_Erly.B 6425.JPG,Tomato___Septoria_leaf_spot,Tomato___Early_blight,test,train,8,True
a4cec199fd8c1b7dc43d344456558650b2fe67498f5a6c388e4145c56d4ed675,0b26d2017a6da767fb6199d89c7f01d5bdc06def83d0dc7e948c131e7c64cc62,Tomato___Tomato_Yellow_Leaf_Curl_Virus/2a276c6e-c072-4cc8-a1ff-8de64e4b8548___UF.GRC_YLCV_Lab 01361.JPG,Tomato___Bacterial_spot/a75e41ac-5944-4698-876b-1d0716934982___GCREC_Bact.Sp 5970.JPG,Tomato___Tomato_Yellow_Leaf_Curl_Virus,Tomato___Bacterial_spot,train,val,8,True
a55c20bca9502fa505c9764c67529383d42faf88df7594797a9002c8a6b8f0fc,6c61ce49665e001e6c1c1fb222f3c7956ead6089dcae20a9ef96e4e51d366bbc,Tomato___Bacterial_spot/c9a8b799-6159-415d-a82d-8aeb4db76d87___GCREC_Bact.Sp 3701.JPG,Tomato___Bacterial_spot/e2c80b64-2520-49c4-bedc-a604355be09b___GCREC_Bact.Sp 3609.JPG,Tomato___Bacterial_spot,Tomato___Bacterial_spot,train,val,8,True
a58a75b962eb0a28d704f7d22dc6fdcbfc88d30c2e066190c15bf3bca1e1e3f3,cc22b307deb22bd846d681dee95a6f4eec30dfa97484aee20873e2bbf3a937e6,Tomato___healthy/6890c333-c7d2-4d50-8734-f70b61cef213___GH_HL Leaf 447.1.JPG,Tomato___healthy/d76f5b4a-9205-4a14-9181-5d3add326231___GH_HL Leaf 447.JPG,Tomato___healthy,Tomato___healthy,train,val,8,True
a5e9e9d959528a3825ba3dc9a0c2f39002b11fa670d07f6f071eacb9386cb5e5,398358d5f248c1a902d6d30e4f8653f8828591d2912d932914ebd2263791f5d5,Tomato___Bacterial_spot/1a017b74-a549-433b-979b-3e3ace67b50d___GCREC_Bact.Sp 5715.JPG,Tomato___Bacterial_spot/5b2bff7b-208c-4ec6-adfd-b60b081916c1___GCREC_Bact.Sp 5955.JPG,Tomato___Bacterial_spot,Tomato___Bacterial_spot,test,train,8,True
a5f6cbebd36e5bce98183da632d551066bfacaa1fde956af426dcc5c7de3a031,79e3405b93570e56b421dc2d4fda845cc98d9772685d18daf76fb6949e495368,Tomato___Spider_mites Two-spotted_spider_mite/f5eec0e2-699a-484e-91dd-c91f6c03a2c5___Com.G_SpM_FL 8547.JPG,Tomato___Tomato_Yellow_Leaf_Curl_Virus/3e3324fe-c455-4fd7-9373-0d9af52a13a0___YLCV_GCREC 2221.JPG,Tomato___Spider_mites Two-spotted_spider_mite,Tomato___Tomato_Yellow_Leaf_Curl_Virus,train,val,8,True
a5f6cbebd36e5bce98183da632d551066bfacaa1fde956af426dcc5c7de3a031,b778357c8bd2c4bec5c857e88cc58eb8f4e87fc2e29c80a6addcf5e351ca459e,Tomato___Spider_mites Two-spotted_spider_mite/f5eec0e2-699a-484e-91dd-c91f6c03a2c5___Com.G_SpM_FL 8547.JPG,Tomato___Tomato_Yellow_Leaf_Curl_Virus/fd5f95ea-6266-4b62-ac18-4773b178daf3___YLCV_NREC 0129.JPG,Tomato___Spider_mites Two-spotted_spider_mite,Tomato___Tomato_Yellow_Leaf_Curl_Virus,train,val,8,True
a616d9037d30a815f17a2d375e9ad9d216e804579797f9dd1f0424121c5e1e1e,b778eec1d706671264219950c349e2f1264e7efb23dd578e0964ef8a5ebea399,Tomato___Bacterial_spot/55dae2a7-f763-4fc0-be79-d658090aab1d___GCREC_Bact.Sp 5698.JPG,Tomato___Septoria_leaf_spot/f8f528ee-f9c3-47cb-b67f-a9265d86d9d1___Matt.S_CG 1446.JPG,Tomato___Bacterial_spot,Tomato___Septoria_leaf_spot,train,val,8,True
a61d186606a13b3904ac02da89b0f07b2d0270653e434222aba3000c08d08ec1,9f36446fe4a2e0bc0fd5b2a0f606bbf14442c57295bfd7e52e56c638effc5343,Tomato___Tomato_Yellow_Leaf_Curl_Virus/e90bbe3d-2036-47be-99e9-359839e4a710___UF.GRC_YLCV_Lab 02160.JPG,Tomato___Tomato_Yellow_Leaf_Curl_Virus/5cc16f74-0be9-4661-9f7a-c9ea665d2f8f___UF.GRC_YLCV_Lab 02173.JPG,Tomato___Tomato_Yellow_Leaf_Curl_Virus,Tomato___Tomato_Yellow_Leaf_Curl_Virus,train,val,8,True
a6e0e7519cc76dac7e596119ac0a57bae3877115cf3fe57a635bc8558afc4399,9887f333a50691d88b614faf7d42da41f254f59ebf94aeed8700dd4e54f24f75,Tomato___Septoria_leaf_spot/9b24d726-394f-4db4-b87d-a87a4def7b85___JR_Sept.L.S 2594.JPG,Tomato___Bacterial_spot/6c3b5a9c-61fa-4818-ba3b-176cd83e2b19___GCREC_Bact.Sp 5605.JPG,Tomato___Septoria_leaf_spot,Tomato___Bacterial_spot,test,train,8,True
a6e0e7519cc76dac7e596119ac0a57bae3877115cf3fe57a635bc8558afc4399,e38752b3eb03c5793d5a362bcb46bf28073d8adaf03bdcc0aba4744476ea1ba0,Tomato___Septoria_leaf_spot/9b24d726-394f-4db4-b87d-a87a4def7b85___JR_Sept.L.S 2594.JPG,Tomato___Bacterial_spot/a6d6640b-c086-44f5-a53f-8cb59f72a7b4___GCREC_Bact.Sp 5886.JPG,Tomato___Septoria_leaf_spot,Tomato___Bacterial_spot,test,val,8,True
a774efa4df2b00fa0e78b740a872f1824a71a9f55c294ba5549693d500eca156,0809d678bec5d0a1736c00c242518feca61b50d820c339ed3d635e89ca958bd3,Tomato___Spider_mites Two-spotted_spider_mite/f702e4c1-fe56-41c5-9ee8-ccb06d8dce13___Com.G_SpM_FL 9528.JPG,Tomato___Spider_mites Two-spotted_spider_mite/bafa7923-1efe-4e44-94b0-9427b6726bc1___Com.G_SpM_FL 9525.JPG,Tomato___Spider_mites Two-spotted_spider_mite,Tomato___Spider_mites Two-spotted_spider_mite,test,train,8,True
a774efa4df2b00fa0e78b740a872f1824a71a9f55c294ba5549693d500eca156,19b42dc0c5106f61b466b60f316b2e395fc7202ae3999fc2b5d58bb42473d8e0,Tomato___Spider_mites Two-spotted_spider_mite/f702e4c1-fe56-41c5-9ee8-ccb06d8dce13___Com.G_SpM_FL 9528.JPG,Tomato___Spider_mites Two-spotted_spider_mite/2028bc26-062e-4113-923e-7e0f7b47ad6b___Com.G_SpM_FL 9461.JPG,Tomato___Spider_mites Two-spotted_spider_mite,Tomato___Spider_mites Two-spotted_spider_mite,test,train,8,True
a774efa4df2b00fa0e78b740a872f1824a71a9f55c294ba5549693d500eca156,9788e5a401196d3d3069669c9832f50a1256b00f5b8520c14f0d13d630de820a,Tomato___Spider_mites Two-spotted_spider_mite/f702e4c1-fe56-41c5-9ee8-ccb06d8dce13___Com.G_SpM_FL 9528.JPG,Tomato___Tomato_Yellow_Leaf_Curl_Virus/5133c1b3-8a52-44a9-9c34-b9c4ea54b301___YLCV_GCREC 5347.JPG,Tomato___Spider_mites Two-spotted_spider_mite,Tomato___Tomato_Yellow_Leaf_Curl_Virus,test,val,8,True
a774efa4df2b00fa0e78b740a872f1824a71a9f55c294ba5549693d500eca156,db8a82680c022952727a5e6a429e1d68194eac1ad7b51f2f6b64d509246c1533,Tomato___Spider_mites Two-spotted_spider_mite/f702e4c1-fe56-41c5-9ee8-ccb06d8dce13___Com.G_SpM_FL 9528.JPG,Tomato___healthy/167247af-fd67-4b70-a72e-052dc5ea863b___GH_HL Leaf 388.1.JPG,Tomato___Spider_mites Two-spotted_spider_mite,Tomato___healthy,test,train,8,True
a7ffa1c3426c98d7915e97388130764b448520953a79d3fb27e55841b7e72933,b465a36bbeba6988d054d7d3e8d389bfc2141e9c44edaacd8919302217603c9c,Tomato___Bacterial_spot/6b463262-379a-4694-affa-1030a9f4c087___GCREC_Bact.Sp 3366.JPG,Tomato___Bacterial_spot/fb703e38-2ea0-468f-9958-0f88be8e1fb0___GCREC_Bact.Sp 3126.JPG,Tomato___Bacterial_spot,Tomato___Bacterial_spot,train,val,8,True
a865492c60d380e17c0576c27a48cca9c252bd4d56876e78fa4aa375223fcd92,b5792db8fb511bade57dbb94aae3b750bc157f8a8fe8a3462b73c6d02bbda41f,Tomato___Spider_mites Two-spotted_spider_mite/db803ddd-cb31-4a25-8ba0-b4134d677ca9___Com.G_SpM_FL 8487.JPG,Tomato___Target_Spot/8c034f61-0b93-4b14-b5d6-5ed385cb93b1___Com.G_TgS_FL 7892.JPG,Tomato___Spider_mites Two-spotted_spider_mite,Tomato___Target_Spot,test,train,8,True
a86737791f45e4eeda9ce71ae317568abca857fb68727bbabac844a8fd045403,4c81ab09460709468609d759ed8db0d348ccd92b136fc4d8bd614c4571d0d61f,Tomato___Tomato_Yellow_Leaf_Curl_Virus/a27029a9-c2c5-4e04-b25e-ef96524d6c35___UF.GRC_YLCV_Lab 02618.JPG,Tomato___Tomato_Yellow_Leaf_Curl_Virus/720c12e4-f0ee-4e1d-8505-e615df06bbef___UF.GRC_YLCV_Lab 02624.JPG,Tomato___Tomato_Yellow_Leaf_Curl_Virus,Tomato___Tomato_Yellow_Leaf_Curl_Virus,test,train,8,True
a86737791f45e4eeda9ce71ae317568abca857fb68727bbabac844a8fd045403,833a593e91b1db3f9f3e6bfaeb83e2378107c2ac9f86f01c61b04fe56798b1a8,Tomato___Tomato_Yellow_Leaf_Curl_Virus/a27029a9-c2c5-4e04-b25e-ef96524d6c35___UF.GRC_YLCV_Lab 02618.JPG,Tomato___Tomato_Yellow_Leaf_Curl_Virus/bb292b2e-4447-4433-bab9-d8e1e29c7d5b___UF.GRC_YLCV_Lab 02635.JPG,Tomato___Tomato_Yellow_Leaf_Curl_Virus,Tomato___Tomato_Yellow_Leaf_Curl_Virus,test,train,8,True
a8c9b5201c343aca24f64ed345e0a065e9c8af32b3418ad2bbb487e407b85553,a3b75f68beaf82ff94c5cfec0733ae26c76a61a23980cf0bc7b72dfea1bd6a16,Tomato___Tomato_Yellow_Leaf_Curl_Virus/aed8ece7-c19f-4fa6-b831-89c36e33adb3___UF.GRC_YLCV_Lab 02396.JPG,Tomato___Late_blight/e2da8dd8-6170-4106-8aa2-5b45d7aa2ff2___RS_Late.B 6159.JPG,Tomato___Tomato_Yellow_Leaf_Curl_Virus,Tomato___Late_blight,train,val,8,True
a9b79887053530b961879099d6b339d9e0a5072cc68d5012917b52430719e74c,4516367a833352c8c3393de4e16d45dea1405e64988121645b7e27232db38cc0,Tomato___Late_blight/117a7f38-eaa6-4f88-b892-33e2a66d77d5___RS_Late.B 5129.JPG,Tomato___Septoria_leaf_spot/d2d13290-3e84-4c25-adcf-aa68bc6d70ba___Matt.S_CG 7630.JPG,Tomato___Late_blight,Tomato___Septoria_leaf_spot,test,train,8,True
aa9a099dcbb8b0da9597e1beedd4aabf4b2240f20a6a5b8464c58a3f3ff98cbc,6674d2740895af1b0e32213971fdc7c57156bb917dc7edfee5db20afd2aee182,Tomato___Bacterial_spot/a7af4903-9aae-45be-990d-adfca4510cfa___GCREC_Bact.Sp 5872.JPG,Tomato___Bacterial_spot/ccfdfe87-72ec-4b17-bd86-9f0bb242dfd5___GCREC_Bact.Sp 3367.JPG,Tomato___Bacterial_spot,Tomato___Bacterial_spot,train,val,8,True
aafa8b26b895916f1bc2731ecf40d9d2dc80a95c7c5f13e00e9d1a492696506f,973ab6ae3c7bb1765b75e88ca175459043ea9a57f9909b1f4cf7890e8591c663,Tomato___Tomato_Yellow_Leaf_Curl_Virus/cfb78471-bb1f-4ff1-8770-31471af27d37___UF.GRC_YLCV_Lab 03360.JPG,Tomato___Tomato_Yellow_Leaf_Curl_Virus/2d3999dd-3b1a-4c6c-80bd-1deadf491737___UF.GRC_YLCV_Lab 03361.JPG,Tomato___Tomato_Yellow_Leaf_Curl_Virus,Tomato___Tomato_Yellow_Leaf_Curl_Virus,test,train,8,True
ab56b4ca6498f61d8371544657c4e11d59466f0ee96583fe9fb3dd29f3833e0c,2f92bc03cc3599abd7818b2abaca0bff80d41c64d9e21ad0bd64dea75f07f409,Tomato___Target_Spot/e90c87fc-7b4d-45a0-9934-51a8d91317f1___Com.G_TgS_FL 8384.JPG,Tomato___Septoria_leaf_spot/48bad913-fbef-4845-bc2d-dbc06f0c2bcc___Matt.S_CG 7790.JPG,Tomato___Target_Spot,Tomato___Septoria_leaf_spot,train,val,8,True
ac7a540940dc7557fe731a4869fa982195e82edc9e0ed4122fb88f4d1dfda611,8be3ac2d1fea885fc13a782e5af70e40daba397f9697395506f2efd58757d89b,Tomato___Tomato_Yellow_Leaf_Curl_Virus/0efaf7db-e814-4528-bfd9-eeda31d69d13___UF.GRC_YLCV_Lab 02888.JPG,Tomato___Tomato_Yellow_Leaf_Curl_Virus/0ef08a25-e24e-4ac7-96b7-fbc28046ce34___UF.GRC_YLCV_Lab 02884.JPG,Tomato___Tomato_Yellow_Leaf_Curl_Virus,Tomato___Tomato_Yellow_Leaf_Curl_Virus,train,val,8,True
aceef1875124523597a88969f9f623450f072895b7e0feb31139a0ac2fb2ca8e,a6ae85edff3c2f111f5c711231ad430df040d6e61c3c9076890f990d7c9125fb,Tomato___Spider_mites Two-spotted_spider_mite/1001f133-ff3e-48de-b288-5a3802d9f3e1___Com.G_SpM_FL 8621.JPG,Tomato___Early_blight/62ce29f9-81ea-4616-8562-22a5830b3286___RS_Erly.B 7436.JPG,Tomato___Spider_mites Two-spotted_spider_mite,Tomato___Early_blight,test,train,8,True
acf6a45b8aa64629cfeef84dae8fe453c699876d79fd5b26636993fe865f3e29,adf409411bad653537fe98436bff603943b5c3908df29dbe416bd88b92a6cb7a,Tomato___healthy/c3dcca18-f12f-4a4d-a90c-563ded6c7df8___RS_HL 9691.JPG,Tomato___Early_blight/397ffe67-e784-44d5-ae1a-d1e2990c041b___RS_Erly.B 7637.JPG,Tomato___healthy,Tomato___Early_blight,test,train,8,True
ad7ebafed02ef3a8a316e4fffeb5ab912974993f619b0dbf7cd173ca523ad2d1,b4aeaac188a7d8b06ec75dd82c32fbfc30e5943f6e43dce2b18cc827ce21a059,Tomato___Late_blight/29f85d31-a9c2-404a-b7bc-9a5b9cd7aa88___RS_Late.B 5541.JPG,Tomato___Late_blight/cdeb7f9d-c0de-4fbd-95a5-fbaaa51460dd___RS_Late.B 5571.JPG,Tomato___Late_blight,Tomato___Late_blight,test,train,8,True
ad7ebafed02ef3a8a316e4fffeb5ab912974993f619b0dbf7cd173ca523ad2d1,ccc171324ba26b09bc189ff4a8b09d6580914d8e32b129961842effd01d1384c,Tomato___Late_blight/29f85d31-a9c2-404a-b7bc-9a5b9cd7aa88___RS_Late.B 5541.JPG,Tomato___Septoria_leaf_spot/c72f9244-eda7-4aa5-9fda-4d572f1999de___Matt.S_CG 6701.JPG,Tomato___Late_blight,Tomato___Septoria_leaf_spot,test,train,8,True
ade2c8e0ddbc496241139e8bb1bc83e7cdd30d8d590d59d8384b10d14f2822ba,b6feead808fbaf42d2cc690015b8928530f6635a2f0f07ee9796dacdf90bfa85,Tomato___Spider_mites Two-spotted_spider_mite/6dff3d85-99fb-4c45-b046-ed003a68b35a___Com.G_SpM_FL 8689.JPG,Tomato___Spider_mites Two-spotted_spider_mite/afd11a59-5ed8-4f8d-8e6e-280f6a4deced___Com.G_SpM_FL 8989.JPG,Tomato___Spider_mites Two-spotted_spider_mite,Tomato___Spider_mites Two-spotted_spider_mite,train,val,8,True
ae28acd127326395a0af570ef1a684030f0bcd9b2a3d8e7e91fae66e380c28d4,b74d4f1c6c2b97505804b1954da32eca4f7e5759047c256c3a11f8edf601d332,Tomato___Spider_mites Two-spotted_spider_mite/88b7e7b3-a94a-449c-8a7b-ed96ec541690___Com.G_SpM_FL 8437.JPG,Tomato___Spider_mites Two-spotted_spider_mite/e33fa280-f5cc-404b-a205-36966e9ceb38___Com.G_SpM_FL 8950.JPG,Tomato___Spider_mites Two-spotted_spider_mite,Tomato___Spider_mites Two-spotted_spider_mite,train,val,8,True
ae600c6f085628dad0cf232ff6aa760240acbcb07d6f9f9af75e69b5a9eeb385,304b1a2ebddb1a3198d80ad2939ce8112d2336c6260f4223d4e6ef6d66e73782,Tomato___Target_Spot/7990bb22-2130-498a-95d4-b6213e9e8ac6___Com.G_TgS_FL 1056.JPG,Tomato___Leaf_Mold/3d232a86-283d-45ec-b5cf-99829d78afa8___Crnl_L.Mold 6550.JPG,Tomato___Target_Spot,Tomato___Leaf_Mold,train,val,8,True
ae9e1d88f7c244615117219b64132a12df2d56d57a93b9f128ea9d6c4bca1818,064cd82319e45315319381ee5943d1d3581a971914b7a8d3cbbd237399f29af4,Tomato___Septoria_leaf_spot/d32e7797-bc8e-4042-a170-bb2d2a415d75___JR_Sept.L.S 8399.JPG,Tomato___healthy/27ed6a35-3fb7-4d57-9cb4-b368c1f4f6eb___RS_HL 9665.JPG,Tomato___Septoria_leaf_spot,Tomato___healthy,train,val,8,True
aea0ee6bc7f7d4e2c5b204bb02de346d10efbef0cf64d77fb461e2f4abae6824,9f5da83c7ee9c9b89b1c8cf46609f7103501c52f37e5e3302554aa0747e45c01,Tomato___Spider_mites Two-spotted_spider_mite/bdc998dc-38ff-44e3-bd1d-1e5a702ac37a___Com.G_SpM_FL 1503.JPG,Tomato___Spider_mites Two-spotted_spider_mite/8cfb09a9-81f5-4d7f-b5d2-459ae2cead76___Com.G_SpM_FL 8536.JPG,Tomato___Spider_mites Two-spotted_spider_mite,Tomato___Spider_mites Two-spotted_spider_mite,train,val,8,True
aeeb22d1585ecd0f9e2ef871086fd16271dc5c3f687fe1f9ea8c1ceaec338694,26c6be04e2d2658b954e9472f1d90b52b33c012d6f113ce60b683c01204af685,Tomato___Spider_mites Two-spotted_spider_mite/e18529e1-ae21-43c7-95f9-82df36a4b20f___Com.G_SpM_FL 1259.JPG,Tomato___Spider_mites Two-spotted_spider_mite/9e1cfd52-d7f1-46a6-a88e-9fafe1f82b69___Com.G_SpM_FL 1283.JPG,Tomato___Spider_mites Two-spotted_spider_mite,Tomato___Spider_mites Two-spotted_spider_mite,test,val,8,True
b0f8bb17baecfd05ae9c38ba9989e3179e1e9534a6a050e54430e6da6e46d94c,337645706db1e3c77ffb1460c786734566b7ea033decfcc8f1cfd924e3c6ecf1,Tomato___Tomato_Yellow_Leaf_Curl_Virus/b71f38ad-64c8-411d-ac70-f6d15e289712___UF.GRC_YLCV_Lab 01747.JPG,Tomato___Tomato_Yellow_Leaf_Curl_Virus/39024c18-9ae7-41b4-8ade-113eb7c575e3___UF.GRC_YLCV_Lab 01746.JPG,Tomato___Tomato_Yellow_Leaf_Curl_Virus,Tomato___Tomato_Yellow_Leaf_Curl_Virus,test,train,8,True
b0f8bb17baecfd05ae9c38ba9989e3179e1e9534a6a050e54430e6da6e46d94c,4c61f2065d35b37147a5d23df24705dd06ad0695ef21cfbb1f1ad26488ee5e9b,Tomato___Tomato_Yellow_Leaf_Curl_Virus/b71f38ad-64c8-411d-ac70-f6d15e289712___UF.GRC_YLCV_Lab 01747.JPG,Tomato___Tomato_Yellow_Leaf_Curl_Virus/b1c01d02-66f9-4b4e-a426-696cbf28955d___UF.GRC_YLCV_Lab 01737.JPG,Tomato___Tomato_Yellow_Leaf_Curl_Virus,Tomato___Tomato_Yellow_Leaf_Curl_Virus,test,train,8,True
b0ffb83a2b0431439e1195eb8b1d3f03d3bb610333ec5f283d1dcdb0a5202aec,13160154ec55492f393f938b0a189ca898288514c9552c7c1807175b7b6336c1,Tomato___Septoria_leaf_spot/c1b56e67-0402-4f5a-8b7d-a0aec49b875a___Matt.S_CG 2580.JPG,Tomato___Bacterial_spot/ec7b4bc1-dd3e-4735-a90c-1d51831994a1___GCREC_Bact.Sp 3134.JPG,Tomato___Septoria_leaf_spot,Tomato___Bacterial_spot,test,train,8,True
b0ffb83a2b0431439e1195eb8b1d3f03d3bb610333ec5f283d1dcdb0a5202aec,2a08a12e29106e2dc830a17206db8c3c4bc3d41c7c1a49d2329b7d12a031190d,Tomato___Septoria_leaf_spot/c1b56e67-0402-4f5a-8b7d-a0aec49b875a___Matt.S_CG 2580.JPG,Tomato___Spider_mites Two-spotted_spider_mite/c632fc41-93b2-4655-abee-cfba25000d1b___Com.G_SpM_FL 1476.JPG,Tomato___Septoria_leaf_spot,Tomato___Spider_mites Two-spotted_spider_mite,test,val,8,True
b1d0e4fc2d0ca5c2da72eb668b06b5947058b14444fc40a069a12c1ad21514e4,e402bbd312d1bb03f6cb572108953ffa7beeb1ca45a58ca8fb3b116c7f2de550,Tomato___Late_blight/cc31ca99-6a1c-4e62-bc6b-044c99ba2c62___RS_Late.B 6775.JPG,Tomato___Late_blight/7a711eda-02e6-49fa-9d2c-8463330fa797___RS_Late.B 5045.JPG,Tomato___Late_blight,Tomato___Late_blight,test,train,8,True
b33a602aa52c8578b5f15d2a310fb885d045c9a65f303679ab8b1a100b91b15d,e349b28458a0abda206a4611169097fa7b7cca638acc0d7871a214b97b115f5d,Tomato___Tomato_Yellow_Leaf_Curl_Virus/87e723cd-742b-4569-8493-b6e0c4b693b0___YLCV_GCREC 2275.JPG,Tomato___Septoria_leaf_spot/e76b4dad-409f-4f6a-ab14-60997d227035___JR_Sept.L.S 2488.JPG,Tomato___Tomato_Yellow_Leaf_Curl_Virus,Tomato___Septoria_leaf_spot,train,val,8,True
b37890b26152990f7189748c08b09c1294ebb68679ce5527868a23dfbe75977f,a1178f20d67b653083a8df426faa78524996401bc8dd68973c2c059252ed5c9d,Tomato___Tomato_Yellow_Leaf_Curl_Virus/ba0e3c46-555d-4d48-9853-3ae7f148e2fa___YLCV_NREC 2933.JPG,Tomato___Spider_mites Two-spotted_spider_mite/8d0dffc7-aecb-4583-b3a3-1027fb4fd3d1___Com.G_SpM_FL 9567.JPG,Tomato___Tomato_Yellow_Leaf_Curl_Virus,Tomato___Spider_mites Two-spotted_spider_mite,test,val,8,True
b3f2d8133abc9b866a02e7b778dd98e620f1dbdd1c3349fb701bb243cc1cb447,31c1d84ddc15b6c5942b1a52a5dbe88a9848509613bf3802c60b7bf19e4a951f,Tomato___Bacterial_spot/2d9b4cc9-3b21-4e0c-830f-b97ed7bfb397___GCREC_Bact.Sp 3444.JPG,Tomato___Spider_mites Two-spotted_spider_mite/07843665-3d98-4371-873a-21b4bbe30a9d___Com.G_SpM_FL 8458.JPG,Tomato___Bacterial_spot,Tomato___Spider_mites Two-spotted_spider_mite,test,train,8,True
b4165a397320614adb7e8a45b43510e28a0e59139e1b17e05bc1e02ce5777a88,c403e606317c5f4a7d84bdef4bbde48afa8f6054e0235171630ce9db854c0b1e,Tomato___Late_blight/84b7d3ab-56ae-4eef-a852-7b32f3ef0160___GHLB2 Leaf 150.JPG,Tomato___Late_blight/a0616fa9-80fb-497d-8791-a9689aecb27f___GHLB2 Leaf 150.2.JPG,Tomato___Late_blight,Tomato___Late_blight,test,train,8,True
b430cd657d6149ddc228b1518a3a8d460a318d79b3f77a36ed1693457490cb4d,6d4fe09a7742ea8d6b2432f217f2a6495449463dd2b8a738e2dc390ff9301ea0,Tomato___Septoria_leaf_spot/74c6ce09-ee11-4d57-ae56-c4fdcb0f6c3b___Matt.S_CG 7481.JPG,Tomato___Spider_mites Two-spotted_spider_mite/b329dfc5-3ec0-4d9b-a4d7-d78d50af9366___Com.G_SpM_FL 8712.JPG,Tomato___Septoria_leaf_spot,Tomato___Spider_mites Two-spotted_spider_mite,test,train,8,True
b433bdb408fda0ab1abafa9eca162e6f14d3c99cdcd177e29ca134b12b1d849d,10d5b45a8a1373451d4e5555d9c19c008a1e070707f759e259806ad02c3c50fc,Tomato___Bacterial_spot/89e634fd-a7e1-4e7e-8c95-cbdcd96dd381___GCREC_Bact.Sp 3721.JPG,Tomato___Late_blight/c6f2f79f-4554-4869-84e0-32df4ed15eb4___RS_Late.B 6399.JPG,Tomato___Bacterial_spot,Tomato___Late_blight,train,val,8,True
b452c327a67ed7b670ca0d9479acad79a8721bc6371b7128a876b1d79ad3d476,710610f6c9b2359c3cef58ed6cd6e4d24fa3f42d0339a68e8a7984a47c743eda,Tomato___Bacterial_spot/e19aa48d-2c0f-41ac-b6e4-d648371236f3___GCREC_Bact.Sp 5545.JPG,Tomato___Target_Spot/04889d08-6298-45d8-ab6c-0119fd1c2104___Com.G_TgS_FL 0778.JPG,Tomato___Bacterial_spot,Tomato___Target_Spot,train,val,8,True
b45513f984497d8dd104e549c22e5c65d1fa99c8ec9262027678a0127f989bd8,6eb11ddeeb88c432aa8a05db38596e08726be586cd21e98022fd028c9f86dc80,Tomato___Bacterial_spot/9a9e2a16-a9b3-44b9-8de8-be36b76b03ee___GCREC_Bact.Sp 5549.JPG,Tomato___Spider_mites Two-spotted_spider_mite/a56182d9-143a-45fc-a1be-946ba0d46935___Com.G_SpM_FL 9550.JPG,Tomato___Bacterial_spot,Tomato___Spider_mites Two-spotted_spider_mite,test,train,8,True
b455948340f25d41a9a06141b2bbc6b6dda3122137318624186e4d1140547450,047e82a07b70719b4641c428cc8dc5ecde1cf465e1b75ada805701ad21ebd9f2,Tomato___Target_Spot/68bd8fa2-f798-44ea-8e9f-5fa7a2c115ee___Com.G_TgS_FL 0009.JPG,Tomato___Target_Spot/70f5bc00-6c82-4051-b616-e33417ac8c82___Com.G_TgS_FL 9689.JPG,Tomato___Target_Spot,Tomato___Target_Spot,train,val,8,True
b49f3fa6cb89f7dc53884884164b32f90bec9121340c78171e1e386d0861ec97,9a34f0c6c1319829bc6fd6542489bcffa970dbd4ce22073368395f9273dda7c5,Tomato___Tomato_Yellow_Leaf_Curl_Virus/ec757bc6-336d-4e29-89ab-23cdfb922d17___UF.GRC_YLCV_Lab 01837.JPG,Tomato___Tomato_Yellow_Leaf_Curl_Virus/93481e98-0be9-4898-9ec6-2a9b01d83f6d___UF.GRC_YLCV_Lab 01838.JPG,Tomato___Tomato_Yellow_Leaf_Curl_Virus,Tomato___Tomato_Yellow_Leaf_Curl_Virus,train,val,8,True
b4ed010eb07ac2cb719ba01dbde8adda4bf754f59aaebe2f10d04ce9988112a7,eec4ec454987955cc02cb78a5322d4ccb13c6b3f703fee188d42e44740ac1770,Tomato___Leaf_Mold/5232c7a2-7f94-4e6e-b47a-6264e1e49ff8___Crnl_L.Mold 7161.JPG,Tomato___Late_blight/7f4621fe-72ce-4f4c-a20e-320250ec8a9d___RS_Late.B 5556.JPG,Tomato___Leaf_Mold,Tomato___Late_blight,train,val,8,True
b5a1a2be570f6784fc845e04b4816ccb631ae93c97cd023e6c07e3b66145bfc6,4f4c99fde3a639d19f26149cf99a98a46e7025278e4e08281c8542dc7f9bdabd,Tomato___Bacterial_spot/43a474b7-83dd-48e5-962a-783727a6595a___GCREC_Bact.Sp 3255.JPG,Tomato___Tomato_Yellow_Leaf_Curl_Virus/0d63c167-dff7-4486-983f-c46183a1a210___YLCV_GCREC 2262.JPG,Tomato___Bacterial_spot,Tomato___Tomato_Yellow_Leaf_Curl_Virus,train,val,8,True
b6073e80891a3a7a011cd0e377a49ba4d8081ea16a2666ed8f7463976f6744b1,e13a6771150b3a2d73ed44ce9a27ef6714de2866b35379439465f115fa46e76a,Tomato___Bacterial_spot/3e4ca861-5f1d-43c1-9b31-225455da4533___GCREC_Bact.Sp 3098.JPG,Tomato___Spider_mites Two-spotted_spider_mite/1e06dafa-f977-4354-992e-3271f34a2344___Com.G_SpM_FL 9601.JPG,Tomato___Bacterial_spot,Tomato___Spider_mites Two-spotted_spider_mite,test,val,8,True
b8263d2f142f91f6aec08b1975049ff892233a7ee77d829acc25ddaf27467703,e38752b3eb03c5793d5a362bcb46bf28073d8adaf03bdcc0aba4744476ea1ba0,Tomato___Bacterial_spot/43b71f8a-175a-4847-a2c8-69c7d2f59f10___GCREC_Bact.Sp 3476.JPG,Tomato___Bacterial_spot/a6d6640b-c086-44f5-a53f-8cb59f72a7b4___GCREC_Bact.Sp 5886.JPG,Tomato___Bacterial_spot,Tomato___Bacterial_spot,train,val,8,True
b9020b1ed52260aeac5926b2a850b165c778d3c89a39c99ad4f75a01dca29860,5120d49c7689730882ea1c2dd8f892497fede586ca3c8025b386378efbc73c51,Tomato___Late_blight/57b4f2ba-3537-4505-8d7c-e5a3ae7511d9___RS_Late.B 5122.JPG,Tomato___Leaf_Mold/9d63ab4a-2bf7-4965-b96c-5c4c28c844c0___Crnl_L.Mold 8944.JPG,Tomato___Late_blight,Tomato___Leaf_Mold,test,train,8,True
b99dac0b60745aedcbb0add68c2eb8f2b930e73b7f05f67f99441307e71cfeca,d893e439dea93a96a5ce47161016192c0c9fa59767f639fa26d671e9062c4a92,Tomato___Spider_mites Two-spotted_spider_mite/e779d799-2088-4dd1-a125-997548d55db9___Com.G_SpM_FL 1637.JPG,Tomato___Bacterial_spot/b8f38ecf-ef8d-47b5-90a3-e937a300a931___GCREC_Bact.Sp 5770.JPG,Tomato___Spider_mites Two-spotted_spider_mite,Tomato___Bacterial_spot,test,train,8,True
ba5de53f59194cbedaeed80ec5c7fb0d811bdbc9cb63385aa8681968e75b19d6,91140b8013adf9b6ecacc44fa33140cf98a486c323d75ee31225ec301709cd86,Tomato___Bacterial_spot/0b233197-cd35-4031-80c2-610e7e3a046b___GCREC_Bact.Sp 6095.JPG,Tomato___Tomato_Yellow_Leaf_Curl_Virus/95bc1133-e7a6-47bd-873d-69660a0825b2___YLCV_GCREC 2737.JPG,Tomato___Bacterial_spot,Tomato___Tomato_Yellow_Leaf_Curl_Virus,train,val,8,True
bb24af3cd83f2ad553d88fe6410a18401d831b4fbcf7938f3809c3506950b96a,6fe7b9d06c7475abe42ad194ad27bda256c7bee7afe603610fc3bfd2e51e0387,Tomato___Spider_mites Two-spotted_spider_mite/89956d0e-2500-4ed8-87a5-8b221c5b8f6b___Com.G_SpM_FL 8914.JPG,Tomato___Spider_mites Two-spotted_spider_mite/1f3c081d-ddf4-48f7-884b-08b3a5b3ae0a___Com.G_SpM_FL 1307.JPG,Tomato___Spider_mites Two-spotted_spider_mite,Tomato___Spider_mites Two-spotted_spider_mite,test,train,8,True
bb24af3cd83f2ad553d88fe6410a18401d831b4fbcf7938f3809c3506950b96a,79c73c7060b94f57ac4fcb2703aa1deab232894baab8cf0df53d0ff3bdaf64ab,Tomato___Spider_mites Two-spotted_spider_mite/89956d0e-2500-4ed8-87a5-8b221c5b8f6b___Com.G_SpM_FL 8914.JPG,Tomato___Spider_mites Two-spotted_spider_mite/d8a1b62d-7ea5-417c-aceb-b466f7822690___Com.G_SpM_FL 9487.JPG,Tomato___Spider_mites Two-spotted_spider_mite,Tomato___Spider_mites Two-spotted_spider_mite,test,val,8,True
bb940a01a9d842e58b984294014f16ae027dfc31e66337fac4b383683541f637,353f85a4723d1dada01173be68a77773d6607846f1906d8fd1925236747d4943,Tomato___Spider_mites Two-spotted_spider_mite/491846cf-0ae0-41f5-aacb-b686b60f0f63___Com.G_SpM_FL 1183.JPG,Tomato___Tomato_mosaic_virus/847307bc-58ab-45fc-8001-f1e07a38bc82___PSU_CG 2065.JPG,Tomato___Spider_mites Two-spotted_spider_mite,Tomato___Tomato_mosaic_virus,test,train,8,True
bbcc28045c1366efb4136af081b987c884afc42fe33f94a7cc24074c1ec1685e,9420cc1bab3684a9b021fd83d95d957b34a4f55c97c336dddb4825ec1e60ba6d,Tomato___Spider_mites Two-spotted_spider_mite/4991eaa2-e553-4132-834d-628a9dae9a0d___Com.G_SpM_FL 1528.JPG,Tomato___Spider_mites Two-spotted_spider_mite/45d0aca4-ce49-43cb-af35-99ac8d283930___Com.G_SpM_FL 1459.JPG,Tomato___Spider_mites Two-spotted_spider_mite,Tomato___Spider_mites Two-spotted_spider_mite,train,val,8,True
bc37d056cfa60d71f3a24a699be723cda998d03e56e95ccf0480ebd83c72c2ae,4d2a584fb1e602d4e2fcdb863a9a63dbf2b12127646aa4b348e697deeeff7e80,Tomato___Septoria_leaf_spot/3b8e8f98-bbc7-446d-82a9-5130e10f1b4a___Matt.S_CG 6618.JPG,Tomato___Target_Spot/f7a859bc-fcd9-4317-8ce6-f2af5ac56431___Com.G_TgS_FL 9692.JPG,Tomato___Septoria_leaf_spot,Tomato___Target_Spot,test,train,8,True
bc37d056cfa60d71f3a24a699be723cda998d03e56e95ccf0480ebd83c72c2ae,fecf9be5cbcafd892ad4a2559404e600d9e73c47cfa208c615ce81200c170656,Tomato___Septoria_leaf_spot/3b8e8f98-bbc7-446d-82a9-5130e10f1b4a___Matt.S_CG 6618.JPG,Tomato___Leaf_Mold/56779b93-da91-4f00-b562-ed5114e6d378___Crnl_L.Mold 6635.JPG,Tomato___Septoria_leaf_spot,Tomato___Leaf_Mold,test,train,8,True
bc3c9b932027ccf6f8e8bfb8ae611a66aab58c994f845f00624a298b86b3a64d,ada210a94d10833bb6be8f43c9a13d22b6059981e89688ab6e71507bf25c3c02,Tomato___Tomato_Yellow_Leaf_Curl_Virus/8a72f728-8a36-4e96-bcfc-da5a04626338___UF.GRC_YLCV_Lab 02417.JPG,Tomato___Tomato_Yellow_Leaf_Curl_Virus/13248326-a01f-4f05-8502-fe2ecd936ccc___UF.GRC_YLCV_Lab 02422.JPG,Tomato___Tomato_Yellow_Leaf_Curl_Virus,Tomato___Tomato_Yellow_Leaf_Curl_Virus,train,val,8,True
bc7810a4e1796f2230e56f6881ab9f0dfdf4fdf9e826845a549a962d051ac106,2e577a9542c0a34d2873670cd3b5f3416272ba063626154d7283fc3afe7d4a4d,Tomato___Bacterial_spot/051beef3-8c72-4fd8-9dd4-8fececd41a35___GCREC_Bact.Sp 5989.JPG,Tomato___Bacterial_spot/e14b7ae8-96ff-47e0-8b35-aa7203dc49d5___GCREC_Bact.Sp 3020.JPG,Tomato___Bacterial_spot,Tomato___Bacterial_spot,train,val,8,True
bc7810a4e1796f2230e56f6881ab9f0dfdf4fdf9e826845a549a962d051ac106,4f4c99fde3a639d19f26149cf99a98a46e7025278e4e08281c8542dc7f9bdabd,Tomato___Bacterial_spot/051beef3-8c72-4fd8-9dd4-8fececd41a35___GCREC_Bact.Sp 5989.JPG,Tomato___Tomato_Yellow_Leaf_Curl_Virus/0d63c167-dff7-4486-983f-c46183a1a210___YLCV_GCREC 2262.JPG,Tomato___Bacterial_spot,Tomato___Tomato_Yellow_Leaf_Curl_Virus,train,val,8,True
bc7810a4e1796f2230e56f6881ab9f0dfdf4fdf9e826845a549a962d051ac106,b1de9eedb6c5461ad3907786e46519a3470abcdc1287114acf4d78bc11d02a6c,Tomato___Bacterial_spot/051beef3-8c72-4fd8-9dd4-8fececd41a35___GCREC_Bact.Sp 5989.JPG,Tomato___Bacterial_spot/8e0325d9-4504-4e3a-8013-a064b8c546f1___GCREC_Bact.Sp 3260.JPG,Tomato___Bacterial_spot,Tomato___Bacterial_spot,train,val,8,True
bca7058d57d2c2bcff44a2639c5d4d44003eb0bfdfd54009291558fd6b06336f,c35b7509031d98959ded89cb9f415f37d4a45fbd5bf86ef9bc3a0ff076963fba,Tomato___Spider_mites Two-spotted_spider_mite/41b662fc-9ef2-4374-9a17-2a181735d756___Com.G_SpM_FL 9471.JPG,Tomato___Tomato_mosaic_virus/b386eecb-c3b8-4b92-8352-b3b687c2db15___PSU_CG 2236.JPG,Tomato___Spider_mites Two-spotted_spider_mite,Tomato___Tomato_mosaic_virus,train,val,8,True
bcbca91b274a326a37d338ce47be4907b96632344a35c50cac066cfbe12c4430,6011b6db2e9c94105891bcd2686e4cfbf90745b4c7cf5c9188856cefc8669390,Tomato___Tomato_Yellow_Leaf_Curl_Virus/d44e8a78-33f7-48ae-907a-ba5f08ae9fa5___YLCV_GCREC 2118.JPG,Tomato___Tomato_Yellow_Leaf_Curl_Virus/63850dfe-2c79-4728-8557-b1eb242e16f1___YLCV_GCREC 2298.JPG,Tomato___Tomato_Yellow_Leaf_Curl_Virus,Tomato___Tomato_Yellow_Leaf_Curl_Virus,test,train,8,True
bcc1087f1e34b8dbad24e44ee969456502be09cd4aa415ff06e011e6e7b57237,8abb0239b8dd964361b270e03540b04991ec239d704b34cfc18831fdaf5aacf6,Tomato___Spider_mites Two-spotted_spider_mite/f7b7b4c8-1420-4ffe-ba64-97be026edeb4___Com.G_SpM_FL 8978.JPG,Tomato___Spider_mites Two-spotted_spider_mite/0d956449-8243-4229-b293-124461cc4940___Com.G_SpM_FL 9325.JPG,Tomato___Spider_mites Two-spotted_spider_mite,Tomato___Spider_mites Two-spotted_spider_mite,train,val,8,True
bcd6566abf76f0c86bf91873223435110249516ddd2e0f06d9bffd142ddc9d2e,fca96b0e8ff02816dc5cfb6741ca6cb6617b48015bf4260da60c6f654126d6f0,Tomato___Tomato_Yellow_Leaf_Curl_Virus/3c6bd94d-921c-4860-b355-9cc8f4e0f8cc___YLCV_GCREC 2378.JPG,Tomato___Spider_mites Two-spotted_spider_mite/c96e4abf-404d-40ab-b105-827dde90c4a7___Com.G_SpM_FL 9331.JPG,Tomato___Tomato_Yellow_Leaf_Curl_Virus,Tomato___Spider_mites Two-spotted_spider_mite,train,val,8,True
bd9754051f042b376a49797f4bc02da967892f32bccf4352210cb27038e58083,3e2c64ed7e258abd9b8f9eab9d826f1921ec0b89b8629c4d28cdeb6933eb1e63,Tomato___Bacterial_spot/611c6fa8-d805-4956-a786-2a4522c59f71___GCREC_Bact.Sp 5616.JPG,Tomato___Leaf_Mold/76e5026d-dc54-4129-8250-573317cc91da___Crnl_L.Mold 6700.JPG,Tomato___Bacterial_spot,Tomato___Leaf_Mold,test,train,8,True
be8302812f41fd5fe788e6c8ddf1ef03b4ef1d1c2a2c9a45c8d99660736ffc5d,b04ca166f199ebca438432a181d3cb4336e484280c6b481f93c3a829e09b2d69,Tomato___Spider_mites Two-spotted_spider_mite/0d831ad9-bc2a-4168-bbf2-6030f3f886f2___Com.G_SpM_FL 9419.JPG,Tomato___Spider_mites Two-spotted_spider_mite/fd4f7201-2f81-4650-8681-dd56406417af___Com.G_SpM_FL 1364.JPG,Tomato___Spider_mites Two-spotted_spider_mite,Tomato___Spider_mites Two-spotted_spider_mite,test,val,8,True
be8c2eeba8a581509fb73ec867f5d1e50d94b7f7e64ab0c66867d7a7b997c72c,204760ab96ee58039ecabec3a3ed9655f81a059f85ba0cc23f403fe46f546da5,Tomato___Septoria_leaf_spot/321f1ae4-f088-44c1-aaaa-19283d863fda___Matt.S_CG 1613.JPG,Tomato___Septoria_leaf_spot/33955624-749a-442a-bf18-6d7a21130d72___JR_Sept.L.S 8398.JPG,Tomato___Septoria_leaf_spot,Tomato___Septoria_leaf_spot,test,val,8,True
c00324fecdc46b624e991272a661744e62e29cb25b0abdda8c38136214cab053,c98f3055efe6253af3031fbdb742b7f9f6ff862e44ac29cea5c44453432ed047,Tomato___Late_blight/93cfbf22-96aa-4d97-ae92-9117209d23c0___RS_Late.B 6192.JPG,Tomato___Tomato_Yellow_Leaf_Curl_Virus/212ecbe4-9f9d-4eb9-aa9c-07b57cff3a35___YLCV_GCREC 1910.JPG,Tomato___Late_blight,Tomato___Tomato_Yellow_Leaf_Curl_Virus,train,val,8,True
c01431ae8ae9b76036a0db7326c6dc6aa51bf29083d0a3b7eeefa835f368ba58,974154959c5f607643be25b42c7a22bb31678f728427c2a820f727c3b9e4e698,Tomato___Bacterial_spot/5343448b-1c53-435c-9f2a-7344772438a2___GCREC_Bact.Sp 3057.JPG,Tomato___Target_Spot/54f2194d-573c-48e5-bf19-114fd0bbe2a8___Com.G_TgS_FL 8130.JPG,Tomato___Bacterial_spot,Tomato___Target_Spot,train,val,8,True
c1201a2c55b80a198e1a37705a9864781aed62cbac0efc03c9d6e230eb41d47c,b2cdd831ef3edbf3ca88acc8a03f0bb95704c54db5fb222f9b39638fe777834e,Tomato___Target_Spot/faeadae6-ed49-4445-8d6d-1d56d3d22d02___Com.G_TgS_FL 7945.JPG,Tomato___Target_Spot/71a27bcf-67b2-48c8-b9a2-20d9be14e605___Com.G_TgS_FL 7921.JPG,Tomato___Target_Spot,Tomato___Target_Spot,test,train,8,True
c190fdbdcb52be7003cfeace0645504039f2fee65e608c0c6ff63c889ae8082c,da92bdad459e13e5155d8129e3a940b3057122018d88c4b7f1bd514fa2435cd6,Tomato___Tomato_Yellow_Leaf_Curl_Virus/fcab8ee1-db97-45ea-aba5-75abfb6e8af4___UF.GRC_YLCV_Lab 02141.JPG,Tomato___Tomato_Yellow_Leaf_Curl_Virus/aebf1e29-1f20-43d5-9e81-e0709fb2224f___UF.GRC_YLCV_Lab 02142.JPG,Tomato___Tomato_Yellow_Leaf_Curl_Virus,Tomato___Tomato_Yellow_Leaf_Curl_Virus,test,train,8,True
c1ac9653adfdece905a6ac5f482bd351817cd7416b31755e294c5ea3d02b858f,cc950cd0846c0622d6a58a50a6727448a2cdb285916dbe45772a957053dee086,Tomato___Septoria_leaf_spot/bc462a9d-4df2-4675-bce7-fb226d8f6d35___Matt.S_CG 1401.JPG,Tomato___Bacterial_spot/fd7e07cc-7fdf-4203-be7c-8ff2e323e71d___GCREC_Bact.Sp 3533.JPG,Tomato___Septoria_leaf_spot,Tomato___Bacterial_spot,test,train,8,True
c1c7dc2864ea561101b5f9d0358228140018dc91bd381704a8d407731c812969,3681e2a216005c249ce8f61f02cdd5738d88613e76027132d852cb17db6f76f7,Tomato___Target_Spot/361193d0-3a49-4d6c-a94f-5a36f32e02d7___Com.G_TgS_FL 9756.JPG,Tomato___Tomato_Yellow_Leaf_Curl_Virus/31d40792-f720-42ba-b669-7947fcbc6594___UF.GRC_YLCV_Lab 02077.JPG,Tomato___Target_Spot,Tomato___Tomato_Yellow_Leaf_Curl_Virus,train,val,8,True
c211f998eb1afa651379aa1c021275151e159db28c09ab746057734becdfede7,3385de63511ad479f52e204bc032b3f82c781faeef818c67a63710a7975972dc,Tomato___Bacterial_spot/39585b95-2167-4dac-9993-f75aac8d38bc___GCREC_Bact.Sp 3538.JPG,Tomato___Bacterial_spot/26cabbbf-57e1-42a5-9fdc-e819b4b02d39___GCREC_Bact.Sp 3437.JPG,Tomato___Bacterial_spot,Tomato___Bacterial_spot,test,train,8,True
c234bf8ef881944c96806e252b7d128d5016c9413b2f5bbc52e4de7f8da31d06,fcfb192c17940a489ab22e0e4aa95ec9b4625592a95c851da4ffc944bdcd3794,Tomato___healthy/50ac802c-b814-4faf-b0d5-a7bc012747eb___GH_HL Leaf 315.JPG,Tomato___healthy/71967e69-6356-49c1-81ce-624792b4d964___GH_HL Leaf 315.1.JPG,Tomato___healthy,Tomato___healthy,train,val,8,True
c2fe88145ec398b276bed613b7663b8bb93de1cfe811169f42b329f7b797c344,9a8df682a27a5ff51307ea45c072c7d1227e91c1e4684a16e3edca7323607e3f,Tomato___Septoria_leaf_spot/ffbb4b17-6760-48fd-bbfa-70120a53db86___Matt.S_CG 1284.JPG,Tomato___Bacterial_spot/27a806fe-06f2-48fb-92cf-32d44d545606___GCREC_Bact.Sp 3052.JPG,Tomato___Septoria_leaf_spot,Tomato___Bacterial_spot,test,val,8,True
c3078153e84aa4bbb141b1fd5afc8c452bb9366b125dbb1a92f565bc5721454b,8afe0346cda347cb9fbd135a669f2c71f52efce35aa6e917b415f2681e7400e5,Tomato___Bacterial_spot/e601dd19-754a-4db4-926b-5e71609f628e___GCREC_Bact.Sp 3342.JPG,Tomato___Target_Spot/8fa4b03e-7abe-456e-a84e-2b490ada8b0f___Com.G_TgS_FL 9709.JPG,Tomato___Bacterial_spot,Tomato___Target_Spot,train,val,8,True
c336877172a010547ad4f685afddd0b3be48debf444c9d67550ff5bc383989cf,a506dfac14b50b99fcc191b9fbea087b5769476ddb3c2ec8b90d32ae052d920d,Tomato___Bacterial_spot/0d227915-443b-402c-8a25-cc43434c4bb0___GCREC_Bact.Sp 5913.JPG,Tomato___Spider_mites Two-spotted_spider_mite/530e2e65-0ca2-40aa-89cb-b700c9503fb6___Com.G_SpM_FL 9558.JPG,Tomato___Bacterial_spot,Tomato___Spider_mites Two-spotted_spider_mite,test,val,8,True
c39c19c1b31134228cd56b8cff3465551955c49ce89ffac32e93dfce4918d001,a6cb8c2b4705440c0cdf81634cdf8fb9657f3d747ee7556d32aca1681bb07dac,Tomato___Target_Spot/69e0b7c6-4cb9-48e6-8436-0979f2ca1469___Com.G_TgS_FL 9805.JPG,Tomato___Tomato_mosaic_virus/3a99961c-cc66-44a9-b2c7-4d5a0714e839___PSU_CG 2162.JPG,Tomato___Target_Spot,Tomato___Tomato_mosaic_virus,test,val,8,True
c4476f35f0b16f1f5eea16a37e80ce71a50aa997c40c22542daee19bbba1973a,71374442b40addcb1a12a0d7cb7f816aeff4a776b8975bbc2db93a0890e50acd,Tomato___Tomato_Yellow_Leaf_Curl_Virus/891384e2-3e94-4ac0-8a5f-a58ec521d9cd___UF.GRC_YLCV_Lab 01427.JPG,Tomato___Tomato_Yellow_Leaf_Curl_Virus/ee4cb522-6d57-41a5-a425-f1038a1ffe9f___UF.GRC_YLCV_Lab 01432.JPG,Tomato___Tomato_Yellow_Leaf_Curl_Virus,Tomato___Tomato_Yellow_Leaf_Curl_Virus,test,train,8,True
c467cb44e5eb0fe93ef476d27795003c3304811e2830fb34060f6c048f918ea9,41a88612e68992f4744e35a23b0e90bfbac708de6323f284f7bc134620d97b6d,Tomato___Tomato_Yellow_Leaf_Curl_Virus/786a8bce-621d-472b-b140-77bef664c969___UF.GRC_YLCV_Lab 08479.JPG,Tomato___Tomato_Yellow_Leaf_Curl_Virus/d473a315-c928-4d55-8f18-3d4c7b1a4dbe___UF.GRC_YLCV_Lab 08470.JPG,Tomato___Tomato_Yellow_Leaf_Curl_Virus,Tomato___Tomato_Yellow_Leaf_Curl_Virus,train,val,8,True
c4de6ce8f2f3a0e94cf68723d7e12ae9a975fd0b7227bfa68a599f4e87c95c86,14fbbaf7811d86673eb89b6bbfd410cf5f9704e1d3e0842256377f2c5c25fd86,Tomato___Spider_mites Two-spotted_spider_mite/2b47c565-c37a-4bdb-baa9-b3721dbf9bb6___Com.G_SpM_FL 9326.JPG,Tomato___Spider_mites Two-spotted_spider_mite/a1dd03db-9622-4ef3-877d-278c89ada38c___Com.G_SpM_FL 1370.JPG,Tomato___Spider_mites Two-spotted_spider_mite,Tomato___Spider_mites Two-spotted_spider_mite,test,train,8,True
c4f21785164bcdeb49a258b1a6c8cd8790adb41254f0563b0b17e0a000a6f0f3,aa6b1e3a972bb8b00d797c8d40b32cf50f65374930588f634035d5955be1f555,Tomato___Bacterial_spot/965f8fae-c0d9-44a1-a203-3335b5f1fb74___GCREC_Bact.Sp 3391.JPG,Tomato___Bacterial_spot/c37d3b8a-fecc-488a-ab78-c00f5240283c___GCREC_Bact.Sp 3343.JPG,Tomato___Bacterial_spot,Tomato___Bacterial_spot,test,train,8,True
c4f21785164bcdeb49a258b1a6c8cd8790adb41254f0563b0b17e0a000a6f0f3,fdfc155969f6943bad10ea7b68cbc83a888eb73460a50f2f9fc7f8514a606aac,Tomato___Bacterial_spot/965f8fae-c0d9-44a1-a203-3335b5f1fb74___GCREC_Bact.Sp 3391.JPG,Tomato___Bacterial_spot/1ff93f22-ad6e-4c74-a677-90e88d1b93df___GCREC_Bact.Sp 3532.JPG,Tomato___Bacterial_spot,Tomato___Bacterial_spot,test,val,8,True
c589c08c891c55d2a5bfc8a40c0e9936d1c5887fd3aa4638f0e878fea1b10a28,6908b712051f42e894fb15123fbc0b30445a09f2249e9e90ad7e8c75f1a76f46,Tomato___Bacterial_spot/bac40427-ce12-4369-8866-9e48e2f982da___GCREC_Bact.Sp 6092.JPG,Tomato___Spider_mites Two-spotted_spider_mite/2e9248a1-78c7-4aa8-a696-ab96c6947ceb___Com.G_SpM_FL 8629.JPG,Tomato___Bacterial_spot,Tomato___Spider_mites Two-spotted_spider_mite,train,val,8,True
c5d539435f14cb6e97281e01324f134dbd93b2a93f6afdff0d78833b5ad57192,1160f46157eb99e05e5ee922877d735b179f12a04e59053222bae11e9f6cbb0d,Tomato___Bacterial_spot/e48d7087-f125-4912-b9d6-65fdeedd2ddb___GCREC_Bact.Sp 6182.JPG,Tomato___Bacterial_spot/b1229b90-496b-4489-a1ca-cc6fbbeb4fbd___GCREC_Bact.Sp 6260.JPG,Tomato___Bacterial_spot,Tomato___Bacterial_spot,train,val,8,True
c5f7c5b87308bc438b772fec4fc29c09f9cb5e1bcb95b7f5935bb7d7ab15eb1d,81a23fed1c1d375c6059b492b5fa0a11f7df8f2fd92d8d66d8251398288075aa,Tomato___Tomato_Yellow_Leaf_Curl_Virus/4ebe0762-d421-4a65-ae3b-2ecfe863a88a___YLCV_NREC 2429.JPG,Tomato___Spider_mites Two-spotted_spider_mite/9bedf503-beca-40b4-b1d1-6c12e96343f3___Com.G_SpM_FL 1481.JPG,Tomato___Tomato_Yellow_Leaf_Curl_Virus,Tomato___Spider_mites Two-spotted_spider_mite,test,val,8,True
c60b7e826401e156b9cc3eaa66c36ecaaeb235b3c3aba2fc6f80f06576dd1ca3,b030ec894c26cdec19c7242d27711fcdc88281243accdd00986c4fdef5384b6a,Tomato___Spider_mites Two-spotted_spider_mite/bc622d59-72a1-4220-b75d-b91651d8b53d___Com.G_SpM_FL 9411.JPG,Tomato___Spider_mites Two-spotted_spider_mite/ab555ffb-819e-40fa-b21c-d5a6bde16100___Com.G_SpM_FL 9609.JPG,Tomato___Spider_mites Two-spotted_spider_mite,Tomato___Spider_mites Two-spotted_spider_mite,train,val,8,True
c67f65ebb2baf1955062ad6bd190695791df9cb2cfe97589443560b20dc3bbd2,cf9302d96f345cc32214fd9fe0607f1ec948936eb23d6f5e12762dc369ec7821,Tomato___Septoria_leaf_spot/2f4afdee-f957-400f-8515-4ea92173d00d___Matt.S_CG 0667.JPG,Tomato___Bacterial_spot/5bc8227b-796d-40cb-8f9e-dc5b5a0fc055___GCREC_Bact.Sp 5664.JPG,Tomato___Septoria_leaf_spot,Tomato___Bacterial_spot,test,train,8,True
c76aa772c41c43f148c7c893ef69c3e80d4750e1b700b408ce22c54f5d1982ab,e45f248f055515ac440cd6c1abf4189515282530ec686545bf0d9136ff666c6b,Tomato___Tomato_Yellow_Leaf_Curl_Virus/ce6aa77f-f5ca-4b5d-a94d-efaadeed11c4___UF.GRC_YLCV_Lab 01820.JPG,Tomato___Tomato_Yellow_Leaf_Curl_Virus/d7f1f157-6e87-424a-8928-cc05c758cd5f___UF.GRC_YLCV_Lab 01808.JPG,Tomato___Tomato_Yellow_Leaf_Curl_Virus,Tomato___Tomato_Yellow_Leaf_Curl_Virus,train,val,8,True
c7968728609e69aae7d3d307e7aa89f15fb1e4272983326ae006380d7216483f,2ae9adf0e9f951d03945858b38d2c0762a2b2f1848912b67ff514768131f5e88,Tomato___Early_blight/95de9f94-ddb1-4303-b3d9-a3ad2b430bbf___RS_Erly.B 9554.JPG,Tomato___Bacterial_spot/cdd6b4c8-6be0-4cc8-81a7-4e0c5ba16fed___GCREC_Bact.Sp 5982.JPG,Tomato___Early_blight,Tomato___Bacterial_spot,test,train,8,True
c83dfc26fa8b5f61c0cc9126098bd723ec89bd85ca4f8083cfc27f75c83a176a,f3c2e91456c003e9efd8d6063d41f0028abf7198a5709d26855336a8250f8063,Tomato___Tomato_Yellow_Leaf_Curl_Virus/0bca3405-5d24-4780-a96c-6c51d91c2677___YLCV_NREC 2696.JPG,Tomato___Target_Spot/38c3b873-fdb0-47b8-a56c-3580143b3acf___Com.G_TgS_FL 9818.JPG,Tomato___Tomato_Yellow_Leaf_Curl_Virus,Tomato___Target_Spot,train,val,8,True
c8a71932d74273220d74db44a41bf15700043d29b7fca6a4ca3aee61ee7f7491,eb233c81383027b45cc0f64aa5418110d66e4e02a96227746146237a84cd3dbe,Tomato___Bacterial_spot/53fbf33e-78a4-4e56-862b-69b2eed0d72e___GCREC_Bact.Sp 3047.JPG,Tomato___Tomato_Yellow_Leaf_Curl_Virus/22d5c5c5-ca4c-4d95-b248-9af2c247648f___YLCV_GCREC 5237.JPG,Tomato___Bacterial_spot,Tomato___Tomato_Yellow_Leaf_Curl_Virus,test,val,8,True
c975de08d484ca22b11eb844c0e796ac6f42a9b4a921c28c3d7067eb390d24ed,ce289800526293d53f72c9852886797980b85f1501e404a899a6a12d625f526a,Tomato___Tomato_Yellow_Leaf_Curl_Virus/8eaba3d6-ecf5-4a13-8e50-cb664a33ab23___UF.GRC_YLCV_Lab 02881.JPG,Tomato___Tomato_Yellow_Leaf_Curl_Virus/95a71e07-6e97-4dc3-a9b0-0bd21c014c20___UF.GRC_YLCV_Lab 02885.JPG,Tomato___Tomato_Yellow_Leaf_Curl_Virus,Tomato___Tomato_Yellow_Leaf_Curl_Virus,train,val,8,True
c9edb9dae208b8f864c7e62657d573da61dfb37a83f4347ac5be56f9b1f8f65d,145692a49e3e915fa90bc0be985734e5c085fc9fe0302b9f33fc3d38f0c02ba5,Tomato___Tomato_Yellow_Leaf_Curl_Virus/e57d98a6-6dfb-4818-945d-5244a359635b___YLCV_NREC 0226.JPG,Tomato___Tomato_Yellow_Leaf_Curl_Virus/895054c9-59f6-4f3d-bb72-ac216be117eb___YLCV_GCREC 5204.JPG,Tomato___Tomato_Yellow_Leaf_Curl_Virus,Tomato___Tomato_Yellow_Leaf_Curl_Virus,test,train,8,True
ca515827f8e20c2e3ee155d1149c20fee21f940b305faaaf949fe742ecc9e3b0,a6cf35cafbb0e075136efa2de54c625f9714998bc75154286e42f3f0b8562651,Tomato___Target_Spot/551a9326-bcff-4651-a4e9-cb037ef8ca52___Com.G_TgS_FL 0864.JPG,Tomato___Tomato_Yellow_Leaf_Curl_Virus/e29e518d-b7e4-4203-a815-b74bebc552fe___YLCV_NREC 0190.JPG,Tomato___Target_Spot,Tomato___Tomato_Yellow_Leaf_Curl_Virus,test,train,8,True
ca959fc9c9f02329766b6c27ad4330421e46f6eaa18fcd31c4c3066925651540,381c8e43c2e6e2d01e8282f1b899ae0ba269b4361659ab765b03e065a347d36a,Tomato___Tomato_Yellow_Leaf_Curl_Virus/3809d16d-8e37-4acc-a22b-8089903525e1___UF.GRC_YLCV_Lab 02457.JPG,Tomato___Tomato_Yellow_Leaf_Curl_Virus/def16316-85f6-44e8-98fc-e48820caf2d9___UF.GRC_YLCV_Lab 02471.JPG,Tomato___Tomato_Yellow_Leaf_Curl_Virus,Tomato___Tomato_Yellow_Leaf_Curl_Virus,test,train,8,True
cab43be7329b81bce01000c861fd1c954a6e849522589bd647dedfb48af7a277,89ea4c05254937cd0957738ae94ea2988fd4a3a294837a157bbdc5e001ae4072,Tomato___Tomato_Yellow_Leaf_Curl_Virus/115c36f2-2c97-4a9a-a091-3c6e976a5e79___UF.GRC_YLCV_Lab 01829.JPG,Tomato___Tomato_Yellow_Leaf_Curl_Virus/b3e84ec2-c8dc-47ff-9435-f11bc61970e4___UF.GRC_YLCV_Lab 01831.JPG,Tomato___Tomato_Yellow_Leaf_Curl_Virus,Tomato___Tomato_Yellow_Leaf_Curl_Virus,train,val,8,True
cb61b1cff507f86e13d727726be50eed9521cac8f8048b62225234cd5d10fff3,17e07bd1ad7cfcf065aae8b9d4f63d65ebf82b58fc00e758b957d3e7dcf3d254,Tomato___Tomato_Yellow_Leaf_Curl_Virus/91993f6d-d1d6-4022-899c-65ea7a83e96e___YLCV_GCREC 2901.JPG,Tomato___Tomato_Yellow_Leaf_Curl_Virus/c38d09ad-afb9-4f8e-86cd-990dec5d6dbb___YLCV_GCREC 2734.JPG,Tomato___Tomato_Yellow_Leaf_Curl_Virus,Tomato___Tomato_Yellow_Leaf_Curl_Virus,train,val,8,True
cba0f8f908c86049657f052fdc9d2ac25587c137ee184f00d419b7a3a0c8e888,e25c183981e4a15fbb643cc02186279e895a2ddc76517a1ce63534c618bc0630,Tomato___Spider_mites Two-spotted_spider_mite/c71a53bd-045e-48a2-a7a3-2032688619af___Com.G_SpM_FL 1549.JPG,Tomato___Spider_mites Two-spotted_spider_mite/0cee18fc-bbbd-40dd-8d73-93df072c09ea___Com.G_SpM_FL 8904.JPG,Tomato___Spider_mites Two-spotted_spider_mite,Tomato___Spider_mites Two-spotted_spider_mite,test,train,8,True
cbe2388de0642dad0591f34cbdce1e3d4fa1d48e00037d8dbb91c04212058f41,1d56252c3419e7c4b479ef6671c05ef802c91529e063ef85c6f3fa8ec7e0e2d1,Tomato___Bacterial_spot/6b6aeb18-f29a-4e58-bd08-5cd1c2fdd598___GCREC_Bact.Sp 5796.JPG,Tomato___Bacterial_spot/e77c7af3-35cb-496d-bc8b-34bc2344b8fc___GCREC_Bact.Sp 3545.JPG,Tomato___Bacterial_spot,Tomato___Bacterial_spot,train,val,8,True
cbfee62b1b44cedc02bf6a93a8e36c2e88d273d602b5d2ec6de89a2e90601095,9788e5a401196d3d3069669c9832f50a1256b00f5b8520c14f0d13d630de820a,Tomato___Spider_mites Two-spotted_spider_mite/1dde88ff-2897-4181-834f-e3629e3cd12c___Com.G_SpM_FL 9560.JPG,Tomato___Tomato_Yellow_Leaf_Curl_Virus/5133c1b3-8a52-44a9-9c34-b9c4ea54b301___YLCV_GCREC 5347.JPG,Tomato___Spider_mites Two-spotted_spider_mite,Tomato___Tomato_Yellow_Leaf_Curl_Virus,train,val,8,True
cd32187900293419d6a4bf9b74cb6f45a12d51ca9b41f873033db68fd6f16528,4a3d005850e3706358e876cd0c1452b707e3b2a0a3faf1853b71eab59b27ba86,Tomato___Bacterial_spot/e0f17fdb-6487-4087-8e72-de93c881ebb2___GCREC_Bact.Sp 5719.JPG,Tomato___Bacterial_spot/d78cf219-53eb-4269-830d-e1822caa8fdd___GCREC_Bact.Sp 5755.JPG,Tomato___Bacterial_spot,Tomato___Bacterial_spot,test,train,8,True
cd32187900293419d6a4bf9b74cb6f45a12d51ca9b41f873033db68fd6f16528,6321c33c71ad99aa213e4a40f6957516fee8d558de1cfe12bdcf2f8bc8e6c0eb,Tomato___Bacterial_spot/e0f17fdb-6487-4087-8e72-de93c881ebb2___GCREC_Bact.Sp 5719.JPG,Tomato___Bacterial_spot/83ecce4f-12d0-4d5a-8c65-8f0b2b24de73___GCREC_Bact.Sp 3259.JPG,Tomato___Bacterial_spot,Tomato___Bacterial_spot,test,train,8,True
cd32187900293419d6a4bf9b74cb6f45a12d51ca9b41f873033db68fd6f16528,799a5ff8c618b952da6556d06a393eab3b1bfab91ad1f091d2be1572bf395709,Tomato___Bacterial_spot/e0f17fdb-6487-4087-8e72-de93c881ebb2___GCREC_Bact.Sp 5719.JPG,Tomato___Bacterial_spot/c89a5319-7f76-4e6e-ad4e-808a4af55891___GCREC_Bact.Sp 3210.JPG,Tomato___Bacterial_spot,Tomato___Bacterial_spot,test,train,8,True
cdaa876f1b2dd495157508d8fd645aaa694df684e42ffa1d6e3b914466988c9a,63a7ec6a0b3867cd21900d490b9ecb6a0126e189b2e80336a340cdd344b57415,Tomato___Spider_mites Two-spotted_spider_mite/0315776d-6d0d-4ae2-b102-4fd0feebaa51___Com.G_SpM_FL 9375.JPG,Tomato___Spider_mites Two-spotted_spider_mite/8e9d2760-5d55-4ec6-9a38-43327038d2b2___Com.G_SpM_FL 8647.JPG,Tomato___Spider_mites Two-spotted_spider_mite,Tomato___Spider_mites Two-spotted_spider_mite,train,val,8,True
cdcfd1f886165e62616cb2ada8dea542a73d4a699a220883803f596094ee4ea7,a1178f20d67b653083a8df426faa78524996401bc8dd68973c2c059252ed5c9d,Tomato___Spider_mites Two-spotted_spider_mite/82e7ae32-dee2-4e83-aeb3-aab7a4bdf04f___Com.G_SpM_FL 9263.JPG,Tomato___Spider_mites Two-spotted_spider_mite/8d0dffc7-aecb-4583-b3a3-1027fb4fd3d1___Com.G_SpM_FL 9567.JPG,Tomato___Spider_mites Two-spotted_spider_mite,Tomato___Spider_mites Two-spotted_spider_mite,train,val,8,True
cdd0a220f775e790b02a4a3d227b30a8f5c59b6f460647aac6e3b7b4e617ec59,9854db07f1e251064aa2c8dae6b01cc4aea81d716bf78b5fc9f8f66357829dc0,Tomato___Leaf_Mold/bfafcb99-32f1-4310-a844-a0a0231afdbe___Crnl_L.Mold 6643.JPG,Tomato___Leaf_Mold/9dc80e80-9b27-49cd-b1d4-df921ebec570___Crnl_L.Mold 7027.JPG,Tomato___Leaf_Mold,Tomato___Leaf_Mold,test,train,8,True
cdd0a220f775e790b02a4a3d227b30a8f5c59b6f460647aac6e3b7b4e617ec59,b9c3020c41d188b6e31a2a774d7a6a998d2e6f307f0b4c0f375901024b2a3209,Tomato___Leaf_Mold/bfafcb99-32f1-4310-a844-a0a0231afdbe___Crnl_L.Mold 6643.JPG,Tomato___Leaf_Mold/d23729f0-3d5c-4e13-abd2-5cc7f21a51ee___Crnl_L.Mold 6976.JPG,Tomato___Leaf_Mold,Tomato___Leaf_Mold,test,train,8,True
ce185bfbc5ff7066362c24b48240965f56e606df1a79eb4b14c546d13db6bbe9,0d4f6c1b37f972f7cf6579f0009da8cddd28adb94876cd3395dc4e97d7f95c6d,Tomato___Tomato_Yellow_Leaf_Curl_Virus/13efd83d-7fd2-41ee-b8e4-3413eda240a3___UF.GRC_YLCV_Lab 02970.JPG,Tomato___Tomato_Yellow_Leaf_Curl_Virus/acb9169b-21bc-4b31-ba3c-a24909521156___UF.GRC_YLCV_Lab 02981.JPG,Tomato___Tomato_Yellow_Leaf_Curl_Virus,Tomato___Tomato_Yellow_Leaf_Curl_Virus,train,val,8,True
ce2fa162e8db5025d8da0fc3e787f87e637eda3091c14b7b229f15037747efe5,e30cc58fd75e929b7a1d53ef53832e0a94e61ed80fed44bc87f38b171d6ec882,Tomato___Bacterial_spot/0296e043-c805-47e4-bce5-b2326048ac67___GCREC_Bact.Sp 5680.JPG,Tomato___Tomato_Yellow_Leaf_Curl_Virus/3dc23352-0229-4515-a96f-33995fd4bf52___YLCV_GCREC 2599.JPG,Tomato___Bacterial_spot,Tomato___Tomato_Yellow_Leaf_Curl_Virus,test,train,8,True
cecc95fc73d8f4e865b0c4b07535181b857d35c3bf797d0349efc59040c0e54c,62a9d8e815990053c6a5c24065aa269b60c4db776acd7184709470180ca2ba2b,Tomato___Bacterial_spot/7791a7b8-52b2-42fa-8aee-71fcae8d9ee4___GCREC_Bact.Sp 6374.JPG,Tomato___Bacterial_spot/496716ca-78e6-4ae6-b3d4-2ed9f91f52b0___GCREC_Bact.Sp 3660.JPG,Tomato___Bacterial_spot,Tomato___Bacterial_spot,test,train,8,True
cf893cf5ba5ac6a77e4840b771816f087a11d0adfdd4dd3095995ef02c26fb30,7e44f7c52d3c7bb86f28179c668e0002015b20e32803306815472d637195a5db,Tomato___healthy/13b114fe-22bf-498e-8534-4049123ef655___RS_HL 9775.JPG,Tomato___Bacterial_spot/06ac210d-bdb1-4224-9053-c218cb14fa60___GCREC_Bact.Sp 3220.JPG,Tomato___healthy,Tomato___Bacterial_spot,train,val,8,True
cfd17a7e6b1bf249f74ea25c70c32d2383af3d55a43e72cbf30bc31a8816eed7,4886d81526e7f64e6bfffedbecdae028d84f70a1562f6e0604ea97b5b3ed1f16,Tomato___Bacterial_spot/5cf74b8f-2a3a-4141-8309-1c02f01ab444___GCREC_Bact.Sp 5967.JPG,Tomato___Septoria_leaf_spot/253ddc99-8132-4710-bb89-eb83ab271abc___Matt.S_CG 0698.JPG,Tomato___Bacterial_spot,Tomato___Septoria_leaf_spot,train,val,8,True
d00a4f076a0c793d89aed82c3fe7b11d13312480e963c6bbcf95066b2ca1f78b,c042907ae41ba05d629c6c7a8075f17cdcb0b79b004e87ee63985f590bbf2bcb,Tomato___Bacterial_spot/f58a3d12-29e7-4f43-a189-fa80df8f8e72___GCREC_Bact.Sp 5691.JPG,Tomato___Bacterial_spot/6cb8d633-865d-4809-99ff-c826fbcbfb7d___GCREC_Bact.Sp 5707.JPG,Tomato___Bacterial_spot,Tomato___Bacterial_spot,train,val,8,True
d089085f430485593f389271ea1029aef54b63e7d7d9e9825765c4aa0270f7f4,23f48d8393c6356d47651a4827de78a63477b5690c173d1b47a267d0a3dae014,Tomato___Bacterial_spot/8dbdb623-628f-465b-934c-1cf987fb6ab8___GCREC_Bact.Sp 6134.JPG,Tomato___Bacterial_spot/d0259987-90c8-4af9-a2f4-524ed0c514a2___GCREC_Bact.Sp 6365.JPG,Tomato___Bacterial_spot,Tomato___Bacterial_spot,test,val,8,True
d089085f430485593f389271ea1029aef54b63e7d7d9e9825765c4aa0270f7f4,688617be1bc19005a50ddde464682bc98a62f2cc3881541d007ca2cc4e65fdd1,Tomato___Bacterial_spot/8dbdb623-628f-465b-934c-1cf987fb6ab8___GCREC_Bact.Sp 6134.JPG,Tomato___Tomato_Yellow_Leaf_Curl_Virus/31cc91c9-9f88-4d3f-8224-dc930956d97b___YLCV_GCREC 2521.JPG,Tomato___Bacterial_spot,Tomato___Tomato_Yellow_Leaf_Curl_Virus,test,train,8,True
d0f9b02a745b9e6c433b30b7942c92e43a63df26d7949d9766b6fac3fabe4876,61b2a8d8d92c0e33f4f0aae0b8ea7ed2893e9ff413f2823f726e82202f4a336a,Tomato___Bacterial_spot/e05eca68-134a-45a5-a6ed-d4b80459528f___GCREC_Bact.Sp 3420.JPG,Tomato___Bacterial_spot/8c5c248e-4262-407b-9933-4e08018433ea___GCREC_Bact.Sp 3140.JPG,Tomato___Bacterial_spot,Tomato___Bacterial_spot,test,train,8,True
d0f9b02a745b9e6c433b30b7942c92e43a63df26d7949d9766b6fac3fabe4876,912d884bebfb47b504ca721d08d42f05626734e3665878c187bac4367712d41d,Tomato___Bacterial_spot/e05eca68-134a-45a5-a6ed-d4b80459528f___GCREC_Bact.Sp 3420.JPG,Tomato___Bacterial_spot/9ec2ee25-8006-49f3-bde0-fb26f37a62f2___GCREC_Bact.Sp 3421.JPG,Tomato___Bacterial_spot,Tomato___Bacterial_spot,test,train,8,True
d1364092ed8461de1162734e9c5eefe48799ff99cca212c0a5f81dea023ffd01,1d2818cb1f800e7ec0c32908a8e059ae390c5d8076a3e909e1ef87ab47e71c2d,Tomato___Bacterial_spot/6a4ce1e3-a768-4f6e-96cf-3590df10fdc5___GCREC_Bact.Sp 3608.JPG,Tomato___Tomato_Yellow_Leaf_Curl_Virus/d250bc4b-6d82-4294-9659-419b0e6775c1___YLCV_GCREC 2549.JPG,Tomato___Bacterial_spot,Tomato___Tomato_Yellow_Leaf_Curl_Virus,train,val,8,True
d2b9b7ec0003f7768850f9d92ef8b3622cf920bfb64539cd044062894d82bcad,cef91354d7ee775b61bb0d49d8f4d43cd544108deea18edcd0237e6f34c077af,Tomato___Spider_mites Two-spotted_spider_mite/bd02e7b2-383c-4d04-8361-084cec0dc177___Com.G_SpM_FL 8574.JPG,Tomato___Spider_mites Two-spotted_spider_mite/54a61499-2018-48f7-a77f-90531d1483b9___Com.G_SpM_FL 8586.JPG,Tomato___Spider_mites Two-spotted_spider_mite,Tomato___Spider_mites Two-spotted_spider_mite,test,val,8,True
d2e6787ea1251d06b8a206cf8e775e1980fff0be6744bba534a6fc77390f5e24,b778eec1d706671264219950c349e2f1264e7efb23dd578e0964ef8a5ebea399,Tomato___Spider_mites Two-spotted_spider_mite/9c331f8d-7e99-4238-9edd-1f26c45c7ea7___Com.G_SpM_FL 9480.JPG,Tomato___Septoria_leaf_spot/f8f528ee-f9c3-47cb-b67f-a9265d86d9d1___Matt.S_CG 1446.JPG,Tomato___Spider_mites Two-spotted_spider_mite,Tomato___Septoria_leaf_spot,train,val,8,True
d32210cd15902256853cc2c709e22f82584c2effff4749ae03bb188cdcae754a,4899dfbbd855ae8ca4b4215414ce428d00e558fb3aff9a046c1e17a8937bc066,Tomato___Leaf_Mold/822c1a03-77c7-4640-bf3b-055542fda0bb___Crnl_L.Mold 6950.JPG,Tomato___Leaf_Mold/7cf9cb31-1121-4ebe-b973-56c388d8f450___Crnl_L.Mold 6662.JPG,Tomato___Leaf_Mold,Tomato___Leaf_Mold,test,train,8,True
d39478921d67d1dc315561c299d892f4aace72d5bd2e6d0f7e179e2078d1c4c9,d09a0d07d0ea5b9c3295a87a8c5df9214cfa23a206d34bcf369b283c058e6a8e,Tomato___Tomato_Yellow_Leaf_Curl_Virus/e1b08f4a-b0f2-4ba2-a54b-e1776872df3a___UF.GRC_YLCV_Lab 02509.JPG,Tomato___Tomato_Yellow_Leaf_Curl_Virus/906f8e46-f387-4d39-9d7d-08df032222e0___UF.GRC_YLCV_Lab 02498.JPG,Tomato___Tomato_Yellow_Leaf_Curl_Virus,Tomato___Tomato_Yellow_Leaf_Curl_Virus,train,val,8,True
d3adbf2cf376d30b7966273dad167e0dc45f5f39059cb8b556642103ac536f9c,839fff53e23476eabf547a4529bef95bc56bb84512e33d023eb28f561f0e047a,Tomato___healthy/dd7a8ade-2bc7-4b28-9e27-f823e8466a76___GH_HL Leaf 236.JPG,Tomato___healthy/89ecd925-23ef-4bfe-8c55-cad05161aca2___GH_HL Leaf 236.1.JPG,Tomato___healthy,Tomato___healthy,train,val,8,True
d42444be0364fd9975a39b70c58c28995bc79ae83502efa49136c32db90617dd,72790a8b771d681bcbcfefe37d5373ce456d1a9358468462285cd43ad773d4da,Tomato___Bacterial_spot/97f376a8-3781-4f2f-8fec-6a8150247d1e___GCREC_Bact.Sp 3387.JPG,Tomato___Bacterial_spot/53d941ee-48e5-4669-8cf4-7a04fb68e808___GCREC_Bact.Sp 5893.JPG,Tomato___Bacterial_spot,Tomato___Bacterial_spot,train,val,8,True
d44244e97d9c7d89a82f4e9bcf38d2ffe4899b2e4803f599ef137477fb2982af,ccce6c9179eee73cc512ca5e5d5f24ac644bec8ceea724b0f499022f662b3863,Tomato___Tomato_Yellow_Leaf_Curl_Virus/e9f4f035-b416-49b0-8714-f54a532d87ca___YLCV_GCREC 2494.JPG,Tomato___Early_blight/4aa63e45-c531-40e2-86ca-a788e74d4f18___RS_Erly.B 7549.JPG,Tomato___Tomato_Yellow_Leaf_Curl_Virus,Tomato___Early_blight,test,val,8,True
d47e2015270dee1a6547ddf4978ad82c3aa0092e801855ebee1304c4419265e0,5b5ec86801dacc9fbf7ac7458d0d37517ce937df0336e8230d7ac92422771d6e,Tomato___Septoria_leaf_spot/fae75392-41a3-4363-b073-32f20bc1cc68___Keller.St_CG 1999.JPG,Tomato___Septoria_leaf_spot/ee87e5d3-617f-4530-98ec-18a8ed9ee425___Keller.St_CG 1998.JPG,Tomato___Septoria_leaf_spot,Tomato___Septoria_leaf_spot,train,val,8,True
d48167fac9a990908881a36739cf085c32210071dd997c5dcd328775dce73c4f,dfc0825497fcc7ab7941c21ecdd482274129876d52f508a791beefd50c2b70c4,Tomato___Target_Spot/a5afdb8f-fc49-47c9-b3fa-7e1beb24777e___Com.G_TgS_FL 7929.JPG,Tomato___Target_Spot/c101b725-66bb-4444-b06a-823d0bfa7acc___Com.G_TgS_FL 0867.JPG,Tomato___Target_Spot,Tomato___Target_Spot,train,val,8,True
d53c3a9f8b2702b7a6ff7b4d2e4d7399ba5206f9bd7dee20d26aa107a714e6a7,fa9ad96d4c062d6a8de9f798166139bec1c2a4374dd7747c97c681c8e56f56a4,Tomato___Tomato_Yellow_Leaf_Curl_Virus/ac0647e0-3764-4402-b81f-afb9a0039cf9___YLCV_GCREC 5303.JPG,Tomato___Target_Spot/31dff38a-b7d1-47b7-af46-2dcef29f4e0e___Com.G_TgS_FL 1077.JPG,Tomato___Tomato_Yellow_Leaf_Curl_Virus,Tomato___Target_Spot,test,val,8,True
d546f573ca18078765cb8d038d46d4afad8b078209d6de757a9730bae0d0abcc,a04b56ef476a3ca479c88f5851f3b88dc024db05919c4500571f1522acb3d75e,Tomato___Target_Spot/742c5518-9886-4d9c-98fd-ec5d18fd0275___Com.G_TgS_FL 8356.JPG,Tomato___Tomato_Yellow_Leaf_Curl_Virus/291ee93a-1f02-4d58-b376-54999cb136da___YLCV_GCREC 5217.JPG,Tomato___Target_Spot,Tomato___Tomato_Yellow_Leaf_Curl_Virus,train,val,8,True
d5d7af754985e87f2725ea57e844cad79e34ed2199bee7ea4c702cd9daeb7a91,6c72c41c6241921b5f3991692f30ecc5254aac4d24487338c15c5f7517e458ae,Tomato___Tomato_Yellow_Leaf_Curl_Virus/9261facd-4e65-4cdd-95ae-50fec470f5a4___YLCV_GCREC 2558.JPG,Tomato___Bacterial_spot/9fc3b924-71f1-40a6-8826-de89c9e34e52___GCREC_Bact.Sp 3050.JPG,Tomato___Tomato_Yellow_Leaf_Curl_Virus,Tomato___Bacterial_spot,test,train,8,True
d623d63568e635b9fa0368ea2be45941a4092371fb5775c9d1ec1bd693900c97,6ba49546c080483e5f65d91aecbff69c9286fdff95bcf4a564529c451cc4be20,Tomato___Bacterial_spot/f295d002-ba3b-45f4-ad4d-44ecf10afbf7___GCREC_Bact.Sp 5820.JPG,Tomato___Bacterial_spot/1eb09166-61e7-4816-9a48-4d7afaa25a86___GCREC_Bact.Sp 3310.JPG,Tomato___Bacterial_spot,Tomato___Bacterial_spot,train,val,8,True
d6b47115f7196e36801aa356ade45457c799000210d0351cfcf3dd0de54cd84c,45424783492605696b4c7d56605906c3b024b11e744617ef5d1ddee5d61701fc,Tomato___Target_Spot/f38d76b6-d04d-4af8-8550-314f5640c734___Com.G_TgS_FL 9765.JPG,Tomato___Target_Spot/3f273e21-2b93-4327-ad8f-d1d94766b63a___Com.G_TgS_FL 9874.JPG,Tomato___Target_Spot,Tomato___Target_Spot,train,val,8,True
d74e4d12a0764d284219d094f6954b9dc0173d0c415ca99404c49386cfb9243e,4cfc251466495b12d1f4b72555b1b515c2ad216488efc470a3d64403f6565071,Tomato___Spider_mites Two-spotted_spider_mite/85d02dcc-7d8f-4ba1-a55e-14d5e75444c5___Com.G_SpM_FL 9479.JPG,Tomato___Spider_mites Two-spotted_spider_mite/00bc7858-1dca-4bfb-a828-225f03bd72a5___Com.G_SpM_FL 9455.JPG,Tomato___Spider_mites Two-spotted_spider_mite,Tomato___Spider_mites Two-spotted_spider_mite,test,val,8,True
d74e4d12a0764d284219d094f6954b9dc0173d0c415ca99404c49386cfb9243e,b04ca166f199ebca438432a181d3cb4336e484280c6b481f93c3a829e09b2d69,Tomato___Spider_mites Two-spotted_spider_mite/85d02dcc-7d8f-4ba1-a55e-14d5e75444c5___Com.G_SpM_FL 9479.JPG,Tomato___Spider_mites Two-spotted_spider_mite/fd4f7201-2f81-4650-8681-dd56406417af___Com.G_SpM_FL 1364.JPG,Tomato___Spider_mites Two-spotted_spider_mite,Tomato___Spider_mites Two-spotted_spider_mite,test,val,8,True
d77aa75046918f6cf778e0dcd1f26f5e9baf6cf7a3c1b1439e2ddf11bcde9d42,c5efa99cef9ed49989098b288e4ab371e9e6921afa078fa0f8006a2bf56522cc,Tomato___Leaf_Mold/7c8dcf96-0825-49a2-8309-bb02524c64da___Crnl_L.Mold 8775.JPG,Tomato___Early_blight/a28eb895-ef7c-49cc-bc0f-5e01498e5ca2___RS_Erly.B 6463.JPG,Tomato___Leaf_Mold,Tomato___Early_blight,test,train,8,True
d7b6c8c93f02b931cda5565a32959cd718d538fe901207c63ffe42d882f11348,9fffaab3e78da9765107c4f8cd105c51cd1f87a871e4a5a62a53dc6d3b6af9f9,Tomato___Spider_mites Two-spotted_spider_mite/410da855-d70e-40d5-8aa3-23e472c1ab99___Com.G_SpM_FL 8433.JPG,Tomato___Spider_mites Two-spotted_spider_mite/83d3d054-0ca6-41bd-9b65-ae5d27f9605d___Com.G_SpM_FL 1384.JPG,Tomato___Spider_mites Two-spotted_spider_mite,Tomato___Spider_mites Two-spotted_spider_mite,train,val,8,True
d816173b63acd78a4d772e1a9559260c351852e895e9b363c4ee29da6f6ee0a0,1896cda512ce8873e68d31c6c99955745102bf9726fccc84eb8c2cf8eb0164e8,Tomato___Bacterial_spot/35bec389-2983-44f6-8bd5-d70e77cda204___GCREC_Bact.Sp 5617.JPG,Tomato___Bacterial_spot/79710197-654d-49dc-b9c2-1494f4f9f9cf___GCREC_Bact.Sp 3012.JPG,Tomato___Bacterial_spot,Tomato___Bacterial_spot,test,val,8,True
d82f6e1d4f0c29b5b6daaba1b0dff78d0a5cf7012ebaebbc73697787d20efeda,aae81b10d61cf22b2ec07f25374e05c89fd8586157c8a9df39ff3b53b6f6c659,Tomato___Tomato_Yellow_Leaf_Curl_Virus/83ad7dfb-bd0d-46b9-84d5-59871052a796___YLCV_GCREC 2414.JPG,Tomato___Early_blight/2a64ed5f-6be9-463b-894f-e2953da0a974___RS_Erly.B 7520.JPG,Tomato___Tomato_Yellow_Leaf_Curl_Virus,Tomato___Early_blight,test,train,8,True
d8614e8ef54456e9163e8b383b47b723a173075323bf414a36abd7c2cc9c8706,c2ddc35a1c5c43d1a6ae48af94aec0216b578835b86761190d9ead68e755018d,Tomato___Bacterial_spot/5ce7093e-2e9d-4dd9-9401-7499c26ddaf1___GCREC_Bact.Sp 5566.JPG,Tomato___Bacterial_spot/7515d9e0-f3a4-4a49-9d6a-77cfa40a16a4___GCREC_Bact.Sp 3655.JPG,Tomato___Bacterial_spot,Tomato___Bacterial_spot,train,val,8,True
d8dd90949d7a3b71384504d09aac6d815cdf5b61fdc59fe563baf5283c50ea14,a6781d0d51a3c1ff0ebe69d1b41c3fc391f8c315f0a85d905d68898e255d84c0,Tomato___Bacterial_spot/030501db-683b-4ed5-9ec0-c475a5dfdd76___GCREC_Bact.Sp 5650.JPG,Tomato___Bacterial_spot/ba2bdb7a-35c7-4842-a8e0-af3eac603cad___GCREC_Bact.Sp 6034.JPG,Tomato___Bacterial_spot,Tomato___Bacterial_spot,test,train,8,True
d8dd90949d7a3b71384504d09aac6d815cdf5b61fdc59fe563baf5283c50ea14,b5023234c9eac4a2b99ff2a2c09ad4c966dfab9b33552a8cfd82b5add10c0a10,Tomato___Bacterial_spot/030501db-683b-4ed5-9ec0-c475a5dfdd76___GCREC_Bact.Sp 5650.JPG,Tomato___Bacterial_spot/b9072867-69f3-4ea7-9afb-06781b4a4f2f___GCREC_Bact.Sp 3253.JPG,Tomato___Bacterial_spot,Tomato___Bacterial_spot,test,train,8,True
d8f15ac4f8cb985813f4598f5b8b58bfd89145dc45cb82966926a29871e3cc51,1f1ec02bfaff03a5dd893e8c124da5d2c083270aa9e54330b875c2095bc65e0a,Tomato___Spider_mites Two-spotted_spider_mite/bc948d02-7e65-4075-b2bc-cb0c29ebe90e___Com.G_SpM_FL 8416.JPG,Tomato___Tomato_Yellow_Leaf_Curl_Virus/149ee994-9015-411b-a57f-bc22e8690615___YLCV_GCREC 2193.JPG,Tomato___Spider_mites Two-spotted_spider_mite,Tomato___Tomato_Yellow_Leaf_Curl_Virus,test,train,8,True
d8f5aad0cec51d6922207f01757b8d2e88f3fd827bb96772aacf8b886a3bbda8,e36f3289332ca031289720d5f04e8b94714abdf487915b863f14711b8d26bbd2,Tomato___Late_blight/526e3337-acab-45da-a988-e6aab8a99281___GHLB2 Leaf 9089.JPG,Tomato___Late_blight/f66e2c13-dd22-4277-8c73-ff987bc19064___GHLB2 Leaf 9090.JPG,Tomato___Late_blight,Tomato___Late_blight,test,train,8,True
dad41282f1cb9ac72840ca47076a3f84a1f9fd1a572d3f086dec96968dded63b,8819a16b23878508ceca42673ab04f527530587120eb01eea9831c3ac3623c30,Tomato___Septoria_leaf_spot/1db21865-b74f-40ab-9a9b-ac7c0e512058___Matt.S_CG 2428.JPG,Tomato___Septoria_leaf_spot/45eeaf6d-1b23-4e3e-9366-82d9c053ef88___Matt.S_CG 6245.JPG,Tomato___Septoria_leaf_spot,Tomato___Septoria_leaf_spot,train,val,8,True
db8a82680c022952727a5e6a429e1d68194eac1ad7b51f2f6b64d509246c1533,14e7cdbae333ca95e6751231adac63811141fcfeb9e3c4cbcc29c25d7f5dd4d0,Tomato___healthy/167247af-fd67-4b70-a72e-052dc5ea863b___GH_HL Leaf 388.1.JPG,Tomato___Spider_mites Two-spotted_spider_mite/476ed525-ff16-4980-88e0-eb39f0fd4670___Com.G_SpM_FL 9593.JPG,Tomato___healthy,Tomato___Spider_mites Two-spotted_spider_mite,train,val,8,True
db8a82680c022952727a5e6a429e1d68194eac1ad7b51f2f6b64d509246c1533,9788e5a401196d3d3069669c9832f50a1256b00f5b8520c14f0d13d630de820a,Tomato___healthy/167247af-fd67-4b70-a72e-052dc5ea863b___GH_HL Leaf 388.1.JPG,Tomato___Tomato_Yellow_Leaf_Curl_Virus/5133c1b3-8a52-44a9-9c34-b9c4ea54b301___YLCV_GCREC 5347.JPG,Tomato___healthy,Tomato___Tomato_Yellow_Leaf_Curl_Virus,train,val,8,True
dc1a5729695c02864978bbae60d571fd0c6fcad6364089d2a305dac0951f0995,2ab20a61fafeded8c1042da24171bb04a75b33d297ed9b23db038f09e50f88fb,Tomato___Tomato_mosaic_virus/658e96ee-271d-442b-876e-a52970ff540f___PSU_CG 2269.JPG,Tomato___Spider_mites Two-spotted_spider_mite/61563795-d070-46c1-99ad-2ed3cde171f7___Com.G_SpM_FL 9556.JPG,Tomato___Tomato_mosaic_virus,Tomato___Spider_mites Two-spotted_spider_mite,train,val,8,True
dc1a88ff89a3434195652983c1af88d8f734b10f4e76990f451662562ed12f00,54e831c426b801b45d09baae1cbabb618eaf18b9f01b8e0fc7f96ee3482ec03e,Tomato___Septoria_leaf_spot/5f2b2f49-dc97-43ae-9213-5d8a19a0e61d___Matt.S_CG 7372.JPG,Tomato___Septoria_leaf_spot/d34bb16c-4890-499a-8bcd-7fbd6c540a91___Matt.S_CG 7546.JPG,Tomato___Septoria_leaf_spot,Tomato___Septoria_leaf_spot,train,val,8,True
dc21e5cc1ca4f904dcda1dea9dd1d04368b97afb94ea5edccaffc4c38eb56e18,f546a844d00d9b0eda1d43163b2d81e7a1d89aa177dc975326add8fb6fca5c22,Tomato___Late_blight/f582a1b2-636d-4a0e-a113-5dcfb5c2d7e8___GHLB2 Leaf 9098.JPG,Tomato___Late_blight/89c134ee-41f7-46b7-b4dc-4229b3b3ca08___GHLB2 Leaf 8952.JPG,Tomato___Late_blight,Tomato___Late_blight,train,val,8,True
dc5999f33407ea2a8500f3feeabaa030eff8faa8d5c02518914235e5ba92046a,1ee7bdc2ff3c2d3ce48ee5d006f5965ddc380c2ca26114b01ec8dbd280e43928,Tomato___Spider_mites Two-spotted_spider_mite/2cd8d4c9-6eb7-4ed2-808f-df3ae1aedf7a___Com.G_SpM_FL 9621.JPG,Tomato___Spider_mites Two-spotted_spider_mite/95ed6d10-20c2-4b45-9d3e-73b7bea122dc___Com.G_SpM_FL 8423.JPG,Tomato___Spider_mites Two-spotted_spider_mite,Tomato___Spider_mites Two-spotted_spider_mite,train,val,8,True
dcc734fd62c9ca7105f8a50c5a50bf4ea6e68f92b7366ab370a6722f1616cfb2,e753acece63dec89e264d3851e79512fa39061b256e45c16864149612550d10c,Tomato___Target_Spot/44a9131e-6f2a-408d-ab7e-ccd0a935cdcc___Com.G_TgS_FL 9934.JPG,Tomato___Tomato_Yellow_Leaf_Curl_Virus/61ca16d1-d69c-4540-b3ba-52bf53dfbc40___YLCV_GCREC 2921.JPG,Tomato___Target_Spot,Tomato___Tomato_Yellow_Leaf_Curl_Virus,train,val,8,True
dcd077e571caf14c81af4abbf0dfe037d5dfe9bc7f615367416d2e2244a09a59,6eb11ddeeb88c432aa8a05db38596e08726be586cd21e98022fd028c9f86dc80,Tomato___Bacterial_spot/1abfbe87-b6e5-4da0-85e9-13980c67fd03___GCREC_Bact.Sp 3295.JPG,Tomato___Spider_mites Two-spotted_spider_mite/a56182d9-143a-45fc-a1be-946ba0d46935___Com.G_SpM_FL 9550.JPG,Tomato___Bacterial_spot,Tomato___Spider_mites Two-spotted_spider_mite,test,train,8,True
dcd2db9abf96ca0d80918910ebc6bebf8752360fb8a4181a95230c303b5d71e2,0b26d2017a6da767fb6199d89c7f01d5bdc06def83d0dc7e948c131e7c64cc62,Tomato___Septoria_leaf_spot/c5806b61-685f-43a2-a5af-c8c9f086e7ea___Matt.S_CG 1244.JPG,Tomato___Bacterial_spot/a75e41ac-5944-4698-876b-1d0716934982___GCREC_Bact.Sp 5970.JPG,Tomato___Septoria_leaf_spot,Tomato___Bacterial_spot,train,val,8,True
dd2be06e6c673541819c4491d96f5a51de47083b2108fccee9b087799d15ed99,ab4ecae9449c580e73af063139bf07aba6306648666a336b68a2661782c2aed7,Tomato___Bacterial_spot/4f16591e-eb1f-48d5-8271-b0872e140ac1___GCREC_Bact.Sp 6229.JPG,Tomato___Tomato_Yellow_Leaf_Curl_Virus/743d6eb8-a7c4-4632-95f0-8ca346e6de2b___YLCV_GCREC 1975.JPG,Tomato___Bacterial_spot,Tomato___Tomato_Yellow_Leaf_Curl_Virus,test,train,8,True
dd768a818280ca775ce6f9f982b9332900473af1d1233696b0179b3a30497b43,165b5409237a0f44511893b346e16455cd9ba9f0592e454ffdcbde2a4355b7b9,Tomato___Early_blight/5ba2c9ec-1d6f-4870-933d-6c9d05833d47___RS_Erly.B 6337.JPG,Tomato___Leaf_Mold/b8fc0a5c-ffce-488e-ae68-f4a268f8817b___Crnl_L.Mold 9157.JPG,Tomato___Early_blight,Tomato___Leaf_Mold,test,train,8,True
dd768a818280ca775ce6f9f982b9332900473af1d1233696b0179b3a30497b43,86e3a399e53df54e50492708dc6088300ce90ff4e49a00479aa32b9fd76ec80e,Tomato___Early_blight/5ba2c9ec-1d6f-4870-933d-6c9d05833d47___RS_Erly.B 6337.JPG,Tomato___Septoria_leaf_spot/b49c2ffd-6fa4-4ab8-8458-f4cc444c1325___Matt.S_CG 6007.JPG,Tomato___Early_blight,Tomato___Septoria_leaf_spot,test,val,8,True
ddd19404921f3a471763099b6972dba14d808f46ed95555091ced557ba443ae5,79fa067f9d476efcd5c8029b6c526a816127045626337642a8c0b41c12cdcf00,Tomato___Tomato_Yellow_Leaf_Curl_Virus/053d3504-ce55-4fa1-b0e4-742f3fb86973___UF.GRC_YLCV_Lab 01980.JPG,Tomato___Tomato_Yellow_Leaf_Curl_Virus/f31fb98b-6b12-4620-9827-03a5bf5b2eda___UF.GRC_YLCV_Lab 01988.JPG,Tomato___Tomato_Yellow_Leaf_Curl_Virus,Tomato___Tomato_Yellow_Leaf_Curl_Virus,train,val,8,True
decf81212bf0a8415a1293ed727f8f82bd1347640dbe0ae7325eeb93a70f4891,ead2f920a8effb3d4af1cae7fab2d52d87ee28a9cfe2c4e24c3812dc3f6c9d74,Tomato___Late_blight/d55910c3-3530-4bde-94a7-6748f5fadfb4___RS_Late.B 7161.JPG,Tomato___Leaf_Mold/774d3b86-63a3-46a7-9355-9aa512d70e19___Crnl_L.Mold 8914.JPG,Tomato___Late_blight,Tomato___Leaf_Mold,train,val,8,True
e03be17960f866de48decc6c5479dda26529c671f79e7164c14221c7fa2e114d,c2b67b457bd05c432f4d4cd2f12489b701217848f099a14107b3f72d0cda2f8a,Tomato___Spider_mites Two-spotted_spider_mite/f87dde9f-b0ca-4b96-a065-545d707d72a6___Com.G_SpM_FL 8946.JPG,Tomato___Spider_mites Two-spotted_spider_mite/05a76480-4ffe-476f-a101-fdadd8b3fbcf___Com.G_SpM_FL 9329.JPG,Tomato___Spider_mites Two-spotted_spider_mite,Tomato___Spider_mites Two-spotted_spider_mite,test,train,8,True
e03be17960f866de48decc6c5479dda26529c671f79e7164c14221c7fa2e114d,c950f25c4008d7b6b57e2388abdce7efe7053dce347c2f9138415e5dbe4cd51f,Tomato___Spider_mites Two-spotted_spider_mite/f87dde9f-b0ca-4b96-a065-545d707d72a6___Com.G_SpM_FL 8946.JPG,Tomato___Spider_mites Two-spotted_spider_mite/931bb6c8-e235-440e-978c-7fed1d57926e___Com.G_SpM_FL 8421.JPG,Tomato___Spider_mites Two-spotted_spider_mite,Tomato___Spider_mites Two-spotted_spider_mite,test,train,8,True
e0761e3fe17b42f80d90fe57415fd66a68a909819c8ced89aa9bd75acfa5a1ec,56697093b82509f7bf32c134d409a0e6054fc7e8c93e5d684b4404b0867c7063,Tomato___Septoria_leaf_spot/13d82f96-ac84-4176-abf9-f1fbaac4aabd___Matt.S_CG 0989.JPG,Tomato___Spider_mites Two-spotted_spider_mite/61d5d387-804b-4257-99fe-07d32a205f14___Com.G_SpM_FL 9554.JPG,Tomato___Septoria_leaf_spot,Tomato___Spider_mites Two-spotted_spider_mite,test,train,8,True
e084b71f9c4e4ec436935387651eb5b18e3bbb24f75763b4aa4b9e844dc50963,bd68dedea88aedd24a8a1c7fd82ed113b8e1e8a918d37dad952563cc4bc300f9,Tomato___Tomato_Yellow_Leaf_Curl_Virus/18ff421b-77c2-47fe-b9f9-fb732d86460d___UF.GRC_YLCV_Lab 01836.JPG,Tomato___Tomato_Yellow_Leaf_Curl_Virus/a5cbac4c-3a63-4719-9506-9a5a6effc14f___UF.GRC_YLCV_Lab 01828.JPG,Tomato___Tomato_Yellow_Leaf_Curl_Virus,Tomato___Tomato_Yellow_Leaf_Curl_Virus,test,train,8,True
e0c3c622f898fcb652973f222637ed7ca6b350c0b89a1dda3f956ac5c7c6ab0e,f8a12d80735e5544b6becae284b1a549461fdca8a53e8af6ec565d4bf90c8fa4,Tomato___Bacterial_spot/822e2ff3-34d5-4634-b82e-2d5cc16c1485___GCREC_Bact.Sp 5990.JPG,Tomato___Tomato_Yellow_Leaf_Curl_Virus/5c1d1466-a04e-4af3-9539-9da31467ddf7___YLCV_GCREC 2055.JPG,Tomato___Bacterial_spot,Tomato___Tomato_Yellow_Leaf_Curl_Virus,train,val,8,True
e1387cd8e8fa8f783f805b1ad9f4630faa05a8b7e6247991c3f9853822f8049f,73466d35ec56103d01b38c520714ad52e832fa806b19b91496b44734f9a620ff,Tomato___Tomato_Yellow_Leaf_Curl_Virus/754260bb-6fa5-40af-802b-e706b606900c___UF.GRC_YLCV_Lab 01733.JPG,Tomato___Tomato_Yellow_Leaf_Curl_Virus/3a0ed99b-2663-4c3d-b9dd-79fdcae9c5f2___UF.GRC_YLCV_Lab 01731.JPG,Tomato___Tomato_Yellow_Leaf_Curl_Virus,Tomato___Tomato_Yellow_Leaf_Curl_Virus,test,train,8,True
e145aa0183c62a8d6c1c74bcc94153d121c3eb3686edb4c73a1c4ae5b8d2e917,3c1cba0b8c0adb1c75d17e1df1ddbf972a3cb98a5cd9e4f15ab8559f42c34afb,Tomato___healthy/8f3da0fb-90a0-4eac-b065-822895c41c54___GH_HL Leaf 265.1.JPG,Tomato___healthy/6d2b6ab9-dd43-446a-ae14-0fc3fb12b9ca___GH_HL Leaf 265.2.JPG,Tomato___healthy,Tomato___healthy,train,val,8,True
e22731d7f21e87aa43b703b1a8cef3cb94e25fd6d4f6f48e071ec161b17794b1,e586ccb12f5a134749a6af84c59b23d338e680af6eabdceaf2b6494888c08018,Tomato___Spider_mites Two-spotted_spider_mite/d64bb364-65c3-401d-b9b9-56fad8fbfdd8___Com.G_SpM_FL 8804.JPG,Tomato___Spider_mites Two-spotted_spider_mite/9a435257-cda9-4204-9f67-cbebf7e4f0f4___Com.G_SpM_FL 1677.JPG,Tomato___Spider_mites Two-spotted_spider_mite,Tomato___Spider_mites Two-spotted_spider_mite,train,val,8,True
e25ca4c4d1e3deb377255208c69899bbe07e4ab884354d3b16c4ca8f42d79d9e,57ffc53bd16cfa034cdb1c7a732e4c4e2597e41b55d72fb3a84f07d227236caa,Tomato___Spider_mites Two-spotted_spider_mite/dd65aea5-06e3-4e06-b3e0-3466c629c389___Com.G_SpM_FL 9001.JPG,Tomato___Spider_mites Two-spotted_spider_mite/b1405282-b12b-4d98-923a-04e217720c2b___Com.G_SpM_FL 9304.JPG,Tomato___Spider_mites Two-spotted_spider_mite,Tomato___Spider_mites Two-spotted_spider_mite,train,val,8,True
e287e36a2e06c9634699c499b34de214ed6e5ec3620ae60c4bf06889788b4617,59ff1c0e98a824f35cea85894f8ba2da6406334b92a2e21be57613920d32c88e,Tomato___Tomato_Yellow_Leaf_Curl_Virus/8add9891-86bd-4b82-a37c-be8691b0002e___UF.GRC_YLCV_Lab 02230.JPG,Tomato___Tomato_Yellow_Leaf_Curl_Virus/fca5e8cf-1dd1-45c5-aa33-27b303528cd4___UF.GRC_YLCV_Lab 02229.JPG,Tomato___Tomato_Yellow_Leaf_Curl_Virus,Tomato___Tomato_Yellow_Leaf_Curl_Virus,train,val,8,True
e2a8e5a293daff045c0981032fdffef1174657b77966cddb57a719378eaf7a42,00d801fdf20083d85825e7eea0b7a805785e6d987a6cc8344b3ab29a9bdf9a9d,Tomato___healthy/47a87555-1411-43a3-85d2-5fb241ec089d___GH_HL Leaf 177.2.JPG,Tomato___healthy/c586e5df-8410-4690-aee8-25e9ef9df9a5___GH_HL Leaf 178.1.JPG,Tomato___healthy,Tomato___healthy,test,val,8,True
e2dab2a1e276c6fb738c9a733761ab13555a48ef430a9c40814673f80f074eb1,b8d97ad5d2bc9cd6ee60b55021e2eb53c71699c8e0dab41654d71603c011223e,Tomato___Tomato_Yellow_Leaf_Curl_Virus/642b0782-39c3-4efc-a5b9-9cf322e63348___YLCV_NREC 2527.JPG,Tomato___Septoria_leaf_spot/e64957e9-bdcc-4d5c-82c1-ce09b1a1aa01___Matt.S_CG 7662.JPG,Tomato___Tomato_Yellow_Leaf_Curl_Virus,Tomato___Septoria_leaf_spot,test,val,8,True
e2fc6f3642b9f8e23579eff4e57473bedd8a524c18dfcd2e34765eded304b358,b0ea9cfab541da7f775f5ae72b58e5bbc106d26a2e2a6c53971de8fcc98a32e2,Tomato___Tomato_Yellow_Leaf_Curl_Virus/3e0f8db3-745c-4c20-958f-0f5f51a481de___UF.GRC_YLCV_Lab 02882.JPG,Tomato___Tomato_Yellow_Leaf_Curl_Virus/d3b4b242-b99c-42aa-8777-ded7b78303a3___UF.GRC_YLCV_Lab 02869.JPG,Tomato___Tomato_Yellow_Leaf_Curl_Virus,Tomato___Tomato_Yellow_Leaf_Curl_Virus,test,train,8,True
e40bbc51f11963b3dff56443e349b66645d53bb6727879fe38bde13604032163,a424ff6367da03003096ad6fbcbbdd305d6f82cf1970a5a9ddf86fd6a59841cd,Tomato___Tomato_Yellow_Leaf_Curl_Virus/29a24215-3d90-4919-80cc-be0a0093011a___YLCV_GCREC 5244.JPG,Tomato___Spider_mites Two-spotted_spider_mite/85bb0ebc-4b7f-4081-99e8-76f7764ded11___Com.G_SpM_FL 1449.JPG,Tomato___Tomato_Yellow_Leaf_Curl_Virus,Tomato___Spider_mites Two-spotted_spider_mite,train,val,8,True
e507b28ed68afe220e4cbba5e446313050ce34300aa581d9c8d2f76a8d5c4120,227ad78ca3684b2cc760db93e1647a9a87373c8e43afb73057fafdbe1314b76c,Tomato___Septoria_leaf_spot/3287491a-0971-4fc4-bbdf-c5f8bd8cb224___JR_Sept.L.S 8508.JPG,Tomato___Spider_mites Two-spotted_spider_mite/618d13ab-5e53-4563-9a11-2c195fe77fcc___Com.G_SpM_FL 9293.JPG,Tomato___Septoria_leaf_spot,Tomato___Spider_mites Two-spotted_spider_mite,test,train,8,True
e5afc68f76c98f7497f4b7e999222cc5b73ce29738a530fecc394e3792d98911,3352800f08cc1bda3a9683209f695184c4430641aba03ced99aa919d01a81ff4,Tomato___healthy/5d5b9f07-dd6a-4927-9ca0-92945e9ad8df___GH_HL Leaf 209.1.JPG,Tomato___healthy/ea0a8316-361e-4224-a700-5b86a8b93774___GH_HL Leaf 209.JPG,Tomato___healthy,Tomato___healthy,test,train,8,True
e5cbfaaad8180343f8574c5c95cdba8f8f8438abb4bd2d2dd4880e2b97a968d0,f8a12d80735e5544b6becae284b1a549461fdca8a53e8af6ec565d4bf90c8fa4,Tomato___Spider_mites Two-spotted_spider_mite/df5b37b7-f3aa-4659-85c7-fef204ad110e___Com.G_SpM_FL 1585.JPG,Tomato___Tomato_Yellow_Leaf_Curl_Virus/5c1d1466-a04e-4af3-9539-9da31467ddf7___YLCV_GCREC 2055.JPG,Tomato___Spider_mites Two-spotted_spider_mite,Tomato___Tomato_Yellow_Leaf_Curl_Virus,train,val,8,True
e5e15a38fde206fd57d23403af099ac83155fc1735e5458186d8630519f550ac,ade1e1abf0cdf9c6ffdf9723c36d5263f7021c220b438fa4766ec0474ec3c853,Tomato___Tomato_Yellow_Leaf_Curl_Virus/c011f822-644d-4a1c-a81f-1ed55480a20c___YLCV_NREC 2910.JPG,Tomato___Tomato_Yellow_Leaf_Curl_Virus/2f4c35f6-8130-48e3-bcb6-0e5bd0ac9c86___YLCV_NREC 2550.JPG,Tomato___Tomato_Yellow_Leaf_Curl_Virus,Tomato___Tomato_Yellow_Leaf_Curl_Virus,test,train,8,True
e883198f50cd8201e2b00996f2391faa188bf7ee038b22e1513433fa8ab7e779,723547ed4719d16c5a2adc6247d339ef29e6ea0e0998b0e1d3bb158399ce2de2,Tomato___Early_blight/e7d248e4-a5e5-431f-9061-6383c14d8526___RS_Erly.B 7426.JPG,Tomato___Spider_mites Two-spotted_spider_mite/e5e52f31-6255-4240-bdd6-febca61fd449___Com.G_SpM_FL 9513.JPG,Tomato___Early_blight,Tomato___Spider_mites Two-spotted_spider_mite,test,train,8,True
e8ace9084752966ffb98166ce978818833dde97de4175ec4f084cf8674a2fca3,1cb535e8b9416f671f1081c502b8b9b55e2fe74539c3ea6c56ff2ec32a104d99,Tomato___Septoria_leaf_spot/7d028ea6-331d-42ea-ad79-7a7a0d9149c6___Matt.S_CG 7720.JPG,Tomato___Septoria_leaf_spot/56091676-e2c1-43e7-aeb2-7621b0ce5d8f___Matt.S_CG 6840.JPG,Tomato___Septoria_leaf_spot,Tomato___Septoria_leaf_spot,test,train,8,True
e8cbbacf5854399fa585b52b1f33f37440cd90683174d20a0c592866c47690bf,5d3c1b3f4991b77a13483bd2395c0a93f33b26815e498a83e321af988cb28a89,Tomato___Spider_mites Two-spotted_spider_mite/81ba2ad9-db9d-452e-80bd-54aca04c7ca5___Com.G_SpM_FL 8731.JPG,Tomato___Target_Spot/1840e451-4049-49de-a7ee-9f305e85d3c3___Com.G_TgS_FL 9966.JPG,Tomato___Spider_mites Two-spotted_spider_mite,Tomato___Target_Spot,train,val,8,True
e8dc6e01c0b086a9347c1fb796452165ee81e2cd22046aa32c96523cba458f42,ead2f920a8effb3d4af1cae7fab2d52d87ee28a9cfe2c4e24c3812dc3f6c9d74,Tomato___Leaf_Mold/624b9411-3aef-4d0e-a62a-f7feb5fad021___Crnl_L.Mold 6881.JPG,Tomato___Leaf_Mold/774d3b86-63a3-46a7-9355-9aa512d70e19___Crnl_L.Mold 8914.JPG,Tomato___Leaf_Mold,Tomato___Leaf_Mold,train,val,8,True
e91236cf9323155881a9c4074a9aaa70749d8e3c441f3a4f9cc47c946b50bd95,a163fb8720d0a23f31dddc8e1fc71b9dcecf62c6bc14541f3cb20b899eae68ea,Tomato___Tomato_Yellow_Leaf_Curl_Virus/59649a92-5837-4892-a904-9276040c59aa___YLCV_NREC 0281.JPG,Tomato___Tomato_Yellow_Leaf_Curl_Virus/fe4a1098-c9b5-4de5-bc01-3a5efdddc028___YLCV_GCREC 5535.JPG,Tomato___Tomato_Yellow_Leaf_Curl_Virus,Tomato___Tomato_Yellow_Leaf_Curl_Virus,train,val,8,True
ea12bdff8e9cf3ef948831007c8c2a60b26e9e4774ec015cf8c76c169e50ed98,1e46b54e99c3ef2a143bffca942f0b322c97a86b9e1c52ab060347956e5eb251,Tomato___Septoria_leaf_spot/bd443b6c-56db-4224-a879-d339563800cf___Matt.S_CG 0791.JPG,Tomato___Tomato_Yellow_Leaf_Curl_Virus/1b977d41-3763-42c6-9d9b-e791db254f7e___YLCV_NREC 2716.JPG,Tomato___Septoria_leaf_spot,Tomato___Tomato_Yellow_Leaf_Curl_Virus,train,val,8,True
ea195dd2ed87b0962e85a8cf3385ba9c9b74b08008778199e43494aa30bb56c4,c64ba57b41dcc370714b4c493a1292eab7fb4e562deec8063d791b3d70af9964,Tomato___Bacterial_spot/777d71b0-d3ec-4eb1-a141-b3bf9df3e515___GCREC_Bact.Sp 3111.JPG,Tomato___Tomato_Yellow_Leaf_Curl_Virus/d66d011d-3b9e-4d97-8a5a-71b0eaec71b8___YLCV_GCREC 2523.JPG,Tomato___Bacterial_spot,Tomato___Tomato_Yellow_Leaf_Curl_Virus,train,val,8,True
ea2cbb65b213c41fa1a8107f56e83da1f1ec64c093b22c0920763ea8034be831,a868823f118f9e13e7d3bceb41d2b2b0682edcb58a2aaba9aac780573b9baf90,Tomato___Tomato_Yellow_Leaf_Curl_Virus/550bd2dd-2f97-4382-9388-fde3c487d0fc___YLCV_GCREC 2386.JPG,Tomato___Spider_mites Two-spotted_spider_mite/f8450125-610c-4bb2-a6e5-0772951312ca___Com.G_SpM_FL 9489.JPG,Tomato___Tomato_Yellow_Leaf_Curl_Virus,Tomato___Spider_mites Two-spotted_spider_mite,train,val,8,True
ea33934b589d1707ad00c463d8ce8d4c03ea295780ab897211ba6643843c569d,11007aaba90e588473e3a8c8830f8c7b9402f39616f555c952c8f62adccf60e1,Tomato___Spider_mites Two-spotted_spider_mite/7c41b687-8858-4f41-985c-9318ae538bb5___Com.G_SpM_FL 9284.JPG,Tomato___Target_Spot/1ea4741f-c01c-486e-a4b4-c77bce536f95___Com.G_TgS_FL 9821.JPG,Tomato___Spider_mites Two-spotted_spider_mite,Tomato___Target_Spot,train,val,8,True
ea33934b589d1707ad00c463d8ce8d4c03ea295780ab897211ba6643843c569d,994b8f64b8680c937d46ec38d7924192b8d5e4af6eafb0769a83a2ea4a27429c,Tomato___Spider_mites Two-spotted_spider_mite/7c41b687-8858-4f41-985c-9318ae538bb5___Com.G_SpM_FL 9284.JPG,Tomato___Target_Spot/0044d10f-7062-4655-8abd-9fffc5b2f152___Com.G_TgS_FL 7908.JPG,Tomato___Spider_mites Two-spotted_spider_mite,Tomato___Target_Spot,train,val,8,True
ea71062e4861496b414e3a414f48ba8a9ce521fc8309ba3ba1ae1db4942b7955,0a1f99c5b844a32ce53513ec8fc085571c14b872772a636bac35a3c75c9846cb,Tomato___Bacterial_spot/a9045c2f-df74-4d31-8e2f-f3ce3d6753e2___GCREC_Bact.Sp 3026.JPG,Tomato___Target_Spot/6d8550bb-b43d-4e66-a5fc-f320110ad625___Com.G_TgS_FL 9905.JPG,Tomato___Bacterial_spot,Tomato___Target_Spot,train,val,8,True
eb7f6c2e20ad3bff90e01633e9cc231ac9ca963351f87f6aae13e512156abf03,24642a276241c0898afe1693282ea7c13a9ecad2cad1e3b5faa6cd90d5c26fbc,Tomato___healthy/0cfee8b1-5de4-4118-9e25-f9c37bb6f17e___GH_HL Leaf 252.JPG,Tomato___healthy/5ecf00da-161c-4e2f-a525-b9223adce0b6___GH_HL Leaf 252.1.JPG,Tomato___healthy,Tomato___healthy,test,train,8,True
ec3840d69efd7f2378167bebedb1705c0a3da84bbacc2411f8eba54fbf1ffb7a,7ca7fbbdcfab38b5722557e7846e6c270ea84c4a9c5c6249bfceed87663d61e5,Tomato___Spider_mites Two-spotted_spider_mite/83a27731-ec0a-4741-873a-a71aea0809bb___Com.G_SpM_FL 8523.JPG,Tomato___Spider_mites Two-spotted_spider_mite/246bf675-01a0-4da1-90ab-a1b44d3768dd___Com.G_SpM_FL 8635.JPG,Tomato___Spider_mites Two-spotted_spider_mite,Tomato___Spider_mites Two-spotted_spider_mite,test,train,8,True
ec3840d69efd7f2378167bebedb1705c0a3da84bbacc2411f8eba54fbf1ffb7a,826742bb1e58d87515780640b637207fb97ecdfb6d09a2ac495dc2f69af776cd,Tomato___Spider_mites Two-spotted_spider_mite/83a27731-ec0a-4741-873a-a71aea0809bb___Com.G_SpM_FL 8523.JPG,Tomato___Tomato_Yellow_Leaf_Curl_Virus/1874ab4f-3257-49d0-83ca-170c25ad7a33___UF.GRC_YLCV_Lab 01323.JPG,Tomato___Spider_mites Two-spotted_spider_mite,Tomato___Tomato_Yellow_Leaf_Curl_Virus,test,val,8,True
ec3840d69efd7f2378167bebedb1705c0a3da84bbacc2411f8eba54fbf1ffb7a,ab7336c5398cb6013094cfa45d580be219660a643a86ae9c6c23ba27e4255d97,Tomato___Spider_mites Two-spotted_spider_mite/83a27731-ec0a-4741-873a-a71aea0809bb___Com.G_SpM_FL 8523.JPG,Tomato___Spider_mites Two-spotted_spider_mite/3237c6fb-59b2-404a-8cbc-81f5e61304d0___Com.G_SpM_FL 8611.JPG,Tomato___Spider_mites Two-spotted_spider_mite,Tomato___Spider_mites Two-spotted_spider_mite,test,train,8,True
ecc91685e880b8179cdc6d76f10ca32e8af7d348661943832feef8b51cb9bdb4,a8315c715fd070b73d213cfeaf7820d31facb9c0feec7223b35967ce0a8ba641,Tomato___Bacterial_spot/1371d8ed-b95f-4dd0-834c-9f3a944ca8dd___GCREC_Bact.Sp 3463.JPG,Tomato___Septoria_leaf_spot/15c00319-bd7f-45ef-9142-9295a62d701b___Matt.S_CG 0769.JPG,Tomato___Bacterial_spot,Tomato___Septoria_leaf_spot,test,train,8,True
ece4ae3f02afa3ea05fba0abf3679a0b1a79a4a4abe4264892dc0b071b739489,4c34e82e2f8f81a923fd9677ad91eaa4ad9772f7afde5015cf85403d4fa39be6,Tomato___Septoria_leaf_spot/fb69b46d-32bd-4d11-a60f-7eec788523c2___Matt.S_CG 6278.JPG,Tomato___Bacterial_spot/31549f17-8b3c-4a16-9775-d3c50db39fb8___GCREC_Bact.Sp 5968.JPG,Tomato___Septoria_leaf_spot,Tomato___Bacterial_spot,train,val,8,True
edea03f551b7b77d8b356fd4704739524c4d6085b80bc39b1f0143b5f914f7b1,9420cc1bab3684a9b021fd83d95d957b34a4f55c97c336dddb4825ec1e60ba6d,Tomato___Bacterial_spot/55b8b2b8-0967-441a-9524-9c4cdfe6db46___GCREC_Bact.Sp 3075.JPG,Tomato___Spider_mites Two-spotted_spider_mite/45d0aca4-ce49-43cb-af35-99ac8d283930___Com.G_SpM_FL 1459.JPG,Tomato___Bacterial_spot,Tomato___Spider_mites Two-spotted_spider_mite,train,val,8,True
ee17f19e549a56138ca4600a33fb032a6910b7eb7052d1c27f68b8af87946b2d,23a2d7f896507ea957697ad3c8158ff20da474262973f2b2859f9afdd2e0f8b7,Tomato___Tomato_Yellow_Leaf_Curl_Virus/a8c0e9db-2bdb-4b1c-8a94-523adbd55c40___YLCV_NREC 2027.JPG,Tomato___Spider_mites Two-spotted_spider_mite/c71fc38e-d2af-4178-b642-929e321f6072___Com.G_SpM_FL 9372.JPG,Tomato___Tomato_Yellow_Leaf_Curl_Virus,Tomato___Spider_mites Two-spotted_spider_mite,test,train,8,True
ee19854ee8dcc0153370575723c10ce6c29fa6b5e47a4829433cb1ee848eb4e4,fa8bcfa8360264a5348f8911160195473291a804ec9d291fa22b84bda07348ca,Tomato___Spider_mites Two-spotted_spider_mite/93c5643b-517d-46d1-ade3-e321b8206b88___Com.G_SpM_FL 9343.JPG,Tomato___Spider_mites Two-spotted_spider_mite/1e0e0b1b-bc70-486b-9d85-f6e3ca348516___Com.G_SpM_FL 1285.JPG,Tomato___Spider_mites Two-spotted_spider_mite,Tomato___Spider_mites Two-spotted_spider_mite,train,val,8,True
ee67de053e435c3d06f582635f83bb720201346deaa37b27789ef2c2942d3970,5b70a8f1f5749d82671b25a0fbaa4fbcbb5560fd39c65aee2316ded1363732e8,Tomato___Bacterial_spot/26768a91-4aca-41a4-ad88-1b791c2312dc___GCREC_Bact.Sp 5669.JPG,Tomato___Bacterial_spot/4f06a857-13bc-44c1-87fb-c3ccdaeeaacb___GCREC_Bact.Sp 5965.JPG,Tomato___Bacterial_spot,Tomato___Bacterial_spot,train,val,8,True
ee67de053e435c3d06f582635f83bb720201346deaa37b27789ef2c2942d3970,d87d02fd05cdaec98608b9d0c9c4472595ea808861ed907d3a4c39cf5e887b79,Tomato___Bacterial_spot/26768a91-4aca-41a4-ad88-1b791c2312dc___GCREC_Bact.Sp 5669.JPG,Tomato___Bacterial_spot/e87962ec-4dae-4c6c-8233-620e40acf137___GCREC_Bact.Sp 3160.JPG,Tomato___Bacterial_spot,Tomato___Bacterial_spot,train,val,8,True
eee361ff681e4bc463078e5f37bacc051d5f00fb4a1074e6f71c73ad7d59a39f,7416ec3f9404dc320ad07da6bfce13bf33b31eb506031223aa39a31162878a37,Tomato___Tomato_Yellow_Leaf_Curl_Virus/c4a77d68-b50c-4807-bb49-59fce5170493___UF.GRC_YLCV_Lab 02452.JPG,Tomato___Tomato_Yellow_Leaf_Curl_Virus/a27532e0-f5fe-489f-85a5-b48d53f14cb8___UF.GRC_YLCV_Lab 02451.JPG,Tomato___Tomato_Yellow_Leaf_Curl_Virus,Tomato___Tomato_Yellow_Leaf_Curl_Virus,test,train,8,True
eee361ff681e4bc463078e5f37bacc051d5f00fb4a1074e6f71c73ad7d59a39f,ac371c01d883f959ecc069ca2ddb322f3ec701633622d5f742509d01db54c38c,Tomato___Tomato_Yellow_Leaf_Curl_Virus/c4a77d68-b50c-4807-bb49-59fce5170493___UF.GRC_YLCV_Lab 02452.JPG,Tomato___Tomato_Yellow_Leaf_Curl_Virus/b7b2732c-4481-4cbf-8dd0-8256642baf51___UF.GRC_YLCV_Lab 02455.JPG,Tomato___Tomato_Yellow_Leaf_Curl_Virus,Tomato___Tomato_Yellow_Leaf_Curl_Virus,test,train,8,True
ef95aa58b1cac001b2a0e3db867f7a873267ad813cc092aab64ddc26c993a544,93b7c95efdb9bababb5aca7728b4e7b31527694979e08d1a7d53bf2c7cae6bb8,Tomato___Spider_mites Two-spotted_spider_mite/628a9d6d-982d-4424-9a7d-e8e0219818fe___Com.G_SpM_FL 9321.JPG,Tomato___Spider_mites Two-spotted_spider_mite/d60456fc-4596-45b6-97bf-ea1c5855297e___Com.G_SpM_FL 9555.JPG,Tomato___Spider_mites Two-spotted_spider_mite,Tomato___Spider_mites Two-spotted_spider_mite,train,val,8,True
ef95aa58b1cac001b2a0e3db867f7a873267ad813cc092aab64ddc26c993a544,a1178f20d67b653083a8df426faa78524996401bc8dd68973c2c059252ed5c9d,Tomato___Spider_mites Two-spotted_spider_mite/628a9d6d-982d-4424-9a7d-e8e0219818fe___Com.G_SpM_FL 9321.JPG,Tomato___Spider_mites Two-spotted_spider_mite/8d0dffc7-aecb-4583-b3a3-1027fb4fd3d1___Com.G_SpM_FL 9567.JPG,Tomato___Spider_mites Two-spotted_spider_mite,Tomato___Spider_mites Two-spotted_spider_mite,train,val,8,True
efb0b7965b94242d703334c533571aacb6b0ae2084303889f6ae9149c6b962ac,c156bfa37cfa51874f51100306dfc084a24e7dea41ccc658216ff041f649c099,Tomato___Tomato_Yellow_Leaf_Curl_Virus/ac593008-ed4e-496f-8785-6712cb39a858___YLCV_GCREC 2454.JPG,Tomato___Target_Spot/ae5e390c-1682-4e71-bb08-ce60b694dd8d___Com.G_TgS_FL 9725.JPG,Tomato___Tomato_Yellow_Leaf_Curl_Virus,Tomato___Target_Spot,train,val,8,True
f02503c98933152d175bf98323d6778c760631d207884c68ca7341d1b60da6e2,e2c3c70e1e93622ae83b334e72fe027f0daef062e448ec877179f058e4a05d9a,Tomato___Leaf_Mold/273b19fa-2701-4679-a994-8a37040ac343___Crnl_L.Mold 6577.JPG,Tomato___Leaf_Mold/b8a6d929-d111-4484-b533-ff68ed3304ca___Crnl_L.Mold 6592.JPG,Tomato___Leaf_Mold,Tomato___Leaf_Mold,test,train,8,True
f0726b3fdfb8cc579fb9c8432ab58343e95cdbc9e694f508fdc814fdfae8d217,57ba1f9d23a603435e962e9fa4dc60ab48bd1fc886c35aa43aa9766f607cab73,Tomato___Tomato_Yellow_Leaf_Curl_Virus/4f5f7643-a0aa-4dc4-ae00-a17097e949e9___UF.GRC_YLCV_Lab 03387.JPG,Tomato___Tomato_Yellow_Leaf_Curl_Virus/e2c016a2-b0e8-427a-82ac-852404990b33___UF.GRC_YLCV_Lab 03386.JPG,Tomato___Tomato_Yellow_Leaf_Curl_Virus,Tomato___Tomato_Yellow_Leaf_Curl_Virus,test,train,8,True
f09536279ba53f5f54422810a34670fdbc192b1a6b61976797443ddb4cb7e00c,a9c15c5e50887d2a99242a980151dbc08153533a3e397017187ca786a4166be9,Tomato___Spider_mites Two-spotted_spider_mite/50468eb2-6dce-4229-85b9-fede51827beb___Com.G_SpM_FL 8681.JPG,Tomato___Bacterial_spot/7b729ecb-5dce-4b92-afa0-4dce3ae45b10___UF.GRC_BS_Lab Leaf 0340.JPG,Tomato___Spider_mites Two-spotted_spider_mite,Tomato___Bacterial_spot,train,val,8,True
f10d1e517dd39a4a074a635542672b1948face04c5749d987460b5f42af3c758,063fb0d845bfdf7462e783d60236b122f1a89ec65e6c1adaca3fdfb71ff6e928,Tomato___Tomato_Yellow_Leaf_Curl_Virus/7774d595-bce2-4ec0-8a10-85ba887029fa___YLCV_NREC 2390.JPG,Tomato___Spider_mites Two-spotted_spider_mite/cb4b61d2-35ed-4543-ac39-c79f5c268034___Com.G_SpM_FL 9569.JPG,Tomato___Tomato_Yellow_Leaf_Curl_Virus,Tomato___Spider_mites Two-spotted_spider_mite,train,val,8,True
f12f4ffebf97ce230e1584cfd5f5c1cbeffe16b21221d67511aa4437bbbba3a5,ac7546a770c326926897b9c8d7b9d8f2e16c5107c2816c91daa77b0518a00a41,Tomato___Spider_mites Two-spotted_spider_mite/8f4b78fa-aae1-493b-b132-6b00f03a32fe___Com.G_SpM_FL 8482.JPG,Tomato___Spider_mites Two-spotted_spider_mite/5112f2dc-2115-47f7-9f08-45e8bf55416f___Com.G_SpM_FL 8457.JPG,Tomato___Spider_mites Two-spotted_spider_mite,Tomato___Spider_mites Two-spotted_spider_mite,test,train,8,True
f191296d7ff51e757a458d2923a980e5530251f37b9f294eb2357dc5665f5d7e,8679344ea5514f3ec615e4818b956f3a7d39f1e7a067eafe0af7ddcff0b62c2f,Tomato___Spider_mites Two-spotted_spider_mite/a90a575f-937a-4975-a750-b83ea905900d___Com.G_SpM_FL 9337.JPG,Tomato___Spider_mites Two-spotted_spider_mite/1beb7ab1-cb7c-4a42-a5d7-16a643c81100___Com.G_SpM_FL 9563.JPG,Tomato___Spider_mites Two-spotted_spider_mite,Tomato___Spider_mites Two-spotted_spider_mite,test,train,8,True
f191296d7ff51e757a458d2923a980e5530251f37b9f294eb2357dc5665f5d7e,93b7c95efdb9bababb5aca7728b4e7b31527694979e08d1a7d53bf2c7cae6bb8,Tomato___Spider_mites Two-spotted_spider_mite/a90a575f-937a-4975-a750-b83ea905900d___Com.G_SpM_FL 9337.JPG,Tomato___Spider_mites Two-spotted_spider_mite/d60456fc-4596-45b6-97bf-ea1c5855297e___Com.G_SpM_FL 9555.JPG,Tomato___Spider_mites Two-spotted_spider_mite,Tomato___Spider_mites Two-spotted_spider_mite,test,val,8,True
f191296d7ff51e757a458d2923a980e5530251f37b9f294eb2357dc5665f5d7e,d8a873972ad8e7b4522463b9bd177dbe54fa4900a0f4b92353d6c37ea3ef60ff,Tomato___Spider_mites Two-spotted_spider_mite/a90a575f-937a-4975-a750-b83ea905900d___Com.G_SpM_FL 9337.JPG,Tomato___Spider_mites Two-spotted_spider_mite/a2cfdb52-ba7c-4e49-bf32-54eeb4ee97c9___Com.G_SpM_FL 9345.JPG,Tomato___Spider_mites Two-spotted_spider_mite,Tomato___Spider_mites Two-spotted_spider_mite,test,train,8,True
f1ccbcbfd26f9d8d9ed14cc8dc5a4b51c1f9758a346312acf2d2340dd4301cca,2c92be08db9ebe96ee77f01fcf8093adafdab407c2a4c783be18a7e9445854ea,Tomato___Bacterial_spot/b3c9f756-9328-46de-989b-a75859b40027___GCREC_Bact.Sp 3403.JPG,Tomato___Bacterial_spot/325d6d7f-c30b-43a3-8714-74b9cee673b0___GCREC_Bact.Sp 5984.JPG,Tomato___Bacterial_spot,Tomato___Bacterial_spot,test,train,8,True
f1d074c9cfa78eee61e7f7a7b6b84867d1f764d09651c6a7e944ef3b0c3098a5,7761e7e39343230cff4bc76c5e0ad2448b89d8c384d4564e5e2c1aeb9988acec,Tomato___Bacterial_spot/a041286d-15de-4137-a8ce-d194e04905cc___GCREC_Bact.Sp 3556.JPG,Tomato___Bacterial_spot/6cb5947c-d06a-4114-932e-ca1b952326c7___GCREC_Bact.Sp 3568.JPG,Tomato___Bacterial_spot,Tomato___Bacterial_spot,train,val,8,True
f267d64de2ee4b0f5113a79f7da65b130add80d62bd8f97652e4542948b4140a,f43a1dbb50332f1bae239db263018bfb88274727e167c1d91d1606d97783282e,Tomato___Tomato_Yellow_Leaf_Curl_Virus/fd4b2704-71d9-41b5-9574-ee9d3f575769___YLCV_NREC 0096.JPG,Tomato___Septoria_leaf_spot/cb6929ff-8e9b-42f2-97d4-ec388a5a6b06___JR_Sept.L.S 8461.JPG,Tomato___Tomato_Yellow_Leaf_Curl_Virus,Tomato___Septoria_leaf_spot,train,val,8,True
f273eed263e1726e0016317cd6ec0994c62b625b77a058a3b5225fb0b520c591,61edc9d022c86fc6b7a0701806903fd50c6eac4c2ed666697f915cfd6e82cc33,Tomato___Bacterial_spot/4ad4db1b-dbd8-449a-b2a8-4ec4a89b2ba3___GCREC_Bact.Sp 3332.JPG,Tomato___Bacterial_spot/7f4bdfa1-5d50-476f-9e79-1dbe00572974___GCREC_Bact.Sp 3004.JPG,Tomato___Bacterial_spot,Tomato___Bacterial_spot,train,val,8,True
f347f45bfe8ebfb013897548d7078f87624e2daa287d5dd073dd9759cfb46a2c,b778eec1d706671264219950c349e2f1264e7efb23dd578e0964ef8a5ebea399,Tomato___Target_Spot/26150f8e-52df-4b1e-b37c-01f3cfc8d746___Com.G_TgS_FL 9958.JPG,Tomato___Septoria_leaf_spot/f8f528ee-f9c3-47cb-b67f-a9265d86d9d1___Matt.S_CG 1446.JPG,Tomato___Target_Spot,Tomato___Septoria_leaf_spot,train,val,8,True
f3982c9356bdcc468078b422ed4b10beae641cb6ee30c1c0f066241c4346b20f,a1178f20d67b653083a8df426faa78524996401bc8dd68973c2c059252ed5c9d,Tomato___Spider_mites Two-spotted_spider_mite/75c39e92-9f7a-4266-b6bb-56bb3cd48dcb___Com.G_SpM_FL 9523.JPG,Tomato___Spider_mites Two-spotted_spider_mite/8d0dffc7-aecb-4583-b3a3-1027fb4fd3d1___Com.G_SpM_FL 9567.JPG,Tomato___Spider_mites Two-spotted_spider_mite,Tomato___Spider_mites Two-spotted_spider_mite,train,val,8,True
f3af8147685174a1a1144e621ef0e85c517f513d454cf8555efab916ff15a5b4,3e4608845fb9dc739603d3c63514cb4b5197dd2c98b5d902ba28571ed7b932e4,Tomato___Bacterial_spot/132e8a85-470e-4a7d-8535-c97ffcff7b0b___GCREC_Bact.Sp 3239.JPG,Tomato___Septoria_leaf_spot/8bf6fb90-0c85-4adf-a416-1c4c54ea5782___Matt.S_CG 6009.JPG,Tomato___Bacterial_spot,Tomato___Septoria_leaf_spot,train,val,8,True
f4554007ea74584eb0eb910810372f998afc33cc73ff6d7d66b287dd809d73f9,bca4ac0c9ea18a4dbb916ba2c53f5525ac0230e046b0337de51255876cc156ff,Tomato___Septoria_leaf_spot/971a3e79-1c8e-43fb-8734-35172df9272a___JR_Sept.L.S 8394.JPG,Tomato___Septoria_leaf_spot/5a43b236-f091-4e4b-8b17-b7fe3a6515d3___JR_Sept.L.S 8390.JPG,Tomato___Septoria_leaf_spot,Tomato___Septoria_leaf_spot,test,train,8,True
f4554007ea74584eb0eb910810372f998afc33cc73ff6d7d66b287dd809d73f9,c003934b61264ee0b3c365da4fbc58a2fb5d7e27a1c73dfaba6369d176211ce9,Tomato___Septoria_leaf_spot/971a3e79-1c8e-43fb-8734-35172df9272a___JR_Sept.L.S 8394.JPG,Tomato___Target_Spot/ea10eb79-a300-4952-bf7b-975256cec381___Com.G_TgS_FL 9781.JPG,Tomato___Septoria_leaf_spot,Tomato___Target_Spot,test,train,8,True
f4554007ea74584eb0eb910810372f998afc33cc73ff6d7d66b287dd809d73f9,e92045b6b8c63666084b924e106c8da3960ff473dbae32cbfd06c69f729d2542,Tomato___Septoria_leaf_spot/971a3e79-1c8e-43fb-8734-35172df9272a___JR_Sept.L.S 8394.JPG,Tomato___Late_blight/97e49ab1-3159-4659-9954-518c94690a9e___RS_Late.B 5534.JPG,Tomato___Septoria_leaf_spot,Tomato___Late_blight,test,train,8,True
f47e4082bc47847095901c229eb034edada30a40dbe5ce00583e298164c9102d,5557d4adc53fb55f44160cd65e7b6642479621e6a5de57f5bef19bcb82d3f1bc,Tomato___Spider_mites Two-spotted_spider_mite/6ad11f4a-0932-412b-86bb-df6f9a7f3dae___Com.G_SpM_FL 9549.JPG,Tomato___Spider_mites Two-spotted_spider_mite/c9f90de8-89ec-4a39-a117-30c89006a204___Com.G_SpM_FL 1281.JPG,Tomato___Spider_mites Two-spotted_spider_mite,Tomato___Spider_mites Two-spotted_spider_mite,test,train,8,True
f47e4082bc47847095901c229eb034edada30a40dbe5ce00583e298164c9102d,9f975c0123368bdc4b7ec172a9bcc56b210d5f32a68139033a628fae2e23f3b4,Tomato___Spider_mites Two-spotted_spider_mite/6ad11f4a-0932-412b-86bb-df6f9a7f3dae___Com.G_SpM_FL 9549.JPG,Tomato___Spider_mites Two-spotted_spider_mite/4a6a93a5-d51c-4769-8669-12ec54d87ce6___Com.G_SpM_FL 9441.JPG,Tomato___Spider_mites Two-spotted_spider_mite,Tomato___Spider_mites Two-spotted_spider_mite,test,val,8,True
f47e4082bc47847095901c229eb034edada30a40dbe5ce00583e298164c9102d,bc95b18483d0a27dcd7d3d9cd0dbb44443616cdcc9984649c160ab6f7a82f0da,Tomato___Spider_mites Two-spotted_spider_mite/6ad11f4a-0932-412b-86bb-df6f9a7f3dae___Com.G_SpM_FL 9549.JPG,Tomato___Spider_mites Two-spotted_spider_mite/3ed8e245-778d-4003-8f4f-1be77c97978c___Com.G_SpM_FL 1548.JPG,Tomato___Spider_mites Two-spotted_spider_mite,Tomato___Spider_mites Two-spotted_spider_mite,test,train,8,True
f4a7498d2e056bf1d003e41a1faf5dc15eebea32ee2369ce30cfbde9d77ffb54,bb164b9d889aba12782965dcf56ac147bd976840572747a344b5d9e8cf1405ae,Tomato___Target_Spot/4d1a4a12-f8e4-4ff1-bdba-362f986600e2___Com.G_TgS_FL 1064.JPG,Tomato___Late_blight/e4ec79b5-94df-42dd-8425-bd68d2320c5f___RS_Late.B 5406.JPG,Tomato___Target_Spot,Tomato___Late_blight,test,train,8,True
f4f1e374a99dd822ae9a8c200fc30afa0dfff2649b15bcde08843ae81b2646b0,514450f7d562cc4284cc56b8d9a78b225c4569b41b2626a7cf2c6a5d78095875,Tomato___Spider_mites Two-spotted_spider_mite/d58b9f9a-d62c-44c4-8a76-dba4ccc7fca8___Com.G_SpM_FL 9562.JPG,Tomato___Tomato_Yellow_Leaf_Curl_Virus/6c74c99f-0377-4870-ac98-c1ad619d8a7a___YLCV_GCREC 2623.JPG,Tomato___Spider_mites Two-spotted_spider_mite,Tomato___Tomato_Yellow_Leaf_Curl_Virus,train,val,8,True
f59e368aa972655c265e2c3ac443e77f5901d3c5c82186df44337be8989ae693,e13a6771150b3a2d73ed44ce9a27ef6714de2866b35379439465f115fa46e76a,Tomato___Bacterial_spot/6d0cbb2e-599e-4637-bb5f-8641dc17e6fb___GCREC_Bact.Sp 3386.JPG,Tomato___Spider_mites Two-spotted_spider_mite/1e06dafa-f977-4354-992e-3271f34a2344___Com.G_SpM_FL 9601.JPG,Tomato___Bacterial_spot,Tomato___Spider_mites Two-spotted_spider_mite,train,val,8,True
f67dca5d5c9c1ed722b0201edd5a1757fe7053b984c24e4a36082f94db42719a,31dc7a1253a9dee543ad61a193f344548dbcb881db63a53d325e3c3d3e6b9b1c,Tomato___Tomato_Yellow_Leaf_Curl_Virus/d7e92f44-d414-4201-83f7-40663d5e57c2___UF.GRC_YLCV_Lab 03295.JPG,Tomato___Tomato_Yellow_Leaf_Curl_Virus/edc3eaab-62d1-43f8-a772-58f435972eb1___UF.GRC_YLCV_Lab 03296.JPG,Tomato___Tomato_Yellow_Leaf_Curl_Virus,Tomato___Tomato_Yellow_Leaf_Curl_Virus,train,val,8,True
f6b5615abc9b47af20751fa9dc2c3e775207729d50d0134740ca7abe5901c99a,9f36446fe4a2e0bc0fd5b2a0f606bbf14442c57295bfd7e52e56c638effc5343,Tomato___Tomato_Yellow_Leaf_Curl_Virus/14a66aa9-5876-41dd-a925-d9fad74146f9___UF.GRC_YLCV_Lab 02162.JPG,Tomato___Tomato_Yellow_Leaf_Curl_Virus/5cc16f74-0be9-4661-9f7a-c9ea665d2f8f___UF.GRC_YLCV_Lab 02173.JPG,Tomato___Tomato_Yellow_Leaf_Curl_Virus,Tomato___Tomato_Yellow_Leaf_Curl_Virus,train,val,8,True
f6f3777929c4b6393040a10e90182c4ed195fe1697df201e25030f6d37fbb9b0,7ad05bcb1a3dba13e5353a3bfa8fbd8584abb7683fe19584facec8d081fad1ef,Tomato___Tomato_mosaic_virus/69d3740b-5aba-47e2-ae2f-46541333c3a5___PSU_CG 2420.JPG,Tomato___Spider_mites Two-spotted_spider_mite/01963a97-0507-43a6-ae4a-1afd8e0c4f3e___Com.G_SpM_FL 1217.JPG,Tomato___Tomato_mosaic_virus,Tomato___Spider_mites Two-spotted_spider_mite,test,train,8,True
f7257081a39c7e295c94849ebe459ed5e7de3c87ddb4d0466d8e39f75a28efb6,2f92bc03cc3599abd7818b2abaca0bff80d41c64d9e21ad0bd64dea75f07f409,Tomato___Bacterial_spot/0ad88d7a-c14a-4ac9-8520-c11a0ade3a8f___UF.GRC_BS_Lab Leaf 0996.JPG,Tomato___Septoria_leaf_spot/48bad913-fbef-4845-bc2d-dbc06f0c2bcc___Matt.S_CG 7790.JPG,Tomato___Bacterial_spot,Tomato___Septoria_leaf_spot,train,val,8,True
f7918434e7f337f7d9970d11ee7213a6135897b0139da00a6766d3a37af3de0a,9ae186b374bb7af7ba77fa0c42ca3b0c6da0e699398d50cfb830c8f72ed42eda,Tomato___Bacterial_spot/dfe0a874-9a6c-4121-9f20-b0e7a85a5996___GCREC_Bact.Sp 5684.JPG,Tomato___Bacterial_spot/3fb742ed-4a71-47d2-9c40-60768bc01cd4___GCREC_Bact.Sp 5977.JPG,Tomato___Bacterial_spot,Tomato___Bacterial_spot,train,val,8,True
f7918434e7f337f7d9970d11ee7213a6135897b0139da00a6766d3a37af3de0a,c566185f23822772d6b4308a3c661d5935dce28693330c43ffd3fd983c0a2111,Tomato___Bacterial_spot/dfe0a874-9a6c-4121-9f20-b0e7a85a5996___GCREC_Bact.Sp 5684.JPG,Tomato___Bacterial_spot/8dbf81aa-7085-4707-9374-9be792a0fd4a___GCREC_Bact.Sp 3275.JPG,Tomato___Bacterial_spot,Tomato___Bacterial_spot,train,val,8,True
f93453541044439a071a93920def0c421ef0a0611502ef6c588d3d1fbc8c405d,965769c69f1ca45f653e948b1c3e8114b4b298d9728f86674043f55f3668eea2,Tomato___Spider_mites Two-spotted_spider_mite/7a47822b-4724-4ecc-94ef-61d05836bef7___Com.G_SpM_FL 8620.JPG,Tomato___Bacterial_spot/67da0ec7-c06a-4d27-af36-17b4a1630830___GCREC_Bact.Sp 5619.JPG,Tomato___Spider_mites Two-spotted_spider_mite,Tomato___Bacterial_spot,test,train,8,True
f93453541044439a071a93920def0c421ef0a0611502ef6c588d3d1fbc8c405d,dc1a88ff89a3434195652983c1af88d8f734b10f4e76990f451662562ed12f00,Tomato___Spider_mites Two-spotted_spider_mite/7a47822b-4724-4ecc-94ef-61d05836bef7___Com.G_SpM_FL 8620.JPG,Tomato___Septoria_leaf_spot/5f2b2f49-dc97-43ae-9213-5d8a19a0e61d___Matt.S_CG 7372.JPG,Tomato___Spider_mites Two-spotted_spider_mite,Tomato___Septoria_leaf_spot,test,train,8,True
f99b31c88dd2a16a8eea37ef6539edc9c36789aef9b42ce02c623b9b69f14f82,6eb11ddeeb88c432aa8a05db38596e08726be586cd21e98022fd028c9f86dc80,Tomato___Bacterial_spot/da934beb-3546-440a-83a8-016d9d480824___GCREC_Bact.Sp 3464.JPG,Tomato___Spider_mites Two-spotted_spider_mite/a56182d9-143a-45fc-a1be-946ba0d46935___Com.G_SpM_FL 9550.JPG,Tomato___Bacterial_spot,Tomato___Spider_mites Two-spotted_spider_mite,test,train,8,True
f9b31edae6430404de7eb911caab22a96d6e726a557c5f74371dc8e982701007,5b88b679a1b8d89de29fab29bd5723858ca56a03fb9a6a582b6cfba74b358927,Tomato___Target_Spot/3021f8a0-e41c-4f6d-9b48-0e71e8b7339d___Com.G_TgS_FL 9943.JPG,Tomato___Septoria_leaf_spot/b77f34e1-6fa3-41d6-aea9-b11b8e7e3a04___Matt.S_CG 0955.JPG,Tomato___Target_Spot,Tomato___Septoria_leaf_spot,train,val,8,True
f9c5fadbcc1271a267fc723371267e7ab74013b05b7dae6cc3a95a12a30d0bcb,0a1f99c5b844a32ce53513ec8fc085571c14b872772a636bac35a3c75c9846cb,Tomato___Bacterial_spot/f16c8cc2-693b-4050-bbf6-686973becdad___GCREC_Bact.Sp 3780.JPG,Tomato___Target_Spot/6d8550bb-b43d-4e66-a5fc-f320110ad625___Com.G_TgS_FL 9905.JPG,Tomato___Bacterial_spot,Tomato___Target_Spot,train,val,8,True
f9c5fadbcc1271a267fc723371267e7ab74013b05b7dae6cc3a95a12a30d0bcb,0d766b85f7bb56a76f22ed31e8fc3107a49da853192d598b052dc699d9f4240f,Tomato___Bacterial_spot/f16c8cc2-693b-4050-bbf6-686973becdad___GCREC_Bact.Sp 3780.JPG,Tomato___Bacterial_spot/f834fa07-fd63-4ff6-8a17-e13c02ac4878___GCREC_Bact.Sp 5693.JPG,Tomato___Bacterial_spot,Tomato___Bacterial_spot,train,val,8,True
f9c5fadbcc1271a267fc723371267e7ab74013b05b7dae6cc3a95a12a30d0bcb,1896cda512ce8873e68d31c6c99955745102bf9726fccc84eb8c2cf8eb0164e8,Tomato___Bacterial_spot/f16c8cc2-693b-4050-bbf6-686973becdad___GCREC_Bact.Sp 3780.JPG,Tomato___Bacterial_spot/79710197-654d-49dc-b9c2-1494f4f9f9cf___GCREC_Bact.Sp 3012.JPG,Tomato___Bacterial_spot,Tomato___Bacterial_spot,train,val,8,True
f9e6783d51f306f46297cac2b36ec99d5431d5086fabbbab6a337ce8551294b8,8443f9674a6b563dbea73de5bc62df5448cd4858ee83fd00258211b50550d7c9,Tomato___Late_blight/993a04d9-3bfe-4cd2-8f89-981a0bb2405c___RS_Late.B 4956.JPG,Tomato___Leaf_Mold/9846d408-3d13-490d-b9b1-4809f33c22ef___Crnl_L.Mold 6750.JPG,Tomato___Late_blight,Tomato___Leaf_Mold,train,val,8,True
fa52c64bc062653b777af779023f6c4090fd195d4325211ae7c59031276b073a,bc32b911307bf5a14e9f38b962a3fa83889f057f89c4b096faff4b09f17fce01,Tomato___Late_blight/0fd882fa-471d-4bcc-ab2b-efdfaf904bc3___GHLB2 Leaf 8915.JPG,Tomato___Late_blight/1f8743b6-f385-4464-9e41-48bd9fe85637___GHLB2 Leaf 8914.JPG,Tomato___Late_blight,Tomato___Late_blight,test,train,8,True
fa728f1a17cf1c2126271a5eebf29f5b0de8115a62137ea013ed2e0e866abd90,3f709480198fac461d561accf519dae8a926fc0f9e68c62be6232524375c0b2c,Tomato___Septoria_leaf_spot/a5fbb8cc-d5e7-47b5-bd95-b1e93e397a97___Matt.S_CG 7486.JPG,Tomato___Septoria_leaf_spot/1a02cfc4-375a-4be1-82a6-fa7ec5117ced___Matt.S_CG 6049.JPG,Tomato___Septoria_leaf_spot,Tomato___Septoria_leaf_spot,test,train,8,True
fa7f825fff666d3940aa4767313af1366249f4ea0465ab0132b336bc9a6b897b,4e73f7e7e6794a528fd61898b724e7374a156851978539a3baa5dc3d15562107,Tomato___Target_Spot/63816259-0857-4977-82f0-5d400bb7a7c3___Com.G_TgS_FL 8215.JPG,Tomato___Target_Spot/c820113d-4e8a-46d2-bd86-2504147a0d0d___Com.G_TgS_FL 8026.JPG,Tomato___Target_Spot,Tomato___Target_Spot,test,val,8,True
fb007c7c60be886d38b5ddf7197c1aa18ca255667b428ec642f01a6f1ea432b5,71a72052ceefc200d9f4863bab22f8f8bcf18acde0d77f540132679fd8fb8523,Tomato___Bacterial_spot/d619a692-5746-4824-b134-982656e61633___GCREC_Bact.Sp 5593.JPG,Tomato___Bacterial_spot/29f59b9e-c2b2-4c1e-8588-2025546f206c___GCREC_Bact.Sp 3534.JPG,Tomato___Bacterial_spot,Tomato___Bacterial_spot,train,val,8,True
fb00f89bba06c088cf3c19259fbd00c37e6e5539ac8f9cee2f770b43db39fe57,566bc8991e153a9ee4f60b2c590ad2ffc0b9e7fc96c1a363768eed222d68e9a8,Tomato___healthy/10716d69-324b-4423-9e1e-b09559babb89___GH_HL Leaf 267.1.JPG,Tomato___healthy/5576cac9-71e4-4ec3-96bd-9b5cfa94fef4___GH_HL Leaf 267.JPG,Tomato___healthy,Tomato___healthy,train,val,8,True
fb6176f236b1ae8fff9aef6bf7b04fec3df94181ec5bfbb70074435655193025,fd03769959244f90dbb4f0a34be5d32cd4ae8467818a315f45e9ba1a8849fea5,Tomato___Tomato_Yellow_Leaf_Curl_Virus/5180874e-8e5d-4767-9598-134ac0f56747___UF.GRC_YLCV_Lab 02992.JPG,Tomato___Tomato_Yellow_Leaf_Curl_Virus/02d5be6b-eafd-4063-9ba5-4a01901bce82___UF.GRC_YLCV_Lab 03004.JPG,Tomato___Tomato_Yellow_Leaf_Curl_Virus,Tomato___Tomato_Yellow_Leaf_Curl_Virus,test,train,8,True
fb6296a1623563f4261fed31a4917cf08988b18642b1bbc6eead08f62460a991,f289fe0cab4ab177ef6cf1a4bdf0f695ddb32042c4d12f5b662c3bbf659b65be,Tomato___Spider_mites Two-spotted_spider_mite/b5e746c6-be90-40f9-adf5-941b7b1f050b___Com.G_SpM_FL 8702.JPG,Tomato___Tomato_Yellow_Leaf_Curl_Virus/7ca59adf-902b-4c6f-914d-e1ead426c8ab___YLCV_GCREC 5171.JPG,Tomato___Spider_mites Two-spotted_spider_mite,Tomato___Tomato_Yellow_Leaf_Curl_Virus,train,val,8,True
fbd9a4a357704f8b708785b8927fc053c2744d5714afca326613205abb1f1041,2839bb03ff0b0678548e61737fc8482e1ce156fcefd3be6395926c34f7814a49,Tomato___Bacterial_spot/3f34a2bd-b608-43dc-8608-2827ab8d5c6a___GCREC_Bact.Sp 6372.JPG,Tomato___Bacterial_spot/d8a64b79-e21e-4158-9d9d-47bd6e44fba0___GCREC_Bact.Sp 3594.JPG,Tomato___Bacterial_spot,Tomato___Bacterial_spot,train,val,8,True
fc213f5a1aad7546459c58f5c6daa8db67a3fa0b0f568a44424416f0b7ebd6e6,e8404857080cc2ede4001c6451eee1de288a11d5f20152cec583dfa04a491c07,Tomato___Tomato_Yellow_Leaf_Curl_Virus/a52c2fa4-ea36-4dd1-ae54-535747d2c3cc___UF.GRC_YLCV_Lab 02115.JPG,Tomato___Tomato_Yellow_Leaf_Curl_Virus/de18b33c-5efe-4b8f-89f0-d7a280898cfe___UF.GRC_YLCV_Lab 02121.JPG,Tomato___Tomato_Yellow_Leaf_Curl_Virus,Tomato___Tomato_Yellow_Leaf_Curl_Virus,train,val,8,True
fc2cb21d7697455434eded4b17be08e8f91f722992c14b1207a7e2cdad0f3be4,f304a390d71a0b902488136c59e74e7fc8d2f44de6d59f13edafea2d69c6cf60,Tomato___Bacterial_spot/a2e2a626-aafb-4383-8fa8-cc4d2071348a___GCREC_Bact.Sp 3125.JPG,Tomato___Bacterial_spot/c0937468-f1fc-4c71-b0e9-f7ab93d28650___GCREC_Bact.Sp 3469.JPG,Tomato___Bacterial_spot,Tomato___Bacterial_spot,test,train,8,True
fd048fb0d5434daf5529bc4b19724878bec041fefad64cd3abb7e28537a9e451,9ae186b374bb7af7ba77fa0c42ca3b0c6da0e699398d50cfb830c8f72ed42eda,Tomato___Tomato_Yellow_Leaf_Curl_Virus/d1103cac-dfe3-41d1-9335-0e5a84c19bdb___UF.GRC_YLCV_Lab 01375.JPG,Tomato___Bacterial_spot/3fb742ed-4a71-47d2-9c40-60768bc01cd4___GCREC_Bact.Sp 5977.JPG,Tomato___Tomato_Yellow_Leaf_Curl_Virus,Tomato___Bacterial_spot,train,val,8,True
fd2207b1a0f32e4a0ccfa7a81967c1eb1f9fbefe1eef65fb0b8f2189f49762c7,f4864a7afba7656b07f3e2ff088becdcc6a1e519cbf184c8050ab5178f02d495,Tomato___Tomato_Yellow_Leaf_Curl_Virus/b27e4071-2c3c-4e7d-bbf0-ba531f44b62d___UF.GRC_YLCV_Lab 02301.JPG,Tomato___Tomato_Yellow_Leaf_Curl_Virus/c987ee2a-8b0f-43a8-adf9-31d270dd83fd___UF.GRC_YLCV_Lab 08436.JPG,Tomato___Tomato_Yellow_Leaf_Curl_Virus,Tomato___Tomato_Yellow_Leaf_Curl_Virus,test,train,8,True
fd4501ad53163f6f0a86caaac8d3c3fdec98e322bfc94f9392020cd95492ba87,ca73400749804b7d0fe42961ec67871723145514e8c956e95c6e3e477e756966,Tomato___Septoria_leaf_spot/d2418bf8-8dfb-4a48-b3df-0f1acf515dfd___Matt.S_CG 7455.JPG,Tomato___Early_blight/b7ca5e36-608f-4441-9549-88b011e7088a___RS_Erly.B 7753.JPG,Tomato___Septoria_leaf_spot,Tomato___Early_blight,train,val,8,True
fd4f9610e948809d8f2b9dfd36bc8d13f47b319a7962b6cb481413581d6e90c2,dea825eee23b020a71e112d34daa12e4b0e1f672d6e3fe7c0ac6c19c90fea01f,Tomato___Tomato_Yellow_Leaf_Curl_Virus/f303696a-4ee0-41ab-803d-647edb08d6f9___UF.GRC_YLCV_Lab 01525.JPG,Tomato___Tomato_Yellow_Leaf_Curl_Virus/d2be9006-5f93-4260-9693-fe3beecbbcbf___UF.GRC_YLCV_Lab 01526.JPG,Tomato___Tomato_Yellow_Leaf_Curl_Virus,Tomato___Tomato_Yellow_Leaf_Curl_Virus,train,val,8,True
fd991e42d5c543bdbfe1d69a7d5bad04903bdb39c6a9095d1ee3d39761dc5ab4,cb06ac36b2f96cd8fd192bf93a5a60c41c1c35ea0d1edcf3d9f4ad3cd35c5bdf,Tomato___Tomato_Yellow_Leaf_Curl_Virus/cf6b1631-2e64-492c-ae12-60cdea9f205b___UF.GRC_YLCV_Lab 02582.JPG,Tomato___Tomato_Yellow_Leaf_Curl_Virus/da32e60b-9523-4a19-90c9-eeb088730229___UF.GRC_YLCV_Lab 02583.JPG,Tomato___Tomato_Yellow_Leaf_Curl_Virus,Tomato___Tomato_Yellow_Leaf_Curl_Virus,train,val,8,True
fe46cbff2901b18ee3ed8fab5b499bcd6fbd6602d9c4771fe3184f833d9d6715,064cd82319e45315319381ee5943d1d3581a971914b7a8d3cbbd237399f29af4,Tomato___Spider_mites Two-spotted_spider_mite/7a08fe90-da9a-41a0-99f0-5952625a83bb___Com.G_SpM_FL 1371.JPG,Tomato___healthy/27ed6a35-3fb7-4d57-9cb4-b368c1f4f6eb___RS_HL 9665.JPG,Tomato___Spider_mites Two-spotted_spider_mite,Tomato___healthy,train,val,8,True
fe47932cf2344abd3b88dcf3bcb753035bf82add79717e3eebe8ffdbc847c27c,5f74feec6bbd2499e8073c7af3b1cf7ff5a5926522a73bc2757a2ee97fef75f8,Tomato___Early_blight/0f111718-a749-42cf-9495-412f4b51acf0___RS_Erly.B 7482.JPG,Tomato___Bacterial_spot/841ea726-5c4a-4447-9f56-0eda38f002d2___GCREC_Bact.Sp 3388.JPG,Tomato___Early_blight,Tomato___Bacterial_spot,train,val,8,True
fe4e1e1481e340883d06d94d7d3359dc16360cc81e5bfbb3c61ed24952e26032,74823f6113506669f0f961b3c4ad35a2fbda92f74686c011c01067a8e4fe26e6,Tomato___Tomato_Yellow_Leaf_Curl_Virus/8d93be4a-a6c6-467e-a03b-fd60a7bb208b___UF.GRC_YLCV_Lab 02368.JPG,Tomato___Tomato_Yellow_Leaf_Curl_Virus/aa164b32-92ec-44f3-b94a-8bf4f2ea0a87___UF.GRC_YLCV_Lab 02369.JPG,Tomato___Tomato_Yellow_Leaf_Curl_Virus,Tomato___Tomato_Yellow_Leaf_Curl_Virus,test,train,8,True
fe4e1e1481e340883d06d94d7d3359dc16360cc81e5bfbb3c61ed24952e26032,7ed27ae2decc63b00f5c23f64cce5b807753f52e75a5215a0d2b1b8925aae5f9,Tomato___Tomato_Yellow_Leaf_Curl_Virus/8d93be4a-a6c6-467e-a03b-fd60a7bb208b___UF.GRC_YLCV_Lab 02368.JPG,Tomato___Tomato_Yellow_Leaf_Curl_Virus/2309638c-11d7-4232-b0e5-521cfad299f8___UF.GRC_YLCV_Lab 02366.JPG,Tomato___Tomato_Yellow_Leaf_Curl_Virus,Tomato___Tomato_Yellow_Leaf_Curl_Virus,test,train,8,True
fe9119f89259f64ab702f78108096ba166697e5382364cd3b774f29859b0018d,e01dcaa561ec1208ee7f9fa2b84007f7c99928da3577c87626ffd66ab8c6cbae,Tomato___healthy/bb7e22d2-f187-4358-a78a-0ea71ecfadcb___RS_HL 9818.JPG,Tomato___Bacterial_spot/40889410-0558-4ac6-a92c-7b715a603329___GCREC_Bact.Sp 3847.JPG,Tomato___healthy,Tomato___Bacterial_spot,train,val,8,True
ff1bed41d891eda19fad63822790b5a90f0377703525048108798609c61da65a,abf46e62d19c92e84f963327241fa71dec26ae1a9005c2be278f80e7b609ba3e,Tomato___Spider_mites Two-spotted_spider_mite/82306885-f863-4d0c-983b-9c479a0ff83f___Com.G_SpM_FL 9478.JPG,Tomato___Spider_mites Two-spotted_spider_mite/20dcc445-3179-4092-8083-0c55be8e9579___Com.G_SpM_FL 1698.JPG,Tomato___Spider_mites Two-spotted_spider_mite,Tomato___Spider_mites Two-spotted_spider_mite,test,train,8,True
ffa6325bb63b414f096dcd650b2b769f8c164ec4f0b17f0279605b3e5b3762f2,d247ba8907aaa5c6eb626d563255555aaf4d03e2295a5e75048d04f387d7901b,Tomato___Early_blight/240300f1-a601-4363-84e8-670af8a124a1___RS_Erly.B 7762.JPG,Tomato___healthy/2d66100e-9a61-412b-95da-2b852de7a447___RS_HL 9950.JPG,Tomato___Early_blight,Tomato___healthy,test,train,8,True
