left_image_id,right_image_id,left_image_path,right_image_path,left_class_name,right_class_name,left_split,right_split,hamming_distance,cross_split
2885690cb16fa2f1a657815444a1e5c27179a48cc0254dabcdf5f04d005b62c1,5eb5fefb4304fcb765c976184e5332f02a1f0c5bf3cc8cdbfa24b6a067df8653,Tomato___healthy/37aad83b-7ff8-4b35-b3ed-fb8e0f54910b___GH_HL Leaf 342.1.JPG,Tomato___healthy/e786ac89-29fe-47e3-b49e-b9a9ee7edd9d___GH_HL Leaf 342.1.JPG,Tomato___healthy,Tomato___healthy,test,test,0,False
82e758b3823b3c138bbf04d5e12db51c4c6875c5cadfe4294d7ea690c7c0cc9f,a2e742174c6ced7c63bdb08d09f3739b71e865c61e278af8db6ee903e402ad10,Tomato___healthy/37203047-d8ba-43f7-b31e-d496c41c569c___GH_HL Leaf 389.JPG,Tomato___healthy/505465db-407b-4e0a-8110-7479dad5261c___GH_HL Leaf 389.JPG,Tomato___healthy,Tomato___healthy,train,train,0,False
84e62af2a363a6a3d39953e3a3d0650e62b477424e85b08c487843030cf714a4,cfb1ce904a2b88318fafedfa7f50bb0105c447c3cbf777d756cd88f8e4b77ba3,Tomato___Late_blight/1a69b38b-c4eb-42c4-9584-bcb14fb8db0c___GHLB2 Leaf 9011.JPG,Tomato___Late_blight/2c47b891-3c97-48f1-a2cc-5aa53d3a1148___GHLB2 Leaf 9011.JPG,Tomato___Late_blight,Tomato___Late_blight,train,train,0,False
9d0201c0b16f4541bef0d143ff80fba3adac7a4bb959a0449f0046d7fc382c00,d8ecec36c864bfc819ae726e9009827603ed18e87a4bfcf101e6e88f17d25e6d,Tomato___Late_blight/5f21282c-e2ef-4c4a-ace1-b5701fe7effc___GHLB2 Leaf 8999.JPG,Tomato___Late_blight/e5d707cd-077c-43af-bda9-6138e516ff51___GHLB2 Leaf 8999.JPG,Tomato___Late_blight,Tomato___Late_blight,test,test,0,False
a0ce4dcf669c0dbbcb07197b00f6f10d86c2652214b57df4a746caf303b5e460,c90d8aaf1a3f99e338bfc52285b5e0178598e7a869e2118be7a16f2f50df3ec8,Tomato___healthy/488feb1c-4b9f-44e7-8aa6-4103a9601f5f___GH_HL Leaf 434.JPG,Tomato___healthy/a5de43e7-fc2f-4a14-a8e6-c0f2f94c84f1___GH_HL Leaf 434.JPG,Tomato___healthy,Tomato___healthy,train,train,0,False
a84a312904ee8d54d542886cf9ec1852f0b69c94e1d4703654f7af98495bbdec,843350f38b386745d72bbfcba88f5886f6af7c5f54fbd8014888c638b86f0046,Tomato___Late_blight/48c55974-9fe9-4f4b-94f7-c8cd127d1e05___GHLB_PS Leaf 23.7 Day 13.jpg,Tomato___Late_blight/bd4f09bd-ee85-4ab1-bce0-8cde3fdd7f1b___GHLB_PS Leaf 23.7 Day 13.jpg,Tomato___Late_blight,Tomato___Late_blight,train,train,0,False
ab97cf297c9559dd0257d4fd8ade540bd6456908c5cb908d1351661f59e5c21d,43fe2c73f503b4c23c13aefe040ce150cae59773c92d4d4cb2ba1c1b01e4f375,Tomato___Late_blight/861d8b00-57a4-46b0-b51a-09d102dbe119___GHLB_PS Leaf 24 Day 13.jpg,Tomato___Late_blight/d82b634e-9a19-497b-b698-aaf100d622a1___GHLB_PS Leaf 24 Day 13.jpg,Tomato___Late_blight,Tomato___Late_blight,train,train,0,False
bb39273b1aa83ebf11454e150cb11ed01b76278b3cd24386b161856af7fd388e,084bf11f54cdeadd5fd0b64052c4d614ee28ada74c4e956cf9c4a09a3a548255,Tomato___healthy/1af0bfe1-4bcf-4b8b-be66-5d0953eb647e___GH_HL Leaf 482.2.JPG,Tomato___healthy/cfd491d6-4af5-4728-8f0e-0d330a07174a___GH_HL Leaf 482.2.JPG,Tomato___healthy,Tomato___healthy,train,train,0,False
c359210772ebca519701267e6c02aebfe22058c3b27ee0853709f4ec9325b7cc,f20ce9773a6476a57cba57115be5a3140c50cac69a9e2791853364656bd128f2,Tomato___Late_blight/3fae9c64-18f0-4a67-9f97-554248bb1bed___GHLB_PS Leaf 24 Day 16.jpg,Tomato___Late_blight/5de6da85-f8c4-48c4-b463-3e6bd78884cc___GHLB_PS Leaf 24 Day 16.jpg,Tomato___Late_blight,Tomato___Late_blight,test,test,0,False
c4d44872a5eca315cd81c1df19583fe5a7dfa7aec5108ccc9f415353cfeaf7a7,9c39cb11434ab1116af27945befb3c5d6bbd1fbb1c9414dd239b1d8903cfb563,Tomato___Late_blight/5688ea99-c949-41d0-bbab-9cbf0ffb8bcd___GHLB2 Leaf 8677.JPG,Tomato___Late_blight/e20107e7-137f-400e-817f-5dc4c58e5d70___GHLB2 Leaf 8677.JPG,Tomato___Late_blight,Tomato___Late_blight,train,train,0,False
dd317bb859a953ebdd9bc70e7ed7617f9b28262feeb1c100e3a9710c5aad7d90,99ccf0f55edf977e167ca2e78dd13750e770320f5e7b0e844ce3e03d418e64c0,Tomato___healthy/068e324c-faf6-40d6-8f83-578907f1cac5___GH_HL Leaf 466.1.JPG,Tomato___healthy/34c81c57-e1fa-49dd-a49d-34fe8b2385fe___GH_HL Leaf 466.1.JPG,Tomato___healthy,Tomato___healthy,train,train,0,False
ddd2aea9a7041e264100f3de319b1269b17825108f56b844a1bf914a62b83219,99c1ace6b8c7641f454c8e920293959f49ab12177c9997ee27effc165833fe70,Tomato___Late_blight/d6e6897a-5083-4914-9903-804c5684a956___GHLB2 Leaf 102.JPG,Tomato___Late_blight/d81682aa-746b-4e07-af2b-52ebb6f4c017___GHLB2 Leaf 102.JPG,Tomato___Late_blight,Tomato___Late_blight,val,val,0,False
ee1ac0d2c16c3ab89ef585b1dda381a93b8538b3abcf979a8cd2926ec8076a72,ceb59ae9d42929ef0fc032b9d0ced007e262162f8de85a485e6fd9869bedfd4f,Tomato___Late_blight/98586693-fe1f-4ea0-8e27-4501b61cf09b___GHLB_PS Leaf 23.5 Day 13.jpg,Tomato___Late_blight/c1775bad-7c02-41fb-bb7d-f8df91d60ac3___GHLB_PS Leaf 23.5 Day 13.jpg,Tomato___Late_blight,Tomato___Late_blight,train,train,0,False
f1f143aa8e95cb9a253ddf0fc19fe1d532d2616dad680d353162fb346be8cd7b,3e6fb5ffbbad4348192bd2d832b86fe1f6fd8827752abb544bc8d64b7d00991e,Tomato___healthy/9662364c-aaba-45e3-b907-10792d60578c___GH_HL Leaf 220.JPG,Tomato___healthy/d2ce7896-6fa4-45e6-96c5-d162da0e3e1c___GH_HL Leaf 220.JPG,Tomato___healthy,Tomato___healthy,test,test,0,False
5311aa8d19cec2db095b0120df4e5f77ad6fc335204365bbdab0b48a314d238f,2da2d6bd32e1f30ff7bef0047d4d4a9c67f2137759686a30525d77ee227af23e,Tomato___healthy/ad8359a4-48b9-4469-a012-ed9b220de38e___GH_HL Leaf 285.1.JPG,Tomato___healthy/fd2fa9cc-2147-40ff-9e71-0056eb7884ed___GH_HL Leaf 285.JPG,Tomato___healthy,Tomato___healthy,train,train,2,False
58b81c93e7433717102d5b9290898b8490ac7660816d32b576de097691a307af,d1e7b64206e31a9a356fd181774cc69eadc9f969f1439fec372632ee8e7cb3b7,Tomato___Tomato_Yellow_Leaf_Curl_Virus/43aae6d1-40ae-42f4-8b71-ae9351683a90___UF.GRC_YLCV_Lab 02661.JPG,Tomato___Tomato_Yellow_Leaf_Curl_Virus/ea824bff-58c4-402e-936c-70bc49912701___UF.GRC_YLCV_Lab 02667.JPG,Tomato___Tomato_Yellow_Leaf_Curl_Virus,Tomato___Tomato_Yellow_Leaf_Curl_Virus,train,train,2,False
82b85062d2103f192fc301bb31ce586a53d198546cfe4a84e2bba726e4f1ccc7,bcc1087f1e34b8dbad24e44ee969456502be09cd4aa415ff06e011e6e7b57237,Tomato___Spider_mites Two-spotted_spider_mite/a75666ed-91d1-4f47-bcf2-554c8a5a3fd5___Com.G_SpM_FL 9551.JPG,Tomato___Spider_mites Two-spotted_spider_mite/f7b7b4c8-1420-4ffe-ba64-97be026edeb4___Com.G_SpM_FL 8978.JPG,Tomato___Spider_mites Two-spotted_spider_mite,Tomato___Spider_mites Two-spotted_spider_mite,train,train,2,False
84b81f288e6d1569e272c0dcad4357d7c18dae70b7f5526a1a3a52d00011a543,6130044a770d1e6fe745d6155fd89ffc03bd9d55042e01bf5e7bd62d966f36ca,Tomato___Tomato_Yellow_Leaf_Curl_Virus/76762a24-0c95-40b2-b861-fc743293fb7d___UF.GRC_YLCV_Lab 02094.JPG,Tomato___Tomato_Yellow_Leaf_Curl_Virus/8e2f397f-3ebe-4b51-964b-e5d5372e0a8b___UF.GRC_YLCV_Lab 02095.JPG,Tomato___Tomato_Yellow_Leaf_Curl_Virus,Tomato___Tomato_Yellow_Leaf_Curl_Virus,test,val,2,True
c258a66888b68e024e960450fd5ce37fb4b3681aaddbe530035e30d0c66d312f,4e20ecb6663a3d8b3376756e036a629baecb9550288f79064e71395b2d918ba7,Tomato___Tomato_Yellow_Leaf_Curl_Virus/55d128be-cc38-4493-ac46-16b931b41664___UF.GRC_YLCV_Lab 02542.JPG,Tomato___Tomato_Yellow_Leaf_Curl_Virus/ffb119bc-8d09-4f83-b1c5-483599a93d03___UF.GRC_YLCV_Lab 02541.JPG,Tomato___Tomato_Yellow_Leaf_Curl_Virus,Tomato___Tomato_Yellow_Leaf_Curl_Virus,train,val,2,True
f1aca7b4c9d0657baf6dcaf290cbce5678dbca1d6510cdc8f2c4ca155609e788,5295096808eaf3d23ce55dcdf1340f74607aa5faa243bef9366e9321b33335ba,Tomato___Tomato_Yellow_Leaf_Curl_Virus/9836e208-f2b2-4713-b258-6faec4e0043a___UF.GRC_YLCV_Lab 01408.JPG,Tomato___Tomato_Yellow_Leaf_Curl_Virus/4ae45072-4db3-477d-9ace-9a08ce483d46___UF.GRC_YLCV_Lab 01407.JPG,Tomato___Tomato_Yellow_Leaf_Curl_Virus,Tomato___Tomato_Yellow_Leaf_Curl_Virus,test,val,2,True
f3982c9356bdcc468078b422ed4b10beae641cb6ee30c1c0f066241c4346b20f,cdcfd1f886165e62616cb2ada8dea542a73d4a699a220883803f596094ee4ea7,Tomato___Spider_mites Two-spotted_spider_mite/75c39e92-9f7a-4266-b6bb-56bb3cd48dcb___Com.G_SpM_FL 9523.JPG,Tomato___Spider_mites Two-spotted_spider_mite/82e7ae32-dee2-4e83-aeb3-aab7a4bdf04f___Com.G_SpM_FL 9263.JPG,Tomato___Spider_mites Two-spotted_spider_mite,Tomato___Spider_mites Two-spotted_spider_mite,train,train,2,False
f5b05def631c6f59b2e761b014bda04108deada7759325cef862db6aea7876c5,044ba684ca81ca13835181c3350a2d0a59ee76af2952bf7c53472a13a6bada30,Tomato___Tomato_Yellow_Leaf_Curl_Virus/19ead445-c37c-4a22-b3fb-02510e66b553___UF.GRC_YLCV_Lab 01388.JPG,Tomato___Tomato_Yellow_Leaf_Curl_Virus/b379ab04-3780-4283-b388-2a038b773d79___UF.GRC_YLCV_Lab 01389.JPG,Tomato___Tomato_Yellow_Leaf_Curl_Virus,Tomato___Tomato_Yellow_Leaf_Curl_Virus,train,train,2,False
04ea3e8608068f3f5dba1a6f0a6cea4978dcfcd8a624cab39315adeb755704fc,129f05ab72763286aa791e1598affe55f40489a15d5adae3f895d128d3629321,Tomato___Spider_mites Two-spotted_spider_mite/db678f0b-cd38-408c-9029-33296dcd568d___Com.G_SpM_FL 8522.JPG,Tomato___Target_Spot/1dcaf64c-19e6-4854-8d99-53c30dbefcef___Com.G_TgS_FL 0999.JPG,Tomato___Spider_mites Two-spotted_spider_mite,Tomato___Target_Spot,test,test,4,False
069f1f239f0f093b6bb77e458437a5d3e00e4938a615bdb023cd8327de73e11b,b9e194e009963c272d0092fcb24d42ff6c31092c5bd948aed6f3d8931c8d3236,Tomato___Tomato_Yellow_Leaf_Curl_Virus/b89e6dce-ebc9-4eac-a0f8-19e34657f6e1___UF.GRC_YLCV_Lab 02067.JPG,Tomato___Tomato_Yellow_Leaf_Curl_Virus/7bff3fb7-788d-414c-bf0e-92a5ce4a4757___UF.GRC_YLCV_Lab 02064.JPG,Tomato___Tomato_Yellow_Leaf_Curl_Virus,Tomato___Tomato_Yellow_Leaf_Curl_Virus,test,train,4,True
0857ab02b165651ce61c7c2b28dcd55638c97b5b1541cbd5fde5a0f2f125ed3b,aed6ddf169aeea49dde6bf25485d193d03dde026e904ee9a480a808516cc4264,Tomato___Tomato_Yellow_Leaf_Curl_Virus/be67f74f-648f-4ab8-9478-76be838649a8___UF.GRC_YLCV_Lab 03321.JPG,Tomato___Tomato_Yellow_Leaf_Curl_Virus/b9fee910-ba74-47a7-a83f-77d8db7391ea___UF.GRC_YLCV_Lab 03322.JPG,Tomato___Tomato_Yellow_Leaf_Curl_Virus,Tomato___Tomato_Yellow_Leaf_Curl_Virus,test,train,4,True
0abfd704514f45754d5afb4dd8230c7327f3514558ec4923f1b901db3eda4540,75d5409540d2524c1ecf1d6ae3a52a460f08430a866c58140b8b83f29f14579e,Tomato___Tomato_Yellow_Leaf_Curl_Virus/7c215f7a-4aaf-4461-a727-7e4777daa562___UF.GRC_YLCV_Lab 01624.JPG,Tomato___Tomato_Yellow_Leaf_Curl_Virus/2ed63cde-c59e-45df-a38b-ee87197908bb___UF.GRC_YLCV_Lab 01623.JPG,Tomato___Tomato_Yellow_Leaf_Curl_Virus,Tomato___Tomato_Yellow_Leaf_Curl_Virus,test,train,4,True
0b6edfd69c3f6787e66603081baae25b3a1f84559ecc33acc8ffa633ea9eb575,0d4f6c1b37f972f7cf6579f0009da8cddd28adb94876cd3395dc4e97d7f95c6d,Tomato___Tomato_Yellow_Leaf_Curl_Virus/79fa18a3-cf77-4211-b105-893ea4eb7498___UF.GRC_YLCV_Lab 02978.JPG,Tomato___Tomato_Yellow_Leaf_Curl_Virus/acb9169b-21bc-4b31-ba3c-a24909521156___UF.GRC_YLCV_Lab 02981.JPG,Tomato___Tomato_Yellow_Leaf_Curl_Virus,Tomato___Tomato_Yellow_Leaf_Curl_Virus,train,val,4,True
0ceb62c96906b3a57d5bd9bda82b3b32c630f3806cf5874d3ea86c24a84b3b61,d93943c05d6563092306c156b7e00f28baa1123ec6aa86e756676e30496b0e8f,Tomato___Bacterial_spot/2b1247ef-594a-4ada-9377-1f46af51859c___GCREC_Bact.Sp 3095.JPG,Tomato___Bacterial_spot/dfca025b-a6d9-431a-977e-4bd174daa3a1___GCREC_Bact.Sp 5948.JPG,Tomato___Bacterial_spot,Tomato___Bacterial_spot,test,val,4,True
0fc15603275d58a9069cb53cfe67fc1b5f30d9dfc78dea2fad69fa89f42d141c,b74d4f1c6c2b97505804b1954da32eca4f7e5759047c256c3a11f8edf601d332,Tomato___Spider_mites Two-spotted_spider_mite/497393f6-55bc-4e2b-b208-fa0f54ba8c92___Com.G_SpM_FL 1420.JPG,Tomato___Spider_mites Two-spotted_spider_mite/e33fa280-f5cc-404b-a205-36966e9ceb38___Com.G_SpM_FL 8950.JPG,Tomato___Spider_mites Two-spotted_spider_mite,Tomato___Spider_mites Two-spotted_spider_mite,train,val,4,True
12c6da522d320c69b82f78ff893e1e66bc7af309a6ef409374df64042df89a25,ac371c01d883f959ecc069ca2ddb322f3ec701633622d5f742509d01db54c38c,Tomato___Tomato_Yellow_Leaf_Curl_Virus/4bd2ccdd-172e-4314-bf8a-d04b6765b354___UF.GRC_YLCV_Lab 02469.JPG,Tomato___Tomato_Yellow_Leaf_Curl_Virus/b7b2732c-4481-4cbf-8dd0-8256642baf51___UF.GRC_YLCV_Lab 02455.JPG,Tomato___Tomato_Yellow_Leaf_Curl_Virus,Tomato___Tomato_Yellow_Leaf_Curl_Virus,train,train,4,False
16a9bd5c9f5ff4c8d42b5ef65f1c9b64a8d8ff1a05bdfe2f9461f3cdaa5cbb3b,ee280033db998bafea2ac6d4bc068f9e690a864f5b9a9fcedef1f294c8906420,Tomato___Bacterial_spot/741e2f09-1b62-42c2-b218-6504d57c0f27___GCREC_Bact.Sp 3302.JPG,Tomato___Bacterial_spot/e2286f6d-1e30-4528-ab51-84c18a16b7e1___GCREC_Bact.Sp 3503.JPG,Tomato___Bacterial_spot,Tomato___Bacterial_spot,train,train,4,False
16d4907c6da9750a239974de966e4deae60b02859106c7e3b579fe74f872a1af,f333cb690a276c8499537e7e25ce78fb3d2250b43ca9e417ca8db071547f223b,Tomato___Tomato_Yellow_Leaf_Curl_Virus/711f8839-09f1-4ca6-8681-57bba5be4b75___UF.GRC_YLCV_Lab 02646.JPG,Tomato___Tomato_Yellow_Leaf_Curl_Virus/9e962b25-a670-4e4c-bbf2-1adb5af08dfd___UF.GRC_YLCV_Lab 02648.JPG,Tomato___Tomato_Yellow_Leaf_Curl_Virus,Tomato___Tomato_Yellow_Leaf_Curl_Virus,train,train,4,False
202ad5fbad09ed284b1907814fb7e977c25117bcc1644ad567f89e645f8f3ac1,42c958f35c1c31a0929ca66e2162e268e3c1e4188653b6c42476741925e5ee4a,Tomato___Tomato_Yellow_Leaf_Curl_Virus/a05153d6-05c7-4271-bd9e-60cbfbc8f8c7___UF.GRC_YLCV_Lab 01556.JPG,Tomato___Tomato_Yellow_Leaf_Curl_Virus/d6e66120-a71c-4df3-b7b2-e31bbcd83118___UF.GRC_YLCV_Lab 01557.JPG,Tomato___Tomato_Yellow_Leaf_Curl_Virus,Tomato___Tomato_Yellow_Leaf_Curl_Virus,train,train,4,False
2a574f98f8db438fc6cd74e5e1d784d80c6bdf1e948be81841a0b3cbb3c44d52,e6ffde2d782b44289eb0c8515d38b9090303932e89eb8040dc4fd2e2e594b1f2,Tomato___healthy/2bd08574-9555-42a5-93b1-7fab8f9f8786___GH_HL Leaf 475.2.JPG,Tomato___healthy/5300bf32-485d-4978-9099-3175fb666da8___GH_HL Leaf 475.JPG,Tomato___healthy,Tomato___healthy,train,train,4,False
2cc0cb4fbcf7516911931393a59ac23a7d0650a1a329108a3a35fae4fd337c16,85c77a30da7558f59d24c760562fa8717b7706ec989387a10a67f6b15f67302e,Tomato___Bacterial_spot/29184f19-db21-475d-8032-a8b7c3a9c7f4___GCREC_Bact.Sp 5784.JPG,Tomato___Bacterial_spot/5c5dbca4-4322-4227-a543-6ff6f876a531___GCREC_Bact.Sp 5785.JPG,Tomato___Bacterial_spot,Tomato___Bacterial_spot,train,train,4,False
305d70a63809e7f0679e4fdaec769c3c831bbeb4d6145ddeae69d0d0f5df893a,1d22db26248225069c90dfa34823511f73f491969286a2943bc2859ea7203402,Tomato___Tomato_Yellow_Leaf_Curl_Virus/3661efa4-82dc-488c-bade-d11056803e75___UF.GRC_YLCV_Lab 01760.JPG,Tomato___Tomato_Yellow_Leaf_Curl_Virus/45f05974-1b81-455b-8264-539c45ca1f75___UF.GRC_YLCV_Lab 01761.JPG,Tomato___Tomato_Yellow_Leaf_Curl_Virus,Tomato___Tomato_Yellow_Leaf_Curl_Virus,train,train,4,False
353f85a4723d1dada01173be68a77773d6607846f1906d8fd1925236747d4943,7d5fa2630570e7c3c488ad4391afd9ac193b229fac9ecb041d1564810401ceaa,Tomato___Tomato_mosaic_virus/847307bc-58ab-45fc-8001-f1e07a38bc82___PSU_CG 2065.JPG,Tomato___Tomato_mosaic_virus/8e59061b-3802-4297-8724-a001efb95268___PSU_CG 2064.JPG,Tomato___Tomato_mosaic_virus,Tomato___Tomato_mosaic_virus,train,val,4,True
360b6e32e2aa53e3102cda75fb06ca6613187c79f1e5c303c15d5dc65f07e482,a2036cde8d4d9fc037080f8396cb432a4ba372acff41c00aaec3b6d4d8625583,Tomato___Tomato_Yellow_Leaf_Curl_Virus/6243f4bc-d40f-4cae-bca1-7ed1206c2d0e___UF.GRC_YLCV_Lab 02620.JPG,Tomato___Tomato_Yellow_Leaf_Curl_Virus/76538e40-4986-4f01-bfdd-bd3d4f0453f1___UF.GRC_YLCV_Lab 02621.JPG,Tomato___Tomato_Yellow_Leaf_Curl_Virus,Tomato___Tomato_Yellow_Leaf_Curl_Virus,test,test,4,False
3652332fe29cb939583106a12f7bf9ab2db7b2ba5d3175f025fd283834f01180,1c5596e9862a944c6e6e678f0a75435cd25edf0f690116ce59bf9be6c7c9ffae,Tomato___Tomato_Yellow_Leaf_Curl_Virus/adb5b398-73ef-481c-90da-62bad3128135___UF.GRC_YLCV_Lab 08481.JPG,Tomato___Tomato_Yellow_Leaf_Curl_Virus/e5b39e29-e605-41fe-98ea-ba1e47f062b8___UF.GRC_YLCV_Lab 08475.JPG,Tomato___Tomato_Yellow_Leaf_Curl_Virus,Tomato___Tomato_Yellow_Leaf_Curl_Virus,train,train,4,False
37e386be8dae515daa382b26fa33586d1b97bfea112acffd7838d937cb8d0e94,fcfb192c17940a489ab22e0e4aa95ec9b4625592a95c851da4ffc944bdcd3794,Tomato___healthy/9b5626b0-ea1d-45d0-bc41-c898f7253a75___GH_HL Leaf 315.2.JPG,Tomato___healthy/71967e69-6356-49c1-81ce-624792b4d964___GH_HL Leaf 315.1.JPG,Tomato___healthy,Tomato___healthy,train,val,4,True
3f615c7aa7d6782b78defb16cf9dbbdf7ce9b5d793e0529ed533932d9d8cf2f6,b7108ff83ea21db076ace41a27253cd35cf17ccbbaab4c739463eb8212ff780e,Tomato___Tomato_Yellow_Leaf_Curl_Virus/4c773e62-28a8-4f16-a71f-7cdb1c5751e5___UF.GRC_YLCV_Lab 01855.JPG,Tomato___Tomato_Yellow_Leaf_Curl_Virus/104fc95d-88f5-4f2e-a3ea-bfcba37f6b9f___UF.GRC_YLCV_Lab 01854.JPG,Tomato___Tomato_Yellow_Leaf_Curl_Virus,Tomato___Tomato_Yellow_Leaf_Curl_Virus,train,val,4,True
408f3d7ef711ee27c6a8e85d3fca38d2c82808ce1bc7ff3d4dc483cca6c84e43,b99b26b6a5de382439a6d5c2819943a6e395f312e2e98c1b83a13f29728e7a75,Tomato___Tomato_Yellow_Leaf_Curl_Virus/a6d9fce3-02d6-464c-bf8e-795b78dcc7e7___UF.GRC_YLCV_Lab 01667.JPG,Tomato___Tomato_Yellow_Leaf_Curl_Virus/86089870-b24b-4509-abc3-f6c50fd07e49___UF.GRC_YLCV_Lab 01677.JPG,Tomato___Tomato_Yellow_Leaf_Curl_Virus,Tomato___Tomato_Yellow_Leaf_Curl_Virus,test,train,4,True
4eb6aafaea6f51eb00f65674a74657c3e9ede9c5a29d87e9356d997437e7f4d3,3e2c64ed7e258abd9b8f9eab9d826f1921ec0b89b8629c4d28cdeb6933eb1e63,Tomato___Leaf_Mold/78cfaa28-9259-4225-8641-5dfaceab2118___Crnl_L.Mold 6690.JPG,Tomato___Leaf_Mold/76e5026d-dc54-4129-8250-573317cc91da___Crnl_L.Mold 6700.JPG,Tomato___Leaf_Mold,Tomato___Leaf_Mold,test,train,4,True
61cb3ad6e22dab369d99569d01bf6accf38ae74b44e707650dbd4cca7d1352e7,ab0c4fc39d4a806abe8fc03d3bba91873ca58b86075f43cb4620a8804896fd5a,Tomato___Bacterial_spot/196be0af-51c3-4587-bd91-9a606631d4f3___GCREC_Bact.Sp 3453.JPG,Tomato___Bacterial_spot/6d746b6c-52f8-4831-b541-c74d0984c130___GCREC_Bact.Sp 3169.JPG,Tomato___Bacterial_spot,Tomato___Bacterial_spot,train,train,4,False
633213fdc2c975c6a3def83f23c9a28c6f92241fd3c65ac1a8ccc372bca6ad0e,54545a105c6df9efab21a8ef5f8bc242e43b0c7231f4d05f598b3d6a2b9f6302,Tomato___Spider_mites Two-spotted_spider_mite/646aa524-ba89-4228-bd91-16d693ff1283___Com.G_SpM_FL 8835.JPG,Tomato___Septoria_leaf_spot/648d66b5-7f12-4baa-beba-4938ede59013___JR_Sept.L.S 2625.JPG,Tomato___Spider_mites Two-spotted_spider_mite,Tomato___Septoria_leaf_spot,train,val,4,True
6539167928ce10b13fc98f47473be4c612f8ffefe58fc1e3d25a8ca3cd3b8d0d,143314d558c6c58b90d7f1affa306eb10ea1368fd4102d446610ffc4546fbb54,Tomato___Tomato_Yellow_Leaf_Curl_Virus/68f8c73f-8682-424b-bb43-9d505c64423f___UF.GRC_YLCV_Lab 08438.JPG,Tomato___Tomato_Yellow_Leaf_Curl_Virus/8a92e970-1eb5-43f1-852e-2778ddde1503___UF.GRC_YLCV_Lab 08437.JPG,Tomato___Tomato_Yellow_Leaf_Curl_Virus,Tomato___Tomato_Yellow_Leaf_Curl_Virus,train,train,4,False
6c034f9a217573c2ecaeba36022e9ad2736db1b4878f23791023ea768862adac,86879566ed80d7b15c082936c1617b47dcf195aacbd34befa26a7a90616dd59c,Tomato___Tomato_Yellow_Leaf_Curl_Virus/41aad915-6a72-497f-bb47-3d73d5c2c4cf___UF.GRC_YLCV_Lab 01934.JPG,Tomato___Tomato_Yellow_Leaf_Curl_Virus/a9171c0c-e224-4f8b-b84f-1caba2c3c989___UF.GRC_YLCV_Lab 01935.JPG,Tomato___Tomato_Yellow_Leaf_Curl_Virus,Tomato___Tomato_Yellow_Leaf_Curl_Virus,train,train,4,False
71c4c4607aab4ec6d6555f0bcfdabd27b7b78de60e6dcd072d9d535131c42641,d944beb83d4f9a926099a3151f82fe6d5007671a792be475cf17123638478225,Tomato___healthy/84991306-21f6-41fb-a723-0c7ba1dac9d3___GH_HL Leaf 199.JPG,Tomato___healthy/0c4b06d5-4053-44fc-99b6-504934fdd3a9___GH_HL Leaf 199.1.JPG,Tomato___healthy,Tomato___healthy,test,train,4,True
74cf565c5d02d1289e6b9779ddb9bd1dfb59327295956767f7e4f25ca9ad295d,e15e3eafde8095f109f41a6218dbc35bd8fc336492c2aed8dbb43250a2962d80,Tomato___Leaf_Mold/fcfc6758-32cd-4e18-8d56-e3ffde988921___Crnl_L.Mold 6591.JPG,Tomato___Spider_mites Two-spotted_spider_mite/20f78207-e650-4e62-8648-f660f5f1eea9___Com.G_SpM_FL 9340.JPG,Tomato___Leaf_Mold,Tomato___Spider_mites Two-spotted_spider_mite,train,train,4,False
7a2d41da737e2f95fe0a8bbf1fa71a4dd83fb1081845f5a4eced78cba135da50,fbe31f1c28253c17d75b28a8eafb17e1a4733058ef06997e7cc0321b77fb5fa9,Tomato___Tomato_Yellow_Leaf_Curl_Virus/8ae297ec-545c-467f-89f2-910b293fb9d0___UF.GRC_YLCV_Lab 01567.JPG,Tomato___Tomato_Yellow_Leaf_Curl_Virus/977a0667-709d-487f-8a93-7307452ee661___UF.GRC_YLCV_Lab 01566.JPG,Tomato___Tomato_Yellow_Leaf_Curl_Virus,Tomato___Tomato_Yellow_Leaf_Curl_Virus,train,train,4,False
8998223b3de713793117736365eb224e94bd70b1f74e5df141ee59e36a21707e,ab14c0634ace5ce3f7a25e74952ccd2080272b8318db3fb9eecaec4d4990bd61,Tomato___Tomato_Yellow_Leaf_Curl_Virus/aa8abfe6-a4c1-48f9-9349-959bb9fdd830___UF.GRC_YLCV_Lab 01492.JPG,Tomato___Tomato_Yellow_Leaf_Curl_Virus/cbf86900-e987-4675-b7a3-23802305f415___UF.GRC_YLCV_Lab 01493.JPG,Tomato___Tomato_Yellow_Leaf_Curl_Virus,Tomato___Tomato_Yellow_Leaf_Curl_Virus,train,val,4,True
a9e2e376c83f74e7b9dee1411826658f28d6132af1f34495020d0cd6ba8d2834,7053360b2794d8c2a9fbcf7fcd5b21daed9469853e8a5b2ab97a4e04ddaca7ac,Tomato___healthy/0b330273-890c-4995-af72-cba070fc0061___GH_HL Leaf 312.JPG,Tomato___healthy/240a9583-9e6a-446d-8850-62bc23312ce9___GH_HL Leaf 312.4.JPG,Tomato___healthy,Tomato___healthy,test,train,4,True
b35c6f2ed5c13b32d4c8ffb76da41b6f37b5d50a490a2d488962f96bb92bb374,760b9a33426f91a5d89851982ea86eb7535a5101bc23755697372f1e71d20e9a,Tomato___healthy/a7c3088b-6aeb-4e8c-97dd-4661a4cacc38___GH_HL Leaf 186.JPG,Tomato___healthy/5015e0d2-a6e3-4859-aceb-78089d1b60f7___GH_HL Leaf 186.2.JPG,Tomato___healthy,Tomato___healthy,train,val,4,True
bd9754051f042b376a49797f4bc02da967892f32bccf4352210cb27038e58083,3757d9b11b838a49bd5315aebeb4a4f34d7304c350d4b577d8d40d3b7ba120a5,Tomato___Bacterial_spot/611c6fa8-d805-4956-a786-2a4522c59f71___GCREC_Bact.Sp 5616.JPG,Tomato___Bacterial_spot/efd6193d-7d5b-4207-999d-2aeb08cd64e2___GCREC_Bact.Sp 5739.JPG,Tomato___Bacterial_spot,Tomato___Bacterial_spot,test,train,4,True
c9eefb5fcd1f6d0b82dd4a156d97593a34905890e11ed1f71d378747a541ba59,0d4f6c1b37f972f7cf6579f0009da8cddd28adb94876cd3395dc4e97d7f95c6d,Tomato___Tomato_Yellow_Leaf_Curl_Virus/02cb40d6-550a-42fb-99ce-247e4406a322___UF.GRC_YLCV_Lab 02991.JPG,Tomato___Tomato_Yellow_Leaf_Curl_Virus/acb9169b-21bc-4b31-ba3c-a24909521156___UF.GRC_YLCV_Lab 02981.JPG,Tomato___Tomato_Yellow_Leaf_Curl_Virus,Tomato___Tomato_Yellow_Leaf_Curl_Virus,train,val,4,True
cbe63ed98e43f5bdbaa3bc8d9e00e0daf712a402c300cbbcea84ba9f20b5cea9,ff0a958564a3d9d2fa0b4b79ac4d660fbd4c18a4844b75c6b8f6653b6ab9c8a7,Tomato___Tomato_Yellow_Leaf_Curl_Virus/21a4dee8-257f-48ea-90d2-0d2402b1a88a___UF.GRC_YLCV_Lab 01524.JPG,Tomato___Tomato_Yellow_Leaf_Curl_Virus/03fa456e-aa89-409f-a18c-42566f4b2882___UF.GRC_YLCV_Lab 01528.JPG,Tomato___Tomato_Yellow_Leaf_Curl_Virus,Tomato___Tomato_Yellow_Leaf_Curl_Virus,test,train,4,True
d5678d79c67edac9891cbb8bc7c22df4e5828ffb07bd04206f56700f9321ae39,af35bfe325a2459ee25de14241b8f48733d2ebb4f2055629e0d3237fc43114ce,Tomato___Tomato_Yellow_Leaf_Curl_Virus/38df156b-eafd-4610-9649-67c51d016a13___UF.GRC_YLCV_Lab 01776.JPG,Tomato___Tomato_Yellow_Leaf_Curl_Virus/af67ecf5-473c-499e-9488-e0d349f90e9b___UF.GRC_YLCV_Lab 01777.JPG,Tomato___Tomato_Yellow_Leaf_Curl_Virus,Tomato___Tomato_Yellow_Leaf_Curl_Virus,train,train,4,False
d86df5026797fdd5ec63bc13a9b7298ddd75037afd252fcd3d54fc9aa438e683,9420cc1bab3684a9b021fd83d95d957b34a4f55c97c336dddb4825ec1e60ba6d,Tomato___Spider_mites Two-spotted_spider_mite/e0837534-7480-4ba7-8f04-34f232f76008___Com.G_SpM_FL 8565.JPG,Tomato___Spider_mites Two-spotted_spider_mite/45d0aca4-ce49-43cb-af35-99ac8d283930___Com.G_SpM_FL 1459.JPG,Tomato___Spider_mites Two-spotted_spider_mite,Tomato___Spider_mites Two-spotted_spider_mite,train,val,4,True
dd901da0ab1e18c9147f8604fc532660ce58202c125dcbc198c075a9e8cfcf0b,514450f7d562cc4284cc56b8d9a78b225c4569b41b2626a7cf2c6a5d78095875,Tomato___Bacterial_spot/5d1f3889-f029-4ebd-834d-9e39d775b070___GCREC_Bact.Sp 5996.JPG,Tomato___Tomato_Yellow_Leaf_Curl_Virus/6c74c99f-0377-4870-ac98-c1ad619d8a7a___YLCV_GCREC 2623.JPG,Tomato___Bacterial_spot,Tomato___Tomato_Yellow_Leaf_Curl_Virus,train,val,4,True
efe539da79a36215d05658a3a30006daed1cccbbc383b24a40492e9740706128,fbefaeecf433f0e5d87c7e292719cd27de4362ce308768c77694dc1e2c42f393,Tomato___Tomato_Yellow_Leaf_Curl_Virus/37c2cc81-0d24-4030-9f76-399c29561b3f___UF.GRC_YLCV_Lab 02512.JPG,Tomato___Tomato_Yellow_Leaf_Curl_Virus/de775839-7363-47c7-bc42-7bff83af822a___UF.GRC_YLCV_Lab 02513.JPG,Tomato___Tomato_Yellow_Leaf_Curl_Virus,Tomato___Tomato_Yellow_Leaf_Curl_Virus,train,train,4,False
f1053c07183b952fb0c2bab9f04595c88716eb81cbd8ff31eee2526a8cce8497,60197ced8ef6eeaf1ca0191d4874c0eaaf29ad4682112a2cc0d10198e3baad8e,Tomato___healthy/d442075f-73bb-47a0-9545-9b36bca9300b___GH_HL Leaf 210.JPG,Tomato___healthy/ca4e96c1-9bf0-49fb-804f-c895905c0584___GH_HL Leaf 210.2.JPG,Tomato___healthy,Tomato___healthy,test,train,4,True
f16fe37b93012b1e1ad89af3f2601b8c9ebe647d2f723e55b4721742149586cd,e566cffefff4a2b53d273fc01a9ecb853a2c553e26e8e4e4f2bced490b5d798c,Tomato___Spider_mites Two-spotted_spider_mite/af0d2ecc-72f9-40ca-ad16-b3ef9419e9ec___Com.G_SpM_FL 9559.JPG,Tomato___Spider_mites Two-spotted_spider_mite/ce05bc05-0c4c-4290-903c-f46ab2ba1f53___Com.G_SpM_FL 9283.JPG,Tomato___Spider_mites Two-spotted_spider_mite,Tomato___Spider_mites Two-spotted_spider_mite,train,train,4,False
f4fafde12afe80d3615b6384a32ba39761b62c1931012a730c4f5ddfccbe09fa,248c637e601f81e71ff3c24ecad96be95db26e3bb0746cd5183a0bd961cdb591,Tomato___Tomato_Yellow_Leaf_Curl_Virus/61c03d35-853f-454b-8aff-7999536888a0___UF.GRC_YLCV_Lab 02448.JPG,Tomato___Tomato_Yellow_Leaf_Curl_Virus/b086e7d4-52fe-4779-b2a5-5927aec3e636___UF.GRC_YLCV_Lab 02437.JPG,Tomato___Tomato_Yellow_Leaf_Curl_Virus,Tomato___Tomato_Yellow_Leaf_Curl_Virus,train,val,4,True
fc5234eb987d8dff51f44c2271a7a47666462e47280c7dc968268de2506a16cf,08a0619c55a83e7e71f151778ceec71a7f8c1b75bcb1e8182944143cc1f60913,Tomato___Tomato_Yellow_Leaf_Curl_Virus/9dfccce4-a7a8-491c-b326-850bafbe8ff2___UF.GRC_YLCV_Lab 01640.JPG,Tomato___Tomato_Yellow_Leaf_Curl_Virus/a65c03a7-d1ef-4e78-931d-881d37383224___UF.GRC_YLCV_Lab 01641.JPG,Tomato___Tomato_Yellow_Leaf_Curl_Virus,Tomato___Tomato_Yellow_Leaf_Curl_Virus,train,val,4,True
fed5db43ca0f9b9b490b3f2ffe45f8f5c9a5a559341c8d71b93a4d1383c28947,68c827e18ac35fc8df87b549fd8b750c8c8fd6649f19a4fc8f8fb09c509af89f,Tomato___Tomato_Yellow_Leaf_Curl_Virus/162a2c9a-53ec-468c-bbaa-145e7acdb8db___UF.GRC_YLCV_Lab 02537.JPG,Tomato___Tomato_Yellow_Leaf_Curl_Virus/21401648-7356-4019-9781-516afa0ff7c4___UF.GRC_YLCV_Lab 02527.JPG,Tomato___Tomato_Yellow_Leaf_Curl_Virus,Tomato___Tomato_Yellow_Leaf_Curl_Virus,train,train,4,False
fee4d1d0bf4de64c3e3a4813e9bcd8ea154e21867071b2c6394fc2c5da514088,c407bba9b27dba6447d8c680cecc997eb8932b008b51420481fea5b58d57766c,Tomato___Late_blight/7f533ee8-1d72-486e-b2a6-b5ef2ac7cc88___GHLB2 Leaf 8837.JPG,Tomato___Late_blight/2159d0f7-09ef-46ad-ad49-749e8ce1becc___GHLB2 Leaf 8836.JPG,Tomato___Late_blight,Tomato___Late_blight,train,val,4,True
0197e98a7f0ba460aff00d90ab6c3964cbcd6c2a84bbfd953f5839e0336d0867,0b8fa96415cce5f450f2e6ec8767226dcc58002154da3e862ec2ea0e457dc810,Tomato___Bacterial_spot/7334e742-de72-4561-9b0d-cdd8bc3313e7___GCREC_Bact.Sp 3066.JPG,Tomato___Bacterial_spot/f5142872-5e4b-4038-b4fd-b38c4097e5aa___GCREC_Bact.Sp 5679.JPG,Tomato___Bacterial_spot,Tomato___Bacterial_spot,test,train,6,True
01b846dcd498446853023ea8ed672a06f4bae6b7d1e60cb41ef53989458f033f,e1493ef5e57b3a6a5920c80ace6d145412e154801f183619a41dd5bdce0a280d,Tomato___Tomato_Yellow_Leaf_Curl_Virus/e5c5ba2c-edd5-4e9c-af78-b2ac2c4f828d___YLCV_GCREC 5150.JPG,Tomato___Tomato_Yellow_Leaf_Curl_Virus/c19320d1-cdfb-40b2-a46a-2e3c71e79863___YLCV_NREC 0173.JPG,Tomato___Tomato_Yellow_Leaf_Curl_Virus,Tomato___Tomato_Yellow_Leaf_Curl_Virus,test,train,6,True
026c3e6843a0e3ceaa92f8815e7d750a710e80983f9696b1bd146e470325bea3,6935d1ee86cb84a8667c2286beea0bc5e6c945ea6713aea9d3f74f3668b8a5fb,Tomato___Tomato_Yellow_Leaf_Curl_Virus/5abf1f15-6800-423c-a057-14027e12cace___UF.GRC_YLCV_Lab 02720.JPG,Tomato___Tomato_Yellow_Leaf_Curl_Virus/6c6d960d-50e1-45ca-adb4-fc9b8218b698___UF.GRC_YLCV_Lab 02722.JPG,Tomato___Tomato_Yellow_Leaf_Curl_Virus,Tomato___Tomato_Yellow_Leaf_Curl_Virus,train,train,6,False
02d6031dd0e51823047b30f65366277a889f1eee37c83c9279fd782852fc0c2e,c1868479b4ffc7cf21e47087b123c42b2caef07073f068a24291d92dcc02ba9d,Tomato___Septoria_leaf_spot/988d5328-da67-4872-9db0-baff075a432f___JR_Sept.L.S 2586.JPG,Tomato___Septoria_leaf_spot/af4c2153-c15e-4310-b8b8-8aec82606bb7___JR_Sept.L.S 2581.JPG,Tomato___Septoria_leaf_spot,Tomato___Septoria_leaf_spot,train,val,6,True
02e02539d36b4bffd224d910cb9ddfd6636f3a99b9e14b9c21ba0719ac4ba2cc,942fc94363d6f16c41d27a8ab8d4e6e63056d45d06f99d01caadcbdbc44c5b8d,Tomato___Spider_mites Two-spotted_spider_mite/4b1d558e-7ffb-409b-bf8e-9b665519e896___Com.G_SpM_FL 8746.JPG,Tomato___Spider_mites Two-spotted_spider_mite/8a1fd830-99d4-4044-b851-6237ed451132___Com.G_SpM_FL 1739.JPG,Tomato___Spider_mites Two-spotted_spider_mite,Tomato___Spider_mites Two-spotted_spider_mite,val,val,6,False
039094e8cfba1fef4b1efee544e8350e76de377d47f95277472baff24203c227,638b4a217c1800320a24235c33eb4954d5d93325b2b69478086757114f563560,Tomato___Late_blight/4a6b862b-d42f-42ea-81f5-60480236709a___GHLB2 Leaf 9083.JPG,Tomato___Late_blight/91b7baba-9b15-4f24-9db7-86ca95ac884c___GHLB2 Leaf 9087.JPG,Tomato___Late_blight,Tomato___Late_blight,train,train,6,False
03fb8fc138e3ba6f971a5f5959262d4fc1b5a07a1b646ac8406aa42addfd89b1,02e02539d36b4bffd224d910cb9ddfd6636f3a99b9e14b9c21ba0719ac4ba2cc,Tomato___Spider_mites Two-spotted_spider_mite/851ea0ae-63c2-4f43-825e-e5e60b636ec0___Com.G_SpM_FL 1747.JPG,Tomato___Spider_mites Two-spotted_spider_mite/4b1d558e-7ffb-409b-bf8e-9b665519e896___Com.G_SpM_FL 8746.JPG,Tomato___Spider_mites Two-spotted_spider_mite,Tomato___Spider_mites Two-spotted_spider_mite,train,val,6,True
046f9f681e40c79c214698cb3e00c7d40f69f724af4ef9d1758e50143413d399,d453aee7699dd3c34f3df2a53619c5dc689addae9dc377d8304da7676ea6d5d8,Tomato___Late_blight/27a3a882-d241-4b46-9606-04e7fcaced25___GHLB2 Leaf 8599.JPG,Tomato___Late_blight/081d1e25-3f06-46a1-95ef-d10a62faa80f___GHLB2 Leaf 8600.JPG,Tomato___Late_blight,Tomato___Late_blight,test,train,6,True
0809d678bec5d0a1736c00c242518feca61b50d820c339ed3d635e89ca958bd3,b656e271493fd5a11717962ce50cff7d3034b8850b6ce42acc46b00220758f30,Tomato___Spider_mites Two-spotted_spider_mite/bafa7923-1efe-4e44-94b0-9427b6726bc1___Com.G_SpM_FL 9525.JPG,Tomato___Tomato_Yellow_Leaf_Curl_Virus/9a10d739-932c-47ff-af5d-196d5f615e21___YLCV_NREC 0057.JPG,Tomato___Spider_mites Two-spotted_spider_mite,Tomato___Tomato_Yellow_Leaf_Curl_Virus,train,train,6,False
08cbada539407f170f43b2f203ab19c75f172fae0bbafe4232922b6afbd3b3fb,a92d5bca8f8cced4fda553f435680f1ed3ff795aef8d61865de4dbdadd5b3c42,Tomato___Tomato_Yellow_Leaf_Curl_Virus/83a57a08-1703-4c39-ba00-b34ff03abf20___UF.GRC_YLCV_Lab 02193.JPG,Tomato___Tomato_Yellow_Leaf_Curl_Virus/ba1232d4-0334-41c3-a4ce-ff0827d008cf___UF.GRC_YLCV_Lab 02194.JPG,Tomato___Tomato_Yellow_Leaf_Curl_Virus,Tomato___Tomato_Yellow_Leaf_Curl_Virus,train,train,6,False
08cbada539407f170f43b2f203ab19c75f172fae0bbafe4232922b6afbd3b3fb,aa902ea6c00f45c5cf8bbb6f632bcaf8669a3312301c9359e0dfa2c37651d99d,Tomato___Tomato_Yellow_Leaf_Curl_Virus/83a57a08-1703-4c39-ba00-b34ff03abf20___UF.GRC_YLCV_Lab 02193.JPG,Tomato___Tomato_Yellow_Leaf_Curl_Virus/d2647521-b264-47bb-ac13-4fd3c61390d1___UF.GRC_YLCV_Lab 02195.JPG,Tomato___Tomato_Yellow_Leaf_Curl_Virus,Tomato___Tomato_Yellow_Leaf_Curl_Virus,train,train,6,False
0b26d2017a6da767fb6199d89c7f01d5bdc06def83d0dc7e948c131e7c64cc62,e924331d943effce79a8d0e30fabf05aa6e5d69bdede803e69a0c69edec4d8f1,Tomato___Bacterial_spot/a75e41ac-5944-4698-876b-1d0716934982___GCREC_Bact.Sp 5970.JPG,Tomato___Bacterial_spot/d2cbc8f4-b632-47de-bc45-edeb4f0911f1___GCREC_Bact.Sp 5994.JPG,Tomato___Bacterial_spot,Tomato___Bacterial_spot,val,val,6,False
0bafa3b248e01f913b2468ffc99819cc64b1724be00adf299a9440272d283503,b93dd2f2a0d7555f518d4571afbf02d2f7184ec516bb4ffca7747e8a44b92d7b,Tomato___Spider_mites Two-spotted_spider_mite/d39a5841-b206-4eb3-a84d-1df91c7205aa___Com.G_SpM_FL 9641.JPG,Tomato___Tomato_Yellow_Leaf_Curl_Virus/33bfdfb8-ca72-4d84-a7dc-e37d4b538195___YLCV_NREC 2332.JPG,Tomato___Spider_mites Two-spotted_spider_mite,Tomato___Tomato_Yellow_Leaf_Curl_Virus,train,train,6,False
0caf08b3286f4ca20b5bb52cafd4d0a74f9f1ac6237636e20ef3e53145692399,eca36905fc84ec85fc8256d76a1cc750f7756e88737b846b0584df5d84d0082f,Tomato___Spider_mites Two-spotted_spider_mite/9bba8874-aadd-4b80-8e5c-dea2e4b6457d___Com.G_SpM_FL 1517.JPG,Tomato___Spider_mites Two-spotted_spider_mite/e1717b59-e445-4a57-b4c7-5c85772c90a4___Com.G_SpM_FL 9535.JPG,Tomato___Spider_mites Two-spotted_spider_mite,Tomato___Spider_mites Two-spotted_spider_mite,train,train,6,False
0e1a7d94b6d60b7aed3757c2387a6364b4826a60b5cd07fefac7e795b8d6413f,90fe052fb209070e1d22a02ebbb713ab4766fcb6aa77816cbf1710c740d09573,Tomato___Septoria_leaf_spot/86726614-43a7-445c-a854-153e3830cbcc___Matt.S_CG 7686.JPG,Tomato___Septoria_leaf_spot/bae6002f-a8f1-4229-aaf3-024feb50c7d8___Matt.S_CG 6674.JPG,Tomato___Septoria_leaf_spot,Tomato___Septoria_leaf_spot,train,train,6,False
0e7d7bac9379a47cb9ffeac1940767dcd431ddce78d66f2f7b5fc35526ca6528,499dd627efebece7d650bf8356d5922394bf560317e2ef462a8f8e126b8a0e85,Tomato___Bacterial_spot/c9251133-b2c8-4227-9c29-f14857e83be1___GCREC_Bact.Sp 5692.JPG,Tomato___Tomato_Yellow_Leaf_Curl_Virus/33453878-e554-4566-ac50-4a0956548533___UF.GRC_YLCV_Lab 01916.JPG,Tomato___Bacterial_spot,Tomato___Tomato_Yellow_Leaf_Curl_Virus,train,train,6,False
0f0c6740b99b4947c64b122dbf2d1fc05db872f11d1456725eb74c1ce6be6a07,825481295775035bb3b7e67a2c59cba99d27b694b7f2e5420e5779c68efb3ecc,Tomato___Bacterial_spot/3981c964-0d65-4c9e-9b78-5e892b6a961c___GCREC_Bact.Sp 3230.JPG,Tomato___Bacterial_spot/e2061420-56a2-4612-9ba9-1d9c40e7fd13___GCREC_Bact.Sp 5824.JPG,Tomato___Bacterial_spot,Tomato___Bacterial_spot,train,train,6,False
10e549d3ad23235c4acb825ae68d8dea32f1bc1a7c20a578662d3a1733462dd4,22227162f75f05eb62f4f77a579a91e8fda105572ffe853f5d187dbc6bcaae1c,Tomato___Septoria_leaf_spot/4ebf92f9-6f78-4a23-a244-35c89106ea18___Keller.St_CG 1808.JPG,Tomato___Septoria_leaf_spot/bb686360-bc57-41dd-b811-9625301db5f5___Keller.St_CG 1933.JPG,Tomato___Septoria_leaf_spot,Tomato___Septoria_leaf_spot,train,train,6,False
12c6da522d320c69b82f78ff893e1e66bc7af309a6ef409374df64042df89a25,95fd37945bd6978a3b79dc7dd67430a48ef1ea61841c7bb003002a4ede2a8542,Tomato___Tomato_Yellow_Leaf_Curl_Virus/4bd2ccdd-172e-4314-bf8a-d04b6765b354___UF.GRC_YLCV_Lab 02469.JPG,Tomato___Tomato_Yellow_Leaf_Curl_Virus/aba9fc82-47a2-4536-baeb-16a74b394a15___UF.GRC_YLCV_Lab 02470.JPG,Tomato___Tomato_Yellow_Leaf_Curl_Virus,Tomato___Tomato_Yellow_Leaf_Curl_Virus,train,train,6,False
12e51ec2866dca9640ea76a1aa87b8e67147b08efb25f7e5ce5dc2ed3da61f7a,085a931f0fe5a8e21d28ba070d60fb4829c07ad53f71027cc01ebd40f0c90aea,Tomato___Late_blight/2e86ab04-c41e-4a4b-a674-552176d72ab1___GHLB2 Leaf 100.JPG,Tomato___Late_blight/993ba935-925c-411c-887f-b06670d884c6___GHLB2 Leaf 100.1.JPG,Tomato___Late_blight,Tomato___Late_blight,train,train,6,False
147e26d52b412630d11557cedf25e36a72039a67a569ba94b12dea63355dd06d,63b34ccd833c4d7d06c4303ec8cd9e8dc5e500ed33966e27091e38d0068ec878,Tomato___Tomato_Yellow_Leaf_Curl_Virus/4f465c2e-c632-4ada-924e-8a1821caeffc___YLCV_GCREC 5434.JPG,Tomato___Tomato_Yellow_Leaf_Curl_Virus/f61d3f58-ca3d-480e-b724-df5f85b4b720___YLCV_GCREC 5528.JPG,Tomato___Tomato_Yellow_Leaf_Curl_Virus,Tomato___Tomato_Yellow_Leaf_Curl_Virus,test,test,6,False
166771a14de2bbd0540b0b78de2e78b48d0a3b8e1efb11c221fc45623bda6998,79d3620d4155d5788b58681be4deaddeb3123790d4ce37db759ede32f8030f39,Tomato___Tomato_Yellow_Leaf_Curl_Virus/969500df-9093-43ec-bd5b-29c682d2db0c___UF.GRC_YLCV_Lab 03223.JPG,Tomato___Tomato_Yellow_Leaf_Curl_Virus/a39d6453-a2e7-45ef-8887-b99383ad308f___UF.GRC_YLCV_Lab 03222.JPG,Tomato___Tomato_Yellow_Leaf_Curl_Virus,Tomato___Tomato_Yellow_Leaf_Curl_Virus,train,train,6,False
16a9bd5c9f5ff4c8d42b5ef65f1c9b64a8d8ff1a05bdfe2f9461f3cdaa5cbb3b,6c72c41c6241921b5f3991692f30ecc5254aac4d24487338c15c5f7517e458ae,Tomato___Bacterial_spot/741e2f09-1b62-42c2-b218-6504d57c0f27___GCREC_Bact.Sp 3302.JPG,Tomato___Bacterial_spot/9fc3b924-71f1-40a6-8826-de89c9e34e52___GCREC_Bact.Sp 3050.JPG,Tomato___Bacterial_spot,Tomato___Bacterial_spot,train,train,6,False
171430784c1cee070d8038e26225cf7183f5a62635bb5e718996a74d3c6a2f3c,73e62a8d876cf146697683cc4ba2cc5e29b3849085d1f5815616b600068a657c,Tomato___Bacterial_spot/e1befb62-870e-400b-9ecb-167138652029___GCREC_Bact.Sp 5758.JPG,Tomato___Tomato_Yellow_Leaf_Curl_Virus/1c3779b9-cb13-43b0-9a4a-01f96e7d039f___YLCV_GCREC 2545.JPG,Tomato___Bacterial_spot,Tomato___Tomato_Yellow_Leaf_Curl_Virus,train,train,6,False
17737367041e0d708eea22fe267e484ba3e04e65a7d3dc196150696e05cfb7f6,bf43fbea46f810383bb1e702d0877c9ec953c88f8e07c4c2b7071faac738194b,Tomato___Leaf_Mold/d90f334c-18c3-4b20-903e-e51f57d8704d___Crnl_L.Mold 6935.JPG,Tomato___Septoria_leaf_spot/d6513bff-a877-4482-88d0-699396af3862___JR_Sept.L.S 8419.JPG,Tomato___Leaf_Mold,Tomato___Septoria_leaf_spot,train,val,6,True
187096814eebde94ae4d891c1b56bde36575a7f4aa66a4032a077f4bf9791ccc,d2ffb9d03a0e4a2710349a00608bc05c7bb5e6e5b868282514f03c683c2fb9a5,Tomato___Septoria_leaf_spot/83cf2026-6466-4b9e-b5ec-f22f35811473___JR_Sept.L.S 2724.JPG,Tomato___Septoria_leaf_spot/c3233f4f-a6f5-4bfb-a6bf-bd5e5d045f7a___JR_Sept.L.S 2728.JPG,Tomato___Septoria_leaf_spot,Tomato___Septoria_leaf_spot,val,val,6,False
19a6226aa80b865d82410534cd8b070a93c5057d87784fa53c33c7ac00da8c39,647558c7c61c44aa999501f5179ea76e9600f75909dcce9a40f28229d18672ac,Tomato___healthy/9ae93bcc-5cfb-4407-a711-de800fb2853a___GH_HL Leaf 519.4.JPG,Tomato___healthy/16ed4e23-5218-4e8b-85df-86a7069a675d___GH_HL Leaf 519.1.JPG,Tomato___healthy,Tomato___healthy,test,val,6,True
1ab1b6878f0ffe9ccc2983adb2fae255bac55bb6a131dbbd29b4beeab3bfaf94,ec27cba121e5228ce88b3047eb75532cb8a1304b23795facffca6af95857d0e4,Tomato___Spider_mites Two-spotted_spider_mite/fa0f71aa-5583-4376-ab17-a755cf065aaf___Com.G_SpM_FL 1520.JPG,Tomato___Spider_mites Two-spotted_spider_mite/71d1cf7e-ecc0-4401-b0b9-4e5f83b5d800___Com.G_SpM_FL 8705.JPG,Tomato___Spider_mites Two-spotted_spider_mite,Tomato___Spider_mites Two-spotted_spider_mite,train,val,6,True
1b597da78802a5951812132b25b63a94609c42d359b1a635793562b33dab603d,61bded6de8f5e06a1321341b0bf36a98e8927b3a8342e22dac024cdb8b398a4e,Tomato___Septoria_leaf_spot/307e5715-9790-4321-af40-17209eafc1a6___JR_Sept.L.S 8372.JPG,Tomato___Leaf_Mold/8bc3ccca-a312-4d14-a412-4c1726cdace9___Crnl_L.Mold 8802.JPG,Tomato___Septoria_leaf_spot,Tomato___Leaf_Mold,test,train,6,True
1b7f66f1d36548371ada0e701d0f04117a3b7ccbd840fe1e63407f31c7bfe784,73e62a8d876cf146697683cc4ba2cc5e29b3849085d1f5815616b600068a657c,Tomato___Late_blight/82090f30-20fa-4c5e-9bcc-9cfe7d64b56a___RS_Late.B 5395.JPG,Tomato___Tomato_Yellow_Leaf_Curl_Virus/1c3779b9-cb13-43b0-9a4a-01f96e7d039f___YLCV_GCREC 2545.JPG,Tomato___Late_blight,Tomato___Tomato_Yellow_Leaf_Curl_Virus,train,train,6,False
1bf95bb95ccfb7285e3a855c6e4a5bad6524fede3e5bfe82ff7f758e27b9cb11,2f4be2bd8f0c18e56922649a1eacc6a6768d8783c035e6d526e52a5729d250cc,Tomato___Bacterial_spot/37f07271-2a51-4ebd-8346-d9703f725998___GCREC_Bact.Sp 3238.JPG,Tomato___Tomato_Yellow_Leaf_Curl_Virus/ce176fc6-3f70-4549-969c-d2959971009c___YLCV_NREC 2250.JPG,Tomato___Bacterial_spot,Tomato___Tomato_Yellow_Leaf_Curl_Virus,train,train,6,False
1ca83c42265343d4e3a7d27c9553e3789cc226ad3095db626ec88f5baf44258b,bcf6119732a4bd13300ba207516f39d4f7f980efb53397a04cf0f03286aa7479,Tomato___Bacterial_spot/383335dc-fb2e-481c-a66f-9194f2715d92___UF.GRC_BS_Lab Leaf 0904.JPG,Tomato___Bacterial_spot/7d5c4263-84e6-40c1-ac2d-bb9bfae35890___UF.GRC_BS_Lab Leaf 0905.JPG,Tomato___Bacterial_spot,Tomato___Bacterial_spot,train,train,6,False
1d6aaa798370facb2ecc6dc4fd47699b7ca0d2d71e2a1c95594e722ab2121988,f8319a0d79f7abd1d747dc934630f48c35d41dd933aa7b4e2bee66180d923e11,Tomato___Late_blight/670337a4-55b1-4312-8644-3545b1fcc06f___GHLB2 Leaf 8902.JPG,Tomato___Late_blight/0db85707-41f9-42df-ba3b-842d14f00a68___GHLB2 Leaf 8909.JPG,Tomato___Late_blight,Tomato___Late_blight,train,val,6,True
1dea91d4db5c32c219cebc42c2d220ea712bc334f5d113851a7ab2e294b68aa2,1e46b54e99c3ef2a143bffca942f0b322c97a86b9e1c52ab060347956e5eb251,Tomato___Target_Spot/f6f8f785-0d6e-4b6a-a206-68c65dcf9bc4___Com.G_TgS_FL 9669.JPG,Tomato___Tomato_Yellow_Leaf_Curl_Virus/1b977d41-3763-42c6-9d9b-e791db254f7e___YLCV_NREC 2716.JPG,Tomato___Target_Spot,Tomato___Tomato_Yellow_Leaf_Curl_Virus,test,val,6,True
1e4e0b2869bc36badf44df4cc492c0e9af17ba088216cea41f9dbc22bba84833,463943e2732e3907e268620587a149c3b5065630fafc254f5e9f540a14cb39c8,Tomato___healthy/e33cde2d-5103-48aa-bb82-490aa779312c___GH_HL Leaf 515.2.JPG,Tomato___healthy/9ed00c97-7867-4e6f-a274-f2bad77ecfaf___GH_HL Leaf 515.1.JPG,Tomato___healthy,Tomato___healthy,test,train,6,True
1edacf800d58ad334d9edea833596f6c665214d8a39c9da19c56d61df5bf3594,b44b4b30468354bc483ce71530a8f9f0dacaae735e81b1c8fc525aa69b073b82,Tomato___Tomato_Yellow_Leaf_Curl_Virus/c0017c23-2967-4d0a-8aea-92a899763538___UF.GRC_YLCV_Lab 02595.JPG,Tomato___Tomato_Yellow_Leaf_Curl_Virus/e98e9e88-f0c9-4d56-b3ce-47e9129d2236___UF.GRC_YLCV_Lab 02594.JPG,Tomato___Tomato_Yellow_Leaf_Curl_Virus,Tomato___Tomato_Yellow_Leaf_Curl_Virus,train,train,6,False
1f9d3e388f02c939b2a1b062ae2db7f21de6acc23c5de238473197d028b65a39,b778eec1d706671264219950c349e2f1264e7efb23dd578e0964ef8a5ebea399,Tomato___Bacterial_spot/5c438fb1-fb2e-4672-b035-2a1581efa729___GCREC_Bact.Sp 5550.JPG,Tomato___Septoria_leaf_spot/f8f528ee-f9c3-47cb-b67f-a9265d86d9d1___Matt.S_CG 1446.JPG,Tomato___Bacterial_spot,Tomato___Septoria_leaf_spot,train,val,6,True
1fba65b590e9c3960d45c8083da0b8d48fc969d16030b66d6eb271f4e310e4d5,3cb993a35dec810505f6973dbea86b448b3254f2f6c463221b23ef62ca64880c,Tomato___healthy/64b5d77e-2b06-461d-94f9-5f15250a7e77___GH_HL Leaf 505.1.JPG,Tomato___healthy/be5a8881-cc33-42c0-adc7-52d2380a9902___GH_HL Leaf 505.4.JPG,Tomato___healthy,Tomato___healthy,test,test,6,False
2016703bef6929229c33c77a36034ed0702b36c870e0c8f2dcbe65f91be702bf,0683e0bf8d471e5f628a57f00184ad491f9197a9595aba2e519bf48bd3d14ffb,Tomato___Septoria_leaf_spot/59a17e56-9717-4eaa-857d-e7511f00b633___Matt.S_CG 1027.JPG,Tomato___Septoria_leaf_spot/87884ea0-dceb-421c-b6c1-a876232cd142___Matt.S_CG 1019.JPG,Tomato___Septoria_leaf_spot,Tomato___Septoria_leaf_spot,train,train,6,False
25a74170e27df1b9950b2b4987a70b42e2962c04eab23e82ecea798e4cf88cd9,420316c9a9fad65948abc0f237660a4a8f3a1df05f16b6faba9f0212ef973e41,Tomato___Tomato_Yellow_Leaf_Curl_Virus/6d998ee6-e936-4206-a213-062c36b0d61e___UF.GRC_YLCV_Lab 02877.JPG,Tomato___Tomato_Yellow_Leaf_Curl_Virus/6041f290-bdf5-425f-a38f-44f57a7548ba___UF.GRC_YLCV_Lab 02883.JPG,Tomato___Tomato_Yellow_Leaf_Curl_Virus,Tomato___Tomato_Yellow_Leaf_Curl_Virus,train,val,6,True
25a74170e27df1b9950b2b4987a70b42e2962c04eab23e82ecea798e4cf88cd9,629ec7850314f94749606abd5e6d0b606a58b2278720eff30047999f11510bb2,Tomato___Tomato_Yellow_Leaf_Curl_Virus/6d998ee6-e936-4206-a213-062c36b0d61e___UF.GRC_YLCV_Lab 02877.JPG,Tomato___Tomato_Yellow_Leaf_Curl_Virus/f6ce32e5-da3a-40a9-a3b8-47c1325991f5___UF.GRC_YLCV_Lab 02878.JPG,Tomato___Tomato_Yellow_Leaf_Curl_Virus,Tomato___Tomato_Yellow_Leaf_Curl_Virus,train,train,6,False
25f0dea1836febbba5a36f305d64318544a1cc47bb400c2426300458ccee2577,81a23fed1c1d375c6059b492b5fa0a11f7df8f2fd92d8d66d8251398288075aa,Tomato___Spider_mites Two-spotted_spider_mite/698e12a2-2a49-43aa-a47a-21420001e5ef___Com.G_SpM_FL 1356.JPG,Tomato___Spider_mites Two-spotted_spider_mite/9bedf503-beca-40b4-b1d1-6c12e96343f3___Com.G_SpM_FL 1481.JPG,Tomato___Spider_mites Two-spotted_spider_mite,Tomato___Spider_mites Two-spotted_spider_mite,val,val,6,False
282382e9c4fc57b6e339fcdcbb9a8f4406cc594611bf62389df677521cda58e1,22ce40d6bc4efc36013a6a694027eabf296b07cacf21e2c6eb331349a8aa1efb,Tomato___Leaf_Mold/113ae06c-f41b-47f3-a1a5-bffd33fcfac1___Crnl_L.Mold 8746.JPG,Tomato___Leaf_Mold/407519ba-54e6-4779-a886-8163cab06a04___Crnl_L.Mold 8807.JPG,Tomato___Leaf_Mold,Tomato___Leaf_Mold,train,train,6,False
28c1b0d4594ba7bc7cdc54e6b6ed8e216177e9bede12fbfc5ac99b6f05ea36fe,14417cf0d3732172af8c53b32b6dd69500cd46789f691d92a4a1cceee5d3ab3b,Tomato___Spider_mites Two-spotted_spider_mite/527b81a0-f304-40ec-bfb3-987bbdde36b3___Com.G_SpM_FL 9459.JPG,Tomato___Spider_mites Two-spotted_spider_mite/77d5f7bf-a888-43f2-8403-82a01a10bf12___Com.G_SpM_FL 9579.JPG,Tomato___Spider_mites Two-spotted_spider_mite,Tomato___Spider_mites Two-spotted_spider_mite,train,train,6,False
29cef2dfcf7e07276d1fbbf07f2ac223ff199e0444eca5db93e5a0cae4a38550,0e0b38fbc699a8896a2c68f4d9c42770bfad439bab56c546145e6913b769bcd3,Tomato___Tomato_Yellow_Leaf_Curl_Virus/0f871667-c2f9-4c4c-b98d-9cb4bb2cc057___UF.GRC_YLCV_Lab 02434.JPG,Tomato___Tomato_Yellow_Leaf_Curl_Virus/837c2369-4f38-4c58-b1ed-fa83f96258ad___UF.GRC_YLCV_Lab 02439.JPG,Tomato___Tomato_Yellow_Leaf_Curl_Virus,Tomato___Tomato_Yellow_Leaf_Curl_Virus,train,train,6,False
29d88a8e689c050ba990b25aef4a2efdd0216cca2b74cd80852b314e8152e7f6,cbfee62b1b44cedc02bf6a93a8e36c2e88d273d602b5d2ec6de89a2e90601095,Tomato___Bacterial_spot/c07fc97b-6fd7-4e55-a6e4-698184dbc5b8___GCREC_Bact.Sp 5686.JPG,Tomato___Spider_mites Two-spotted_spider_mite/1dde88ff-2897-4181-834f-e3629e3cd12c___Com.G_SpM_FL 9560.JPG,Tomato___Bacterial_spot,Tomato___Spider_mites Two-spotted_spider_mite,train,train,6,False
2a3c0965e92b6f45ce62b918940d84ca5a9d86856001c73768e3852282c5009b,c52e2727daf810b6a7a9ef7642a1c10a6a4a0e1a04da4e1771058fa75a9606cd,Tomato___Tomato_Yellow_Leaf_Curl_Virus/9dbb9935-25fb-4e98-b1b1-be51c943d266___UF.GRC_YLCV_Lab 08455.JPG,Tomato___Tomato_Yellow_Leaf_Curl_Virus/d5c08505-2c0b-4a98-b9c2-2db14680823b___UF.GRC_YLCV_Lab 08456.JPG,Tomato___Tomato_Yellow_Leaf_Curl_Virus,Tomato___Tomato_Yellow_Leaf_Curl_Virus,train,train,6,False
2a700ce802dfee9b6f03c4a5a416b3d736c6fc0c3d6ccb695dc64207f29a9085,5237b69629e988aab3426b358aacdb27e5094d57a463f824e05938bf26e3094f,Tomato___Bacterial_spot/de0200a0-173c-401f-827b-2a12d639a744___GCREC_Bact.Sp 3072.JPG,Tomato___Septoria_leaf_spot/3ff747b1-7cec-42e2-a938-9af10afeab8c___Matt.S_CG 1285.JPG,Tomato___Bacterial_spot,Tomato___Septoria_leaf_spot,train,train,6,False
2cda0093a56724586be9512c6900ceb1aec9d349643d08a9160bf5cf4203d553,2214a4575039cebb6f5c6ce25714d3f7fe66bcbf12a771b4da04a154ba4189c3,Tomato___Bacterial_spot/6fbea9aa-cc3b-46be-a066-a762cd659113___GCREC_Bact.Sp 6024.JPG,Tomato___Bacterial_spot/27ebdaaa-b432-4d4a-b404-a04e58a46f44___GCREC_Bact.Sp 6025.JPG,Tomato___Bacterial_spot,Tomato___Bacterial_spot,train,val,6,True
2cda0093a56724586be9512c6900ceb1aec9d349643d08a9160bf5cf4203d553,b5023234c9eac4a2b99ff2a2c09ad4c966dfab9b33552a8cfd82b5add10c0a10,Tomato___Bacterial_spot/6fbea9aa-cc3b-46be-a066-a762cd659113___GCREC_Bact.Sp 6024.JPG,Tomato___Bacterial_spot/b9072867-69f3-4ea7-9afb-06781b4a4f2f___GCREC_Bact.Sp 3253.JPG,Tomato___Bacterial_spot,Tomato___Bacterial_spot,train,train,6,False
2d6e197bbe3cb80d1852179a98dda1079e8ca9279bcae03babcb64b9f410ba33,7abec694f8c072204da490a988c6446d556f21d77195ae801943e2c0af081cd9,Tomato___healthy/2a089ff8-0fcf-4b18-b746-f997e3b18065___GH_HL Leaf 456.1.JPG,Tomato___healthy/38f54137-3e02-48fb-9fc1-0d444a13c40b___GH_HL Leaf 456.JPG,Tomato___healthy,Tomato___healthy,train,train,6,False
2dd6ce2beff20572a5fd620ef935d4bd8b91c789b250e4b1612e96d72e3227c2,ef95aa58b1cac001b2a0e3db867f7a873267ad813cc092aab64ddc26c993a544,Tomato___Bacterial_spot/9484f784-b2c1-4bba-b085-ccf981c01d31___GCREC_Bact.Sp 6267.JPG,Tomato___Spider_mites Two-spotted_spider_mite/628a9d6d-982d-4424-9a7d-e8e0219818fe___Com.G_SpM_FL 9321.JPG,Tomato___Bacterial_spot,Tomato___Spider_mites Two-spotted_spider_mite,train,train,6,False
2e99e30ff1cd326c00b2f2bee0e6a49aa511e6fb1aefc621423f58ea45684040,942fc94363d6f16c41d27a8ab8d4e6e63056d45d06f99d01caadcbdbc44c5b8d,Tomato___Spider_mites Two-spotted_spider_mite/d2184d36-c149-4bab-bc07-66c9afce4567___Com.G_SpM_FL 9507.JPG,Tomato___Spider_mites Two-spotted_spider_mite/8a1fd830-99d4-4044-b851-6237ed451132___Com.G_SpM_FL 1739.JPG,Tomato___Spider_mites Two-spotted_spider_mite,Tomato___Spider_mites Two-spotted_spider_mite,train,val,6,True
3099cef21006fd317886806c47a8e40ff1db1fb6f00e9ec30e3a3587b85f8801,ccc38f6f9c456bf6b00b0cc4502a516291c07c813eca5831ab689e871a1369cc,Tomato___Spider_mites Two-spotted_spider_mite/a74561dc-37d9-407f-bb58-596344859fa3___Com.G_SpM_FL 8517.JPG,Tomato___Target_Spot/6b66d5e4-aacb-405a-aea0-bbc9e842822a___Com.G_TgS_FL 9726.JPG,Tomato___Spider_mites Two-spotted_spider_mite,Tomato___Target_Spot,train,val,6,True
3135e0c054f9e25d66990cb650deeaf3318846dcb6e98b4135461acfed5eb230,8d392fa5f0d6231c32164896b8f0adddfd6e9021ce2824560960c58089b3041a,Tomato___Tomato_Yellow_Leaf_Curl_Virus/7a715b09-e475-41fc-89ca-893ddd45e0df___UF.GRC_YLCV_Lab 01883.JPG,Tomato___Tomato_Yellow_Leaf_Curl_Virus/ad43b849-be2e-42e2-9052-1fb0df55fbc8___UF.GRC_YLCV_Lab 01882.JPG,Tomato___Tomato_Yellow_Leaf_Curl_Virus,Tomato___Tomato_Yellow_Leaf_Curl_Virus,test,train,6,True
316dff8f1352977c5bb6401cef5d6c53503c1601eec112ad320f5b5494b8a324,cd91900e8c3242a7ca7fae9d1d8b1ad8483a513408e2bfbcd09c59974dd9f953,Tomato___Tomato_Yellow_Leaf_Curl_Virus/b52f3daa-9638-41e8-8440-7ae89bfb3c49___YLCV_GCREC 2925.JPG,Tomato___Early_blight/9498ce3a-8dc1-43ec-aeec-a05825cf9af2___RS_Erly.B 7820.JPG,Tomato___Tomato_Yellow_Leaf_Curl_Virus,Tomato___Early_blight,test,train,6,True
322bdfc7ecc9f8bb7a16a3acd60b1c93d26a9449a014cd83e7dc613ebfea9a3c,16935a6574a6c384387435c792c0bb629775114a07fa9e625d43268ad4ebb7c5,Tomato___Bacterial_spot/28557b27-1dce-4cd4-bed0-c4a84207d3e2___GCREC_Bact.Sp 6187.JPG,Tomato___Bacterial_spot/f073c2a6-ac26-49d4-a76d-049abbdb2cfa___GCREC_Bact.Sp 3067.JPG,Tomato___Bacterial_spot,Tomato___Bacterial_spot,test,train,6,True
3254b9da205f8646e4b77c4335cfb4c6f52faf42ff0fcecf22a96643cfdc7d0f,06650097e4f95130a5aa3609f38e172ed5c0c184113be7a88791ee5712417554,Tomato___Tomato_Yellow_Leaf_Curl_Virus/cd685d0d-26e1-4931-949c-50a11fa9d01f___UF.GRC_YLCV_Lab 02424.JPG,Tomato___Tomato_Yellow_Leaf_Curl_Virus/d521cf62-367f-4417-a055-85570185d1da___UF.GRC_YLCV_Lab 02425.JPG,Tomato___Tomato_Yellow_Leaf_Curl_Virus,Tomato___Tomato_Yellow_Leaf_Curl_Virus,train,train,6,False
347da076cb76a0fd6fe4df7cec24cfcb4913f3b981fd02751c24fd57cd954bff,52af89d19d2a2d76f3798e5e9cbce157eadfa4b13f5aa6bbab9c1173b36b5816,Tomato___Septoria_leaf_spot/7cff434d-4e2f-4cda-a447-3439bbff4f89___Matt.S_CG 0805.JPG,Tomato___Septoria_leaf_spot/5f6a639a-a545-4778-b5e8-c45a62cacfe2___Matt.S_CG 0812.JPG,Tomato___Septoria_leaf_spot,Tomato___Septoria_leaf_spot,test,train,6,True
348d9db94ef547c1512bc8a7a1097d18acd36c379e0ba91ab75e71fb125ef0f7,c146cea6f8d6a440109e495e47f4bbd1d77880188c76da0d63b70c98055b4861,Tomato___Spider_mites Two-spotted_spider_mite/14c0db1b-b549-4b15-82ae-9f88fe857365___Com.G_SpM_FL 9650.JPG,Tomato___Spider_mites Two-spotted_spider_mite/f9234562-7b0a-4685-b92b-a4ee86670292___Com.G_SpM_FL 8902.JPG,Tomato___Spider_mites Two-spotted_spider_mite,Tomato___Spider_mites Two-spotted_spider_mite,train,train,6,False
360b6e32e2aa53e3102cda75fb06ca6613187c79f1e5c303c15d5dc65f07e482,1d9661d87f081d7ef2a09dffe7b787dfd1bf46d056928b0be326678ad6864b9a,Tomato___Tomato_Yellow_Leaf_Curl_Virus/6243f4bc-d40f-4cae-bca1-7ed1206c2d0e___UF.GRC_YLCV_Lab 02620.JPG,Tomato___Tomato_Yellow_Leaf_Curl_Virus/ff46311d-9868-4313-8834-eaf2f3259b27___UF.GRC_YLCV_Lab 02625.JPG,Tomato___Tomato_Yellow_Leaf_Curl_Virus,Tomato___Tomato_Yellow_Leaf_Curl_Virus,test,train,6,True
3644e0dd53cc6ed955b4e2f5560dbdbccd898c7e95ed3ff0e82e69beed70d70d,73c32f85a1511226a3a287c58ded6ce784de93554bb73326f0804b6e00c0c966,Tomato___Late_blight/335be291-a0f7-4b25-aa7c-99af0b073dc9___GHLB2 Leaf 8640.JPG,Tomato___Late_blight/4eca7d70-60ff-41cc-8884-e4844f23abeb___GHLB2 Leaf 8641.JPG,Tomato___Late_blight,Tomato___Late_blight,train,train,6,False
3728a09feb56b4715d1f08332f3f1b6b6bc46613a4a8d8fa0e39e5c5eaad4ccd,758ddbe266807f4f0fef4e35894edae6660a184a5d0517e38d2013ac3d969af0,Tomato___Late_blight/1eacb98a-d88b-4e86-bbb8-19ec6a4e6c67___GHLB2 Leaf 148.2.JPG,Tomato___Late_blight/62ca9559-f079-4bac-864e-9da06a4eb3a2___GHLB2 Leaf 148.1.JPG,Tomato___Late_blight,Tomato___Late_blight,test,train,6,True
37c25e9818dd911a6c1f33eeab2198405f91f86b83453568802f8d07db9eba5f,b0aa46e8af3563dda5490c06a29abac376d2a166cdf9c76a84321992c06fc0b5,Tomato___Spider_mites Two-spotted_spider_mite/23e37ceb-929f-43ad-86fb-7bb3b9b97820___Com.G_SpM_FL 9297.JPG,Tomato___Tomato_Yellow_Leaf_Curl_Virus/2189a8e0-944c-42ce-9ef1-371b451135d0___YLCV_GCREC 5318.JPG,Tomato___Spider_mites Two-spotted_spider_mite,Tomato___Tomato_Yellow_Leaf_Curl_Virus,test,train,6,True
3861c235cf80092d680928bf35310306e1652916a596d6e4d342e5beccb3228b,9f36446fe4a2e0bc0fd5b2a0f606bbf14442c57295bfd7e52e56c638effc5343,Tomato___Tomato_Yellow_Leaf_Curl_Virus/b18e32cf-8262-4879-951f-48d9bbf2d861___UF.GRC_YLCV_Lab 02172.JPG,Tomato___Tomato_Yellow_Leaf_Curl_Virus/5cc16f74-0be9-4661-9f7a-c9ea665d2f8f___UF.GRC_YLCV_Lab 02173.JPG,Tomato___Tomato_Yellow_Leaf_Curl_Virus,Tomato___Tomato_Yellow_Leaf_Curl_Virus,train,val,6,True
39b03a986b39cf5ca2472c4c9fcf4bdea4cdae2600d182ae65c3a582ae467b12,8bc59ea25f37822188501a93922e9c2e444e802381fa0676fbbe0eba1b5f8725,Tomato___Bacterial_spot/51ce2b94-a8c2-4656-bb2d-442ec0dbd780___GCREC_Bact.Sp 5957.JPG,Tomato___Target_Spot/b969f29a-d7bd-4be8-a048-62eee7a5405b___Com.G_TgS_FL 7977.JPG,Tomato___Bacterial_spot,Tomato___Target_Spot,test,train,6,True
3a505d23b044b9bd73b1285736f0ba8dfa45e5d66558d0dd6e88875a0de16a25,faee21aad4c63aab936b09f92d7d55a26eb5e062fd8db8b7cc8798037ab6f166,Tomato___Leaf_Mold/e7ebe82b-5573-47ff-acb8-f208462d0335___Crnl_L.Mold 7123.JPG,Tomato___Tomato_Yellow_Leaf_Curl_Virus/d3c6bad1-4783-4d9a-a1df-941f414274c7___YLCV_GCREC 2586.JPG,Tomato___Leaf_Mold,Tomato___Tomato_Yellow_Leaf_Curl_Virus,train,train,6,False
3bd21b5bab9ca771215ec1911d9fde9855e0a0a90ab7837f0de92a695b53985f,295dbb25339ca599cbbf6b5741878c62662b37da150d401f4a04f19c24835263,Tomato___Bacterial_spot/a2347956-94dc-441c-80b4-f663e8b2edbd___GCREC_Bact.Sp 6054.JPG,Tomato___Septoria_leaf_spot/fab1ca61-1ab4-4e27-9c15-a48eeacd2959___JR_Sept.L.S 2617.JPG,Tomato___Bacterial_spot,Tomato___Septoria_leaf_spot,train,train,6,False
3bef2693d946637770010fbe8897ec7ead1face6f8d4fdf0f39969ceace54d53,1264a53bdba4b6e3946e77d38f27525031aad9df87208474e0aee5b9aaf134d3,Tomato___Target_Spot/5ce0b479-d41a-48e0-8615-e6421bff0cbd___Com.G_TgS_FL 9872.JPG,Tomato___Tomato_Yellow_Leaf_Curl_Virus/1a733ead-09a5-44d8-a07f-c0af97c8798d___YLCV_GCREC 2520.JPG,Tomato___Target_Spot,Tomato___Tomato_Yellow_Leaf_Curl_Virus,train,train,6,False
3c16a8b027982bb69ade4d6b2e56498e25d2f2896ad7e855a3c8154025cf91d5,56f9d31c6aac6e46f02ddbd73f1541bd42d45530edd0a9d274c5a0c409f8cdd1,Tomato___Spider_mites Two-spotted_spider_mite/348aec86-49bc-4e2d-8ca7-66545421cc06___Com.G_SpM_FL 1746.JPG,Tomato___Tomato_Yellow_Leaf_Curl_Virus/d843af8e-bec8-4c55-bde4-f01beb1b6209___YLCV_GCREC 2274.JPG,Tomato___Spider_mites Two-spotted_spider_mite,Tomato___Tomato_Yellow_Leaf_Curl_Virus,train,train,6,False
3c16a8b027982bb69ade4d6b2e56498e25d2f2896ad7e855a3c8154025cf91d5,5f74feec6bbd2499e8073c7af3b1cf7ff5a5926522a73bc2757a2ee97fef75f8,Tomato___Spider_mites Two-spotted_spider_mite/348aec86-49bc-4e2d-8ca7-66545421cc06___Com.G_SpM_FL 1746.JPG,Tomato___Bacterial_spot/841ea726-5c4a-4447-9f56-0eda38f002d2___GCREC_Bact.Sp 3388.JPG,Tomato___Spider_mites Two-spotted_spider_mite,Tomato___Bacterial_spot,train,val,6,True
3c16a8b027982bb69ade4d6b2e56498e25d2f2896ad7e855a3c8154025cf91d5,6eb11ddeeb88c432aa8a05db38596e08726be586cd21e98022fd028c9f86dc80,Tomato___Spider_mites Two-spotted_spider_mite/348aec86-49bc-4e2d-8ca7-66545421cc06___Com.G_SpM_FL 1746.JPG,Tomato___Spider_mites Two-spotted_spider_mite/a56182d9-143a-45fc-a1be-946ba0d46935___Com.G_SpM_FL 9550.JPG,Tomato___Spider_mites Two-spotted_spider_mite,Tomato___Spider_mites Two-spotted_spider_mite,train,train,6,False
3d5ac4e6cc12ed3a8d6c38c7c98856d4bbd401dcc248fa074448cad00cc56929,52c0700a61f79b41f91ec486f1bcd8f9bca2dbd0adf8a1e2f37b1c4f57948e87,Tomato___Bacterial_spot/b7b5399c-fbd6-4435-8523-80e9166f1d6a___GCREC_Bact.Sp 6001.JPG,Tomato___Tomato_Yellow_Leaf_Curl_Virus/4c92449d-2ec4-4b81-ab67-6bfe565cf83d___YLCV_GCREC 5353.JPG,Tomato___Bacterial_spot,Tomato___Tomato_Yellow_Leaf_Curl_Virus,val,val,6,False
3dda8d333c243638f46fc9c27f88cbcece578eb986e7bdcc25ef33d13b9820bb,78dd5aefd49317a439d9d5745af6fcc65c2dee58cb21e858a227f491a999b438,Tomato___Tomato_Yellow_Leaf_Curl_Virus/fa16f530-1e23-4a86-acb1-1ff53dd49e37___UF.GRC_YLCV_Lab 02499.JPG,Tomato___Tomato_Yellow_Leaf_Curl_Virus/f591877b-3f56-491c-b522-8a192a92e78e___UF.GRC_YLCV_Lab 02503.JPG,Tomato___Tomato_Yellow_Leaf_Curl_Virus,Tomato___Tomato_Yellow_Leaf_Curl_Virus,test,train,6,True
408f3d7ef711ee27c6a8e85d3fca38d2c82808ce1bc7ff3d4dc483cca6c84e43,0d7a9108cc163fb9e28db09a3a307ff7a3dfa162ced1307adedd6d2d41d92f9d,Tomato___Tomato_Yellow_Leaf_Curl_Virus/a6d9fce3-02d6-464c-bf8e-795b78dcc7e7___UF.GRC_YLCV_Lab 01667.JPG,Tomato___Tomato_Yellow_Leaf_Curl_Virus/180ef991-3ed2-41d8-93b6-c1791d745669___UF.GRC_YLCV_Lab 01678.JPG,Tomato___Tomato_Yellow_Leaf_Curl_Virus,Tomato___Tomato_Yellow_Leaf_Curl_Virus,test,train,6,True
408f3d7ef711ee27c6a8e85d3fca38d2c82808ce1bc7ff3d4dc483cca6c84e43,4a66b12a2f9f3b1d0088a3a244bbd20deff47ca8368084c905ddd08ad2239383,Tomato___Tomato_Yellow_Leaf_Curl_Virus/a6d9fce3-02d6-464c-bf8e-795b78dcc7e7___UF.GRC_YLCV_Lab 01667.JPG,Tomato___Tomato_Yellow_Leaf_Curl_Virus/f390848d-e427-4c8e-8e93-0772e9f91fc8___UF.GRC_YLCV_Lab 01668.JPG,Tomato___Tomato_Yellow_Leaf_Curl_Virus,Tomato___Tomato_Yellow_Leaf_Curl_Virus,test,train,6,True
4100beeb00518ed340656764fce19c603638ac22d8737dd54eb9ebc7513df371,d91bfff18d7bdc7cc1b06b971b00d1859528641ba55f43e88fff2e8645356a9e,Tomato___Tomato_Yellow_Leaf_Curl_Virus/513e8592-6fca-4084-bd75-cc1b52bf45dd___UF.GRC_YLCV_Lab 02461.JPG,Tomato___Tomato_Yellow_Leaf_Curl_Virus/6f7f519d-9af2-4532-80c0-7a06311d776e___UF.GRC_YLCV_Lab 02465.JPG,Tomato___Tomato_Yellow_Leaf_Curl_Virus,Tomato___Tomato_Yellow_Leaf_Curl_Virus,train,val,6,True
41b7b68e72659be94cb7f4ef9ee68f29109baa83001c1207a20d9b2ff4e43e24,35aeaae43ca7b096410ca716534b4d47e34a273ac7e611973bd32957bce20be4,Tomato___Target_Spot/7a154040-f4a1-4821-989c-d1904eaccf4d___Com.G_TgS_FL 8109.JPG,Tomato___Target_Spot/f7ab8f84-31f8-4d1d-9068-e7918ce9c4bf___Com.G_TgS_FL 0780.JPG,Tomato___Target_Spot,Tomato___Target_Spot,train,train,6,False
42f955faf114ef4f9b6f3653c937ff0208ea3a9b995cb441d6cb6cf7211ad015,060ea4b87f9400efd61d7fa761f935d485eb090eb12e646eb7bc8707535ad479,Tomato___Tomato_Yellow_Leaf_Curl_Virus/6f229bf2-8e59-48ee-a175-7b7ca2768c58___UF.GRC_YLCV_Lab 02690.JPG,Tomato___Tomato_Yellow_Leaf_Curl_Virus/e5acbbc3-c89d-4851-a4c7-f0c21401d500___UF.GRC_YLCV_Lab 02688.JPG,Tomato___Tomato_Yellow_Leaf_Curl_Virus,Tomato___Tomato_Yellow_Leaf_Curl_Virus,test,train,6,True
4353b9bf94a5f7934a9a2ecc771daa790940123a9007bd70ee3e898bb11ee445,88a22f19806a0a222b024710334106ac3a278466070019acb3b38d1dcd528af8,Tomato___Bacterial_spot/6c1529dd-54cb-4e3d-924b-f7f05b6f9a4b___GCREC_Bact.Sp 3269.JPG,Tomato___Bacterial_spot/4e726fa5-592c-4e69-a29e-4fc466d82597___GCREC_Bact.Sp 3377.JPG,Tomato___Bacterial_spot,Tomato___Bacterial_spot,train,val,6,True
448b409459ee1e6ece79058579ce38b9926a8700e990a0ada01c003c72d22bcf,e2be69e6744e4dd72f3a83a7d06b40a92204d12699821677e1a389d5cbd82af2,Tomato___healthy/c58defb7-5515-4b89-896f-13039c13051f___GH_HL Leaf 372.1.JPG,Tomato___healthy/4255f30c-f233-4706-9334-bc3c0d09d63d___GH_HL Leaf 372.2.JPG,Tomato___healthy,Tomato___healthy,test,train,6,True
44c0e07bfa84876c315aea88e6630e65afaedc87f16ede2d0779f0b4d06c485a,89f6b68af289e560e535b4ade5bb65bd14c75a9d964ed3b5152cd6ffe3eb0595,Tomato___Tomato_Yellow_Leaf_Curl_Virus/0c4e96da-6951-4706-9738-bc36bf5d0101___YLCV_GCREC 2150.JPG,Tomato___Leaf_Mold/a740fdd7-45f9-445f-a992-37005aa41d32___Crnl_L.Mold 6883.JPG,Tomato___Tomato_Yellow_Leaf_Curl_Virus,Tomato___Leaf_Mold,train,val,6,True
468ec3e5a034f176dc8c6e3cd0ea96fabcbb615da168d680c47b3b2831cc29c6,0bc2d4c4902d4c0df5f28922f1ccf82c3ab15204ff46159e4b1355037252bb3e,Tomato___Tomato_Yellow_Leaf_Curl_Virus/ffa378ce-ee74-4bd3-bb05-ad43d05a91d1___UF.GRC_YLCV_Lab 02805.JPG,Tomato___Tomato_Yellow_Leaf_Curl_Virus/daa12c06-0ef9-4749-83b7-729c840d35a7___UF.GRC_YLCV_Lab 02800.JPG,Tomato___Tomato_Yellow_Leaf_Curl_Virus,Tomato___Tomato_Yellow_Leaf_Curl_Virus,test,val,6,True
469e60168efd43665c5650f3e5b36be2e746d41685360dd2a0a64f6972e1a783,dca40298029a0283391e0516d8d22a7b7066363e20618386bdeb411e3d7304e9,Tomato___Late_blight/7b343a4c-5fbc-40f6-83da-ccae49ebd5fb___GHLB_PS Leaf 35 Day 13.jpg,Tomato___Late_blight/17fcb016-4663-4f95-bc0b-b40392235015___GHLB_PS Leaf 35.1 Day 13.jpg,Tomato___Late_blight,Tomato___Late_blight,train,val,6,True
48d2b9639dd396582de5077fa614b10cff63b73925bb608dc62e6363150f1f64,6c28840ec2f8395d8836a5a1f8f917ad566548dc47547847bf1e5f06eade84d5,Tomato___Bacterial_spot/b0827469-6ac0-4a9e-baca-ac4763b00f95___GCREC_Bact.Sp 5866.JPG,Tomato___Early_blight/13c87a78-0a62-4aff-b6f3-fcbf1a8323e6___RS_Erly.B 9612.JPG,Tomato___Bacterial_spot,Tomato___Early_blight,train,train,6,False
499dd627efebece7d650bf8356d5922394bf560317e2ef462a8f8e126b8a0e85,dcc08009c3c7ab0c2b5d5ebbc8dbdb3ad1f306d1d7c07f6963da5dea6e3c8f2b,Tomato___Tomato_Yellow_Leaf_Curl_Virus/33453878-e554-4566-ac50-4a0956548533___UF.GRC_YLCV_Lab 01916.JPG,Tomato___Tomato_Yellow_Leaf_Curl_Virus/cf4df483-23cf-4cff-9ff5-14d3edae4282___UF.GRC_YLCV_Lab 01927.JPG,Tomato___Tomato_Yellow_Leaf_Curl_Virus,Tomato___Tomato_Yellow_Leaf_Curl_Virus,train,train,6,False
4b136d56263d245a20fd1a8cdf89f33b348c34e1492249b1bb0b34adaeedd433,09c3039a519d3e0de418bb97266fa58e0eaf80a5d869d8cd39ed21d5ab7b683b,Tomato___Bacterial_spot/0893cbc5-7c6f-4ed2-863a-78f0bdb31ba0___GCREC_Bact.Sp 6174.JPG,Tomato___Early_blight/54d55df4-c760-4191-b998-d1e1493a35f5___RS_Erly.B 7524.JPG,Tomato___Bacterial_spot,Tomato___Early_blight,train,train,6,False
4b962d890eb010d316fefb69d0289ddeae5c4d632e020e32b804a7e4810442ed,7d2cadf0083a7b6203db920389308a3f586b0c7c8a71bd50d6c61c333e5c6c7c,Tomato___Leaf_Mold/f2da011d-7004-40de-ba61-9e9fe12ad6b0___Crnl_L.Mold 7143.JPG,Tomato___Spider_mites Two-spotted_spider_mite/5789f0fc-1ed2-4a93-ac00-1c9b7ebd0a52___Com.G_SpM_FL 9618.JPG,Tomato___Leaf_Mold,Tomato___Spider_mites Two-spotted_spider_mite,train,train,6,False
4c34e82e2f8f81a923fd9677ad91eaa4ad9772f7afde5015cf85403d4fa39be6,72790a8b771d681bcbcfefe37d5373ce456d1a9358468462285cd43ad773d4da,Tomato___Bacterial_spot/31549f17-8b3c-4a16-9775-d3c50db39fb8___GCREC_Bact.Sp 5968.JPG,Tomato___Bacterial_spot/53d941ee-48e5-4669-8cf4-7a04fb68e808___GCREC_Bact.Sp 5893.JPG,Tomato___Bacterial_spot,Tomato___Bacterial_spot,val,val,6,False
4c96bb96897603c67d17ec6e85d10e3d04945fd7d800ec2871539bfceca875da,1d19c95c0ce3587f6714d6c6049f0ff4918d632761cd5f0f872915ee3a0ddd17,Tomato___Late_blight/16064333-c2da-40e0-9f24-c709191e66b1___RS_Late.B 5421.JPG,Tomato___Early_blight/0f7a2408-9c26-4ff9-bee5-2bfcd91a11f7___RS_Erly.B 9440.JPG,Tomato___Late_blight,Tomato___Early_blight,train,val,6,True
4d1a18c9923b6d7a746f1e4435271478449c1c5babdf698e950f3311e8261f54,91425b219772291b34d8e9df4687376d7d5ce204a4a07f8c3cc5f5eb61765815,Tomato___Tomato_Yellow_Leaf_Curl_Virus/05cf960c-00c5-4a93-a3d4-0be3ba9871f6___UF.GRC_YLCV_Lab 02633.JPG,Tomato___Tomato_Yellow_Leaf_Curl_Virus/c7328a1e-ca49-4576-b106-0efe6a5409a6___UF.GRC_YLCV_Lab 02617.JPG,Tomato___Tomato_Yellow_Leaf_Curl_Virus,Tomato___Tomato_Yellow_Leaf_Curl_Virus,train,train,6,False
4d1a18c9923b6d7a746f1e4435271478449c1c5babdf698e950f3311e8261f54,d09b210b7c8295c976711feb9c1411cb6a0dea107154c5a1b4e1007654de3bd1,Tomato___Tomato_Yellow_Leaf_Curl_Virus/05cf960c-00c5-4a93-a3d4-0be3ba9871f6___UF.GRC_YLCV_Lab 02633.JPG,Tomato___Tomato_Yellow_Leaf_Curl_Virus/2c63abde-6c3f-422f-861d-ef78dce24a3c___UF.GRC_YLCV_Lab 02630.JPG,Tomato___Tomato_Yellow_Leaf_Curl_Virus,Tomato___Tomato_Yellow_Leaf_Curl_Virus,train,val,6,True
4d4a1d6daf3c827cd8351b2156a26940c03e255ca964eba90960d7c5fc473ab5,70e2776903ade9461fdc0eddc9e9e7a6c0ae370bcf42ce48ff1426bab3df92d3,Tomato___Spider_mites Two-spotted_spider_mite/06e43f45-f56b-4979-b4a3-10eafeaddf3e___Com.G_SpM_FL 9534.JPG,Tomato___Spider_mites Two-spotted_spider_mite/cc76b3ae-c1e0-4f0a-b7a0-9696a18079e5___Com.G_SpM_FL 9531.JPG,Tomato___Spider_mites Two-spotted_spider_mite,Tomato___Spider_mites Two-spotted_spider_mite,train,val,6,True
4d55fde10739fe09ffe9ee7adb83afba8fc45f20a730da17f61671c347c17652,5f74feec6bbd2499e8073c7af3b1cf7ff5a5926522a73bc2757a2ee97fef75f8,Tomato___Bacterial_spot/98abbc97-8dd1-4e70-af78-d88b0c26aaf9___GCREC_Bact.Sp 5922.JPG,Tomato___Bacterial_spot/841ea726-5c4a-4447-9f56-0eda38f002d2___GCREC_Bact.Sp 3388.JPG,Tomato___Bacterial_spot,Tomato___Bacterial_spot,train,val,6,True
4d83f8b45d0dc2c495a65a5e4dd9dcd4184b151dd0d15856e4ad332bd5327a29,e4d47714d4637f5c349ae9bd2a0f41598c436fe61ac28455c45ef5b3cd0c550a,Tomato___Spider_mites Two-spotted_spider_mite/fff8949b-3721-4f42-a489-8d39753fe7bb___Com.G_SpM_FL 8656.JPG,Tomato___Tomato_mosaic_virus/1b9dc07a-40ab-45bc-a873-1ad4212e35a3___PSU_CG 2289.JPG,Tomato___Spider_mites Two-spotted_spider_mite,Tomato___Tomato_mosaic_virus,train,train,6,False
51c31b5d87601807133adb4990eea09a5e769c49e46283fc83017fc29146c79d,25469118bab1d4387b58c37526a23fb8942a03a8f4b895c4f9776c4cee78aeb5,Tomato___Tomato_Yellow_Leaf_Curl_Virus/20ab92ef-69fb-40ca-9410-4d34c97b5638___UF.GRC_YLCV_Lab 02574.JPG,Tomato___Tomato_Yellow_Leaf_Curl_Virus/4bebb8b8-3b71-48ce-9636-354b8dc63780___UF.GRC_YLCV_Lab 02587.JPG,Tomato___Tomato_Yellow_Leaf_Curl_Virus,Tomato___Tomato_Yellow_Leaf_Curl_Virus,train,train,6,False
52df820b414431df55e174b81df8f2907be3a92ca25e76769e8094698243b41f,29612bbb5e3f2dbc84450c363e027eebcb0c7e920b62611c1fb0c3941a342377,Tomato___Bacterial_spot/e4dad7d3-b043-4dc9-9b41-0df12c1a6823___GCREC_Bact.Sp 5822.JPG,Tomato___Bacterial_spot/13a0b443-c0b3-45fe-a22d-965a87a9b45e___GCREC_Bact.Sp 3108.JPG,Tomato___Bacterial_spot,Tomato___Bacterial_spot,test,train,6,True
53b221f3f3efb7e09e8d502ac96aeec9c90d14942fdb2814b2e0a959da0bdf60,7d0475356dc69358623e77b578c53aff1949d0689efc0f136e8369a670627121,Tomato___Tomato_Yellow_Leaf_Curl_Virus/92993d98-9fe1-4299-98c9-c1cb1caa7a67___UF.GRC_YLCV_Lab 09346.JPG,Tomato___Tomato_Yellow_Leaf_Curl_Virus/c0732fd4-5ec2-46bd-9d47-e0da19c8f8ca___UF.GRC_YLCV_Lab 09349.JPG,Tomato___Tomato_Yellow_Leaf_Curl_Virus,Tomato___Tomato_Yellow_Leaf_Curl_Virus,train,train,6,False
541071cc91de7cbccf39039bbc49fdda7dae237cd8352bb420c2385ba4e024ba,c1d8f8c05bf2cf1234abfbfbd17a518b41d61f74be253690130206121a26e812,Tomato___Tomato_Yellow_Leaf_Curl_Virus/b784d4b7-c7d6-441c-8b6d-307f4937ffe2___UF.GRC_YLCV_Lab 09480.JPG,Tomato___Septoria_leaf_spot/4dca99fe-1184-4728-874c-f902bc48f934___JR_Sept.L.S 8453.JPG,Tomato___Tomato_Yellow_Leaf_Curl_Virus,Tomato___Septoria_leaf_spot,test,train,6,True
55d280a6ffbc578dce60766b294212fc57ef695b2a21402edb7b4e52926cee65,aac7b1490cdb7b7b130b2668d69bcc6b6a3f280e1a53d18ca7380f564c2197e3,Tomato___Tomato_Yellow_Leaf_Curl_Virus/5cca9ef3-355a-49a5-a472-61fc9f4a2685___UF.GRC_YLCV_Lab 03229.JPG,Tomato___Tomato_Yellow_Leaf_Curl_Virus/ed1d52ff-5971-4c9a-bdde-3de21492f57c___UF.GRC_YLCV_Lab 03230.JPG,Tomato___Tomato_Yellow_Leaf_Curl_Virus,Tomato___Tomato_Yellow_Leaf_Curl_Virus,train,train,6,False
560e06c3370f08bb36c7ca485cda5064eb5a06ee793643831f69b13ecb38c978,87ae2d3db3fdc84f2d967e578171c38960541fb2a07dcdef92f4d39383850609,Tomato___Spider_mites Two-spotted_spider_mite/cb50c515-6885-4fc5-903e-b9fbac229a37___Com.G_SpM_FL 1667.JPG,Tomato___Target_Spot/d1c4acfe-82e8-4f48-b8c7-39074dfe6f9e___Com.G_TgS_FL 9784.JPG,Tomato___Spider_mites Two-spotted_spider_mite,Tomato___Target_Spot,train,train,6,False
56b8340c658e905e8754d2237905ff05ec9e3ea6014b90e3cfb780ac8fa14060,2fdc04927bf810006cd93ecf3c55e5169464be21478a88cfbea889b1508ac426,Tomato___Spider_mites Two-spotted_spider_mite/0a246e71-0551-4603-a017-d1dfc4ea06be___Com.G_SpM_FL 1178.JPG,Tomato___Target_Spot/1220c0aa-f6e0-4b7d-ab11-44e73b0b10f4___Com.G_TgS_FL 9863.JPG,Tomato___Spider_mites Two-spotted_spider_mite,Tomato___Target_Spot,train,train,6,False
58030925de75de720225e2284aa9c036ea7414a557e2ebe1fca56c85e513d7ee,1d2818cb1f800e7ec0c32908a8e059ae390c5d8076a3e909e1ef87ab47e71c2d,Tomato___Target_Spot/eb278265-e24b-4628-8941-c0b7b167cb27___Com.G_TgS_FL 0783.JPG,Tomato___Tomato_Yellow_Leaf_Curl_Virus/d250bc4b-6d82-4294-9659-419b0e6775c1___YLCV_GCREC 2549.JPG,Tomato___Target_Spot,Tomato___Tomato_Yellow_Leaf_Curl_Virus,train,val,6,True
59e370fa64b1f79059bb0af408ce2ab778b5e7e4fb65f949251327291694b09e,b19dfef390e0f5a50a984fc35a2b6da1dd72cd6ba95fd1bcf5bae8ef3178d48b,Tomato___Spider_mites Two-spotted_spider_mite/a641c588-7ab4-4a6c-8547-c0ae01ff944b___Com.G_SpM_FL 8502.JPG,Tomato___Spider_mites Two-spotted_spider_mite/f326f897-97c5-40fe-a4a5-54569877eb46___Com.G_SpM_FL 8606.JPG,Tomato___Spider_mites Two-spotted_spider_mite,Tomato___Spider_mites Two-spotted_spider_mite,test,train,6,True
5b8559d81190de325c9d8900c4bb9c693f86a2a19b27d512eb73bf884dec5a6d,7a51cfc85b128c59289e335a4b1f5c31d3ba9bec7acea6279cd6a44ed7784f39,Tomato___Tomato_Yellow_Leaf_Curl_Virus/a8735835-2209-4065-807e-287f91ea022c___UF.GRC_YLCV_Lab 02346.JPG,Tomato___Tomato_Yellow_Leaf_Curl_Virus/f8af66c9-8c33-45fb-a18a-1f32766b8531___UF.GRC_YLCV_Lab 02335.JPG,Tomato___Tomato_Yellow_Leaf_Curl_Virus,Tomato___Tomato_Yellow_Leaf_Curl_Virus,test,test,6,False
5c9e92306b722afa58604c84aa4ee4b0571ea8614c45c310be324157a6dff35b,c042907ae41ba05d629c6c7a8075f17cdcb0b79b004e87ee63985f590bbf2bcb,Tomato___Bacterial_spot/1eb86f3d-7d18-41b8-b33c-807662b2d2df___GCREC_Bact.Sp 5555.JPG,Tomato___Bacterial_spot/6cb8d633-865d-4809-99ff-c826fbcbfb7d___GCREC_Bact.Sp 5707.JPG,Tomato___Bacterial_spot,Tomato___Bacterial_spot,train,val,6,True
5c9e92306b722afa58604c84aa4ee4b0571ea8614c45c310be324157a6dff35b,e9a0b4a3be04a7778f92218c17e16f68ccc29d1046ce370c771934c8f7f46343,Tomato___Bacterial_spot/1eb86f3d-7d18-41b8-b33c-807662b2d2df___GCREC_Bact.Sp 5555.JPG,Tomato___Bacterial_spot/bea52a18-00de-4080-b460-4cf34c3c8688___GCREC_Bact.Sp 3499.JPG,Tomato___Bacterial_spot,Tomato___Bacterial_spot,train,train,6,False
5e8630a6d8bfdcc57a4aab5c9a9e04f9d0425c89113fa84a10abd36ee6939a98,abd24d3a69a94b769e90327fc9570164632a0962b6ded71fb8dc77000c9271e8,Tomato___Tomato_Yellow_Leaf_Curl_Virus/81b06de5-7a1a-40e5-8626-81004a3ed36f___YLCV_GCREC 2801.JPG,Tomato___Tomato_Yellow_Leaf_Curl_Virus/96e7b838-1e6b-4049-9a1c-9fd0202203ff___YLCV_GCREC 5442.JPG,Tomato___Tomato_Yellow_Leaf_Curl_Virus,Tomato___Tomato_Yellow_Leaf_Curl_Virus,test,train,6,True
5eadf7d5a7e3358f85606cf6fbe1e04cbf02050ddb4fb0fbce3449475db18fe1,6f1f29d9e3613936e5b7541907305899ab25b693e70ceafc3d57eb54804c2c59,Tomato___Tomato_Yellow_Leaf_Curl_Virus/1a41e1f4-7dc9-4e17-a2b9-bd708abdeb96___UF.GRC_YLCV_Lab 08529.JPG,Tomato___Tomato_Yellow_Leaf_Curl_Virus/5a1ad8fc-0125-46fd-bd87-26b2294633c3___UF.GRC_YLCV_Lab 08528.JPG,Tomato___Tomato_Yellow_Leaf_Curl_Virus,Tomato___Tomato_Yellow_Leaf_Curl_Virus,train,train,6,False
5ee1593f4962958ef2dceac307ee792e001705846677a904476b5068edabee27,d90583f43d984e7b67703761c0fada2a56c5c20712efddf1b606bb7b6743465e,Tomato___Tomato_Yellow_Leaf_Curl_Virus/89ccb8de-2351-4894-805e-03d088eb7629___UF.GRC_YLCV_Lab 02189.JPG,Tomato___Tomato_Yellow_Leaf_Curl_Virus/9ca05607-17fe-4710-b8d7-abf0b9451f0a___UF.GRC_YLCV_Lab 02181.JPG,Tomato___Tomato_Yellow_Leaf_Curl_Virus,Tomato___Tomato_Yellow_Leaf_Curl_Virus,train,train,6,False
5f207e28fcd65450f6b85345dd0fc040139d9bda05fcf77ffc3adfa0e23d4183,783d276de61c7e903d92949a0ab7f6383db002db40ddec0815907c0b3ee731ab,Tomato___Tomato_Yellow_Leaf_Curl_Virus/70734df3-e201-4660-bdc7-8728f3a47c0f___UF.GRC_YLCV_Lab 02596.JPG,Tomato___Tomato_Yellow_Leaf_Curl_Virus/28c31aa4-21c2-47e8-9873-45047f0b5e2c___UF.GRC_YLCV_Lab 02616.JPG,Tomato___Tomato_Yellow_Leaf_Curl_Virus,Tomato___Tomato_Yellow_Leaf_Curl_Virus,test,train,6,True
5fb8ab66175d553dd2c9c12153114c388ffe94b3deaf4a7c2d621c8644c6c33b,833a593e91b1db3f9f3e6bfaeb83e2378107c2ac9f86f01c61b04fe56798b1a8,Tomato___Tomato_Yellow_Leaf_Curl_Virus/a773a7f6-b969-498f-93ad-b14f3b84dbe8___UF.GRC_YLCV_Lab 02634.JPG,Tomato___Tomato_Yellow_Leaf_Curl_Virus/bb292b2e-4447-4433-bab9-d8e1e29c7d5b___UF.GRC_YLCV_Lab 02635.JPG,Tomato___Tomato_Yellow_Leaf_Curl_Virus,Tomato___Tomato_Yellow_Leaf_Curl_Virus,train,train,6,False
605b264d2b457fe8f45459c2ad07891640785799ccd2efb919afe0e015d9dd16,4b779471e7a4b2fff97365e58ec35e977edeaffed1cdba5f1294b2c5ebb2e861,Tomato___Septoria_leaf_spot/8f2c9096-f0af-4f68-a0cb-9343ac4eacb2___Matt.S_CG 1228.JPG,Tomato___Septoria_leaf_spot/ce1c325e-c775-4428-92fe-b907fd5eef83___Matt.S_CG 1229.JPG,Tomato___Septoria_leaf_spot,Tomato___Septoria_leaf_spot,test,val,6,True
610656b07146f4cf0d3085afa08065fa1b40da7dd266cbecceb3d8d2baf6c165,55ae01511056c24173fdff95bcb517014e3bc10af59f3efe876ef4e1a3c79b1d,Tomato___Bacterial_spot/c3ac7b7a-a626-4004-ae2b-58720f38f027___GCREC_Bact.Sp 6299.JPG,Tomato___Target_Spot/a53a22ed-dd38-42bd-9626-4f2824531072___Com.G_TgS_FL 9851.JPG,Tomato___Bacterial_spot,Tomato___Target_Spot,train,val,6,True
6107ff1c0a077b9d35083a53cb3fbc7aee746116fac75c5465b56c2fde429157,91d9d162a62ea2b893353a865e01363c0b605f870ec506df9e548315ddec74f2,Tomato___Late_blight/de272472-c653-4102-beac-6813da817d21___GHLB2 Leaf 153.2.JPG,Tomato___Late_blight/abc618dc-e185-4866-a09c-6073404cac76___GHLB2 Leaf 153.1.JPG,Tomato___Late_blight,Tomato___Late_blight,train,val,6,True
6335a7436849a9c55be3c598fa34208edfb500e6e70ba5eed41f5d6b04883cb7,aa6b1e3a972bb8b00d797c8d40b32cf50f65374930588f634035d5955be1f555,Tomato___Bacterial_spot/499ed0ff-447b-4f2b-9f9d-d733202b4fcf___GCREC_Bact.Sp 3407.JPG,Tomato___Bacterial_spot/c37d3b8a-fecc-488a-ab78-c00f5240283c___GCREC_Bact.Sp 3343.JPG,Tomato___Bacterial_spot,Tomato___Bacterial_spot,train,train,6,False
63d4695e152efc07a2c25b04f8e554616f8a3aa3ddca01a749020ddb51a7fe26,386015b3c0c6dc6486e7d494d29c2a34806517cf2f851e97404bdb0dd6ada5dc,Tomato___Tomato_Yellow_Leaf_Curl_Virus/36fe1ff2-b5a0-45c4-9920-0c5825713e48___UF.GRC_YLCV_Lab 02873.JPG,Tomato___Tomato_Yellow_Leaf_Curl_Virus/f040657b-3db1-4bb3-bea8-1e821c36e655___UF.GRC_YLCV_Lab 02866.JPG,Tomato___Tomato_Yellow_Leaf_Curl_Virus,Tomato___Tomato_Yellow_Leaf_Curl_Virus,train,train,6,False
6503d3ef219e94e34c6cff2be7033e7775409489668d360bfd5fec7c25380def,d48c697b596b2e6855c6f608baf7b5c1834f70f8c7c1b784d30a2d137d4bc5b3,Tomato___Tomato_Yellow_Leaf_Curl_Virus/65801388-466c-42f5-b517-5c4a170b8f43___UF.GRC_YLCV_Lab 02428.JPG,Tomato___Tomato_Yellow_Leaf_Curl_Virus/a2c29647-7a47-4edb-b957-abc2d4cf963a___UF.GRC_YLCV_Lab 02420.JPG,Tomato___Tomato_Yellow_Leaf_Curl_Virus,Tomato___Tomato_Yellow_Leaf_Curl_Virus,train,val,6,True
65d5841056acea4499c01d1de191528ee70ff957efe15a81ed33e984ae353acb,1f01fddc725275286daefdeaaab84eb62bb545007024155957c1b9e9263277e7,Tomato___Spider_mites Two-spotted_spider_mite/e9b2e448-c8b7-4fde-b1f2-1ab86dce0b86___Com.G_SpM_FL 1330.JPG,Tomato___Spider_mites Two-spotted_spider_mite/b922a594-89b4-417f-ba52-b38eda920525___Com.G_SpM_FL 1398.JPG,Tomato___Spider_mites Two-spotted_spider_mite,Tomato___Spider_mites Two-spotted_spider_mite,train,val,6,True
6635ac48267f819281536681d90a350a9f2d1641f5cdbf54ddb3146a42a8c1e1,8c0549c3e52e7bb24916b4265c92f53b96515c77958a945964aa0f145a82f26a,Tomato___Tomato_Yellow_Leaf_Curl_Virus/06718520-1ddc-40e0-ada1-37910bc41e36___UF.GRC_YLCV_Lab 01534.JPG,Tomato___Tomato_Yellow_Leaf_Curl_Virus/e5777f61-ddb7-4acb-bd53-0ca82ba5ab52___UF.GRC_YLCV_Lab 01536.JPG,Tomato___Tomato_Yellow_Leaf_Curl_Virus,Tomato___Tomato_Yellow_Leaf_Curl_Virus,train,train,6,False
66aee6f5832163cca268fe5f984166019039f643cdfc84b61c6d0fd3c8668013,2d611ba7e205e65a0c83d04a04aae7a669ec7c605185f5f4aee84188a9bc20c1,Tomato___Late_blight/cebd5337-bb61-4454-93da-bba4169f0802___GHLB2 Leaf 145.JPG,Tomato___Late_blight/16e4a1f9-21c2-4c1a-bdbc-1336da74ba2c___GHLB2 Leaf 145.3.JPG,Tomato___Late_blight,Tomato___Late_blight,train,val,6,True
69959673c5dad8b1f1efd2b5edf00b58e0606e8d7d360377386601ae4e049506,9f975c0123368bdc4b7ec172a9bcc56b210d5f32a68139033a628fae2e23f3b4,Tomato___Tomato_Yellow_Leaf_Curl_Virus/ad33c873-d846-4330-86f8-4cab39e7056c___YLCV_GCREC 2522.JPG,Tomato___Spider_mites Two-spotted_spider_mite/4a6a93a5-d51c-4769-8669-12ec54d87ce6___Com.G_SpM_FL 9441.JPG,Tomato___Tomato_Yellow_Leaf_Curl_Virus,Tomato___Spider_mites Two-spotted_spider_mite,train,val,6,True
69aeaf831ff641228342ecbcb870695e678d0b68e984fbc68e88edd451bc9353,5c9e7781c050ac6a7975d1e4216f1dee4b27c76036faf23f366ca39e4b4c568e,Tomato___Late_blight/118be78d-e498-427f-8399-add5e8ab1b15___GHLB2 Leaf 149.3.JPG,Tomato___Late_blight/37621a3b-a1df-4052-bd30-40ac0f04252a___GHLB2 Leaf 149.1.JPG,Tomato___Late_blight,Tomato___Late_blight,train,train,6,False
69c9bcf5e51cee7a3656bee4937c3dcbf3c9e1112a212beb8fdd8d531592a389,31175a68a955756dd791c68f800437bc82267181009531603ffbb702e1b3673b,Tomato___Septoria_leaf_spot/e3c99f3d-4947-41c6-99b1-137fb60195d2___Matt.S_CG 1374.JPG,Tomato___Septoria_leaf_spot/e38e01c9-c22c-41d9-9391-7f0227cfc666___Matt.S_CG 1373.JPG,Tomato___Septoria_leaf_spot,Tomato___Septoria_leaf_spot,train,val,6,True
6b1688e05b6800a789b02fa08a1a583632c830a6d861df5bba2c1f81b9df19fd,777a7c8e8b33248a0dc7890026db8f51853cb3280072c0abd2a9b0ccadfb39f6,Tomato___Bacterial_spot/c41baf9d-cf9e-4acb-a7a8-bb0c7e201621___GCREC_Bact.Sp 3492.JPG,Tomato___Bacterial_spot/ee6e4597-cc98-4966-a9e9-bd6a4a76ea97___GCREC_Bact.Sp 3491.JPG,Tomato___Bacterial_spot,Tomato___Bacterial_spot,train,train,6,False
6b53f0c1a91b86b2993c79d8f74ec740e21cbe2ecd652d08275c3821969d15b7,7b2e7a7a4c2230c1dfaade021c13a8b742fc396385ed1de3061c4b9ea621ffff,Tomato___Tomato_Yellow_Leaf_Curl_Virus/46476c84-3651-4706-af74-ccda9fb43719___UF.GRC_YLCV_Lab 08496.JPG,Tomato___Tomato_Yellow_Leaf_Curl_Virus/c91b0581-41e8-48a5-9807-842ee3ba12ef___UF.GRC_YLCV_Lab 08495.JPG,Tomato___Tomato_Yellow_Leaf_Curl_Virus,Tomato___Tomato_Yellow_Leaf_Curl_Virus,test,test,6,False
6b812073a15ebd513acff7947805ad74e495aaadb8b2317e1d2d9b9acb870300,b97fbb58b33c2a7bdd43bdc1237285eacef36953063b9f161ef1290ef35d5a41,Tomato___Tomato_Yellow_Leaf_Curl_Virus/e14de8d0-dea6-4d96-b9f3-6b0355ef106b___UF.GRC_YLCV_Lab 01743.JPG,Tomato___Tomato_Yellow_Leaf_Curl_Virus/f9213e8e-6a76-48dc-903c-ab8a98439533___UF.GRC_YLCV_Lab 01744.JPG,Tomato___Tomato_Yellow_Leaf_Curl_Virus,Tomato___Tomato_Yellow_Leaf_Curl_Virus,train,train,6,False
6c78b6af567db04eec4f66547ec5ccff96de6a5d0272a2eb03091a2a0010b838,d27124de113be9aea7b99cc04e134b3fb0b1be17b344223bab23a26867a36b9e,Tomato___Early_blight/40e8b878-dc2f-4cbd-ac31-c07f372bb0fa___RS_Erly.B 7369.JPG,Tomato___Bacterial_spot/d8914e04-4e33-4189-bfa9-f547e5f696d1___GCREC_Bact.Sp 3173.JPG,Tomato___Early_blight,Tomato___Bacterial_spot,train,val,6,True
6d749db33de805d38707e567fd01f4f9b3c71140ac17a702c1cb73d52e64d3bb,1441552bf7253aef5a26676d9457bd620a482101a0ce14f29b1d4af4dbda31e3,Tomato___healthy/190a6af7-d7b1-4265-b05b-c126a7962c93___GH_HL Leaf 408.JPG,Tomato___healthy/cc289e5c-7899-4081-9ea9-c3dc3ad3d2d4___GH_HL Leaf 408.1.JPG,Tomato___healthy,Tomato___healthy,train,train,6,False
6fe7b9d06c7475abe42ad194ad27bda256c7bee7afe603610fc3bfd2e51e0387,79c73c7060b94f57ac4fcb2703aa1deab232894baab8cf0df53d0ff3bdaf64ab,Tomato___Spider_mites Two-spotted_spider_mite/1f3c081d-ddf4-48f7-884b-08b3a5b3ae0a___Com.G_SpM_FL 1307.JPG,Tomato___Spider_mites Two-spotted_spider_mite/d8a1b62d-7ea5-417c-aceb-b466f7822690___Com.G_SpM_FL 9487.JPG,Tomato___Spider_mites Two-spotted_spider_mite,Tomato___Spider_mites Two-spotted_spider_mite,train,val,6,True
71374442b40addcb1a12a0d7cb7f816aeff4a776b8975bbc2db93a0890e50acd,c68b94e3df515d826f87a445cea6236ac23c204e2e45f99e3c5ecad19407a4d7,Tomato___Tomato_Yellow_Leaf_Curl_Virus/ee4cb522-6d57-41a5-a425-f1038a1ffe9f___UF.GRC_YLCV_Lab 01432.JPG,Tomato___Tomato_Yellow_Leaf_Curl_Virus/492b9449-ec8d-4e20-a52b-843e8d171a6c___UF.GRC_YLCV_Lab 01431.JPG,Tomato___Tomato_Yellow_Leaf_Curl_Virus,Tomato___Tomato_Yellow_Leaf_Curl_Virus,train,val,6,True
72e8e28a87e25f75942e30bbef7483d4143372978ba5d7cb5f8b54179524db22,b656e271493fd5a11717962ce50cff7d3034b8850b6ce42acc46b00220758f30,Tomato___Leaf_Mold/51cb012e-4646-447c-b63f-9084a370b781___Crnl_L.Mold 6916.JPG,Tomato___Tomato_Yellow_Leaf_Curl_Virus/9a10d739-932c-47ff-af5d-196d5f615e21___YLCV_NREC 0057.JPG,Tomato___Leaf_Mold,Tomato___Tomato_Yellow_Leaf_Curl_Virus,train,train,6,False
7330becb2b1137b6bed0c67d1766425243fd6c5cb4a3b39366e57bab38ab3a98,3e71b2b25be8e016e94a75c1719b50afb808ea805241d7be917e7e2f26fbfecb,Tomato___Bacterial_spot/b39d9edd-bcee-456c-b078-e3e286171114___GCREC_Bact.Sp 3656.JPG,Tomato___Late_blight/a9d292cb-2aaf-44cd-a1ef-bec9b05308b9___RS_Late.B 7005.JPG,Tomato___Bacterial_spot,Tomato___Late_blight,test,train,6,True
73a3ca2362e21f4887ae02cc6e725a41df8b30d55e2cbef85782e5e0851364f5,a1e99ddaacd454fd27c8451bba33f2e89dd5f1547deddcfa9af0047a368872f5,Tomato___Late_blight/d6dde2e1-097a-4d45-b646-0110aaa06107___GHLB2 Leaf 8816.JPG,Tomato___Late_blight/506f24fb-92f4-4fe6-9d67-31e3ddd05fc0___GHLB2 Leaf 8819.JPG,Tomato___Late_blight,Tomato___Late_blight,test,train,6,True
74cb0a24f1ec752c8280e91b58d11daf8aa6a6d7548674d15772e8bec67e65af,6dc1a8a5b3a870fcd367007663a11fd9aa718cc59c732b9d7fc89cb0c0a3d278,Tomato___Late_blight/62474b8c-4625-4d73-ab6a-5e1d328a9cd4___GHLB2 Leaf 9038.JPG,Tomato___Late_blight/050ddb3f-1eb7-4905-8fa3-fc537dc50b7a___GHLB2 Leaf 9042.JPG,Tomato___Late_blight,Tomato___Late_blight,test,train,6,True
752213a89e0aa48951eb7172c437b7e8d3c26e00efeefd33ba9827775a45d8ac,9b86ae9a65575f4bd09e5526b676acfb2690f43bbddcfb32ce6ad43ac4aaca53,Tomato___Bacterial_spot/53f5c516-74f1-41b1-bd89-115568003933___GCREC_Bact.Sp 5704.JPG,Tomato___Bacterial_spot/a0eff094-61e4-42fc-999c-a290cc4c776d___GCREC_Bact.Sp 5708.JPG,Tomato___Bacterial_spot,Tomato___Bacterial_spot,train,train,6,False
762c775c257e8576b92c68d9ae7ae9b11847639cbcf75b2cb992e1726458e2e0,8616bed65cff45f3d48c4f19248d5814267f469da1e760ce35ef0f77ffbfd167,Tomato___Bacterial_spot/e4404de4-7958-4e77-a7ed-664dd0d7f2c9___GCREC_Bact.Sp 5906.JPG,Tomato___Bacterial_spot/2cafa053-4dd6-4528-bb4f-53e4afeecefe___GCREC_Bact.Sp 2968.JPG,Tomato___Bacterial_spot,Tomato___Bacterial_spot,test,train,6,True
762c775c257e8576b92c68d9ae7ae9b11847639cbcf75b2cb992e1726458e2e0,9a140f37c379a3143b1876dbc89df776de7be4ebff58a9d82e934f2717cce1c6,Tomato___Bacterial_spot/e4404de4-7958-4e77-a7ed-664dd0d7f2c9___GCREC_Bact.Sp 5906.JPG,Tomato___Early_blight/0c221e01-a85e-4794-b45b-3a91e349a8d2___RS_Erly.B 6425.JPG,Tomato___Bacterial_spot,Tomato___Early_blight,test,train,6,True
762c775c257e8576b92c68d9ae7ae9b11847639cbcf75b2cb992e1726458e2e0,9a8df682a27a5ff51307ea45c072c7d1227e91c1e4684a16e3edca7323607e3f,Tomato___Bacterial_spot/e4404de4-7958-4e77-a7ed-664dd0d7f2c9___GCREC_Bact.Sp 5906.JPG,Tomato___Bacterial_spot/27a806fe-06f2-48fb-92cf-32d44d545606___GCREC_Bact.Sp 3052.JPG,Tomato___Bacterial_spot,Tomato___Bacterial_spot,test,val,6,True
762c775c257e8576b92c68d9ae7ae9b11847639cbcf75b2cb992e1726458e2e0,9ae186b374bb7af7ba77fa0c42ca3b0c6da0e699398d50cfb830c8f72ed42eda,Tomato___Bacterial_spot/e4404de4-7958-4e77-a7ed-664dd0d7f2c9___GCREC_Bact.Sp 5906.JPG,Tomato___Bacterial_spot/3fb742ed-4a71-47d2-9c40-60768bc01cd4___GCREC_Bact.Sp 5977.JPG,Tomato___Bacterial_spot,Tomato___Bacterial_spot,test,val,6,True
7715a3941fdbc194353c1b384d688c885ec7cb101d16808c126e767ca92cb6a2,1ab1b6878f0ffe9ccc2983adb2fae255bac55bb6a131dbbd29b4beeab3bfaf94,Tomato___Spider_mites Two-spotted_spider_mite/ad4a99a4-3dc7-4401-85d6-d803b9fcc70a___Com.G_SpM_FL 1762.JPG,Tomato___Spider_mites Two-spotted_spider_mite/fa0f71aa-5583-4376-ab17-a755cf065aaf___Com.G_SpM_FL 1520.JPG,Tomato___Spider_mites Two-spotted_spider_mite,Tomato___Spider_mites Two-spotted_spider_mite,test,train,6,True
77648f183b1778f50459d59cb995fb1c9183f1c96d2276fe1c30797c3b4ca0f1,8c0549c3e52e7bb24916b4265c92f53b96515c77958a945964aa0f145a82f26a,Tomato___Tomato_Yellow_Leaf_Curl_Virus/48c5a9cd-b96e-468d-803d-9cf03c56a9e3___UF.GRC_YLCV_Lab 01535.JPG,Tomato___Tomato_Yellow_Leaf_Curl_Virus/e5777f61-ddb7-4acb-bd53-0ca82ba5ab52___UF.GRC_YLCV_Lab 01536.JPG,Tomato___Tomato_Yellow_Leaf_Curl_Virus,Tomato___Tomato_Yellow_Leaf_Curl_Virus,train,train,6,False
77648f183b1778f50459d59cb995fb1c9183f1c96d2276fe1c30797c3b4ca0f1,f2483347c5e1b4a50672014fc09cb8858a2f37d9538a7697bbd30160e046dc36,Tomato___Tomato_Yellow_Leaf_Curl_Virus/48c5a9cd-b96e-468d-803d-9cf03c56a9e3___UF.GRC_YLCV_Lab 01535.JPG,Tomato___Tomato_Yellow_Leaf_Curl_Virus/6b9b1888-d553-4044-9b52-96bd2cccda0d___UF.GRC_YLCV_Lab 01540.JPG,Tomato___Tomato_Yellow_Leaf_Curl_Virus,Tomato___Tomato_Yellow_Leaf_Curl_Virus,train,train,6,False
78dd5aefd49317a439d9d5745af6fcc65c2dee58cb21e858a227f491a999b438,d09a0d07d0ea5b9c3295a87a8c5df9214cfa23a206d34bcf369b283c058e6a8e,Tomato___Tomato_Yellow_Leaf_Curl_Virus/f591877b-3f56-491c-b522-8a192a92e78e___UF.GRC_YLCV_Lab 02503.JPG,Tomato___Tomato_Yellow_Leaf_Curl_Virus/906f8e46-f387-4d39-9d7d-08df032222e0___UF.GRC_YLCV_Lab 02498.JPG,Tomato___Tomato_Yellow_Leaf_Curl_Virus,Tomato___Tomato_Yellow_Leaf_Curl_Virus,train,val,6,True
790f66c8814e0638b8f69ccf740711dff48d8fd41bcc930fb800b3cecd3d1009,c0800f84662ecea53eca46455acc35e23a9c55ea695633b86ad20f431b7b9e8b,Tomato___Bacterial_spot/9886ea69-5a4e-4fa4-9e41-e9f65884ba9e___GCREC_Bact.Sp 3199.JPG,Tomato___Bacterial_spot/4293f140-6bbd-4e7b-af3e-f3d519d72524___GCREC_Bact.Sp 5956.JPG,Tomato___Bacterial_spot,Tomato___Bacterial_spot,train,val,6,True
79c20cc1acbe4b9a8ade7a5f32b3f9ee1918468949e29efa59a559eef4bb6e13,f2a12e40abd338ab4191506123758b51c7c8a84f0ae343bf6d8b02df430ec466,Tomato___Late_blight/745086e9-2e07-48e3-809e-7448e14332ef___GHLB2 Leaf 134.2.JPG,Tomato___Late_blight/d8eb0541-a9f1-423b-8e71-24a031f19530___GHLB2 Leaf 134.1.JPG,Tomato___Late_blight,Tomato___Late_blight,train,train,6,False
7a08a4bd9bb5f04882871848334595d1f974fc053c4eedb700dc72991740c218,9156c24a1ca1ba3451d8dddc0b50a279bf18a6efc1666288c1dafb44ae6a77b1,Tomato___Spider_mites Two-spotted_spider_mite/52082f00-79c2-4043-8af8-7cd8e10e7625___Com.G_SpM_FL 9615.JPG,Tomato___Tomato_Yellow_Leaf_Curl_Virus/f527ed8b-e5c2-4412-948f-d940039d60d3___YLCV_GCREC 5168.JPG,Tomato___Spider_mites Two-spotted_spider_mite,Tomato___Tomato_Yellow_Leaf_Curl_Virus,train,train,6,False
7a897bfe0d7377adb31bff14f7088054c58ac7b29264e888a02f6317254f948c,f4c2f36d8668284a23b0f6441b6b7033356a1a7b357be3c7b4446fbe5a010bdb,Tomato___Bacterial_spot/5e1bc867-05f6-4749-af57-60a73435bba2___GCREC_Bact.Sp 6027.JPG,Tomato___Bacterial_spot/fa3f0b33-f0a0-4625-b7c9-135bea953d91___GCREC_Bact.Sp 6028.JPG,Tomato___Bacterial_spot,Tomato___Bacterial_spot,test,train,6,True
7ad05bcb1a3dba13e5353a3bfa8fbd8584abb7683fe19584facec8d081fad1ef,b9031045166493974c2926118639626d8625fc232308e5c797207d9f684289f6,Tomato___Spider_mites Two-spotted_spider_mite/01963a97-0507-43a6-ae4a-1afd8e0c4f3e___Com.G_SpM_FL 1217.JPG,Tomato___Target_Spot/f01a8609-e4be-4450-a889-509ca769c227___Com.G_TgS_FL 9708.JPG,Tomato___Spider_mites Two-spotted_spider_mite,Tomato___Target_Spot,train,train,6,False
7b6aed2dcdaf909e3d300a63f659b96ed081ebcf6206cfc834b4285a26872113,17e07bd1ad7cfcf065aae8b9d4f63d65ebf82b58fc00e758b957d3e7dcf3d254,Tomato___Tomato_Yellow_Leaf_Curl_Virus/75dd0ad6-c0c5-457a-80e4-e967b7330350___YLCV_NREC 0178.JPG,Tomato___Tomato_Yellow_Leaf_Curl_Virus/c38d09ad-afb9-4f8e-86cd-990dec5d6dbb___YLCV_GCREC 2734.JPG,Tomato___Tomato_Yellow_Leaf_Curl_Virus,Tomato___Tomato_Yellow_Leaf_Curl_Virus,val,val,6,False
7bcf2cc15d5f65f9ea1eec497200a23bade9d4947e41688ed83d180c058eb6a7,cfabf1737b956e226d828101f09b4af367702868b449e3ea5b1e5c1f9bbe3a4a,Tomato___Tomato_Yellow_Leaf_Curl_Virus/55a88925-83ed-4296-a860-3ab43eb3c89e___UF.GRC_YLCV_Lab 02215.JPG,Tomato___Tomato_Yellow_Leaf_Curl_Virus/7b24a9ab-672a-40d9-8ff1-1ae9a932070f___UF.GRC_YLCV_Lab 02216.JPG,Tomato___Tomato_Yellow_Leaf_Curl_Virus,Tomato___Tomato_Yellow_Leaf_Curl_Virus,train,train,6,False
7c4dcd8bca4647f58189be8a023633126c169036e118f97e0d8625d3a652dff9,f3982c9356bdcc468078b422ed4b10beae641cb6ee30c1c0f066241c4346b20f,Tomato___Spider_mites Two-spotted_spider_mite/3a54bf13-626b-4d55-b445-127cc82a52a6___Com.G_SpM_FL 1243.JPG,Tomato___Spider_mites Two-spotted_spider_mite/75c39e92-9f7a-4266-b6bb-56bb3cd48dcb___Com.G_SpM_FL 9523.JPG,Tomato___Spider_mites Two-spotted_spider_mite,Tomato___Spider_mites Two-spotted_spider_mite,train,train,6,False
7db2cbc0ebe548ebff5d17dfe7e4ada720b9784a75ab4effb442648404f55642,1631d626fd9e4a139643beff5efbc4e273d782f218ed85cffa7cb4764679875c,Tomato___Septoria_leaf_spot/6ab1d41b-ce72-4019-9852-5627d34aa0e2___JR_Sept.L.S 2711.JPG,Tomato___Septoria_leaf_spot/dfde75b3-9cba-4b76-85ce-df8fb517976a___JR_Sept.L.S 2716.JPG,Tomato___Septoria_leaf_spot,Tomato___Septoria_leaf_spot,train,train,6,False
7f594db55a909ff4ec82d5c1afad77ec65b2144e8749d6879e2550490c9fee86,b2d2e40abcca73ef11da1d3edd11dde69a505671e6a2d791d12d1ad795c59310,Tomato___Bacterial_spot/ea4ddb4b-216a-4ec2-85bc-06314c7de145___GCREC_Bact.Sp 3022.JPG,Tomato___Bacterial_spot/f8612abc-7408-451f-b6b8-89561d679bd0___GCREC_Bact.Sp 2997.JPG,Tomato___Bacterial_spot,Tomato___Bacterial_spot,test,train,6,True
7f594db55a909ff4ec82d5c1afad77ec65b2144e8749d6879e2550490c9fee86,ee280033db998bafea2ac6d4bc068f9e690a864f5b9a9fcedef1f294c8906420,Tomato___Bacterial_spot/ea4ddb4b-216a-4ec2-85bc-06314c7de145___GCREC_Bact.Sp 3022.JPG,Tomato___Bacterial_spot/e2286f6d-1e30-4528-ab51-84c18a16b7e1___GCREC_Bact.Sp 3503.JPG,Tomato___Bacterial_spot,Tomato___Bacterial_spot,test,train,6,True
8083b70dd1bf22f5b6c3dda825a86ed483836cfb5980fe548c5cb17a42f92213,0b8fa96415cce5f450f2e6ec8767226dcc58002154da3e862ec2ea0e457dc810,Tomato___Bacterial_spot/17ee90d7-f733-4026-a83e-c5c87ad88e67___GCREC_Bact.Sp 5623.JPG,Tomato___Bacterial_spot/f5142872-5e4b-4038-b4fd-b38c4097e5aa___GCREC_Bact.Sp 5679.JPG,Tomato___Bacterial_spot,Tomato___Bacterial_spot,train,train,6,False
8083b70dd1bf22f5b6c3dda825a86ed483836cfb5980fe548c5cb17a42f92213,cfd17a7e6b1bf249f74ea25c70c32d2383af3d55a43e72cbf30bc31a8816eed7,Tomato___Bacterial_spot/17ee90d7-f733-4026-a83e-c5c87ad88e67___GCREC_Bact.Sp 5623.JPG,Tomato___Bacterial_spot/5cf74b8f-2a3a-4141-8309-1c02f01ab444___GCREC_Bact.Sp 5967.JPG,Tomato___Bacterial_spot,Tomato___Bacterial_spot,train,train,6,False
810ccf29164d6111b881a0e46ad98cab48637879a75ef5edc8e66d5784d58f34,171bbb3bd79b9b91bc60d05194963190fb751374d45e7ad93f1c595b84ef9336,Tomato___Late_blight/40a79a6f-e1fc-428c-bd57-3af1a7236156___RS_Late.B 5432.JPG,Tomato___Late_blight/e3c902d2-2086-4025-9a8a-de26b1682cb2___RS_Late.B 5186.JPG,Tomato___Late_blight,Tomato___Late_blight,train,train,6,False
8282e661b26a756193590bebf1c6f98c399fe9fab1f8f0e0652efbcbfd9626e3,7304903c6a9d010473ce1db990fe3ae2cb0c5fb252d5a2286708adb9de99112c,Tomato___Tomato_Yellow_Leaf_Curl_Virus/89f4ab7d-764f-4df5-b244-51c50ce68836___UF.GRC_YLCV_Lab 01460.JPG,Tomato___Tomato_Yellow_Leaf_Curl_Virus/a193e214-3a19-410d-8467-63eafff67aea___UF.GRC_YLCV_Lab 01457.JPG,Tomato___Tomato_Yellow_Leaf_Curl_Virus,Tomato___Tomato_Yellow_Leaf_Curl_Virus,train,train,6,False
82b85062d2103f192fc301bb31ce586a53d198546cfe4a84e2bba726e4f1ccc7,e566cffefff4a2b53d273fc01a9ecb853a2c553e26e8e4e4f2bced490b5d798c,Tomato___Spider_mites Two-spotted_spider_mite/a75666ed-91d1-4f47-bcf2-554c8a5a3fd5___Com.G_SpM_FL 9551.JPG,Tomato___Spider_mites Two-spotted_spider_mite/ce05bc05-0c4c-4290-903c-f46ab2ba1f53___Com.G_SpM_FL 9283.JPG,Tomato___Spider_mites Two-spotted_spider_mite,Tomato___Spider_mites Two-spotted_spider_mite,train,train,6,False
82b85062d2103f192fc301bb31ce586a53d198546cfe4a84e2bba726e4f1ccc7,f16fe37b93012b1e1ad89af3f2601b8c9ebe647d2f723e55b4721742149586cd,Tomato___Spider_mites Two-spotted_spider_mite/a75666ed-91d1-4f47-bcf2-554c8a5a3fd5___Com.G_SpM_FL 9551.JPG,Tomato___Spider_mites Two-spotted_spider_mite/af0d2ecc-72f9-40ca-ad16-b3ef9419e9ec___Com.G_SpM_FL 9559.JPG,Tomato___Spider_mites Two-spotted_spider_mite,Tomato___Spider_mites Two-spotted_spider_mite,train,train,6,False
8385bfc4348171788ff9fc6d073e8d183718a22e8b93bdd1549ef28b2aec85e3,2e99e30ff1cd326c00b2f2bee0e6a49aa511e6fb1aefc621423f58ea45684040,Tomato___Spider_mites Two-spotted_spider_mite/edfb0fe5-a10c-469d-9346-802e68dfcd58___Com.G_SpM_FL 9390.JPG,Tomato___Spider_mites Two-spotted_spider_mite/d2184d36-c149-4bab-bc07-66c9afce4567___Com.G_SpM_FL 9507.JPG,Tomato___Spider_mites Two-spotted_spider_mite,Tomato___Spider_mites Two-spotted_spider_mite,test,train,6,True
856960946febc5e0bbf1acd4862fb3d21c5c839e66391d5a1e1db4a8935589a3,d30b02481a3edec0926ea31268072ac38b9593300cda8b284e0de8c5c259bd74,Tomato___Bacterial_spot/51cb7cc6-9562-4d43-9b6d-0bf168ea8ddd___GCREC_Bact.Sp 5854.JPG,Tomato___Bacterial_spot/c8393f84-d1e1-4165-ae4e-eaa196db9523___GCREC_Bact.Sp 3404.JPG,Tomato___Bacterial_spot,Tomato___Bacterial_spot,train,train,6,False
85a026b5db9889af608ba91f359c228e9afc4dc1bc987367ea118e761ac18044,ae722ce35a2d44941607ca2a3562b63a275dae7b1d302c9fd2c5f961c93ab40f,Tomato___Tomato_Yellow_Leaf_Curl_Virus/1018b818-a803-4bd9-9551-a85a410b03a1___YLCV_GCREC 5419.JPG,Tomato___Tomato_Yellow_Leaf_Curl_Virus/9bf28103-50ef-4fdc-a06c-86b61d34e8ae___YLCV_NREC 2865.JPG,Tomato___Tomato_Yellow_Leaf_Curl_Virus,Tomato___Tomato_Yellow_Leaf_Curl_Virus,test,train,6,True
85e00d56efa4f9c494eb1b661422fd3a3070bbcd7f423f26086cc2e5c0d5f108,677cab5c7f2fffeb3ec502d1a2bd992c86bfd429c4afe6a465fcaff831b7e460,Tomato___Early_blight/00e7c4b2-3005-4558-9cfa-235e356cb7a8___RS_Erly.B 7844.JPG,Tomato___healthy/633b3f16-21a5-4e44-b9fe-8ba149264915___RS_HL 0482.JPG,Tomato___Early_blight,Tomato___healthy,train,val,6,True
861eeeea768999d97c454d368ec94432856dc3a362a2a984db207493d58d1e80,511bcabe944d0872ef752900cbe0425d923cca3568bbe4bcd24c15c6d5d76170,Tomato___Tomato_Yellow_Leaf_Curl_Virus/4216d51d-afb3-4b53-9d16-45d29d8c708a___YLCV_GCREC 2171.JPG,Tomato___Tomato_Yellow_Leaf_Curl_Virus/c1113e7c-1f38-46ce-bc06-0b7173efc271___YLCV_GCREC 2311.JPG,Tomato___Tomato_Yellow_Leaf_Curl_Virus,Tomato___Tomato_Yellow_Leaf_Curl_Virus,train,train,6,False
89f36c22de8b5c557463ab480229b73d75af88406aef1578da91167662e2242b,766c5489199df5791bd2d028fa245ca7701fbb18e191009009aea8e1a9c0339e,Tomato___Bacterial_spot/f2ea99a2-3e21-45ff-adf0-b7cfdd955d68___GCREC_Bact.Sp 5959.JPG,Tomato___Tomato_Yellow_Leaf_Curl_Virus/20361a6f-2c6d-4b39-8acb-da0d888ccf47___YLCV_GCREC 2542.JPG,Tomato___Bacterial_spot,Tomato___Tomato_Yellow_Leaf_Curl_Virus,train,train,6,False
8baec0377f6ede7121fb30dcd4be7396ad1c613fa9a4bb1fb9d59bad3366cc20,f01d01f65e66775370021697e5de19cd622378c5afa5619ec738f20e55b41d9e,Tomato___Tomato_Yellow_Leaf_Curl_Virus/044ac80b-046b-4571-a43b-7d179f1610bc___UF.GRC_YLCV_Lab 01310.JPG,Tomato___Tomato_Yellow_Leaf_Curl_Virus/6294d7bb-dbef-4630-8298-4c9bbdb3ce6a___UF.GRC_YLCV_Lab 01314.JPG,Tomato___Tomato_Yellow_Leaf_Curl_Virus,Tomato___Tomato_Yellow_Leaf_Curl_Virus,train,val,6,True
8d903d1797e6a4867624c8e4d2286c75c421ea7bb43122a6fd6e04ff12949441,f6ccb3ad38e4f829182417c5f9a61e36ebbed6994c94bbfdc88935940f41fccf,Tomato___Tomato_Yellow_Leaf_Curl_Virus/020ff520-4b65-4f52-89b3-fe6ca90e0601___UF.GRC_YLCV_Lab 02220.JPG,Tomato___Tomato_Yellow_Leaf_Curl_Virus/0ce66ec5-0bb7-4fde-9c61-750a1a150f75___UF.GRC_YLCV_Lab 02219.JPG,Tomato___Tomato_Yellow_Leaf_Curl_Virus,Tomato___Tomato_Yellow_Leaf_Curl_Virus,train,train,6,False
8df64a4d208bcdf5946877663858f9ab43ce583a55581afbb1aa382b76d311b6,ff4d2a444ebc0408f90f0f92c5dbe445ff77f8174fa769858ab864a720223a21,Tomato___Spider_mites Two-spotted_spider_mite/3b62abc2-b01e-4a47-bc67-fd677a3840fe___Com.G_SpM_FL 8787.JPG,Tomato___Tomato_Yellow_Leaf_Curl_Virus/1c264e0f-1988-4d30-a311-7422148656f8___YLCV_GCREC 2789.JPG,Tomato___Spider_mites Two-spotted_spider_mite,Tomato___Tomato_Yellow_Leaf_Curl_Virus,train,val,6,True
8edc3bd09cd70cb63d47045b37fde4f5e3e66d50b0771baf67d1914a41a9b12e,70ab1259cac8a01a8ea89b35134bdd1f172032e232978800a3c024caf1050794,Tomato___Spider_mites Two-spotted_spider_mite/085cdef7-8892-4873-a0e7-5715082762d0___Com.G_SpM_FL 8650.JPG,Tomato___Spider_mites Two-spotted_spider_mite/f82052fb-163c-4ef6-acf0-49543f500f72___Com.G_SpM_FL 8494.JPG,Tomato___Spider_mites Two-spotted_spider_mite,Tomato___Spider_mites Two-spotted_spider_mite,train,train,6,False
90eec81db1a458ec78e5cc71b87de22ff507145905891511297d231030f498cf,36676556c813a70ca2f88e20e514dcd1835821db02a36a6370e451fe078ccc13,Tomato___Tomato_Yellow_Leaf_Curl_Virus/628a1db2-79a4-43c4-a51a-3dba32d1af01___UF.GRC_YLCV_Lab 09358.JPG,Tomato___Tomato_Yellow_Leaf_Curl_Virus/badbf078-c558-4ac9-a037-eac556e02a3e___UF.GRC_YLCV_Lab 09361.JPG,Tomato___Tomato_Yellow_Leaf_Curl_Virus,Tomato___Tomato_Yellow_Leaf_Curl_Virus,test,test,6,False
90eec81db1a458ec78e5cc71b87de22ff507145905891511297d231030f498cf,dae011426a1645599a426c1ef20f73fbb56afc23d1cbb2dc7851c04fc916ff67,Tomato___Tomato_Yellow_Leaf_Curl_Virus/628a1db2-79a4-43c4-a51a-3dba32d1af01___UF.GRC_YLCV_Lab 09358.JPG,Tomato___Tomato_Yellow_Leaf_Curl_Virus/6ea7ff94-e0af-48d6-a6d9-3d4e787f8e5f___UF.GRC_YLCV_Lab 09355.JPG,Tomato___Tomato_Yellow_Leaf_Curl_Virus,Tomato___Tomato_Yellow_Leaf_Curl_Virus,test,train,6,True
91425b219772291b34d8e9df4687376d7d5ce204a4a07f8c3cc5f5eb61765815,d09b210b7c8295c976711feb9c1411cb6a0dea107154c5a1b4e1007654de3bd1,Tomato___Tomato_Yellow_Leaf_Curl_Virus/c7328a1e-ca49-4576-b106-0efe6a5409a6___UF.GRC_YLCV_Lab 02617.JPG,Tomato___Tomato_Yellow_Leaf_Curl_Virus/2c63abde-6c3f-422f-861d-ef78dce24a3c___UF.GRC_YLCV_Lab 02630.JPG,Tomato___Tomato_Yellow_Leaf_Curl_Virus,Tomato___Tomato_Yellow_Leaf_Curl_Virus,train,val,6,True
91bc8042ac008322de8a41fbc2980011eb9225653c7eebf3a525cc896010b0f1,63486aad0e76dcd2e2c40989a6480e61ac7710e0385e92ee9134e9e7e359e061,Tomato___Tomato_Yellow_Leaf_Curl_Virus/a04cd262-ad83-468f-94c1-6142da11a28c___UF.GRC_YLCV_Lab 02876.JPG,Tomato___Tomato_Yellow_Leaf_Curl_Virus/cc6509ac-44dd-4bdb-b22c-fdc611f4a74b___UF.GRC_YLCV_Lab 02875.JPG,Tomato___Tomato_Yellow_Leaf_Curl_Virus,Tomato___Tomato_Yellow_Leaf_Curl_Virus,train,train,6,False
93be07a44cb102561c53b4a998d0ed02d8a737b79dd0fc057a2e402b850f4e4f,5d3e2b122a116f724938d3d1e5b27ec1504b2c6483832dfba637991fb17dd67e,Tomato___Tomato_Yellow_Leaf_Curl_Virus/36489515-f73d-4cc5-a27b-eeb2d33280cd___UF.GRC_YLCV_Lab 02729.JPG,Tomato___Tomato_Yellow_Leaf_Curl_Virus/e571b56f-b93b-4132-8265-5356bb0cb704___UF.GRC_YLCV_Lab 02712.JPG,Tomato___Tomato_Yellow_Leaf_Curl_Virus,Tomato___Tomato_Yellow_Leaf_Curl_Virus,train,val,6,True
943e28e7f3db5ad058d107a04dfccaf915785911ebd110242c58a643b1a4d56b,6eed7d039eb1671d0a20df91f68b16f56ac05fd6293c59786f68cacb4dc73f9a,Tomato___Tomato_Yellow_Leaf_Curl_Virus/6ad92a75-7e03-4f29-b5a5-072711c425c5___UF.GRC_YLCV_Lab 02855.JPG,Tomato___Tomato_Yellow_Leaf_Curl_Virus/4a5b0a30-27ff-400d-ad0c-0ee1e68df21b___UF.GRC_YLCV_Lab 02840.JPG,Tomato___Tomato_Yellow_Leaf_Curl_Virus,Tomato___Tomato_Yellow_Leaf_Curl_Virus,train,val,6,True
948ee73900c25f382c118a0d60da90ba4d4befd13bc1fa61fbca875dd7e990ec,2a700ce802dfee9b6f03c4a5a416b3d736c6fc0c3d6ccb695dc64207f29a9085,Tomato___Bacterial_spot/32d7007e-5830-4675-8e03-06b60287652f___GCREC_Bact.Sp 3344.JPG,Tomato___Bacterial_spot/de0200a0-173c-401f-827b-2a12d639a744___GCREC_Bact.Sp 3072.JPG,Tomato___Bacterial_spot,Tomato___Bacterial_spot,train,train,6,False
948ee73900c25f382c118a0d60da90ba4d4befd13bc1fa61fbca875dd7e990ec,e38752b3eb03c5793d5a362bcb46bf28073d8adaf03bdcc0aba4744476ea1ba0,Tomato___Bacterial_spot/32d7007e-5830-4675-8e03-06b60287652f___GCREC_Bact.Sp 3344.JPG,Tomato___Bacterial_spot/a6d6640b-c086-44f5-a53f-8cb59f72a7b4___GCREC_Bact.Sp 5886.JPG,Tomato___Bacterial_spot,Tomato___Bacterial_spot,train,val,6,True
95597ed7597da68504f1becce36c140e6ec84039d34c5bba4de59e337b397684,f4f1e374a99dd822ae9a8c200fc30afa0dfff2649b15bcde08843ae81b2646b0,Tomato___Spider_mites Two-spotted_spider_mite/d28089d2-6e51-4b8d-866c-88ecaf0239ac___Com.G_SpM_FL 9422.JPG,Tomato___Spider_mites Two-spotted_spider_mite/d58b9f9a-d62c-44c4-8a76-dba4ccc7fca8___Com.G_SpM_FL 9562.JPG,Tomato___Spider_mites Two-spotted_spider_mite,Tomato___Spider_mites Two-spotted_spider_mite,test,train,6,True
9568e2992de6a86271e62f1805ca928310a7f90189d184abcfbb36ee1024b916,211ee4fdb27f11878cd550c813074c6eec85e4ea211837cc5de6132caa1d76e4,Tomato___Bacterial_spot/38ef51e1-c793-4a6c-b17d-e066bcd533c8___GCREC_Bact.Sp 5639.JPG,Tomato___Bacterial_spot/7218c0f5-1083-4b2d-b0da-4c32edb279de___GCREC_Bact.Sp 3286.JPG,Tomato___Bacterial_spot,Tomato___Bacterial_spot,test,train,6,True
9720f494ae9ff79717390e4709df5d6293dd2ce50fd7a38d51cdead7a06fd586,826ab539e955964d51b9eeaee10372ff6f231a3078614a6f69451639aa709ce7,Tomato___Bacterial_spot/01a46cb5-d354-4f59-868e-e56186701541___GCREC_Bact.Sp 5638.JPG,Tomato___Bacterial_spot/aaa4e010-ef65-4513-af1c-be9fb857fe5d___GCREC_Bact.Sp 5895.JPG,Tomato___Bacterial_spot,Tomato___Bacterial_spot,train,train,6,False
9790344d299ea5a371140172da45fed9d5fd45de89aa791e1dd597369caabdfb,723547ed4719d16c5a2adc6247d339ef29e6ea0e0998b0e1d3bb158399ce2de2,Tomato___Leaf_Mold/55c2cd78-8c7c-4102-801f-c87d2284b874___Crnl_L.Mold 7069.JPG,Tomato___Spider_mites Two-spotted_spider_mite/e5e52f31-6255-4240-bdd6-febca61fd449___Com.G_SpM_FL 9513.JPG,Tomato___Leaf_Mold,Tomato___Spider_mites Two-spotted_spider_mite,train,train,6,False
9884ee0733a189ba957c3460e027e3e4b9c2eccfcbc1c00118feecfd548ff327,987b1a8b64db73d14656de246be342f3d49e3833c01b202a99e81a41a0e5a4fc,Tomato___Early_blight/2a5367b1-6732-4213-b095-5953251324ee___RS_Erly.B 7585.JPG,Tomato___Spider_mites Two-spotted_spider_mite/d56e9013-62c8-4678-95ae-6b9f7e2e16bf___Com.G_SpM_FL 9627.JPG,Tomato___Early_blight,Tomato___Spider_mites Two-spotted_spider_mite,train,train,6,False
9897ac8bbf816069e18d0b2d677d0cdfc0dbe1a0207f6087be2221c14f40c19b,2493361803e30c3fbb42a26a2bd20913d25193687ce33ea0211ec53ee3057610,Tomato___Late_blight/d674cbf6-0cdc-407a-97ea-c3f53f2c51e4___GH_HL Leaf 170.JPG,Tomato___healthy/883b7c13-7aef-4ae9-bd70-065a16226e9d___GH_HL Leaf 170.1.JPG,Tomato___Late_blight,Tomato___healthy,train,train,6,False
9925392327f522d12fbb34c81d94c1bf4137f5cd1e902a321bcf8aa0e34ef8ba,8abb0239b8dd964361b270e03540b04991ec239d704b34cfc18831fdaf5aacf6,Tomato___Spider_mites Two-spotted_spider_mite/c65bee06-904b-4e58-a1e8-9f50d4d19fa7___Com.G_SpM_FL 9414.JPG,Tomato___Spider_mites Two-spotted_spider_mite/0d956449-8243-4229-b293-124461cc4940___Com.G_SpM_FL 9325.JPG,Tomato___Spider_mites Two-spotted_spider_mite,Tomato___Spider_mites Two-spotted_spider_mite,train,val,6,True
9a8df682a27a5ff51307ea45c072c7d1227e91c1e4684a16e3edca7323607e3f,e38752b3eb03c5793d5a362bcb46bf28073d8adaf03bdcc0aba4744476ea1ba0,Tomato___Bacterial_spot/27a806fe-06f2-48fb-92cf-32d44d545606___GCREC_Bact.Sp 3052.JPG,Tomato___Bacterial_spot/a6d6640b-c086-44f5-a53f-8cb59f72a7b4___GCREC_Bact.Sp 5886.JPG,Tomato___Bacterial_spot,Tomato___Bacterial_spot,val,val,6,False
9af3dd1f9508c8944339e627b2de713b6937b4986ee4ccdc67199834d4eca714,9ce99f480815a3458ba7db3984baff619da2f26bde8fa32dff2fa5e700d0b1d6,Tomato___Tomato_Yellow_Leaf_Curl_Virus/af78eb7d-789a-4edb-895a-223b1560f421___YLCV_NREC 2260.JPG,Tomato___Tomato_mosaic_virus/a7c7e844-1b1f-4aaf-aa23-abd2bce9f5fc___PSU_CG 2244.JPG,Tomato___Tomato_Yellow_Leaf_Curl_Virus,Tomato___Tomato_mosaic_virus,train,train,6,False
9dc8c7d47f7c7c3096818d102ab80e9d729893049cb0e6a31220ed373f3179f3,82c65234377a5555599296c46ca0b1a89fcb56a7db5ef26fb1ec6af0bbb7ec96,Tomato___Tomato_Yellow_Leaf_Curl_Virus/09188838-cc89-4925-94c5-d9563c4cb4bf___UF.GRC_YLCV_Lab 02974.JPG,Tomato___Tomato_Yellow_Leaf_Curl_Virus/f52cb85d-97c7-4ac8-b2cd-c40a6e76a171___UF.GRC_YLCV_Lab 02973.JPG,Tomato___Tomato_Yellow_Leaf_Curl_Virus,Tomato___Tomato_Yellow_Leaf_Curl_Virus,train,train,6,False
9e9bf1d7626cb9ab57be92870e35cff4d2251bd4c04e5247d2cf016381d66871,6377dfdff51070e6a5495153c1701d0b277e2cd2aca9362062ecd8e5d3118ea9,Tomato___Bacterial_spot/a3085acc-b437-4987-997b-a2be5b5e9c0d___GCREC_Bact.Sp 3680.JPG,Tomato___Bacterial_spot/d150fcab-c23c-4dd3-869f-961d3104d850___GCREC_Bact.Sp 3194.JPG,Tomato___Bacterial_spot,Tomato___Bacterial_spot,train,train,6,False
a0806217fec898753d5a9afe281a14966715d9387071cd38e03be11f287d9109,a3bb83c569a1a0c11030ace4820b89b9c162710737b61d8da4f4ebe96eaa4d02,Tomato___Late_blight/57e8eac3-bf54-463c-a3d7-6ef04ae0a8dc___GHLB2 Leaf 124.3.JPG,Tomato___Late_blight/87815762-3104-4c15-96c5-238ecda66998___GHLB2 Leaf 124.2.JPG,Tomato___Late_blight,Tomato___Late_blight,train,train,6,False
a1c66df2e50672bd3937007bd3a444e657b038adeb7b38859d0930791ffef5c2,88f3f14dafd50148593df77cdc011fa33c82ca4a1eee8c58ddff17b9cce6c183,Tomato___Tomato_Yellow_Leaf_Curl_Virus/1dd0d62f-7ef7-477f-b781-83423446a1f5___UF.GRC_YLCV_Lab 01580.JPG,Tomato___Tomato_Yellow_Leaf_Curl_Virus/2ff9d604-2e15-4baa-974d-2038df4501e1___UF.GRC_YLCV_Lab 01577.JPG,Tomato___Tomato_Yellow_Leaf_Curl_Virus,Tomato___Tomato_Yellow_Leaf_Curl_Virus,train,train,6,False
a240f281e56d100d9b99a74ed7bc2daa8f779a87f9b2c1936df9a03ae565c515,7a08a4bd9bb5f04882871848334595d1f974fc053c4eedb700dc72991740c218,Tomato___Spider_mites Two-spotted_spider_mite/77659538-6771-4e5d-95a5-be6c55c8f308___Com.G_SpM_FL 9614.JPG,Tomato___Spider_mites Two-spotted_spider_mite/52082f00-79c2-4043-8af8-7cd8e10e7625___Com.G_SpM_FL 9615.JPG,Tomato___Spider_mites Two-spotted_spider_mite,Tomato___Spider_mites Two-spotted_spider_mite,test,train,6,True
a2d005e4e7be3a42a2d1663025f7892c841b5e60c4e7495d931e22f0e8c214ce,b7b54f9928876131d64af73d552a0e1406b962a1a95aa2042528ba5edada647f,Tomato___healthy/8d4a3b2d-bcef-4861-a0a0-c3cb0a1990ce___GH_HL Leaf 204.JPG,Tomato___healthy/973c9431-f521-462d-82fa-442196087ca8___GH_HL Leaf 204.1.JPG,Tomato___healthy,Tomato___healthy,train,train,6,False
a31682f9237d7b189f8f6802d1d6d3d7641a7a8f4046e34341898d297c89b3cf,e4fb7b202f00ee1d7261766f58487f69355cbc4fdab8d2b9386c402b0d298501,Tomato___Late_blight/15313d25-7420-46aa-a28d-92e4b631233e___GHLB2 Leaf 8698.JPG,Tomato___Late_blight/cf0469e3-6a8c-4d3b-a1d3-43b99619b472___GHLB2 Leaf 8699.JPG,Tomato___Late_blight,Tomato___Late_blight,train,train,6,False
a34aebfed89860d67909c0725410f8b7b1c993789bca0aa2263fcc7ffe23e33e,6c916c431bec155add4894c27e29919f3a6ccf3290157b56bd691399b5354521,Tomato___Bacterial_spot/967e3fd5-f8b1-47af-a3c4-d22f0386b013___GCREC_Bact.Sp 5606.JPG,Tomato___Bacterial_spot/b7369ccc-8bb8-462f-a915-d0737d1c87c2___GCREC_Bact.Sp 5646.JPG,Tomato___Bacterial_spot,Tomato___Bacterial_spot,train,train,6,False
a3c6006b007fe87e66cbee67896fe9d97a9767a0f227faa62639207f400fcb13,bdd86826cb50a118d4781d1d59143eea4b0161dd3aa12a4e3936a7a0efa121c7,Tomato___Septoria_leaf_spot/06225525-413e-411b-a503-85e8dc6050a8___JR_Sept.L.S 8351.JPG,Tomato___Target_Spot/c91d0d6a-e92f-4cac-a8ca-a21e25c15ae8___Com.G_TgS_FL 1066.JPG,Tomato___Septoria_leaf_spot,Tomato___Target_Spot,train,train,6,False
a40722ac17f42d159dc71ba5b1a6c6b366d2a129d1bf1cccc4a97c7461cbedc1,3c5d79cc1d6813071d917bde4bf7e06ffc29f3cbe67cf849223654509aa2c61e,Tomato___Late_blight/1db51a76-0e89-45c6-8f00-9262c1c7732e___GHLB2ES Leaf 139.JPG,Tomato___Late_blight/d67013bf-2462-4626-a4fa-e352e7d3008b___GHLB2ES Leaf 139.1.JPG,Tomato___Late_blight,Tomato___Late_blight,test,train,6,True
a4575c2e6c60c25facdb546df7fe5301dc37bc4914d2c1ef50ea39d674e950e3,6cfd3d979f4aaa2dbc07cac4bce35d429cfc222d1fee3cfdd33e88e3ce1cd583,Tomato___Late_blight/2821660a-106c-4e22-9167-6c22f0dd692b___GHLB2 Leaf 8712.JPG,Tomato___Late_blight/e678adf4-2b13-4027-91e8-e997c6362de0___GHLB2 Leaf 8714.JPG,Tomato___Late_blight,Tomato___Late_blight,train,train,6,False
a4dec2a03d229b287f412cdd16fa2a4a4834099b77393865bb9a4afd97bb92f8,ca893e13c7dd3a54715bcfff5a98759a236b61219249fe9efaf00007d91838f9,Tomato___Late_blight/05a34df9-4fc9-460a-b675-3c4a37cfdf4c___GHLB2 Leaf 8917.JPG,Tomato___Late_blight/2e493726-b22f-4e98-a2e2-418a4425cafb___GHLB2 Leaf 8911.JPG,Tomato___Late_blight,Tomato___Late_blight,train,train,6,False
a4f73ee0435e16edef6ada18c569ed42cb5c2c27d683c95400d3977ce09fbf50,32f86f266560780f7403dacc96b97180946ac27e1cb585c76d6f7129182ecd65,Tomato___Tomato_Yellow_Leaf_Curl_Virus/0a85f197-fa0e-4665-be11-d52e84a45878___UF.GRC_YLCV_Lab 02732.JPG,Tomato___Tomato_Yellow_Leaf_Curl_Virus/5cc77961-b6ab-4311-b0d9-8fc38ad0c9e2___UF.GRC_YLCV_Lab 02731.JPG,Tomato___Tomato_Yellow_Leaf_Curl_Virus,Tomato___Tomato_Yellow_Leaf_Curl_Virus,train,train,6,False
a5e9e9d959528a3825ba3dc9a0c2f39002b11fa670d07f6f071eacb9386cb5e5,dcd2db9abf96ca0d80918910ebc6bebf8752360fb8a4181a95230c303b5d71e2,Tomato___Bacterial_spot/1a017b74-a549-433b-979b-3e3ace67b50d___GCREC_Bact.Sp 5715.JPG,Tomato___Septoria_leaf_spot/c5806b61-685f-43a2-a5af-c8c9f086e7ea___Matt.S_CG 1244.JPG,Tomato___Bacterial_spot,Tomato___Septoria_leaf_spot,test,train,6,True
a5f4ff482c1276dedc0d547b6d9d449228d86a140b9fd6396eec0cd4301b5ccd,4de21a7583f3d128ad7614e23f7da47e692248b878e9af0e0702a66093415412,Tomato___Spider_mites Two-spotted_spider_mite/33292e63-5f81-40ef-b397-f749a1c49bbf___Com.G_SpM_FL 9515.JPG,Tomato___Spider_mites Two-spotted_spider_mite/dbdc03e7-aed5-415b-9b93-2e47ef27f1c3___Com.G_SpM_FL 8498.JPG,Tomato___Spider_mites Two-spotted_spider_mite,Tomato___Spider_mites Two-spotted_spider_mite,test,train,6,True
a637acd63b50d056d37cb95c37bef72739690ef0d15f24d7911843e58c8dea87,f04f6bab9877b62c8a1ab4b732741408884e678ddd126183dc43a152713f86cc,Tomato___Tomato_mosaic_virus/cd8dc897-42ed-494e-8079-53d625d925e0___PSU_CG 2311.JPG,Tomato___Bacterial_spot/f31f2360-da0a-434a-8469-ebd257c4c29c___GCREC_Bact.Sp 5751.JPG,Tomato___Tomato_mosaic_virus,Tomato___Bacterial_spot,test,train,6,True
a63a1fd49cfb8934b3047368b0618eadae8679fd2e61b655ce14d33372cdddba,725d9a91bfdac4d5824140bb862cf7addf5d46ef619325e0e8cbecb09aa1c35f,Tomato___Tomato_mosaic_virus/932959d9-826b-465f-82d7-8b419d2ad040___PSU_CG 2187.JPG,Tomato___Tomato_mosaic_virus/b8a9c9dd-fbba-41e2-b75d-7fd7f990cda0___PSU_CG 2185.JPG,Tomato___Tomato_mosaic_virus,Tomato___Tomato_mosaic_virus,train,train,6,False
a6b46ba5fec778c0ac878f474cfc64f1fad81e436130b15c79c1db0b84ef5ee9,7d2cadf0083a7b6203db920389308a3f586b0c7c8a71bd50d6c61c333e5c6c7c,Tomato___Leaf_Mold/ceece521-8e6b-4f7b-b4bb-54369494e7a3___Crnl_L.Mold 6931.JPG,Tomato___Spider_mites Two-spotted_spider_mite/5789f0fc-1ed2-4a93-ac00-1c9b7ebd0a52___Com.G_SpM_FL 9618.JPG,Tomato___Leaf_Mold,Tomato___Spider_mites Two-spotted_spider_mite,test,train,6,True
a774efa4df2b00fa0e78b740a872f1824a71a9f55c294ba5549693d500eca156,cdaa876f1b2dd495157508d8fd645aaa694df684e42ffa1d6e3b914466988c9a,Tomato___Spider_mites Two-spotted_spider_mite/f702e4c1-fe56-41c5-9ee8-ccb06d8dce13___Com.G_SpM_FL 9528.JPG,Tomato___Spider_mites Two-spotted_spider_mite/0315776d-6d0d-4ae2-b102-4fd0feebaa51___Com.G_SpM_FL 9375.JPG,Tomato___Spider_mites Two-spotted_spider_mite,Tomato___Spider_mites Two-spotted_spider_mite,test,train,6,True
a865492c60d380e17c0576c27a48cca9c252bd4d56876e78fa4aa375223fcd92,7ebb7d2c50e5cd29ede44bfe5fa3ce28d69702d198e9cc05e312320fee3bbdca,Tomato___Spider_mites Two-spotted_spider_mite/db803ddd-cb31-4a25-8ba0-b4134d677ca9___Com.G_SpM_FL 8487.JPG,Tomato___Spider_mites Two-spotted_spider_mite/443ec2ab-57b1-4853-a779-2f020ac7d1cf___Com.G_SpM_FL 8983.JPG,Tomato___Spider_mites Two-spotted_spider_mite,Tomato___Spider_mites Two-spotted_spider_mite,test,train,6,True
a86737791f45e4eeda9ce71ae317568abca857fb68727bbabac844a8fd045403,8a48edef1a7780fa80c2a7fb2fdd727b65868002418d6e73cba2b5a1790a8951,Tomato___Tomato_Yellow_Leaf_Curl_Virus/a27029a9-c2c5-4e04-b25e-ef96524d6c35___UF.GRC_YLCV_Lab 02618.JPG,Tomato___Tomato_Yellow_Leaf_Curl_Virus/f3918648-a3a6-461e-941a-9920db2f1ca6___UF.GRC_YLCV_Lab 02619.JPG,Tomato___Tomato_Yellow_Leaf_Curl_Virus,Tomato___Tomato_Yellow_Leaf_Curl_Virus,test,train,6,True
a86b90df25e9048f27bd6e0f5380e276810d8a5dd31fed5c88c9ad2cd301e68a,3cbd37c7201d6edf96780f631ea62ef4ecc53c9b019b8b043f2ef7f28a7210a1,Tomato___Bacterial_spot/c8875e15-728e-4c47-829f-c194fee60ae5___GCREC_Bact.Sp 3296.JPG,Tomato___Bacterial_spot/f4f56f28-479b-4e71-afb2-210e668a411e___GCREC_Bact.Sp 3537.JPG,Tomato___Bacterial_spot,Tomato___Bacterial_spot,train,train,6,False
a92d5bca8f8cced4fda553f435680f1ed3ff795aef8d61865de4dbdadd5b3c42,aa902ea6c00f45c5cf8bbb6f632bcaf8669a3312301c9359e0dfa2c37651d99d,Tomato___Tomato_Yellow_Leaf_Curl_Virus/ba1232d4-0334-41c3-a4ce-ff0827d008cf___UF.GRC_YLCV_Lab 02194.JPG,Tomato___Tomato_Yellow_Leaf_Curl_Virus/d2647521-b264-47bb-ac13-4fd3c61390d1___UF.GRC_YLCV_Lab 02195.JPG,Tomato___Tomato_Yellow_Leaf_Curl_Virus,Tomato___Tomato_Yellow_Leaf_Curl_Virus,train,train,6,False
a98caa358e393205c60e807d505ede86713e903c3347ee671e0b2f79ec76d81f,45cbe687bf2e26e3fcafc983d1efc30edf73df5d4c135003c711cd578d0260c0,Tomato___Tomato_Yellow_Leaf_Curl_Virus/5dbf5b6b-fd4a-4731-bb30-05b8841cddd3___UF.GRC_YLCV_Lab 02495.JPG,Tomato___Tomato_Yellow_Leaf_Curl_Virus/bcbe4121-e763-411e-bb1a-f438266427c4___UF.GRC_YLCV_Lab 02511.JPG,Tomato___Tomato_Yellow_Leaf_Curl_Virus,Tomato___Tomato_Yellow_Leaf_Curl_Virus,train,val,6,True
a98caa358e393205c60e807d505ede86713e903c3347ee671e0b2f79ec76d81f,e593c19e3a775145ef6e2e5d68fe37c7e6747e35f107e4c71d65c5d480d619bb,Tomato___Tomato_Yellow_Leaf_Curl_Virus/5dbf5b6b-fd4a-4731-bb30-05b8841cddd3___UF.GRC_YLCV_Lab 02495.JPG,Tomato___Tomato_Yellow_Leaf_Curl_Virus/6bce316f-b15d-4d23-98b8-ab0e683df66d___UF.GRC_YLCV_Lab 02494.JPG,Tomato___Tomato_Yellow_Leaf_Curl_Virus,Tomato___Tomato_Yellow_Leaf_Curl_Virus,train,train,6,False
aa9a099dcbb8b0da9597e1beedd4aabf4b2240f20a6a5b8464c58a3f3ff98cbc,b465a36bbeba6988d054d7d3e8d389bfc2141e9c44edaacd8919302217603c9c,Tomato___Bacterial_spot/a7af4903-9aae-45be-990d-adfca4510cfa___GCREC_Bact.Sp 5872.JPG,Tomato___Bacterial_spot/fb703e38-2ea0-468f-9958-0f88be8e1fb0___GCREC_Bact.Sp 3126.JPG,Tomato___Bacterial_spot,Tomato___Bacterial_spot,train,val,6,True
aaadf021bc9e70627aafd4a06b16b6ad81ff80d4deff6e6ca9f8910733f59a99,aba8e601ec56504366124c21b2281e0a7a2f5b3ff913936cfe0194d2996062e0,Tomato___Spider_mites Two-spotted_spider_mite/0ade19e4-c48b-4e58-bddf-153d44d48c3e___Com.G_SpM_FL 9449.JPG,Tomato___Target_Spot/a903e94f-f46d-430c-9ff1-3aab78130dca___Com.G_TgS_FL 9696.JPG,Tomato___Spider_mites Two-spotted_spider_mite,Tomato___Target_Spot,val,val,6,False
ac0d6ef1b3fc2605bc9df1924674864473ae9ae78ab04e4d2f6252df6dca186b,bb164b9d889aba12782965dcf56ac147bd976840572747a344b5d9e8cf1405ae,Tomato___Bacterial_spot/277f9f6d-07b0-4687-afef-ebf67e227e96___GCREC_Bact.Sp 6364.JPG,Tomato___Late_blight/e4ec79b5-94df-42dd-8425-bd68d2320c5f___RS_Late.B 5406.JPG,Tomato___Bacterial_spot,Tomato___Late_blight,train,train,6,False
ac7a540940dc7557fe731a4869fa982195e82edc9e0ed4122fb88f4d1dfda611,45b0c4b7c909622d5d1f3f69d8d73599cdaf13a8b5f6fb085a80ace886ff148a,Tomato___Tomato_Yellow_Leaf_Curl_Virus/0efaf7db-e814-4528-bfd9-eeda31d69d13___UF.GRC_YLCV_Lab 02888.JPG,Tomato___Tomato_Yellow_Leaf_Curl_Virus/83bd57f8-9061-4b1d-ac71-b426f16c7be6___UF.GRC_YLCV_Lab 02870.JPG,Tomato___Tomato_Yellow_Leaf_Curl_Virus,Tomato___Tomato_Yellow_Leaf_Curl_Virus,train,train,6,False
ac97cfb36c6d21870b9327b68e47a6fec29eb016fc8732819a79c9b701413471,682eac3542b4ea17719ff0add5c63948becaee4981433d404fba7cfac2af3be9,Tomato___Tomato_Yellow_Leaf_Curl_Virus/3369c284-ac18-414e-809c-0096a8242fa0___UF.GRC_YLCV_Lab 03210.JPG,Tomato___Tomato_Yellow_Leaf_Curl_Virus/b5ff4770-9782-4ff2-a0d9-d82704af21a8___UF.GRC_YLCV_Lab 03209.JPG,Tomato___Tomato_Yellow_Leaf_Curl_Virus,Tomato___Tomato_Yellow_Leaf_Curl_Virus,train,train,6,False
ada3e1cb8f8fe65a686e0bacde46a940c1ef32341d75462315d660433ef7f3c2,ccc171324ba26b09bc189ff4a8b09d6580914d8e32b129961842effd01d1384c,Tomato___Early_blight/ff422d28-d002-4382-80bf-30f78f66c677___RS_Erly.B 6492.JPG,Tomato___Septoria_leaf_spot/c72f9244-eda7-4aa5-9fda-4d572f1999de___Matt.S_CG 6701.JPG,Tomato___Early_blight,Tomato___Septoria_leaf_spot,train,train,6,False
add5df9da8ff5868b6f5fef1b28533632b6bd084613eb30d93fdea743f442b34,622dfa4ef332857dcab851cc6562ba5de37b7db5bad388126763e8d2a572821c,Tomato___Tomato_Yellow_Leaf_Curl_Virus/03bbea43-5a47-4c6a-b036-9a29152c8f09___UF.GRC_YLCV_Lab 01900.JPG,Tomato___Tomato_Yellow_Leaf_Curl_Virus/2f2d8352-ad80-4799-8082-f496604c2716___UF.GRC_YLCV_Lab 01901.JPG,Tomato___Tomato_Yellow_Leaf_Curl_Virus,Tomato___Tomato_Yellow_Leaf_Curl_Virus,val,val,6,False
b4128637e271cdc25b2b3b37fd23daa53550dabc2616d20732994fbf4b71637e,06090b93d5260d0d6df81d1e26b823830b6bc98530d21e938d086f9e3a7cb2de,Tomato___Tomato_Yellow_Leaf_Curl_Virus/2cc6d499-bf92-48c6-b0f9-6d9ef3c2f76e___UF.GRC_YLCV_Lab 03271.JPG,Tomato___Tomato_Yellow_Leaf_Curl_Virus/bdb46bf4-d226-4cd1-be9d-4ca36623fd5f___UF.GRC_YLCV_Lab 03274.JPG,Tomato___Tomato_Yellow_Leaf_Curl_Virus,Tomato___Tomato_Yellow_Leaf_Curl_Virus,train,train,6,False
b43ea084cd2951bd432f8321ffc07e9b828c72c62e813ba66e658c01d4caae64,c7ece2345bc921f3b3855d91397f8456cd7f93719eff884ea4a85e03c63cdbae,Tomato___Tomato_Yellow_Leaf_Curl_Virus/1a804c91-77ce-4688-9786-0464b82aa992___UF.GRC_YLCV_Lab 01869.JPG,Tomato___Tomato_Yellow_Leaf_Curl_Virus/5cf36ebb-621c-42e4-9d35-79cc558d17e2___UF.GRC_YLCV_Lab 01880.JPG,Tomato___Tomato_Yellow_Leaf_Curl_Virus,Tomato___Tomato_Yellow_Leaf_Curl_Virus,train,train,6,False
b4aeaac188a7d8b06ec75dd82c32fbfc30e5943f6e43dce2b18cc827ce21a059,ccc171324ba26b09bc189ff4a8b09d6580914d8e32b129961842effd01d1384c,Tomato___Late_blight/cdeb7f9d-c0de-4fbd-95a5-fbaaa51460dd___RS_Late.B 5571.JPG,Tomato___Septoria_leaf_spot/c72f9244-eda7-4aa5-9fda-4d572f1999de___Matt.S_CG 6701.JPG,Tomato___Late_blight,Tomato___Septoria_leaf_spot,train,train,6,False
b59cbda706c12f5eaffd08939e188b8fd392a15495607c0566f068e3c1ef7a43,c4ab51346643a3622f92c467bf64c068990e7c7c69b5ca166f26569300b5d0a2,Tomato___Tomato_Yellow_Leaf_Curl_Virus/45155b33-3ac9-4584-8be8-3a257e396702___YLCV_GCREC 2834.JPG,Tomato___Tomato_Yellow_Leaf_Curl_Virus/6ff8f2bf-6ba0-417b-8f85-736d191eca9b___YLCV_GCREC 2835.JPG,Tomato___Tomato_Yellow_Leaf_Curl_Virus,Tomato___Tomato_Yellow_Leaf_Curl_Virus,train,train,6,False
b9e194e009963c272d0092fcb24d42ff6c31092c5bd948aed6f3d8931c8d3236,ef3c739f0df131d0a1f6467fe05734b6f820f5b6bcbc77fe8e7309f88a4a0fc6,Tomato___Tomato_Yellow_Leaf_Curl_Virus/7bff3fb7-788d-414c-bf0e-92a5ce4a4757___UF.GRC_YLCV_Lab 02064.JPG,Tomato___Tomato_Yellow_Leaf_Curl_Virus/6f22936e-2dac-423c-b046-aa1fe8a25978___UF.GRC_YLCV_Lab 02053.JPG,Tomato___Tomato_Yellow_Leaf_Curl_Virus,Tomato___Tomato_Yellow_Leaf_Curl_Virus,train,val,6,True
bb6ea2658c74ec96cec026cd099777aa3b0d16807cb38c12107e68ffa244f778,856dc6abf7433788f6f8f55d9e976f331be730511670e6566db1af1af7d2d9e8,Tomato___Late_blight/2e8f61d8-0d5d-46e3-a597-ede96855a4fe___RS_Late.B 5352.JPG,Tomato___Late_blight/cc822a81-2140-421a-957c-e4ccfa2c0ba5___RS_Late.B 5357.JPG,Tomato___Late_blight,Tomato___Late_blight,train,val,6,True
bc7810a4e1796f2230e56f6881ab9f0dfdf4fdf9e826845a549a962d051ac106,41d68a30433d429b145d20a179def55a18a44f3ee1a048894fe63cbe24ff94eb,Tomato___Bacterial_spot/051beef3-8c72-4fd8-9dd4-8fececd41a35___GCREC_Bact.Sp 5989.JPG,Tomato___Bacterial_spot/cbbb4f7c-382f-420e-a1c8-e919af9497a7___GCREC_Bact.Sp 3192.JPG,Tomato___Bacterial_spot,Tomato___Bacterial_spot,train,train,6,False
be5db17c4b061336b515a3205bac4b9fdc9c685382c86c831ef2cb2335ad6b47,29e06a5d447455590d4112523cbacaba2c0235509e6822fe4fee1ee5fe896b72,Tomato___Tomato_Yellow_Leaf_Curl_Virus/0a9ce4eb-961b-4f11-a06f-2946cfd0d562___UF.GRC_YLCV_Lab 02233.JPG,Tomato___Tomato_Yellow_Leaf_Curl_Virus/f401d3a2-f638-4260-a97f-fe6aa1811b71___UF.GRC_YLCV_Lab 02245.JPG,Tomato___Tomato_Yellow_Leaf_Curl_Virus,Tomato___Tomato_Yellow_Leaf_Curl_Virus,train,train,6,False
c0da2833a99ba4a5dc07042aec72889b89a1a2cec9432f930083fa8ff3975fc3,85b0cfa80eb00e244c9a352b4cbd2f3af45468948a44f37d2a718545f7d25caa,Tomato___Tomato_Yellow_Leaf_Curl_Virus/8a71a0ad-8b79-4ad8-9ef7-e18c4f523285___UF.GRC_YLCV_Lab 01560.JPG,Tomato___Tomato_Yellow_Leaf_Curl_Virus/c5e1e6aa-a532-46fe-8555-bec31fa069f2___UF.GRC_YLCV_Lab 01564.JPG,Tomato___Tomato_Yellow_Leaf_Curl_Virus,Tomato___Tomato_Yellow_Leaf_Curl_Virus,train,train,6,False
c1a0a6f6edbfb135d83d29fe8566896fcf2428f6dc90418ec8d051e03860e3fb,567d69017ad75ae8a2aa4ad2376adb5f04d13f3a40425dae5c6afd36ec4622f2,Tomato___Bacterial_spot/88b2d700-280b-40e3-a0d5-6118ba94d46e___GCREC_Bact.Sp 5871.JPG,Tomato___Bacterial_spot/efce769f-3228-490a-b442-58a67d2ce349___GCREC_Bact.Sp 5868.JPG,Tomato___Bacterial_spot,Tomato___Bacterial_spot,train,train,6,False
c3078153e84aa4bbb141b1fd5afc8c452bb9366b125dbb1a92f565bc5721454b,7a7e5475a76b3d648c3a160749dc554739089313d05128b9e6a877465809cc13,Tomato___Bacterial_spot/e601dd19-754a-4db4-926b-5e71609f628e___GCREC_Bact.Sp 3342.JPG,Tomato___Early_blight/07409e2c-a730-4b11-b25e-31025bd63a91___RS_Erly.B 9578.JPG,Tomato___Bacterial_spot,Tomato___Early_blight,train,val,6,True
c3e50668b5caf0ea64f227ddf2bb9d08cdf3eff25ef18b905f0ec2da3d97a059,429e51ad542065f032f1446a303b8b588947c300ecb53210fd9918104fb24534,Tomato___Bacterial_spot/3a28881d-eede-4274-b158-c54ebd1c7164___GCREC_Bact.Sp 3136.JPG,Tomato___Bacterial_spot/45e47cab-d129-497f-ba97-ab2a2ed62f5c___GCREC_Bact.Sp 2948.JPG,Tomato___Bacterial_spot,Tomato___Bacterial_spot,train,train,6,False
c41bb97911754f8a71618aae0982d4d12e580f00b6fda0f79d331eccb2834fe1,2095a54edad6bcddb42282838a537d70edb7e5afef073f74d1ea3791c106ddc5,Tomato___Late_blight/25fa2bdf-15e3-4330-8e54-1cbf6b714d3d___GHLB2 Leaf 133.JPG,Tomato___Late_blight/2a49b85e-6b7a-4a55-82c3-f596ed09f82d___GHLB2 Leaf 133.1.JPG,Tomato___Late_blight,Tomato___Late_blight,train,train,6,False
c42d649ee2322e4e5b9c299fd0057115ce1dc4083ec831be7753e6f802c3cc36,ccd0e1319323e4fc939df4f34d702b225eca2423bcb539387ac0a552dcb5878d,Tomato___Tomato_Yellow_Leaf_Curl_Virus/3baecdfe-1140-446b-af35-7fd18205e325___UF.GRC_YLCV_Lab 01734.JPG,Tomato___Tomato_Yellow_Leaf_Curl_Virus/eeed3bc0-5411-4368-9b94-d1277381111d___UF.GRC_YLCV_Lab 01735.JPG,Tomato___Tomato_Yellow_Leaf_Curl_Virus,Tomato___Tomato_Yellow_Leaf_Curl_Virus,train,train,6,False
c432bdb17ea3d93b151494c97d2f4fc1da65c7ac45fa51618296e70f134818dc,f1cfa33dbff923d8014e3070c99dae73cf4cf0557f1604b0e99070b400acea12,Tomato___healthy/9397ecfe-6f1f-47cf-8549-43711ec0e734___GH_HL Leaf 213.JPG,Tomato___healthy/fe8f8808-2631-491e-a46b-bd2a1a4958e7___GH_HL Leaf 213.1.JPG,Tomato___healthy,Tomato___healthy,train,train,6,False
c4fe3e0a711ed331f45bf3806abc97afc989bf47108740b86c45c022d926e74b,b4529f88614a12d124a3807fa4c395654efe33246f3eccfbb6177632c7335f7a,Tomato___Tomato_Yellow_Leaf_Curl_Virus/2bacf882-d3ba-4ac6-829e-2efbee8d04d8___UF.GRC_YLCV_Lab 03237.JPG,Tomato___Tomato_Yellow_Leaf_Curl_Virus/324a0c39-0250-482f-85af-720851515b3f___UF.GRC_YLCV_Lab 03236.JPG,Tomato___Tomato_Yellow_Leaf_Curl_Virus,Tomato___Tomato_Yellow_Leaf_Curl_Virus,train,train,6,False
c6bbe971003ee9ea87eb28641a33285880613b8db8913aaf0bbf968b111edc8b,631d16800e9bdf773eb8d54a488147141c44e355f4e2bb4c86596dbbe40702df,Tomato___Tomato_Yellow_Leaf_Curl_Virus/2163ce75-fc7d-4758-8f95-4f1db8fbf1b7___UF.GRC_YLCV_Lab 02066.JPG,Tomato___Tomato_Yellow_Leaf_Curl_Virus/bf4b5f5f-b0a7-4dbe-bca7-62f662d90cd2___UF.GRC_YLCV_Lab 02065.JPG,Tomato___Tomato_Yellow_Leaf_Curl_Virus,Tomato___Tomato_Yellow_Leaf_Curl_Virus,train,train,6,False
c8dec60ac165a95a23a22d35540e44b6f085a0d34b288bd53e25f1635cda77c7,cc9aba5304acb8167d71184975f4564d2570b8ffc5439d1d4e58db38e19dcbe7,Tomato___Bacterial_spot/8ba984dc-b9f0-4367-8a27-8486ceacf09a___GCREC_Bact.Sp 3225.JPG,Tomato___Bacterial_spot/fdcb5a83-89e0-4d50-9460-28f36237e91d___GCREC_Bact.Sp 5742.JPG,Tomato___Bacterial_spot,Tomato___Bacterial_spot,train,train,6,False
ca893e13c7dd3a54715bcfff5a98759a236b61219249fe9efaf00007d91838f9,5c8acbc72a02c956a970b61ac01363f1ff1363631394dba7671b6adaa92da323,Tomato___Late_blight/2e493726-b22f-4e98-a2e2-418a4425cafb___GHLB2 Leaf 8911.JPG,Tomato___Late_blight/54eb17df-c42a-472f-91ec-92784e034115___GHLB2 Leaf 8910.JPG,Tomato___Late_blight,Tomato___Late_blight,train,val,6,True
cb8e0c94ee5b4eaf3e24481827ba4cad734018ecf9cf16333c646f8e40969a50,d8dbd123c85e7c8473be21f2c5486b2b9303b6497572451784f1b589064f79eb,Tomato___Bacterial_spot/d3fddfab-b65c-43e2-bceb-e72ce73f33eb___GCREC_Bact.Sp 3810.JPG,Tomato___Bacterial_spot/e39108c9-61e6-405a-bad1-84f0d1fbb25b___GCREC_Bact.Sp 5915.JPG,Tomato___Bacterial_spot,Tomato___Bacterial_spot,train,train,6,False
cc4cf9ad6f4f61fced28ff5636b571846bfe78ff23152b11cf3ead0835f3599f,d35b13be06b45949cef4a2f9e9a16b34284857ffa1bd4bfb1f968de0158f5a9d,Tomato___Early_blight/a3af61fe-3cde-4083-963f-909bfced23db___RS_Erly.B 7590.JPG,Tomato___Septoria_leaf_spot/53bd5f98-4343-4421-bf83-f970bce432bb___JR_Sept.L.S 8509.JPG,Tomato___Early_blight,Tomato___Septoria_leaf_spot,train,train,6,False
cc8dc53e9477a338fb670a1ce4053b72ad97a129ff6230de9b30f6461167f3f9,b8fef6d1611075a15ac9e588a7c8184b22de97366e38eda717014bc50f943aee,Tomato___Tomato_Yellow_Leaf_Curl_Virus/a61190c3-8449-451a-a0ed-0b9963dfc53b___UF.GRC_YLCV_Lab 02372.JPG,Tomato___Tomato_Yellow_Leaf_Curl_Virus/ac298863-26c3-40c3-9395-4111010ae298___UF.GRC_YLCV_Lab 02371.JPG,Tomato___Tomato_Yellow_Leaf_Curl_Virus,Tomato___Tomato_Yellow_Leaf_Curl_Virus,train,train,6,False
ccf8e8bccd333d5dfa0cab37d4abe83ed818a8eb98ea890b4056b10b5c7844b5,8cd0af8d85f404f859ceec17b2aa13b95bed1a5bba6d5fa18c60bf7533d66d7e,Tomato___Tomato_Yellow_Leaf_Curl_Virus/234f937e-2b9b-43d3-9c57-f3e251e1f5e2___UF.GRC_YLCV_Lab 02436.JPG,Tomato___Tomato_Yellow_Leaf_Curl_Virus/b9686bbf-8441-42cf-bb77-5101dab30bc8___UF.GRC_YLCV_Lab 02446.JPG,Tomato___Tomato_Yellow_Leaf_Curl_Virus,Tomato___Tomato_Yellow_Leaf_Curl_Virus,train,train,6,False
ce59d106d7a945bc4c30bd60f4a7030c9584d93d38e7b3da122b18b15ff62394,f3c2e91456c003e9efd8d6063d41f0028abf7198a5709d26855336a8250f8063,Tomato___Spider_mites Two-spotted_spider_mite/23e686ff-5f19-4bda-a1f5-b66aa15b48ad___Com.G_SpM_FL 1773.JPG,Tomato___Target_Spot/38c3b873-fdb0-47b8-a56c-3580143b3acf___Com.G_TgS_FL 9818.JPG,Tomato___Spider_mites Two-spotted_spider_mite,Tomato___Target_Spot,train,val,6,True
cf1c03d342c4ff3c8abbaeb39a351d8ff0d5b55dadc612811d863e4f0f9536ce,aba4e9874aec4eb261d6b307c197d0e9592763a71465c2ff282fc7eaabbbd1ac,Tomato___Bacterial_spot/aeda6048-63dc-44ea-b479-b139131c3846___GCREC_Bact.Sp 5604.JPG,Tomato___Tomato_Yellow_Leaf_Curl_Virus/e6be8040-6122-4d04-a9ad-786059a76191___YLCV_NREC 2914.JPG,Tomato___Bacterial_spot,Tomato___Tomato_Yellow_Leaf_Curl_Virus,train,train,6,False
cfd17a7e6b1bf249f74ea25c70c32d2383af3d55a43e72cbf30bc31a8816eed7,1ce8339cb1f1ea902cd79bb7cc32bc744a03df9253407c84b9c28d658c7965a6,Tomato___Bacterial_spot/5cf74b8f-2a3a-4141-8309-1c02f01ab444___GCREC_Bact.Sp 5967.JPG,Tomato___Bacterial_spot/7f62023d-4d14-42af-b98f-ac7fc4280bbf___GCREC_Bact.Sp 5759.JPG,Tomato___Bacterial_spot,Tomato___Bacterial_spot,train,train,6,False
d095ac51323c8083a2ca4ae31635050c251dc469ef33220fa05a295e5c391fb9,1d07d1d9dc59da320311ff5027dfac580a6fab8f47b1585b6b000e1a3a04a432,Tomato___healthy/e2085395-2d3c-4698-ad7f-da9fdc73c4d1___GH_HL Leaf 254.JPG,Tomato___healthy/48a36957-9e8e-4a17-b789-e775ea4bc523___GH_HL Leaf 254.1.JPG,Tomato___healthy,Tomato___healthy,test,train,6,True
d1364092ed8461de1162734e9c5eefe48799ff99cca212c0a5f81dea023ffd01,7e705cc88394a21051ac238bf3586b4de0b1c33edfcd405c9806382a514c43db,Tomato___Bacterial_spot/6a4ce1e3-a768-4f6e-96cf-3590df10fdc5___GCREC_Bact.Sp 3608.JPG,Tomato___Bacterial_spot/db5044bc-64df-4f7c-a591-5b79b9318805___GCREC_Bact.Sp 5546.JPG,Tomato___Bacterial_spot,Tomato___Bacterial_spot,train,train,6,False
d299e66b23393ca2c5ceda6c828560fc71905173dbe47250fc1c3e5498fe25bd,8a0caa8e254c9cae908ae73cff4d8a431d4a034842fe1ac17c4d53551d8c342c,Tomato___Septoria_leaf_spot/286a4fc5-4657-472f-bcbe-dbf38e94bb8e___JR_Sept.L.S 8417.JPG,Tomato___Late_blight/389ecffc-2ab0-4c7e-9f03-d6d4695d4f6a___RS_Late.B 5117.JPG,Tomato___Septoria_leaf_spot,Tomato___Late_blight,test,train,6,True
d39c421e1f5472e31ec4bf7df737965a4017c21a69003888fad00f98c87974a9,8836e71c00695356c6fa8ac0bcc05f8ed5bf53affb9ef85f8e850284db9e8a3d,Tomato___Tomato_Yellow_Leaf_Curl_Virus/ea057115-6a1f-4958-80fc-2605fbf2002b___UF.GRC_YLCV_Lab 02747.JPG,Tomato___Tomato_Yellow_Leaf_Curl_Virus/0120b8af-1482-4af9-85d1-a2bfe24c6985___UF.GRC_YLCV_Lab 02748.JPG,Tomato___Tomato_Yellow_Leaf_Curl_Virus,Tomato___Tomato_Yellow_Leaf_Curl_Virus,test,train,6,True
d42444be0364fd9975a39b70c58c28995bc79ae83502efa49136c32db90617dd,4c34e82e2f8f81a923fd9677ad91eaa4ad9772f7afde5015cf85403d4fa39be6,Tomato___Bacterial_spot/97f376a8-3781-4f2f-8fec-6a8150247d1e___GCREC_Bact.Sp 3387.JPG,Tomato___Bacterial_spot/31549f17-8b3c-4a16-9775-d3c50db39fb8___GCREC_Bact.Sp 5968.JPG,Tomato___Bacterial_spot,Tomato___Bacterial_spot,train,val,6,True
d47a2cadd1a60f0ee20cd446a8e2e6f6b6bd9fce11a00a905f9c6c48be2b031a,7e44f7c52d3c7bb86f28179c668e0002015b20e32803306815472d637195a5db,Tomato___Bacterial_spot/162156e8-724a-48d9-8a19-904937f9dc03___GCREC_Bact.Sp 3472.JPG,Tomato___Bacterial_spot/06ac210d-bdb1-4224-9053-c218cb14fa60___GCREC_Bact.Sp 3220.JPG,Tomato___Bacterial_spot,Tomato___Bacterial_spot,train,val,6,True
d4df79676a8276cf5e62eb10e9070427dc973ecc0db737505877dfc0754d2879,3cfe29743530c5b4e0d2158bc19115367aa1f1cab20fcb50aea5ed027a1ec799,Tomato___Septoria_leaf_spot/f32b0e3d-b9dc-413b-bee5-3d63fcea4cf5___Matt.S_CG 1430.JPG,Tomato___Leaf_Mold/1b2db321-28cd-4e33-88eb-b6c1302ca033___Crnl_L.Mold 6701.JPG,Tomato___Septoria_leaf_spot,Tomato___Leaf_Mold,test,train,6,True
d56ec2e638a4eb75f98560f1dcd4d75f98ccee76a671f2944e6bc904b3102478,6eb11ddeeb88c432aa8a05db38596e08726be586cd21e98022fd028c9f86dc80,Tomato___Septoria_leaf_spot/76eda6fd-558c-4fcf-951b-c70bef5b8bc5___Matt.S_CG 0880.JPG,Tomato___Spider_mites Two-spotted_spider_mite/a56182d9-143a-45fc-a1be-946ba0d46935___Com.G_SpM_FL 9550.JPG,Tomato___Septoria_leaf_spot,Tomato___Spider_mites Two-spotted_spider_mite,test,train,6,True
d5b89829cc3578b8b3951a06a28c28b8498a246ce3c096b3da32d01eca006d89,96fa2251fb09d4ced7a3a4d22ef2627f5b61fa199716b82188eb7123d6397658,Tomato___Septoria_leaf_spot/04c912dc-3e26-43ff-a6e3-69de49a6e529___JR_Sept.L.S 8519.JPG,Tomato___Septoria_leaf_spot/8e394ac6-15a5-4b49-ad6c-52b3d146457e___Matt.S_CG 1531.JPG,Tomato___Septoria_leaf_spot,Tomato___Septoria_leaf_spot,train,train,6,False
d7007c1394c0532f5fab33c136983a5520c0d48285023856ffc2a69772a77952,ffc1867294c1678bf6eb21e686f92e08f9c9dda3b5e4581bbacee46ba278e8aa,Tomato___healthy/5c4d21aa-76f8-4ab7-8440-65fd3cac640b___GH_HL Leaf 263.JPG,Tomato___healthy/7620a603-c3cd-4893-9481-901c9950bb00___GH_HL Leaf 263.1.JPG,Tomato___healthy,Tomato___healthy,train,val,6,True
d7219c7142260d4b8c047fbff6f361f5e44a0079a13669122d41bd424b12bb93,d2bc7a973f6f71e8ef7c2eedc45ec33604e3ec98065dad38e919bc9f8ee1c289,Tomato___Tomato_mosaic_virus/6b5eed43-832e-4cca-97eb-534b65635d14___PSU_CG 2050.JPG,Tomato___Tomato_mosaic_virus/a75c61c4-b765-42a1-9896-7937b15ed996___PSU_CG 2051.JPG,Tomato___Tomato_mosaic_virus,Tomato___Tomato_mosaic_virus,test,test,6,False
d7cfdf34f25701ae9d756de26a1cd75aeb74b43865b7a6eb6017cd23ec4bc874,829f48eb55b7fc28dd8ec4ebb4348831ada09cca4e473b5adcf639218428384d,Tomato___Late_blight/72b670f0-6553-41bd-a619-e4bead34917e___GHLB2 Leaf 109.JPG,Tomato___Late_blight/a3deb552-d098-4b15-992a-d6f2fc49ae4c___GHLB2 Leaf 109.1.JPG,Tomato___Late_blight,Tomato___Late_blight,train,train,6,False
d7f70eb5c8da945a217e136cacc8b2e405e500d88a475acdabd3dfd4cf0906bb,ca5a742e02bdc912b001a1ef5045bd8207c5580d2f48b940ed4f2be3833b1f8b,Tomato___Late_blight/2dc5d67b-cfe6-4337-b966-4a499bfad825___GHLB2 Leaf 8761.JPG,Tomato___Late_blight/efe3a784-f4d6-4635-bef8-c81fffeee36b___GHLB2 Leaf 8651.JPG,Tomato___Late_blight,Tomato___Late_blight,train,train,6,False
d8a0904106fd01a93ad82ef6f8b3ff3995245621e24da321edd847a5e861d118,eae8caaeb4513fff7943feb1535f974e79c96c61d7ac4fcc6c3218ad3a4aa48b,Tomato___Bacterial_spot/afa683b3-63de-43c1-81c6-deb8210b0d47___GCREC_Bact.Sp 5867.JPG,Tomato___Septoria_leaf_spot/b12f3967-aa7e-4c0a-bb81-9b96a3e6587d___Matt.S_CG 1249.JPG,Tomato___Bacterial_spot,Tomato___Septoria_leaf_spot,train,train,6,False
db1ede4c5e14ad2b986c5a5c1b59004b7131b96eef49a9326e247286fbd2a75e,389ad2dc5f86fc9cd72d77cf63d6aeeb3171035cdfb452b5a2f2cf888c60068a,Tomato___Tomato_Yellow_Leaf_Curl_Virus/5665ec06-db71-4946-8b87-38dad409d3ca___UF.GRC_YLCV_Lab 01766.JPG,Tomato___Tomato_Yellow_Leaf_Curl_Virus/f671bd30-6d64-4c5f-aace-2f54deea5d53___UF.GRC_YLCV_Lab 01765.JPG,Tomato___Tomato_Yellow_Leaf_Curl_Virus,Tomato___Tomato_Yellow_Leaf_Curl_Virus,train,train,6,False
db8a82680c022952727a5e6a429e1d68194eac1ad7b51f2f6b64d509246c1533,ec5016f894df3b342137e6f7fdcd1d5e0da3b7ef6e44d22cb8ac7f445d526ef6,Tomato___healthy/167247af-fd67-4b70-a72e-052dc5ea863b___GH_HL Leaf 388.1.JPG,Tomato___healthy/9bda0790-8cb2-4dce-8b8a-debdbd08a67d___GH_HL Leaf 388.JPG,Tomato___healthy,Tomato___healthy,train,train,6,False
dc458097ef8e2c884102923ab75d79b102e419928647111c1490f5a8fe22c88c,2d61b2394f8a60a5443947aa7aa74bba878c5c6784abce699ac542fcc6af7fdb,Tomato___Tomato_Yellow_Leaf_Curl_Virus/6397fdb0-b5d0-4c1f-bd6e-5520590c8a94___UF.GRC_YLCV_Lab 02849.JPG,Tomato___Tomato_Yellow_Leaf_Curl_Virus/0e2b6085-96c0-427c-801d-324eaef8b315___UF.GRC_YLCV_Lab 02848.JPG,Tomato___Tomato_Yellow_Leaf_Curl_Virus,Tomato___Tomato_Yellow_Leaf_Curl_Virus,train,val,6,True
dc731da0a2e16a298d1b5e6019a2cba813f34b02ce2055fca398195406ab2ee3,e7427b8838f734013d74abda3cfbb5d44c2abe82791ff9c64a5a844315c8b317,Tomato___Leaf_Mold/0741bcde-474a-4b81-b6d5-217ab4f7d0e9___Crnl_L.Mold 6660.JPG,Tomato___Tomato_Yellow_Leaf_Curl_Virus/e582071e-d792-4e0d-8f8c-dd88723eb2bb___YLCV_GCREC 5152.JPG,Tomato___Leaf_Mold,Tomato___Tomato_Yellow_Leaf_Curl_Virus,train,train,6,False
dcd2db9abf96ca0d80918910ebc6bebf8752360fb8a4181a95230c303b5d71e2,ef6cf7cc7f818b9d3ea43dd338f36cf9e6ba0a45ff6330fd84c68bf22260db06,Tomato___Septoria_leaf_spot/c5806b61-685f-43a2-a5af-c8c9f086e7ea___Matt.S_CG 1244.JPG,Tomato___Bacterial_spot/4520a2cd-8c13-443a-a83e-8310fa9cb0d8___GCREC_Bact.Sp 6225.JPG,Tomato___Septoria_leaf_spot,Tomato___Bacterial_spot,train,val,6,True
dd107ea647199e5bf1e49e56535e61b3c8a39b705f361784b03f900d1d2fd7c9,610017094828ca65a2f9a954138090131e6d506c0688fdd037f1404fa71e89e6,Tomato___Tomato_Yellow_Leaf_Curl_Virus/042b346a-35b3-4c4c-986c-658f77a2c82c___UF.GRC_YLCV_Lab 01565.JPG,Tomato___Tomato_Yellow_Leaf_Curl_Virus/5ab94c97-e072-403a-a2b4-23171357cb5f___UF.GRC_YLCV_Lab 01561.JPG,Tomato___Tomato_Yellow_Leaf_Curl_Virus,Tomato___Tomato_Yellow_Leaf_Curl_Virus,train,train,6,False
ddd19404921f3a471763099b6972dba14d808f46ed95555091ced557ba443ae5,5dcb3feb43452b6a5fdea670306d23de1ab1fd587a1f32cce32fa7200b5981bb,Tomato___Tomato_Yellow_Leaf_Curl_Virus/053d3504-ce55-4fa1-b0e4-742f3fb86973___UF.GRC_YLCV_Lab 01980.JPG,Tomato___Tomato_Yellow_Leaf_Curl_Virus/79985f34-8636-41b6-be52-6572a25fce1e___UF.GRC_YLCV_Lab 01983.JPG,Tomato___Tomato_Yellow_Leaf_Curl_Virus,Tomato___Tomato_Yellow_Leaf_Curl_Virus,train,train,6,False
e0bea6ff1a82578a7360e387f93647a16fb145b9e1e7f45739dc266ec99fa9e6,a1178f20d67b653083a8df426faa78524996401bc8dd68973c2c059252ed5c9d,Tomato___Spider_mites Two-spotted_spider_mite/c630a36c-7cf6-425a-bb07-ad71d1cca764___Com.G_SpM_FL 9402.JPG,Tomato___Spider_mites Two-spotted_spider_mite/8d0dffc7-aecb-4583-b3a3-1027fb4fd3d1___Com.G_SpM_FL 9567.JPG,Tomato___Spider_mites Two-spotted_spider_mite,Tomato___Spider_mites Two-spotted_spider_mite,train,val,6,True
e2a8e5a293daff045c0981032fdffef1174657b77966cddb57a719378eaf7a42,b0a788acd74b2c308bc5dace0c1d88685dc4e785ec11f9e6a1d8548e482a7d03,Tomato___healthy/47a87555-1411-43a3-85d2-5fb241ec089d___GH_HL Leaf 177.2.JPG,Tomato___healthy/2ea87b73-a52b-4a4c-938f-4ce06335d171___GH_HL Leaf 177.1.JPG,Tomato___healthy,Tomato___healthy,test,train,6,True
e37fd117253ced7adcc93fe5d6440992319741fc89b9d5a6146bfdc82ce597e2,a010523498df9b090100db70b16adf2a5bdc101ea1afff66b978e6dcbb59d9cb,Tomato___Tomato_Yellow_Leaf_Curl_Virus/40e16b2c-d41e-40f6-99fc-ee38a26e1efa___UF.GRC_YLCV_Lab 01662.JPG,Tomato___Tomato_Yellow_Leaf_Curl_Virus/eb78022e-bc77-473a-96a1-d1d9dd014e3b___UF.GRC_YLCV_Lab 01661.JPG,Tomato___Tomato_Yellow_Leaf_Curl_Virus,Tomato___Tomato_Yellow_Leaf_Curl_Virus,test,train,6,True
e40bbc51f11963b3dff56443e349b66645d53bb6727879fe38bde13604032163,cdfa0ccd045e7b6af782f91e5000383e09f56f18054e7d2d1cb59b19f7e9ca21,Tomato___Tomato_Yellow_Leaf_Curl_Virus/29a24215-3d90-4919-80cc-be0a0093011a___YLCV_GCREC 5244.JPG,Tomato___Tomato_Yellow_Leaf_Curl_Virus/f6bfc52d-f4c7-410b-a867-04691d15df30___YLCV_NREC 2595.JPG,Tomato___Tomato_Yellow_Leaf_Curl_Virus,Tomato___Tomato_Yellow_Leaf_Curl_Virus,train,train,6,False
e482b4de9d9f74b1e5ea38c12204b958c6236d220d4cec49ce169dc65506a3cc,51c6fc5b45a6403d19fab1f38e8e4f4a5023410772d423cdd3f45405bd278852,Tomato___Tomato_mosaic_virus/3117475d-3948-45a5-b2c7-630efb8bfab8___PSU_CG 2333.JPG,Tomato___Bacterial_spot/d3ed0545-45ca-474c-89a8-381733809c75___GCREC_Bact.Sp 5771.JPG,Tomato___Tomato_mosaic_virus,Tomato___Bacterial_spot,train,val,6,True
e53e3834494bbf0aea952d7b2054af01584058ea02513cb41df66ced5f25d5a2,ae6be4313203dc4f614dd6e6d3e4748bc08267b8e95cbd803460aa14c9561f79,Tomato___Septoria_leaf_spot/14af00c3-f76a-4789-b58b-049bbf8ea6a6___JR_Sept.L.S 2633.JPG,Tomato___Septoria_leaf_spot/c2281160-6ffd-40df-8293-779634299ff3___JR_Sept.L.S 2630.JPG,Tomato___Septoria_leaf_spot,Tomato___Septoria_leaf_spot,train,train,6,False
e53e3834494bbf0aea952d7b2054af01584058ea02513cb41df66ced5f25d5a2,bc86bef62c3577cf302b61bbc4e1c54ab83832feae7256a1c4a6c33f405b0968,Tomato___Septoria_leaf_spot/14af00c3-f76a-4789-b58b-049bbf8ea6a6___JR_Sept.L.S 2633.JPG,Tomato___Septoria_leaf_spot/7b80cd3e-fe02-4b63-8097-69f48b0b1bf0___JR_Sept.L.S 2631.JPG,Tomato___Septoria_leaf_spot,Tomato___Septoria_leaf_spot,train,train,6,False
e566cffefff4a2b53d273fc01a9ecb853a2c553e26e8e4e4f2bced490b5d798c,bcc1087f1e34b8dbad24e44ee969456502be09cd4aa415ff06e011e6e7b57237,Tomato___Spider_mites Two-spotted_spider_mite/ce05bc05-0c4c-4290-903c-f46ab2ba1f53___Com.G_SpM_FL 9283.JPG,Tomato___Spider_mites Two-spotted_spider_mite/f7b7b4c8-1420-4ffe-ba64-97be026edeb4___Com.G_SpM_FL 8978.JPG,Tomato___Spider_mites Two-spotted_spider_mite,Tomato___Spider_mites Two-spotted_spider_mite,train,train,6,False
e6f3ada38e705e9aece6c95804ff91dc3fb0df537d3e8cab72392bfd52af0f61,cda7289b8c225c9300211b066a9f1d8dde1b2560ae403b6265c389be7f5638cd,Tomato___Bacterial_spot/e0d9aef6-cce9-4ca0-9af6-ea44e9985cdf___GCREC_Bact.Sp 5847.JPG,Tomato___Bacterial_spot/3dbc84e0-27f1-421f-8978-82881bf846fd___GCREC_Bact.Sp 3514.JPG,Tomato___Bacterial_spot,Tomato___Bacterial_spot,test,val,6,True
e70f0f3a6bf0e1524b7f9356d7575d88089b0a291fdec5fbe12d782cbe5e66f0,9a5daf7257d72cbf7a18fd819edd74171ffc01fe7d12c4dc23a361ab82e3f387,Tomato___Tomato_Yellow_Leaf_Curl_Virus/d0631a5a-5206-4544-96eb-eddcf6d9be5a___UF.GRC_YLCV_Lab 01490.JPG,Tomato___Tomato_Yellow_Leaf_Curl_Virus/b0da2084-b23a-4c96-bb13-091e8e95960f___UF.GRC_YLCV_Lab 01478.JPG,Tomato___Tomato_Yellow_Leaf_Curl_Virus,Tomato___Tomato_Yellow_Leaf_Curl_Virus,train,val,6,True
e7f693c7fd2fecf3121c62b69a29558b5aeda1f501e88504d555d82e6e257839,8afe0346cda347cb9fbd135a669f2c71f52efce35aa6e917b415f2681e7400e5,Tomato___Bacterial_spot/1552a68d-efde-4536-b883-f6da947f5a33___GCREC_Bact.Sp 5583.JPG,Tomato___Target_Spot/8fa4b03e-7abe-456e-a84e-2b490ada8b0f___Com.G_TgS_FL 9709.JPG,Tomato___Bacterial_spot,Tomato___Target_Spot,train,val,6,True
e92045b6b8c63666084b924e106c8da3960ff473dbae32cbfd06c69f729d2542,bca4ac0c9ea18a4dbb916ba2c53f5525ac0230e046b0337de51255876cc156ff,Tomato___Late_blight/97e49ab1-3159-4659-9954-518c94690a9e___RS_Late.B 5534.JPG,Tomato___Septoria_leaf_spot/5a43b236-f091-4e4b-8b17-b7fe3a6515d3___JR_Sept.L.S 8390.JPG,Tomato___Late_blight,Tomato___Septoria_leaf_spot,train,train,6,False
eae8caaeb4513fff7943feb1535f974e79c96c61d7ac4fcc6c3218ad3a4aa48b,dcd2db9abf96ca0d80918910ebc6bebf8752360fb8a4181a95230c303b5d71e2,Tomato___Septoria_leaf_spot/b12f3967-aa7e-4c0a-bb81-9b96a3e6587d___Matt.S_CG 1249.JPG,Tomato___Septoria_leaf_spot/c5806b61-685f-43a2-a5af-c8c9f086e7ea___Matt.S_CG 1244.JPG,Tomato___Septoria_leaf_spot,Tomato___Septoria_leaf_spot,train,train,6,False
ebbdcb1064090fed1ca4633e6e5ce007ca02552656a1f92a0bac76290aca19ec,2a3c0965e92b6f45ce62b918940d84ca5a9d86856001c73768e3852282c5009b,Tomato___Tomato_Yellow_Leaf_Curl_Virus/41a298af-bb2d-4870-8a7e-a02f26d46187___UF.GRC_YLCV_Lab 08454.JPG,Tomato___Tomato_Yellow_Leaf_Curl_Virus/9dbb9935-25fb-4e98-b1b1-be51c943d266___UF.GRC_YLCV_Lab 08455.JPG,Tomato___Tomato_Yellow_Leaf_Curl_Virus,Tomato___Tomato_Yellow_Leaf_Curl_Virus,train,train,6,False
ecab306f417864be79060c15633e671e9ed8427284b47d8bada9cb756711a551,c9a2e95a4fd1c10a10604c7d2f994ae2c14f65133fbbca2644db2741b6a0cc77,Tomato___Leaf_Mold/4e75a29c-0f14-4746-9d52-87d7f6c20b20___Crnl_L.Mold 6734.JPG,Tomato___Leaf_Mold/0f1ce7cf-da72-4ddb-9bdb-a1af620537c6___Crnl_L.Mold 6840.JPG,Tomato___Leaf_Mold,Tomato___Leaf_Mold,train,val,6,True
ecc91685e880b8179cdc6d76f10ca32e8af7d348661943832feef8b51cb9bdb4,1ba5f54fd56dd84b4d328e6e71570a8ccd9d592199d85ddb94f7cc683d256157,Tomato___Bacterial_spot/1371d8ed-b95f-4dd0-834c-9f3a944ca8dd___GCREC_Bact.Sp 3463.JPG,Tomato___Bacterial_spot/885c07cf-7443-4cc6-ba15-cc8e75aa7ebe___GCREC_Bact.Sp 6016.JPG,Tomato___Bacterial_spot,Tomato___Bacterial_spot,test,train,6,True
ecfebd4772615ec04ece2a4259ae3dfdfb89cf9db733059f4de3dd9234789eb3,9fab9a596603fa2c659df8d78f88470c5e40c54a33be796ac3a0dc86275dbd4d,Tomato___healthy/81453f31-6152-44e0-bfaf-fcd1336fc064___GH_HL Leaf 479.JPG,Tomato___healthy/7188d286-5201-40b6-925a-52af6e6c7c03___GH_HL Leaf 479.1.JPG,Tomato___healthy,Tomato___healthy,train,val,6,True
ed04045b59cc47814c1f79d809c543e6af65a26d93ef19326046abfbc3c6abbb,54e5ce447f73fb15fe16f46ec1932a050c4ca8e9c98f4a92a72b8fa96c92ea87,Tomato___healthy/96d85e53-b980-42f7-8e3d-cd6f7ec9c287___GH_HL Leaf 520.5.JPG,Tomato___healthy/e8d0f3de-312b-4316-aca4-798a51ebd423___GH_HL Leaf 520.1.JPG,Tomato___healthy,Tomato___healthy,train,train,6,False
ed066a8268c8d0fe62f5ac91135ae3fd5754be3c7f8df9703ab602f9c0b9235b,68bbe28aa1b2be242724dbaf68edc698fe273d379ef8d863e568dabceb60a0df,Tomato___Bacterial_spot/2cc65e15-e2ac-4a59-be59-ea7882d51638___GCREC_Bact.Sp 6018.JPG,Tomato___Early_blight/9d64c577-43dd-4409-b0ed-f5460bc01dc9___RS_Erly.B 7685.JPG,Tomato___Bacterial_spot,Tomato___Early_blight,train,train,6,False
edc60c332a5c0c40daa30b821e40148990d2a6aafd09cbe09f503af20e73fc83,e924331d943effce79a8d0e30fabf05aa6e5d69bdede803e69a0c69edec4d8f1,Tomato___Bacterial_spot/b2045ca9-7594-4ff9-a2ae-4faef86160ba___GCREC_Bact.Sp 5816.JPG,Tomato___Bacterial_spot/d2cbc8f4-b632-47de-bc45-edeb4f0911f1___GCREC_Bact.Sp 5994.JPG,Tomato___Bacterial_spot,Tomato___Bacterial_spot,train,val,6,True
ee67de053e435c3d06f582635f83bb720201346deaa37b27789ef2c2942d3970,029435ca19b466f17ac39bd5495b5310313f126a7e058f9a6332c166dc14a7f9,Tomato___Bacterial_spot/26768a91-4aca-41a4-ad88-1b791c2312dc___GCREC_Bact.Sp 5669.JPG,Tomato___Bacterial_spot/365b9e42-fc7d-4805-8737-dd51f26a2468___GCREC_Bact.Sp 3256.JPG,Tomato___Bacterial_spot,Tomato___Bacterial_spot,train,train,6,False
eef287cb513351a80f312f5f168a9e3b046f818b4112d313e6adccc62fc68367,4cdf6ffd15f21334ffbc0569aeef44d741ad07c99b2a7a99529218bc84316eb6,Tomato___healthy/991e779d-ffcb-4f55-98f6-20575d202757___RS_HL 0166.JPG,Tomato___Target_Spot/7eec3aca-476f-457d-8c0a-5c721a26aa4a___Com.G_TgS_FL 9899.JPG,Tomato___healthy,Tomato___Target_Spot,test,train,6,True
efb0b7965b94242d703334c533571aacb6b0ae2084303889f6ae9149c6b962ac,c042907ae41ba05d629c6c7a8075f17cdcb0b79b004e87ee63985f590bbf2bcb,Tomato___Tomato_Yellow_Leaf_Curl_Virus/ac593008-ed4e-496f-8785-6712cb39a858___YLCV_GCREC 2454.JPG,Tomato___Bacterial_spot/6cb8d633-865d-4809-99ff-c826fbcbfb7d___GCREC_Bact.Sp 5707.JPG,Tomato___Tomato_Yellow_Leaf_Curl_Virus,Tomato___Bacterial_spot,train,val,6,True
f0726b3fdfb8cc579fb9c8432ab58343e95cdbc9e694f508fdc814fdfae8d217,1bb976a7d9bfbb848afad90c5d2643220e0af095edb0620628f1e1d6125bc810,Tomato___Tomato_Yellow_Leaf_Curl_Virus/4f5f7643-a0aa-4dc4-ae00-a17097e949e9___UF.GRC_YLCV_Lab 03387.JPG,Tomato___Tomato_Yellow_Leaf_Curl_Virus/862bb14b-87a7-4829-9f77-fefe41aae0b6___UF.GRC_YLCV_Lab 03385.JPG,Tomato___Tomato_Yellow_Leaf_Curl_Virus,Tomato___Tomato_Yellow_Leaf_Curl_Virus,test,val,6,True
f08639ac933d3c419c9bf7f84e20b7cf4c3110dcda9420403e8526270c9bc412,9447443cb0b6641ddf71c2f70288090b8b80194fbec5473d97a4cae042249c76,Tomato___Tomato_Yellow_Leaf_Curl_Virus/38415828-fe26-47d0-bd59-f6773ac4884f___UF.GRC_YLCV_Lab 01357.JPG,Tomato___Tomato_Yellow_Leaf_Curl_Virus/4c91c53b-4c37-4029-974b-97daae68f9ab___UF.GRC_YLCV_Lab 01360.JPG,Tomato___Tomato_Yellow_Leaf_Curl_Virus,Tomato___Tomato_Yellow_Leaf_Curl_Virus,train,val,6,True
f12f4ffebf97ce230e1584cfd5f5c1cbeffe16b21221d67511aa4437bbbba3a5,20bd3fa129ba94c9862f134d55248af559c8b404d7e1443c0db1ec272d0b3239,Tomato___Spider_mites Two-spotted_spider_mite/8f4b78fa-aae1-493b-b132-6b00f03a32fe___Com.G_SpM_FL 8482.JPG,Tomato___Spider_mites Two-spotted_spider_mite/4012a51b-bc29-4044-9389-41c4c1cd39f6___Com.G_SpM_FL 9002.JPG,Tomato___Spider_mites Two-spotted_spider_mite,Tomato___Spider_mites Two-spotted_spider_mite,test,train,6,True
f150f3a51d11ceb9b356a68cabf6b42980e00d23253dd7321dee8ac8e7cea82f,d4bdbd8aaceed4744ec9790fb4c5a280d2f4ea1150cf624aaba7c2d6aa6b3651,Tomato___Spider_mites Two-spotted_spider_mite/113fe47e-6d5e-47da-8653-63095a9743c8___Com.G_SpM_FL 9610.JPG,Tomato___Spider_mites Two-spotted_spider_mite/ecdbba83-d2f4-42ea-a6bb-bfff274c74f3___Com.G_SpM_FL 9561.JPG,Tomato___Spider_mites Two-spotted_spider_mite,Tomato___Spider_mites Two-spotted_spider_mite,train,train,6,False
f16fe37b93012b1e1ad89af3f2601b8c9ebe647d2f723e55b4721742149586cd,bcc1087f1e34b8dbad24e44ee969456502be09cd4aa415ff06e011e6e7b57237,Tomato___Spider_mites Two-spotted_spider_mite/af0d2ecc-72f9-40ca-ad16-b3ef9419e9ec___Com.G_SpM_FL 9559.JPG,Tomato___Spider_mites Two-spotted_spider_mite/f7b7b4c8-1420-4ffe-ba64-97be026edeb4___Com.G_SpM_FL 8978.JPG,Tomato___Spider_mites Two-spotted_spider_mite,Tomato___Spider_mites Two-spotted_spider_mite,train,train,6,False
f24692ade4649f02fd9f4817f0bb34a31e01725549170f71e93ee8d3a98a7f79,2d0d2eb2af032b902a607080c64b5609eecc81540e029f1d5f9e6ef5e4533216,Tomato___healthy/29d9f827-5e61-4b9b-acba-db0e7ce2016d___GH_HL Leaf 480.JPG,Tomato___healthy/e9f45c75-db52-4a85-ab72-0b9adf1f047b___GH_HL Leaf 480.1.JPG,Tomato___healthy,Tomato___healthy,train,train,6,False
f2eb5067de4f6c9b5b7a754cb6fc6c3a15e23b9d1919d7c98cdc1ec8bec9bb42,a46c43b531203e231df2e8ee5a4b89988f8b2725f7faf2a05d5f88e619171259,Tomato___Bacterial_spot/1120ddb9-d30f-4683-adf6-a30779648b49___GCREC_Bact.Sp 3408.JPG,Tomato___Bacterial_spot/b71909d5-1354-4730-abdd-504679c558be___GCREC_Bact.Sp 5944.JPG,Tomato___Bacterial_spot,Tomato___Bacterial_spot,train,train,6,False
f6ab6c2b2974f683d9d459fd70015dcd14f8ec6c771e3647fde0403e5b8b8700,11a63bc27a325ef85df136f9c8c15fe2d4be66fa501e21e255b4bfc2a8aaa678,Tomato___Tomato_Yellow_Leaf_Curl_Virus/193f32a3-11a4-4d39-a88c-a1bc44e61d66___UF.GRC_YLCV_Lab 02863.JPG,Tomato___Tomato_Yellow_Leaf_Curl_Virus/40e7fe81-36f4-4810-ac4b-5d0da240880f___UF.GRC_YLCV_Lab 02864.JPG,Tomato___Tomato_Yellow_Leaf_Curl_Virus,Tomato___Tomato_Yellow_Leaf_Curl_Virus,train,train,6,False
f6ab6c2b2974f683d9d459fd70015dcd14f8ec6c771e3647fde0403e5b8b8700,45b0c4b7c909622d5d1f3f69d8d73599cdaf13a8b5f6fb085a80ace886ff148a,Tomato___Tomato_Yellow_Leaf_Curl_Virus/193f32a3-11a4-4d39-a88c-a1bc44e61d66___UF.GRC_YLCV_Lab 02863.JPG,Tomato___Tomato_Yellow_Leaf_Curl_Virus/83bd57f8-9061-4b1d-ac71-b426f16c7be6___UF.GRC_YLCV_Lab 02870.JPG,Tomato___Tomato_Yellow_Leaf_Curl_Virus,Tomato___Tomato_Yellow_Leaf_Curl_Virus,train,train,6,False
f6ab6c2b2974f683d9d459fd70015dcd14f8ec6c771e3647fde0403e5b8b8700,91bc8042ac008322de8a41fbc2980011eb9225653c7eebf3a525cc896010b0f1,Tomato___Tomato_Yellow_Leaf_Curl_Virus/193f32a3-11a4-4d39-a88c-a1bc44e61d66___UF.GRC_YLCV_Lab 02863.JPG,Tomato___Tomato_Yellow_Leaf_Curl_Virus/a04cd262-ad83-468f-94c1-6142da11a28c___UF.GRC_YLCV_Lab 02876.JPG,Tomato___Tomato_Yellow_Leaf_Curl_Virus,Tomato___Tomato_Yellow_Leaf_Curl_Virus,train,train,6,False
f7880557f827c4260ff9980e1cde4fafb7b2de18b844ca0f3185b88f00c02182,43568d095752dd0a75c22bc1e15fd77a986859060fa0ff9a63630c51180d9113,Tomato___Tomato_Yellow_Leaf_Curl_Virus/66b2d54c-6e19-4162-aec4-5246a80da463___UF.GRC_YLCV_Lab 02310.JPG,Tomato___Tomato_Yellow_Leaf_Curl_Virus/b22d22f3-45fc-47f8-99d7-3afcbde3817a___UF.GRC_YLCV_Lab 02316.JPG,Tomato___Tomato_Yellow_Leaf_Curl_Virus,Tomato___Tomato_Yellow_Leaf_Curl_Virus,train,train,6,False
f7e62d86ce5bc23b5aecc1126dd826866956a6fe96cd1fc3973f507ac95d0b7b,5aaf8b5100fefcc53b62c3a2f938ebe14ecbadff775f24ba001524b5a188ac44,Tomato___Tomato_Yellow_Leaf_Curl_Virus/8f2d1ca5-aaa7-4aeb-a59a-4c4624da3113___UF.GRC_YLCV_Lab 01256.JPG,Tomato___Tomato_Yellow_Leaf_Curl_Virus/a8faf777-5878-4262-8926-9f3cf4fd428b___UF.GRC_YLCV_Lab 01259.JPG,Tomato___Tomato_Yellow_Leaf_Curl_Virus,Tomato___Tomato_Yellow_Leaf_Curl_Virus,test,train,6,True
f898cdf87da264abc3158f6a2f7ca9c7336a198c3c0f4fd01eb7148e55a0815e,5d1a204bb8fbebc299a6dccdbfdc0d6d092d61d23e67d72e1532d859e7a487a6,Tomato___Bacterial_spot/6f211a42-cdd8-4c5c-89b3-17e50f324621___GCREC_Bact.Sp 3569.JPG,Tomato___Tomato_Yellow_Leaf_Curl_Virus/ac5c779e-f33c-4389-8ac7-1ffb4a65a5c2___YLCV_GCREC 2479.JPG,Tomato___Bacterial_spot,Tomato___Tomato_Yellow_Leaf_Curl_Virus,train,val,6,True
fa52c64bc062653b777af779023f6c4090fd195d4325211ae7c59031276b073a,78e32d84ba87759cb0578496107c6a6b443317d4c5f7c1cd03c7dc4b511b923a,Tomato___Late_blight/0fd882fa-471d-4bcc-ab2b-efdfaf904bc3___GHLB2 Leaf 8915.JPG,Tomato___Late_blight/c421eebc-d8ec-42d7-bcc9-a615343216a0___GHLB2 Leaf 8912.JPG,Tomato___Late_blight,Tomato___Late_blight,test,train,6,True
fc4b1103d5bb1b68e4e243f2f02a2317db8303131329e9e5346421b65e0cc5c6,9a8df682a27a5ff51307ea45c072c7d1227e91c1e4684a16e3edca7323607e3f,Tomato___Bacterial_spot/172458d3-8e11-4e75-9f39-d7e96e885108___GCREC_Bact.Sp 3071.JPG,Tomato___Bacterial_spot/27a806fe-06f2-48fb-92cf-32d44d545606___GCREC_Bact.Sp 3052.JPG,Tomato___Bacterial_spot,Tomato___Bacterial_spot,train,val,6,True
fe47932cf2344abd3b88dcf3bcb753035bf82add79717e3eebe8ffdbc847c27c,6400ea576437b459b91d51e21bbf7545583dc535f348e560d749ddea6b8f1c48,Tomato___Early_blight/0f111718-a749-42cf-9495-412f4b51acf0___RS_Erly.B 7482.JPG,Tomato___Tomato_Yellow_Leaf_Curl_Virus/58fdcd9d-1c01-4689-88a3-e307ef358f34___YLCV_GCREC 2852.JPG,Tomato___Early_blight,Tomato___Tomato_Yellow_Leaf_Curl_Virus,train,train,6,False
fed5db43ca0f9b9b490b3f2ffe45f8f5c9a5a559341c8d71b93a4d1383c28947,c42ea5551ed991d64da5b581dd72c34ab2448a0f14aec256a4f8cd452028d375,Tomato___Tomato_Yellow_Leaf_Curl_Virus/162a2c9a-53ec-468c-bbaa-145e7acdb8db___UF.GRC_YLCV_Lab 02537.JPG,Tomato___Tomato_Yellow_Leaf_Curl_Virus/6bc71828-8107-4cf7-9da1-54ac9f7c73da___UF.GRC_YLCV_Lab 02534.JPG,Tomato___Tomato_Yellow_Leaf_Curl_Virus,Tomato___Tomato_Yellow_Leaf_Curl_Virus,train,val,6,True
ffd5b1e3adaeb12978878fda9605c8245405dd88a3c6dd6c9320b15be436cc06,b3170183985cbc44ee4d043f9959f7572cfc41cad0eeb7271acc20f857b14484,Tomato___Tomato_Yellow_Leaf_Curl_Virus/3d3b43fc-c64d-4999-a3c5-3b4a01b40c68___UF.GRC_YLCV_Lab 02838.JPG,Tomato___Tomato_Yellow_Leaf_Curl_Virus/547315ea-525f-423e-b77f-53ca6881e9a0___UF.GRC_YLCV_Lab 02844.JPG,Tomato___Tomato_Yellow_Leaf_Curl_Virus,Tomato___Tomato_Yellow_Leaf_Curl_Virus,train,train,6,False
000445a6d63036944de5aeff8a7b0fd3e5e631dcd2f82d1f0b373b60c04e1c12,e22731d7f21e87aa43b703b1a8cef3cb94e25fd6d4f6f48e071ec161b17794b1,Tomato___Spider_mites Two-spotted_spider_mite/3b90769e-82f9-4b5f-93dd-6c2666f3c952___Com.G_SpM_FL 8924.JPG,Tomato___Spider_mites Two-spotted_spider_mite/d64bb364-65c3-401d-b9b9-56fad8fbfdd8___Com.G_SpM_FL 8804.JPG,Tomato___Spider_mites Two-spotted_spider_mite,Tomato___Spider_mites Two-spotted_spider_mite,test,train,8,True
016c3e3743b402520b2313952ad77a6c5781b9753d2bc3ca7a1e44c000d9883d,7100e69fc4e50dc40f3f7be92ba714015c79be0dd097d891d56a27371eead614,Tomato___Bacterial_spot/e98d37d3-7029-4de3-bdd9-955904454850___GCREC_Bact.Sp 2993.JPG,Tomato___Bacterial_spot/eaf64b81-ac2a-4c85-8c15-da1986a12b7a___GCREC_Bact.Sp 3683.JPG,Tomato___Bacterial_spot,Tomato___Bacterial_spot,test,train,8,True
016c3e3743b402520b2313952ad77a6c5781b9753d2bc3ca7a1e44c000d9883d,9fc8ae769298775dffa36873cb1fe9ab8a144d1357b71455c2304d16fee67122,Tomato___Bacterial_spot/e98d37d3-7029-4de3-bdd9-955904454850___GCREC_Bact.Sp 2993.JPG,Tomato___Tomato_Yellow_Leaf_Curl_Virus/73f2bb67-22de-4aff-b178-13cc018d5aa7___YLCV_GCREC 2457.JPG,Tomato___Bacterial_spot,Tomato___Tomato_Yellow_Leaf_Curl_Virus,test,train,8,True
016c3e3743b402520b2313952ad77a6c5781b9753d2bc3ca7a1e44c000d9883d,d8614e8ef54456e9163e8b383b47b723a173075323bf414a36abd7c2cc9c8706,Tomato___Bacterial_spot/e98d37d3-7029-4de3-bdd9-955904454850___GCREC_Bact.Sp 2993.JPG,Tomato___Bacterial_spot/5ce7093e-2e9d-4dd9-9401-7499c26ddaf1___GCREC_Bact.Sp 5566.JPG,Tomato___Bacterial_spot,Tomato___Bacterial_spot,test,train,8,True
0197e98a7f0ba460aff00d90ab6c3964cbcd6c2a84bbfd953f5839e0336d0867,1bf95bb95ccfb7285e3a855c6e4a5bad6524fede3e5bfe82ff7f758e27b9cb11,Tomato___Bacterial_spot/7334e742-de72-4561-9b0d-cdd8bc3313e7___GCREC_Bact.Sp 3066.JPG,Tomato___Bacterial_spot/37f07271-2a51-4ebd-8346-d9703f725998___GCREC_Bact.Sp 3238.JPG,Tomato___Bacterial_spot,Tomato___Bacterial_spot,test,train,8,True
0197e98a7f0ba460aff00d90ab6c3964cbcd6c2a84bbfd953f5839e0336d0867,8083b70dd1bf22f5b6c3dda825a86ed483836cfb5980fe548c5cb17a42f92213,Tomato___Bacterial_spot/7334e742-de72-4561-9b0d-cdd8bc3313e7___GCREC_Bact.Sp 3066.JPG,Tomato___Bacterial_spot/17ee90d7-f733-4026-a83e-c5c87ad88e67___GCREC_Bact.Sp 5623.JPG,Tomato___Bacterial_spot,Tomato___Bacterial_spot,test,train,8,True
01a5be9e1f1d0f0f362bb88898c498e3fce0251cc5446a401dc6b3a2cf95f446,43fc08deba36d9c3acc0c5f3daaf321b3d319475890c2d75ed904575acf3174b,Tomato___Spider_mites Two-spotted_spider_mite/90ef9a47-80a8-41ce-a673-37f393e24987___Com.G_SpM_FL 8864.JPG,Tomato___Early_blight/7c691a49-8a56-49d2-856f-6c20c34e257b___RS_Erly.B 9586.JPG,Tomato___Spider_mites Two-spotted_spider_mite,Tomato___Early_blight,test,train,8,True
01a5be9e1f1d0f0f362bb88898c498e3fce0251cc5446a401dc6b3a2cf95f446,c39c19c1b31134228cd56b8cff3465551955c49ce89ffac32e93dfce4918d001,Tomato___Spider_mites Two-spotted_spider_mite/90ef9a47-80a8-41ce-a673-37f393e24987___Com.G_SpM_FL 8864.JPG,Tomato___Target_Spot/69e0b7c6-4cb9-48e6-8436-0979f2ca1469___Com.G_TgS_FL 9805.JPG,Tomato___Spider_mites Two-spotted_spider_mite,Tomato___Target_Spot,test,test,8,False
01ca70a58d4c2f17456142666a4e1eb2afcfc42ef871c54d57568d257c68645f,b465a36bbeba6988d054d7d3e8d389bfc2141e9c44edaacd8919302217603c9c,Tomato___Tomato_Yellow_Leaf_Curl_Virus/e03a6b15-f236-4b0a-a1bc-a61f02f959ed___UF.GRC_YLCV_Lab 01915.JPG,Tomato___Bacterial_spot/fb703e38-2ea0-468f-9958-0f88be8e1fb0___GCREC_Bact.Sp 3126.JPG,Tomato___Tomato_Yellow_Leaf_Curl_Virus,Tomato___Bacterial_spot,train,val,8,True
01ccf1def1327817de4f62e6b45b7298d21835793fa042928ce3130e5619d6f6,00130ff23e61b0c77d9a42992b9864380b883edc0637e117951eb08f394e2075,Tomato___Septoria_leaf_spot/d47c8ffb-e42f-4bad-a87a-0a902c75bbc9___Matt.S_CG 1255.JPG,Tomato___Septoria_leaf_spot/bc9fa92b-2ed1-40b2-96b6-eb15bff4c323___Matt.S_CG 1256.JPG,Tomato___Septoria_leaf_spot,Tomato___Septoria_leaf_spot,test,train,8,True
01ea1b82a86cd6c3f840aa1d85d19f2e1fc6caaa8e8acc5983a480bf176a681e,766c5489199df5791bd2d028fa245ca7701fbb18e191009009aea8e1a9c0339e,Tomato___Septoria_leaf_spot/64a036f7-fc57-4b8b-970d-d36889655b0f___Matt.S_CG 1637.JPG,Tomato___Tomato_Yellow_Leaf_Curl_Virus/20361a6f-2c6d-4b39-8acb-da0d888ccf47___YLCV_GCREC 2542.JPG,Tomato___Septoria_leaf_spot,Tomato___Tomato_Yellow_Leaf_Curl_Virus,train,train,8,False
01f8919b9f1f9e80dba2c1eb1a4d7a17e9325f91f38f69321ea74e8b2dede5f8,18e8dedd5c2959994a5894e30207d78c10ae4a2ad07d8385e6f328b1a304ee45,Tomato___Bacterial_spot/3a8cc574-c2a6-4663-b1a0-7fa54b2b987d___GCREC_Bact.Sp 6358.JPG,Tomato___Bacterial_spot/59738947-4377-41ba-8a10-0335fdc27ab7___GCREC_Bact.Sp 3734.JPG,Tomato___Bacterial_spot,Tomato___Bacterial_spot,train,train,8,False
0204db67c9cd02b42d6b4008490a38e31730a6860a2b7ce81a061c9b861bf8db,336898fb9df73ac0851acd66c7ba95bbdc7e09fc317cd041d4bd47a7cfec0c71,Tomato___Target_Spot/e752f821-9c22-4ec5-992a-088fa1c8352c___Com.G_TgS_FL 9902.JPG,Tomato___Tomato_mosaic_virus/763335af-2beb-4331-b2e5-3f61a4b0b914___PSU_CG 2365.JPG,Tomato___Target_Spot,Tomato___Tomato_mosaic_virus,train,train,8,False
0274311cab133d4ab774e2f1d0c33cf6d581a10cffd71f43611d7e59f38b33a4,1fbddf3ea91a0976f0815616d8690468bf6193f7a2bcc38c569069a343796f04,Tomato___Target_Spot/aabba450-a441-4097-9256-ad41e3eeaf23___Com.G_TgS_FL 0646.JPG,Tomato___Spider_mites Two-spotted_spider_mite/4c9e9795-8252-4c13-84e8-1dd5564f6517___Com.G_SpM_FL 8828.JPG,Tomato___Target_Spot,Tomato___Spider_mites Two-spotted_spider_mite,test,train,8,True
0291a0f904591566a5efc0be3bec79753a8301d03410ff4759453e242fe61ce3,635d596f3719b32ebce3147d0a86b27fd1c39bd98080671f9d5d89a3477e6247,Tomato___Spider_mites Two-spotted_spider_mite/bb0f729a-0e44-41fd-b696-6c4219bbdf04___Com.G_SpM_FL 9553.JPG,Tomato___Target_Spot/41bb6805-695e-4c35-854c-ce4ed54388b3___Com.G_TgS_FL 9907.JPG,Tomato___Spider_mites Two-spotted_spider_mite,Tomato___Target_Spot,train,train,8,False
02d726db6bb0d52f76639723048f06cab84eade6a724c7279264fc2277c942c5,b2a5afb0fc88a2b8e84edbfa83fc309bb0d9e0391bdd15e6a2eaddbedd879345,Tomato___Bacterial_spot/6622ef60-ab1d-4225-9986-fbe2b201d43a___GCREC_Bact.Sp 3349.JPG,Tomato___Bacterial_spot/46520eb0-dbd0-40c7-ba4f-37510a15af9e___GCREC_Bact.Sp 5558.JPG,Tomato___Bacterial_spot,Tomato___Bacterial_spot,train,val,8,True
02dcfc384b0b9253b0d3c10159dfcfaee66f1c784afb73547a00a3c59a904b1c,03bcd63bcf59ab19009c7318192930ab8c082efed8f33d0b4ea00321873061ff,Tomato___Late_blight/02790384-a589-421b-8695-693e77970418___GHLB2 Leaf 8920.JPG,Tomato___Late_blight/8662590c-1a1e-450e-97fa-07fb26faf0c1___GHLB2 Leaf 8919.JPG,Tomato___Late_blight,Tomato___Late_blight,train,train,8,False
02f70ef0276eefe49c2855af66f78de6a257490f7b128aedd22e0b41a71ab49f,2cdc846eba08cb532d2152f33cc0a56c7d5343d0fe8ca6a5b5d6491b5c3af42e,Tomato___Bacterial_spot/1406a6e5-8aab-44df-997a-6386c01dc086___GCREC_Bact.Sp 5974.JPG,Tomato___Bacterial_spot/f2f180d1-45fb-46b6-b528-63a7f87dd78a___GCREC_Bact.Sp 5911.JPG,Tomato___Bacterial_spot,Tomato___Bacterial_spot,train,train,8,False
02f70ef0276eefe49c2855af66f78de6a257490f7b128aedd22e0b41a71ab49f,e81071d2eb9df39e17ea6c80a0939c9c0bcdb4b66f84a8a34bdb64203ab3bca5,Tomato___Bacterial_spot/1406a6e5-8aab-44df-997a-6386c01dc086___GCREC_Bact.Sp 5974.JPG,Tomato___Bacterial_spot/d437fbb3-cfb7-4a81-b6b7-36bca6748f02___GCREC_Bact.Sp 3454.JPG,Tomato___Bacterial_spot,Tomato___Bacterial_spot,train,train,8,False
02fb63393adc666cdb613e6e7bd1cdc4a7cee8bb29013359387a5b41d5338a96,68ae2128beb712eb6366b13a50b9d0e8607fcf602faef613597339d98ea17b26,Tomato___Spider_mites Two-spotted_spider_mite/cf21eb19-c8d6-4eba-9086-487d11bb8f94___Com.G_SpM_FL 9430.JPG,Tomato___Tomato_Yellow_Leaf_Curl_Virus/daa42538-8e0a-425d-a2c1-3fa4cb3a0aa3___YLCV_GCREC 5516.JPG,Tomato___Spider_mites Two-spotted_spider_mite,Tomato___Tomato_Yellow_Leaf_Curl_Virus,train,val,8,True
033232b37eda60fad779d7f5f8e37ad0d4055726ad08fac218b035bae88ff167,2459c4e4190d50a9b0650a3f4a8d32f6c1cb8a6a5a35358fe72d876b336a7d70,Tomato___healthy/5044fab8-1e1b-4f9c-a477-3ee8497d0c75___RS_HL 0287.JPG,Tomato___healthy/2a7e1698-9747-40e6-994e-5d4dc1d2b239___RS_HL 0279.JPG,Tomato___healthy,Tomato___healthy,test,train,8,True
035fddd18cf4846dd7f8df412fdc563f9a81edfdab16d5eb033e4c0994e1960a,83b1fe8b624a27f4388bb645d35831245bda2c0e55f4405188811ebba55b620a,Tomato___Bacterial_spot/0afe3bbd-b18b-4c70-8fbd-072844e742a2___GCREC_Bact.Sp 3434.JPG,Tomato___Bacterial_spot/f675726b-1569-4147-9af2-23ac17a555ec___GCREC_Bact.Sp 3150.JPG,Tomato___Bacterial_spot,Tomato___Bacterial_spot,train,train,8,False
03d02312d8ec0b5f864cae0ebe8aa920cbee11ff2e3532fdcbaa23b1a26364df,e2f2320a979c77e6b0ec62263d523df982f9772172cddeadf18701c9378d15f4,Tomato___Tomato_Yellow_Leaf_Curl_Virus/20710d03-d6ae-4c16-92c4-d2ccb2a5afad___YLCV_GCREC 5508.JPG,Tomato___Tomato_Yellow_Leaf_Curl_Virus/a2f88eb8-f50c-4dc9-aa5a-56050d57d066___YLCV_NREC 2636.JPG,Tomato___Tomato_Yellow_Leaf_Curl_Virus,Tomato___Tomato_Yellow_Leaf_Curl_Virus,test,train,8,True
03d5d321377eeb371bc11519909110d9a2f0abdac4c5e98813f49291abb191d1,b74f563bab64cb6217ced8e5859ee54945b618a21a4bef967175befd993446cd,Tomato___Tomato_Yellow_Leaf_Curl_Virus/8f8f5b03-854c-4572-ac84-2893366dffef___YLCV_GCREC 2750.JPG,Tomato___Tomato_Yellow_Leaf_Curl_Virus/3d6a1a02-ca2e-41d9-96b2-668293efc55d___YLCV_GCREC 2582.JPG,Tomato___Tomato_Yellow_Leaf_Curl_Virus,Tomato___Tomato_Yellow_Leaf_Curl_Virus,test,train,8,True
03ecfadbb7d8659649883cb86c3d4c45edfa5a3755bfe208f5c3a907b5d56bcb,b51eb125cce6cfd5469f451c0f88d78d24c153a7fc5f78cf535162afd431ea8d,Tomato___Tomato_mosaic_virus/38748c94-80b0-4a2b-b330-61d2619f5913___PSU_CG 2081.JPG,Tomato___Leaf_Mold/9d807622-ab39-4aa3-a70a-a2a62aa17679___Crnl_L.Mold 9136.JPG,Tomato___Tomato_mosaic_virus,Tomato___Leaf_Mold,train,val,8,True
03f71ef4556137b52bf94564ad1f7b357326be01bd1c7a9ceeb1c1aa9e1f7312,931ab162cb32c4a39df67312b5afc05f4b7faaf4b5d596fee9d9f743541e57e2,Tomato___Bacterial_spot/abf9d7f0-be8e-4294-bf19-d60270e3a50d___GCREC_Bact.Sp 5573.JPG,Tomato___Bacterial_spot/3f03db8d-6db0-45c0-ab1f-ca69db013041___GCREC_Bact.Sp 5729.JPG,Tomato___Bacterial_spot,Tomato___Bacterial_spot,test,train,8,True
03fb8fc138e3ba6f971a5f5959262d4fc1b5a07a1b646ac8406aa42addfd89b1,2e99e30ff1cd326c00b2f2bee0e6a49aa511e6fb1aefc621423f58ea45684040,Tomato___Spider_mites Two-spotted_spider_mite/851ea0ae-63c2-4f43-825e-e5e60b636ec0___Com.G_SpM_FL 1747.JPG,Tomato___Spider_mites Two-spotted_spider_mite/d2184d36-c149-4bab-bc07-66c9afce4567___Com.G_SpM_FL 9507.JPG,Tomato___Spider_mites Two-spotted_spider_mite,Tomato___Spider_mites Two-spotted_spider_mite,train,train,8,False
03fb8fc138e3ba6f971a5f5959262d4fc1b5a07a1b646ac8406aa42addfd89b1,942fc94363d6f16c41d27a8ab8d4e6e63056d45d06f99d01caadcbdbc44c5b8d,Tomato___Spider_mites Two-spotted_spider_mite/851ea0ae-63c2-4f43-825e-e5e60b636ec0___Com.G_SpM_FL 1747.JPG,Tomato___Spider_mites Two-spotted_spider_mite/8a1fd830-99d4-4044-b851-6237ed451132___Com.G_SpM_FL 1739.JPG,Tomato___Spider_mites Two-spotted_spider_mite,Tomato___Spider_mites Two-spotted_spider_mite,train,val,8,True
042e19f97d64cd0b94c5ad25beade4d749b87f9cedb39a11dabc1d58a53a9263,a8315c715fd070b73d213cfeaf7820d31facb9c0feec7223b35967ce0a8ba641,Tomato___Early_blight/55d4f7b2-17d3-4987-92fe-6aff1a8c4f3a___RS_Erly.B 7558.JPG,Tomato___Septoria_leaf_spot/15c00319-bd7f-45ef-9142-9295a62d701b___Matt.S_CG 0769.JPG,Tomato___Early_blight,Tomato___Septoria_leaf_spot,train,train,8,False
0446d338ef7f48314c7225f9f712bb6df19b28fbb689fd4ee115de3015ce3fc1,3854ba7e78a1d41cfad398cee7c383f7f5cbe51cf0f2a0813058f6519566d57c,Tomato___Spider_mites Two-spotted_spider_mite/3471da6b-4a47-4dfb-bf6e-8e9bf462ff5b___Com.G_SpM_FL 1638.JPG,Tomato___Tomato_Yellow_Leaf_Curl_Virus/9563e451-16e6-4468-8cc7-e3d7f8343e23___YLCV_GCREC 2810.JPG,Tomato___Spider_mites Two-spotted_spider_mite,Tomato___Tomato_Yellow_Leaf_Curl_Virus,train,train,8,False
0486d46e7eb95df9753215f7745c48a266b12fd725b1ded9217ad3f4c66eba4b,8a3cb9ba2693b0d7ff734eed9ef12f19ce950d7f7f287614be7a0d3b4bc83c4a,Tomato___Spider_mites Two-spotted_spider_mite/d4e45af9-ab53-4ed4-a534-ad10c11fb7c6___Com.G_SpM_FL 8469.JPG,Tomato___Target_Spot/7fff26be-4802-4778-97cf-96d5a9e4f127___Com.G_TgS_FL 9981.JPG,Tomato___Spider_mites Two-spotted_spider_mite,Tomato___Target_Spot,train,train,8,False
04d733820f4cd0200149a853e865a8e5ab38565e9d755e1fa95eb41a5eef2dad,11fa5e476087d8d2df47a906a713249c1d9e56f4cec6fe6e71668609f558331d,Tomato___Leaf_Mold/c02f3863-3012-4f3a-873e-8003d73a54f9___Crnl_L.Mold 6520.JPG,Tomato___Target_Spot/422f18d4-03d3-410c-97f0-f92590db890a___Com.G_TgS_FL 8085.JPG,Tomato___Leaf_Mold,Tomato___Target_Spot,train,train,8,False
04d733820f4cd0200149a853e865a8e5ab38565e9d755e1fa95eb41a5eef2dad,44c0e07bfa84876c315aea88e6630e65afaedc87f16ede2d0779f0b4d06c485a,Tomato___Leaf_Mold/c02f3863-3012-4f3a-873e-8003d73a54f9___Crnl_L.Mold 6520.JPG,Tomato___Tomato_Yellow_Leaf_Curl_Virus/0c4e96da-6951-4706-9738-bc36bf5d0101___YLCV_GCREC 2150.JPG,Tomato___Leaf_Mold,Tomato___Tomato_Yellow_Leaf_Curl_Virus,train,train,8,False
04d733820f4cd0200149a853e865a8e5ab38565e9d755e1fa95eb41a5eef2dad,89f6b68af289e560e535b4ade5bb65bd14c75a9d964ed3b5152cd6ffe3eb0595,Tomato___Leaf_Mold/c02f3863-3012-4f3a-873e-8003d73a54f9___Crnl_L.Mold 6520.JPG,Tomato___Leaf_Mold/a740fdd7-45f9-445f-a992-37005aa41d32___Crnl_L.Mold 6883.JPG,Tomato___Leaf_Mold,Tomato___Leaf_Mold,train,val,8,True
04ea3e8608068f3f5dba1a6f0a6cea4978dcfcd8a624cab39315adeb755704fc,8616bed65cff45f3d48c4f19248d5814267f469da1e760ce35ef0f77ffbfd167,Tomato___Spider_mites Two-spotted_spider_mite/db678f0b-cd38-408c-9029-33296dcd568d___Com.G_SpM_FL 8522.JPG,Tomato___Bacterial_spot/2cafa053-4dd6-4528-bb4f-53e4afeecefe___GCREC_Bact.Sp 2968.JPG,Tomato___Spider_mites Two-spotted_spider_mite,Tomato___Bacterial_spot,test,train,8,True
04ee9e889ac70e8a6b61d38240e503c6ed4b0879c035c6ed9e4bf48414e93d5a,53b221f3f3efb7e09e8d502ac96aeec9c90d14942fdb2814b2e0a959da0bdf60,Tomato___Tomato_Yellow_Leaf_Curl_Virus/2c01b2f4-fba8-43e1-bf26-8ea87cbe22b9___UF.GRC_YLCV_Lab 09350.JPG,Tomato___Tomato_Yellow_Leaf_Curl_Virus/92993d98-9fe1-4299-98c9-c1cb1caa7a67___UF.GRC_YLCV_Lab 09346.JPG,Tomato___Tomato_Yellow_Leaf_Curl_Virus,Tomato___Tomato_Yellow_Leaf_Curl_Virus,train,train,8,False
054bfcdc69850fe63d1bc2d00fa53e391c9bb9424f754e3d6f40d9509a603498,212829c4c40f799562927ce53b931280ada333e531f89c32a0089b330beba4d2,Tomato___Leaf_Mold/e401be04-ce62-4682-ae91-765fc4c2cc31___Crnl_L.Mold 7114.JPG,Tomato___Septoria_leaf_spot/c363173e-e72f-4aeb-937b-29f60598736d___JR_Sept.L.S 8563.JPG,Tomato___Leaf_Mold,Tomato___Septoria_leaf_spot,test,train,8,True
05db236232f07792cc08489c8617f667fce82aff286e50f3006c205131716c69,861eeeea768999d97c454d368ec94432856dc3a362a2a984db207493d58d1e80,Tomato___Tomato_Yellow_Leaf_Curl_Virus/641037eb-ab10-44eb-9ddb-7d3d8e363008___YLCV_NREC 2191.JPG,Tomato___Tomato_Yellow_Leaf_Curl_Virus/4216d51d-afb3-4b53-9d16-45d29d8c708a___YLCV_GCREC 2171.JPG,Tomato___Tomato_Yellow_Leaf_Curl_Virus,Tomato___Tomato_Yellow_Leaf_Curl_Virus,test,train,8,True
0611a726fbf5a9ee4ff96a4d3e8918aad67cfd6bfdc595b90300248773343d6e,0627556b7df9cdf4a71d1d5f5a681b56a25e197fc585841b3d9ca50fb35abc5f,Tomato___Tomato_Yellow_Leaf_Curl_Virus/3f078443-1d3f-4aac-beb0-b80636ad74da___UF.GRC_YLCV_Lab 02862.JPG,Tomato___Tomato_Yellow_Leaf_Curl_Virus/838e04d0-c452-4ae6-8d6f-32bb4b2fe3c2___UF.GRC_YLCV_Lab 02861.JPG,Tomato___Tomato_Yellow_Leaf_Curl_Virus,Tomato___Tomato_Yellow_Leaf_Curl_Virus,train,train,8,False
067874e38b4516aabbc0da95cd7d61a3f3bdeb24cfefd4e091e7451ffd702108,400d50443114d32451a977554b494557c3d85885fb9a3555ad325d41614deded,Tomato___Late_blight/3102efb7-6d3d-41db-aac8-587014fefe49___GHLB2 Leaf 9053.JPG,Tomato___Late_blight/9b0836db-9e56-4dc2-ba79-2d02907eaee1___GHLB2 Leaf 9048.JPG,Tomato___Late_blight,Tomato___Late_blight,test,train,8,True
069f1f239f0f093b6bb77e458437a5d3e00e4938a615bdb023cd8327de73e11b,ef3c739f0df131d0a1f6467fe05734b6f820f5b6bcbc77fe8e7309f88a4a0fc6,Tomato___Tomato_Yellow_Leaf_Curl_Virus/b89e6dce-ebc9-4eac-a0f8-19e34657f6e1___UF.GRC_YLCV_Lab 02067.JPG,Tomato___Tomato_Yellow_Leaf_Curl_Virus/6f22936e-2dac-423c-b046-aa1fe8a25978___UF.GRC_YLCV_Lab 02053.JPG,Tomato___Tomato_Yellow_Leaf_Curl_Virus,Tomato___Tomato_Yellow_Leaf_Curl_Virus,test,val,8,True
06c15d00743aeab0e4c190d564be54a87f93519bd33a98ac404faab524d70c5f,4577b8c021315b6367d32341bed6a038e100170f8f0b1c058d0d793a2a7c8e88,Tomato___Tomato_mosaic_virus/67662638-1bfa-4ff6-8305-2d8544277ef0___PSU_CG 2222.JPG,Tomato___Leaf_Mold/f48883d4-b37c-46b9-8e3d-a3cb04ff6067___Crnl_L.Mold 6641.JPG,Tomato___Tomato_mosaic_virus,Tomato___Leaf_Mold,train,val,8,True
06e9ecf679028ca530757462bced6e1d7872d1026d17f5346ffa71649db5948e,ab56b4ca6498f61d8371544657c4e11d59466f0ee96583fe9fb3dd29f3833e0c,Tomato___Bacterial_spot/45b562f0-a975-4c93-a705-699d7cc977bc___GCREC_Bact.Sp 5733.JPG,Tomato___Target_Spot/e90c87fc-7b4d-45a0-9934-51a8d91317f1___Com.G_TgS_FL 8384.JPG,Tomato___Bacterial_spot,Tomato___Target_Spot,train,train,8,False
07369e199a991102cdd48963ed085463ff9140ee2ec9ef573bdaa2840fa7d639,c53aa87aeb44663e0755495696b713f7cdb7ee31662b01e8ccf07da6738d9a3a,Tomato___Tomato_Yellow_Leaf_Curl_Virus/335ad098-9ff5-46b1-920c-b4f6e8559d2b___UF.GRC_YLCV_Lab 02791.JPG,Tomato___Tomato_Yellow_Leaf_Curl_Virus/a39053fb-74c8-489d-b0c1-8b27bdc7087c___UF.GRC_YLCV_Lab 02776.JPG,Tomato___Tomato_Yellow_Leaf_Curl_Virus,Tomato___Tomato_Yellow_Leaf_Curl_Virus,train,train,8,False
0816d823a968bbd1f03f576e030b346ff1f04edc6f0c00c4ffd5fb8501f78908,84f7f3ac03462495897ede31ab47363e589b1130960bac1af0fe9319ff5a43b4,Tomato___Tomato_Yellow_Leaf_Curl_Virus/6d8945de-29b4-413c-a3f6-043889d99116___UF.GRC_YLCV_Lab 03220.JPG,Tomato___Tomato_Yellow_Leaf_Curl_Virus/b1db6ecd-197e-40fa-9abb-bce650f2517d___UF.GRC_YLCV_Lab 03221.JPG,Tomato___Tomato_Yellow_Leaf_Curl_Virus,Tomato___Tomato_Yellow_Leaf_Curl_Virus,train,val,8,True
085dcb6e268fb1c2094c536d85d776608b1d3316ddad7a215cf96ad2ef5f2cef,b51bc9d5732ec9c48385392d49e71f01de82df31e777af7f5848eee85007e23a,Tomato___Septoria_leaf_spot/a1b6deb1-e0f7-4eb4-a2ca-77d1f1e45aaa___Matt.S_CG 7818.JPG,Tomato___Septoria_leaf_spot/d5380a5d-03bb-46d1-ae25-b245f3eec822___Matt.S_CG 7626.JPG,Tomato___Septoria_leaf_spot,Tomato___Septoria_leaf_spot,test,train,8,True
08662577cba3ef2fa89f536e78ef21c1a4757182c5d66fea62eebd4496e9986f,7e0417e8378a9a5b399067fb1a898c7a03c81e4a4bc2b0ef0ad3e6941a373a7e,Tomato___Early_blight/6376d980-2b10-4990-a58d-ca0e7dfc6af3___RS_Erly.B 8215.JPG,Tomato___Late_blight/4d9faab5-238d-42a1-ae87-5e3d0a38a3e2___RS_Late.B 5033.JPG,Tomato___Early_blight,Tomato___Late_blight,train,train,8,False
095742f77d2332d293a38a8b8545abc23facdc2792aa10a6413257238f5b78f1,b42cf9515cea23e79a64fc1cd578d2e14db92cdd5fecf0cdcef3be2daa7f7bb4,Tomato___Tomato_Yellow_Leaf_Curl_Virus/0596712d-eb13-43b5-bd6b-2bef0c35dbe2___YLCV_GCREC 5198.JPG,Tomato___Tomato_Yellow_Leaf_Curl_Virus/24530696-e0ee-400a-8860-b79a6f9bd282___YLCV_NREC 2069.JPG,Tomato___Tomato_Yellow_Leaf_Curl_Virus,Tomato___Tomato_Yellow_Leaf_Curl_Virus,train,train,8,False
097c19b136424b818db4e05f4f6f496a98b8f996324eafde606f92e470e219b3,5a5023bb684ff609f9bf0dd59258cfab2e20a81dce1531080a7299cf163125bf,Tomato___Tomato_Yellow_Leaf_Curl_Virus/be7be6fa-e171-4a56-bae4-f53c718f4362___YLCV_NREC 2083.JPG,Tomato___Spider_mites Two-spotted_spider_mite/fbd9d6dd-1141-42e8-84d5-7ca48ba4632c___Com.G_SpM_FL 9377.JPG,Tomato___Tomato_Yellow_Leaf_Curl_Virus,Tomato___Spider_mites Two-spotted_spider_mite,test,train,8,True
099c43af6d604146ff060e021d0a399e4bf7d510987f97a45213badf4cee7308,4eaf0b4df29af5384d13638dcef1bd7ce2ec152e7aad3563530b0b388bd89216,Tomato___Early_blight/f882f8cc-49bc-49f6-a6c0-fbffe60d81a0___RS_Erly.B 7672.JPG,Tomato___Spider_mites Two-spotted_spider_mite/3d74d3e8-d946-4270-b762-19b0d1552351___Com.G_SpM_FL 1413.JPG,Tomato___Early_blight,Tomato___Spider_mites Two-spotted_spider_mite,train,train,8,False
099c43af6d604146ff060e021d0a399e4bf7d510987f97a45213badf4cee7308,dd431afc2dbaebade1bbbd2f6e18f3646c37cbc8b4f97efa20b06d4344fc7b8a,Tomato___Early_blight/f882f8cc-49bc-49f6-a6c0-fbffe60d81a0___RS_Erly.B 7672.JPG,Tomato___Target_Spot/b7ed22d3-7ade-479b-a6f0-9d140ced1b37___Com.G_TgS_FL 9898.JPG,Tomato___Early_blight,Tomato___Target_Spot,train,train,8,False
09c068e8523cdf4eeb529952b80178164d2289187f136a89e078c1058be85761,bcd6566abf76f0c86bf91873223435110249516ddd2e0f06d9bffd142ddc9d2e,Tomato___Spider_mites Two-spotted_spider_mite/40067b29-7ac0-4d41-9a67-52aaa1578543___Com.G_SpM_FL 9620.JPG,Tomato___Tomato_Yellow_Leaf_Curl_Virus/3c6bd94d-921c-4860-b355-9cc8f4e0f8cc___YLCV_GCREC 2378.JPG,Tomato___Spider_mites Two-spotted_spider_mite,Tomato___Tomato_Yellow_Leaf_Curl_Virus,train,train,8,False
09d9bbb502a643972b16b6964cb20d0ee977009fc6978ff92952e22da46ffed6,d848796a1b041226ae7b23fbff78aac4c172f2dc0ca0d645ae3bf980efd26e09,Tomato___Late_blight/067fa506-1859-485a-9a17-53aaf0e8b1c3___RS_Late.B 6641.JPG,Tomato___Septoria_leaf_spot/84d1824a-dff7-4bd9-b623-1f5d6a5f014e___Matt.S_CG 7687.JPG,Tomato___Late_blight,Tomato___Septoria_leaf_spot,train,train,8,False
09eb9b05811028cf7e20721027b617c159414e104b57bf5be36ef4d8fa938719,1f75c4afdc85532fae7202dbfc5a39273180f0aca1ccf365c3ded774e4edf88c,Tomato___Bacterial_spot/edcbb73e-46f6-4798-bcdd-7c4477b6b9cf___GCREC_Bact.Sp 3214.JPG,Tomato___Tomato_Yellow_Leaf_Curl_Virus/78c33fe5-c2ce-416a-acad-c8432c75e58e___YLCV_GCREC 2026.JPG,Tomato___Bacterial_spot,Tomato___Tomato_Yellow_Leaf_Curl_Virus,test,train,8,True
09eb9b05811028cf7e20721027b617c159414e104b57bf5be36ef4d8fa938719,4886d81526e7f64e6bfffedbecdae028d84f70a1562f6e0604ea97b5b3ed1f16,Tomato___Bacterial_spot/edcbb73e-46f6-4798-bcdd-7c4477b6b9cf___GCREC_Bact.Sp 3214.JPG,Tomato___Septoria_leaf_spot/253ddc99-8132-4710-bb89-eb83ab271abc___Matt.S_CG 0698.JPG,Tomato___Bacterial_spot,Tomato___Septoria_leaf_spot,test,val,8,True
09eb9b05811028cf7e20721027b617c159414e104b57bf5be36ef4d8fa938719,98fc3b47c9c121764f8b47cd3e6a2a6073e489fcf7cad88c6afbcf35994db47b,Tomato___Bacterial_spot/edcbb73e-46f6-4798-bcdd-7c4477b6b9cf___GCREC_Bact.Sp 3214.JPG,Tomato___Bacterial_spot/7e7479df-7aac-4b5f-9724-db28ca442a74___GCREC_Bact.Sp 3215.JPG,Tomato___Bacterial_spot,Tomato___Bacterial_spot,test,train,8,True
0a1dffedbc8e88360c92fe94afc05d31740f7212d2ae08c551c18a7d6bac7635,733f9e48fc95fff101375db22e3df3e19190dbf8be5bb26f00f9576f5906f6a1,Tomato___Septoria_leaf_spot/e32420bf-2fb6-43ae-8b09-eb7aa6862a23___Matt.S_CG 6139.JPG,Tomato___Target_Spot/ef6528c4-46d7-4d22-9e1b-3e2f58dbd6a8___Com.G_TgS_FL 1080.JPG,Tomato___Septoria_leaf_spot,Tomato___Target_Spot,train,train,8,False
0a1f99c5b844a32ce53513ec8fc085571c14b872772a636bac35a3c75c9846cb,b4e300f9f50119b57edcc0be48bc06582347446c59d45b8c9a7bc67873aa595d,Tomato___Target_Spot/6d8550bb-b43d-4e66-a5fc-f320110ad625___Com.G_TgS_FL 9905.JPG,Tomato___Target_Spot/7bfa2366-1fd0-475b-aadf-d72055b6ec29___Com.G_TgS_FL 0850.JPG,Tomato___Target_Spot,Tomato___Target_Spot,val,val,8,False
0a7c94b9bee60fe0f16e9b07b266e47404f7b349ee0dd6cd4659e567ddc6b9fa,1d2818cb1f800e7ec0c32908a8e059ae390c5d8076a3e909e1ef87ab47e71c2d,Tomato___Early_blight/a8cade96-090a-4dcd-bc79-d13a4046370d___RS_Erly.B 7721.JPG,Tomato___Tomato_Yellow_Leaf_Curl_Virus/d250bc4b-6d82-4294-9659-419b0e6775c1___YLCV_GCREC 2549.JPG,Tomato___Early_blight,Tomato___Tomato_Yellow_Leaf_Curl_Virus,test,val,8,True
0abfd704514f45754d5afb4dd8230c7327f3514558ec4923f1b901db3eda4540,171e8dd765a9becb548f1bf7bd5c9ca5ad0d78b24923dafa9e12213d6af88bcb,Tomato___Tomato_Yellow_Leaf_Curl_Virus/7c215f7a-4aaf-4461-a727-7e4777daa562___UF.GRC_YLCV_Lab 01624.JPG,Tomato___Tomato_Yellow_Leaf_Curl_Virus/c2e89c8f-a64a-4396-aec9-da55a1a6f98d___UF.GRC_YLCV_Lab 01631.JPG,Tomato___Tomato_Yellow_Leaf_Curl_Virus,Tomato___Tomato_Yellow_Leaf_Curl_Virus,test,test,8,False
0ac2da9802cbce62591402fe207b8b2eb5b04ba5db8c15d4d0c6808077c733d3,839fff53e23476eabf547a4529bef95bc56bb84512e33d023eb28f561f0e047a,Tomato___healthy/c268e18a-6916-43ef-8aa8-f68b1429b7dc___GH_HL Leaf 236.2.JPG,Tomato___healthy/89ecd925-23ef-4bfe-8c55-cad05161aca2___GH_HL Leaf 236.1.JPG,Tomato___healthy,Tomato___healthy,train,val,8,True
0adf946df5d8b3a247c47ed5365dc1ef5e35a6a5de9b4af20701e787d85fac0e,52fa3efa8110ad7e615cb6ecffa9a27601e299c749c46c566830dc006a198111,Tomato___Bacterial_spot/b54854bf-7cc6-4ee4-8189-122c26e75122___GCREC_Bact.Sp 5912.JPG,Tomato___Early_blight/1a8bd88f-309f-4392-b387-7cb423ef0ab6___RS_Erly.B 7366.JPG,Tomato___Bacterial_spot,Tomato___Early_blight,train,train,8,False
0b8fa96415cce5f450f2e6ec8767226dcc58002154da3e862ec2ea0e457dc810,bb7d2560600226783077e80dec0dba1954db4acb9d8fe88db6de585e31d5bd51,Tomato___Bacterial_spot/f5142872-5e4b-4038-b4fd-b38c4097e5aa___GCREC_Bact.Sp 5679.JPG,Tomato___Bacterial_spot/ef71eeaa-1a9c-41f6-8cbe-394a441b3f0c___GCREC_Bact.Sp 3507.JPG,Tomato___Bacterial_spot,Tomato___Bacterial_spot,train,val,8,True
0bcddf78995aac2c6afe3880558663c365b87926ce4ed9fff56e9dae01cc8880,45424783492605696b4c7d56605906c3b024b11e744617ef5d1ddee5d61701fc,Tomato___Spider_mites Two-spotted_spider_mite/aaa6e60c-1db9-475d-b312-c3fea4a00c5a___Com.G_SpM_FL 9020.JPG,Tomato___Target_Spot/3f273e21-2b93-4327-ad8f-d1d94766b63a___Com.G_TgS_FL 9874.JPG,Tomato___Spider_mites Two-spotted_spider_mite,Tomato___Target_Spot,val,val,8,False
0c2bac7e7ef911cbcebd5f017d0507cf4bb9067c3bc3e50f8d112a9a9ca68d63,66876f0e013958039691bceefaf1a8a06ae9bd0eb0ed92fbba8c3066e478dc4e,Tomato___Bacterial_spot/21e92c79-7f6e-457f-887f-a6e7ba02494b___GCREC_Bact.Sp 6049.JPG,Tomato___Bacterial_spot/d03d8c3f-4929-4072-9a69-d4062c90a391___GCREC_Bact.Sp 6243.JPG,Tomato___Bacterial_spot,Tomato___Bacterial_spot,train,train,8,False
0c76309cbac9d682add6ae3bdc9a01894e627f2089ecccff68e93625f44de857,580f38a815d5b2ba9b67152506555575370efe20af058137e19c5ea111899fa9,Tomato___Tomato_Yellow_Leaf_Curl_Virus/d7b4c58c-f9c5-413e-953f-2d51e83f3b66___YLCV_GCREC 5314.JPG,Tomato___Tomato_Yellow_Leaf_Curl_Virus/5ad0f91d-2756-4b92-ae07-1945f1b71c45___YLCV_GCREC 5315.JPG,Tomato___Tomato_Yellow_Leaf_Curl_Virus,Tomato___Tomato_Yellow_Leaf_Curl_Virus,test,train,8,True
0c838c20eac3dbd75a7a03321a985bb72d9c63b94bbb99b935f7fd02a18b1210,538a2ad59717f32cd2bd822901c53b7bb45fcac75c86a9cbecb4ed5784060608,Tomato___Late_blight/d373ae28-23fa-48ac-9745-7b9f405698d5___RS_Late.B 5391.JPG,Tomato___Bacterial_spot/3dde2c0b-a6d1-49f7-bcdc-3a615ea9d0c0___GCREC_Bact.Sp 5731.JPG,Tomato___Late_blight,Tomato___Bacterial_spot,test,train,8,True
0c8aba5d8918d33203d34971f3370308010406b6e517a4c86a223341a7e06cf3,122aa3b0ac374bdc4c356feaa74175cd8a72704ac9ab0aaf99023e5434f1e334,Tomato___Septoria_leaf_spot/57628952-daac-46fc-950e-f57e3b418703___Matt.S_CG 7653.JPG,Tomato___Target_Spot/225b37a6-449f-4436-92be-ae3299f968a4___Com.G_TgS_FL 8197.JPG,Tomato___Septoria_leaf_spot,Tomato___Target_Spot,train,train,8,False
0c8aba5d8918d33203d34971f3370308010406b6e517a4c86a223341a7e06cf3,633213fdc2c975c6a3def83f23c9a28c6f92241fd3c65ac1a8ccc372bca6ad0e,Tomato___Septoria_leaf_spot/57628952-daac-46fc-950e-f57e3b418703___Matt.S_CG 7653.JPG,Tomato___Spider_mites Two-spotted_spider_mite/646aa524-ba89-4228-bd91-16d693ff1283___Com.G_SpM_FL 8835.JPG,Tomato___Septoria_leaf_spot,Tomato___Spider_mites Two-spotted_spider_mite,train,train,8,False
0c8aba5d8918d33203d34971f3370308010406b6e517a4c86a223341a7e06cf3,7ca7fbbdcfab38b5722557e7846e6c270ea84c4a9c5c6249bfceed87663d61e5,Tomato___Septoria_leaf_spot/57628952-daac-46fc-950e-f57e3b418703___Matt.S_CG 7653.JPG,Tomato___Spider_mites Two-spotted_spider_mite/246bf675-01a0-4da1-90ab-a1b44d3768dd___Com.G_SpM_FL 8635.JPG,Tomato___Septoria_leaf_spot,Tomato___Spider_mites Two-spotted_spider_mite,train,train,8,False
0caf08b3286f4ca20b5bb52cafd4d0a74f9f1ac6237636e20ef3e53145692399,ac91891485efcbcc5e078ce8ec9390c0329987b67d84912b997d3c8cc0b41948,Tomato___Spider_mites Two-spotted_spider_mite/9bba8874-aadd-4b80-8e5c-dea2e4b6457d___Com.G_SpM_FL 1517.JPG,Tomato___Spider_mites Two-spotted_spider_mite/df8b8483-a90f-4287-8d4f-251359950ced___Com.G_SpM_FL 1518.JPG,Tomato___Spider_mites Two-spotted_spider_mite,Tomato___Spider_mites Two-spotted_spider_mite,train,train,8,False
0d128f65bb1e0aee20e88e7664e2cfeb7766f640b1f9b1159e031d2140369aad,aa2d6dda8a66617617a890e53ae5477ae499f94248c3e9177246b8dbceb1573e,Tomato___Septoria_leaf_spot/1dbd5efc-4fec-40a2-aca2-d257a7ad823b___Matt.S_CG 2598.JPG,Tomato___Spider_mites Two-spotted_spider_mite/75ff9553-3292-4a04-b856-2268da814f68___Com.G_SpM_FL 8548.JPG,Tomato___Septoria_leaf_spot,Tomato___Spider_mites Two-spotted_spider_mite,train,train,8,False
0d1c2cacfb7cbc7522ce6581c7eaad8b7772c29c4bbbbcc54f6620b4c3d5528c,d893e439dea93a96a5ce47161016192c0c9fa59767f639fa26d671e9062c4a92,Tomato___Bacterial_spot/2fa031cf-7326-46a8-a565-2ce27d003e2d___GCREC_Bact.Sp 5884.JPG,Tomato___Bacterial_spot/b8f38ecf-ef8d-47b5-90a3-e937a300a931___GCREC_Bact.Sp 5770.JPG,Tomato___Bacterial_spot,Tomato___Bacterial_spot,train,train,8,False
0d294b985e0fcaa8e4373bdf25dbc56aecb7e452ff25fbabd77456a5ced20b6b,224a7ff2f41cc06246228ba7031f339f4ef5967c26c408802b59fac6b85c6fe3,Tomato___Bacterial_spot/075caa8d-0748-441c-a365-754b43a5b538___GCREC_Bact.Sp 5625.JPG,Tomato___Bacterial_spot/3a08d08d-9820-492b-a99f-eb19147724b7___GCREC_Bact.Sp 3288.JPG,Tomato___Bacterial_spot,Tomato___Bacterial_spot,train,train,8,False
0d4e96862faa9e4b119dc64ac94b5e88cf3c246c8fa0c19bdbe393aa1f54493e,1732b914dba33ba87c383b22017253216d9cefb3ea9c92e6f0d5eb986e586a94,Tomato___Leaf_Mold/bc3a2748-382a-4eff-99cb-d437b5cf8105___Crnl_L.Mold 6934.JPG,Tomato___Leaf_Mold/c2c1d52c-c090-4399-ba9c-4f1597bfe900___Crnl_L.Mold 6989.JPG,Tomato___Leaf_Mold,Tomato___Leaf_Mold,train,train,8,False
0d7a9108cc163fb9e28db09a3a307ff7a3dfa162ced1307adedd6d2d41d92f9d,4a66b12a2f9f3b1d0088a3a244bbd20deff47ca8368084c905ddd08ad2239383,Tomato___Tomato_Yellow_Leaf_Curl_Virus/180ef991-3ed2-41d8-93b6-c1791d745669___UF.GRC_YLCV_Lab 01678.JPG,Tomato___Tomato_Yellow_Leaf_Curl_Virus/f390848d-e427-4c8e-8e93-0772e9f91fc8___UF.GRC_YLCV_Lab 01668.JPG,Tomato___Tomato_Yellow_Leaf_Curl_Virus,Tomato___Tomato_Yellow_Leaf_Curl_Virus,train,train,8,False
0d7a9108cc163fb9e28db09a3a307ff7a3dfa162ced1307adedd6d2d41d92f9d,b99b26b6a5de382439a6d5c2819943a6e395f312e2e98c1b83a13f29728e7a75,Tomato___Tomato_Yellow_Leaf_Curl_Virus/180ef991-3ed2-41d8-93b6-c1791d745669___UF.GRC_YLCV_Lab 01678.JPG,Tomato___Tomato_Yellow_Leaf_Curl_Virus/86089870-b24b-4509-abc3-f6c50fd07e49___UF.GRC_YLCV_Lab 01677.JPG,Tomato___Tomato_Yellow_Leaf_Curl_Virus,Tomato___Tomato_Yellow_Leaf_Curl_Virus,train,train,8,False
0da1f2f0f3bf4f214661c0c69d15314d265052a0f686ef567a28ac5774d3b4de,8a88468f2544022ba662c558868a2af6d9678f2c8fdaa1595f7ac64cda8e0775,Tomato___Tomato_Yellow_Leaf_Curl_Virus/28a32d67-dee5-433c-92bd-ac93d570e679___YLCV_GCREC 5536.JPG,Tomato___Tomato_mosaic_virus/ee5d3bda-66ef-4de8-878d-e345c3eae676___PSU_CG 2086.JPG,Tomato___Tomato_Yellow_Leaf_Curl_Virus,Tomato___Tomato_mosaic_virus,train,train,8,False
0db0f939bdccfa2da9c19e0728b1d8637e39ccce4903f0a1dd4228b7c58fa760,2cdc846eba08cb532d2152f33cc0a56c7d5343d0fe8ca6a5b5d6491b5c3af42e,Tomato___Bacterial_spot/e85d64bf-a47c-4d80-8eb8-9059c1eec9a9___GCREC_Bact.Sp 5790.JPG,Tomato___Bacterial_spot/f2f180d1-45fb-46b6-b528-63a7f87dd78a___GCREC_Bact.Sp 5911.JPG,Tomato___Bacterial_spot,Tomato___Bacterial_spot,train,train,8,False
0dc0767264696818f7a1474a079459b6e02f3a510b2dc2f867d14dae15438f02,f5b66d1fd9ccae3c7af0b2341b839923b1a5ce5f84678247029a32665027e473,Tomato___healthy/249797c6-648f-4df5-ab87-a0b82eb08801___GH_HL Leaf 495.JPG,Tomato___healthy/f54a5053-dca2-4460-bd8d-27be3eb1e9b4___GH_HL Leaf 495.1.JPG,Tomato___healthy,Tomato___healthy,train,train,8,False
0df5d88e783c99c8874148947c211df666f5a3e17a685620f81da7b7e179353a,5201655f7fd0e7fddce83d146a78bff5299753c41e4d0f0b77a1d90d9147d8bc,Tomato___Bacterial_spot/c9c0a326-c094-4cea-94cb-bc240bb3be23___GCREC_Bact.Sp 3652.JPG,Tomato___Tomato_Yellow_Leaf_Curl_Virus/28c2554c-792d-407c-b8d0-64012f97ace1___YLCV_NREC 2127.JPG,Tomato___Bacterial_spot,Tomato___Tomato_Yellow_Leaf_Curl_Virus,train,train,8,False
0e07018700c55592a414fc9bb5b47f27af26aa8cff49de90c9d6e97540122434,33fed08dc68066cf614b93a9d1c69f955616c686540bd038c1462bb7e5362832,Tomato___Tomato_Yellow_Leaf_Curl_Virus/f7dd391f-26cd-42df-8e92-2aa4cdf5d28b___UF.GRC_YLCV_Lab 01909.JPG,Tomato___Tomato_Yellow_Leaf_Curl_Virus/0b65e4d3-9a6e-463a-b930-814c787d01c6___UF.GRC_YLCV_Lab 01910.JPG,Tomato___Tomato_Yellow_Leaf_Curl_Virus,Tomato___Tomato_Yellow_Leaf_Curl_Virus,test,train,8,True
0e08e5ce138815769d8166ad5c6602c2fad5a5c3c7338160e2209f9ea5bbbd8b,6fbb6425e70c6c3e6e308c1ba5ee5ced556df1739ae0c92b4a991057c48aed87,Tomato___Spider_mites Two-spotted_spider_mite/5a5afa95-1fb6-477e-a24c-a6fe1cac644f___Com.G_SpM_FL 9282.JPG,Tomato___Spider_mites Two-spotted_spider_mite/61b545b4-309c-4eff-9fe7-e0979dbe3c40___Com.G_SpM_FL 1322.JPG,Tomato___Spider_mites Two-spotted_spider_mite,Tomato___Spider_mites Two-spotted_spider_mite,test,train,8,True
0e0b38fbc699a8896a2c68f4d9c42770bfad439bab56c546145e6913b769bcd3,248c637e601f81e71ff3c24ecad96be95db26e3bb0746cd5183a0bd961cdb591,Tomato___Tomato_Yellow_Leaf_Curl_Virus/837c2369-4f38-4c58-b1ed-fa83f96258ad___UF.GRC_YLCV_Lab 02439.JPG,Tomato___Tomato_Yellow_Leaf_Curl_Virus/b086e7d4-52fe-4779-b2a5-5927aec3e636___UF.GRC_YLCV_Lab 02437.JPG,Tomato___Tomato_Yellow_Leaf_Curl_Virus,Tomato___Tomato_Yellow_Leaf_Curl_Virus,train,val,8,True
0e1a7d94b6d60b7aed3757c2387a6364b4826a60b5cd07fefac7e795b8d6413f,11007aaba90e588473e3a8c8830f8c7b9402f39616f555c952c8f62adccf60e1,Tomato___Septoria_leaf_spot/86726614-43a7-445c-a854-153e3830cbcc___Matt.S_CG 7686.JPG,Tomato___Target_Spot/1ea4741f-c01c-486e-a4b4-c77bce536f95___Com.G_TgS_FL 9821.JPG,Tomato___Septoria_leaf_spot,Tomato___Target_Spot,train,val,8,True
0e1a7d94b6d60b7aed3757c2387a6364b4826a60b5cd07fefac7e795b8d6413f,ea33934b589d1707ad00c463d8ce8d4c03ea295780ab897211ba6643843c569d,Tomato___Septoria_leaf_spot/86726614-43a7-445c-a854-153e3830cbcc___Matt.S_CG 7686.JPG,Tomato___Spider_mites Two-spotted_spider_mite/7c41b687-8858-4f41-985c-9318ae538bb5___Com.G_SpM_FL 9284.JPG,Tomato___Septoria_leaf_spot,Tomato___Spider_mites Two-spotted_spider_mite,train,train,8,False
0e497524c314d469cd881d3754c3fedfaefe244406ac06c3ede56cf104f78b30,d05aa38f4964a87159f7c139075d2f9c2beab89ea5fe8fc0a83144b408ed7330,Tomato___Septoria_leaf_spot/ca8982f7-f569-4f25-a4c5-7a4090d8418f___Matt.S_CG 7461.JPG,Tomato___Septoria_leaf_spot/f1a943c2-373d-43e1-97c4-19458d938bdc___Matt.S_CG 6732.JPG,Tomato___Septoria_leaf_spot,Tomato___Septoria_leaf_spot,train,train,8,False
0e4e2e917aceb1776a92234b0a1a0bd2ca3392a996297658656580562b81c9a7,f67198cc05151d62ea52140b190e6fed771679359c1492d6f4bd7cb66ae7682a,Tomato___Spider_mites Two-spotted_spider_mite/2f44f20c-6c77-439b-9528-f5ab5242dd4d___Com.G_SpM_FL 1483.JPG,Tomato___Spider_mites Two-spotted_spider_mite/864c0d82-659a-40c7-b5f4-baa538db5766___Com.G_SpM_FL 1685.JPG,Tomato___Spider_mites Two-spotted_spider_mite,Tomato___Spider_mites Two-spotted_spider_mite,train,train,8,False
0ea5219557140d00b1a173572f99c98a0638796e2378c02dd46fc2ded6cf101b,62d7f9e684f0fa065cf189f52d42769d74869c80f196bee9af8a1ed5b48d97fe,Tomato___Target_Spot/2e7e9a37-1d74-4435-94a6-6ac966447e75___Com.G_TgS_FL 9853.JPG,Tomato___Tomato_Yellow_Leaf_Curl_Virus/ba8c4402-b5de-49dc-9991-e5d288d48ffe___UF.GRC_YLCV_Lab 02332.JPG,Tomato___Target_Spot,Tomato___Tomato_Yellow_Leaf_Curl_Virus,train,train,8,False
0ef19544e61332c1251b6c71047a31daa173d5c45b0addd0f8e8a01120e36cf7,aa6b1e3a972bb8b00d797c8d40b32cf50f65374930588f634035d5955be1f555,Tomato___Bacterial_spot/2fa6fe6b-a7dc-471e-a878-b8d8e0121126___GCREC_Bact.Sp 3159.JPG,Tomato___Bacterial_spot/c37d3b8a-fecc-488a-ab78-c00f5240283c___GCREC_Bact.Sp 3343.JPG,Tomato___Bacterial_spot,Tomato___Bacterial_spot,train,train,8,False
0f0c6740b99b4947c64b122dbf2d1fc05db872f11d1456725eb74c1ce6be6a07,2dc52fc092df757fe9791c688a19cd3c9bff5e1dbc90aa0e9977397e0f6c96f2,Tomato___Bacterial_spot/3981c964-0d65-4c9e-9b78-5e892b6a961c___GCREC_Bact.Sp 3230.JPG,Tomato___Early_blight/b165d0d3-726d-4913-8b92-3f14e1b99410___RS_Erly.B 6377.JPG,Tomato___Bacterial_spot,Tomato___Early_blight,train,train,8,False
0f0c6740b99b4947c64b122dbf2d1fc05db872f11d1456725eb74c1ce6be6a07,d6b47115f7196e36801aa356ade45457c799000210d0351cfcf3dd0de54cd84c,Tomato___Bacterial_spot/3981c964-0d65-4c9e-9b78-5e892b6a961c___GCREC_Bact.Sp 3230.JPG,Tomato___Target_Spot/f38d76b6-d04d-4af8-8550-314f5640c734___Com.G_TgS_FL 9765.JPG,Tomato___Bacterial_spot,Tomato___Target_Spot,train,train,8,False
0f11740938f2f0db8024bfe390ecf70a21f49136a3a7e7e7c14a944e93a875bf,9790344d299ea5a371140172da45fed9d5fd45de89aa791e1dd597369caabdfb,Tomato___Septoria_leaf_spot/82de2fc1-0ff9-4711-a89d-35db440d2078___JR_Sept.L.S 8564.JPG,Tomato___Leaf_Mold/55c2cd78-8c7c-4102-801f-c87d2284b874___Crnl_L.Mold 7069.JPG,Tomato___Septoria_leaf_spot,Tomato___Leaf_Mold,test,train,8,True
0f8c0f2e0cb2913b83570f386e76a846adf185be290f587c1b997211c9259573,295dbb25339ca599cbbf6b5741878c62662b37da150d401f4a04f19c24835263,Tomato___Early_blight/b60702b4-a7dd-4201-bfcc-4a13c7dcc44f___RS_Erly.B 7657.JPG,Tomato___Septoria_leaf_spot/fab1ca61-1ab4-4e27-9c15-a48eeacd2959___JR_Sept.L.S 2617.JPG,Tomato___Early_blight,Tomato___Septoria_leaf_spot,train,train,8,False
0fa2b8c41e40685ec930be1271e90070885301f7c79e18fbf268df0f5ced40b8,b93e56d78b3f5efcc7547bd311a5348228acce16e75b95e30ea0163fee6fd85f,Tomato___Tomato_Yellow_Leaf_Curl_Virus/3deb0fc7-a6f8-4457-a032-0dcfa549522b___UF.GRC_YLCV_Lab 02188.JPG,Tomato___Tomato_Yellow_Leaf_Curl_Virus/96ed7022-a152-4f1d-b934-dca1949159d2___UF.GRC_YLCV_Lab 02183.JPG,Tomato___Tomato_Yellow_Leaf_Curl_Virus,Tomato___Tomato_Yellow_Leaf_Curl_Virus,train,train,8,False
0fc15603275d58a9069cb53cfe67fc1b5f30d9dfc78dea2fad69fa89f42d141c,358f26aef1229d8cd4db1152b8d64d16d789f1615df07903866470c9cbb371c5,Tomato___Spider_mites Two-spotted_spider_mite/497393f6-55bc-4e2b-b208-fa0f54ba8c92___Com.G_SpM_FL 1420.JPG,Tomato___Tomato_Yellow_Leaf_Curl_Virus/821ab91a-6de6-45c7-85f1-0d1fe243e37c___YLCV_NREC 2153.JPG,Tomato___Spider_mites Two-spotted_spider_mite,Tomato___Tomato_Yellow_Leaf_Curl_Virus,train,train,8,False
0fdf82953f3458bd55a84504552de9d6af28bba659b56f6caec2f1659d2f42c4,4564bcd27ba8565c8a00e14ccf634c76bc6e150c8cea92db258f1407e632ad81,Tomato___Spider_mites Two-spotted_spider_mite/39528564-9273-41d9-96d4-2170096eb649___Com.G_SpM_FL 8756.JPG,Tomato___Spider_mites Two-spotted_spider_mite/cd69a28b-61e1-476c-8a44-9c584cde6c2a___Com.G_SpM_FL 9481.JPG,Tomato___Spider_mites Two-spotted_spider_mite,Tomato___Spider_mites Two-spotted_spider_mite,train,train,8,False
0fdf82953f3458bd55a84504552de9d6af28bba659b56f6caec2f1659d2f42c4,e22731d7f21e87aa43b703b1a8cef3cb94e25fd6d4f6f48e071ec161b17794b1,Tomato___Spider_mites Two-spotted_spider_mite/39528564-9273-41d9-96d4-2170096eb649___Com.G_SpM_FL 8756.JPG,Tomato___Spider_mites Two-spotted_spider_mite/d64bb364-65c3-401d-b9b9-56fad8fbfdd8___Com.G_SpM_FL 8804.JPG,Tomato___Spider_mites Two-spotted_spider_mite,Tomato___Spider_mites Two-spotted_spider_mite,train,train,8,False
10120467726bd29a36f13b8979bc2596f71e9af7215c4947f1232188a5533e23,5fee14b259be7eed4c1a5a4ba99d5d5536ec7901f85aebb76aee46aab10ef736,Tomato___Bacterial_spot/4987b5ee-012c-4bcd-854d-7881a50757fd___GCREC_Bact.Sp 3209.JPG,Tomato___Spider_mites Two-spotted_spider_mite/e6f7952e-cf7e-4d1e-8dd5-4853d5fcc4ee___Com.G_SpM_FL 8543.JPG,Tomato___Bacterial_spot,Tomato___Spider_mites Two-spotted_spider_mite,test,train,8,True
10120467726bd29a36f13b8979bc2596f71e9af7215c4947f1232188a5533e23,d3cbe89cdf3e20ad0a2799cd1a4c58cf31e7ecce59bf993eaf6c96bc011afb3a,Tomato___Bacterial_spot/4987b5ee-012c-4bcd-854d-7881a50757fd___GCREC_Bact.Sp 3209.JPG,Tomato___Tomato_Yellow_Leaf_Curl_Virus/6d1de1e6-b895-4032-a256-dbb68a746684___YLCV_GCREC 2813.JPG,Tomato___Bacterial_spot,Tomato___Tomato_Yellow_Leaf_Curl_Virus,test,train,8,True
10120467726bd29a36f13b8979bc2596f71e9af7215c4947f1232188a5533e23,e0c3c622f898fcb652973f222637ed7ca6b350c0b89a1dda3f956ac5c7c6ab0e,Tomato___Bacterial_spot/4987b5ee-012c-4bcd-854d-7881a50757fd___GCREC_Bact.Sp 3209.JPG,Tomato___Bacterial_spot/822e2ff3-34d5-4634-b82e-2d5cc16c1485___GCREC_Bact.Sp 5990.JPG,Tomato___Bacterial_spot,Tomato___Bacterial_spot,test,train,8,True
105ba0f137b7e9c8ee30b7199fc9b00115817d35ffc3d26c87f52371aab16823,3abdcaf130372676a6a24dd0c140636d1953a3320d377b3b3ca15bee4fbe2269,Tomato___Late_blight/e5f21018-4aac-42f7-a397-a973907ac4ec___GHLB2 Leaf 156.JPG,Tomato___Late_blight/2d63d91d-5366-4f88-83e1-cc5ce4b16d2e___GHLB2 Leaf 156.1.JPG,Tomato___Late_blight,Tomato___Late_blight,train,val,8,True
106643806ad15430821cfbc160899a5cac43f12bc9fd83e56913ec9501f84728,adca9c8a187e38c68b7bd5ba1edb705befbf5f0230c0fd5655bd78d87a8eed34,Tomato___Tomato_Yellow_Leaf_Curl_Virus/ab4df6f2-5a4c-4e14-8742-9d1b11f621c7___YLCV_GCREC 5304.JPG,Tomato___Septoria_leaf_spot/388bbf02-8689-4a87-8fac-ec29b6e9268e___Matt.S_CG 6504.JPG,Tomato___Tomato_Yellow_Leaf_Curl_Virus,Tomato___Septoria_leaf_spot,test,train,8,True
1090c9b45acd92305d1f12d61854a51f9e94b43f0bb0c15eb3aa01f9d6a4280b,4d55fde10739fe09ffe9ee7adb83afba8fc45f20a730da17f61671c347c17652,Tomato___Bacterial_spot/38f440f1-c527-4d22-abf0-61bc2effa58b___GCREC_Bact.Sp 2946.JPG,Tomato___Bacterial_spot/98abbc97-8dd1-4e70-af78-d88b0c26aaf9___GCREC_Bact.Sp 5922.JPG,Tomato___Bacterial_spot,Tomato___Bacterial_spot,train,train,8,False
10adda3a457bba9a35b7a1383b7f629f9182dd64c0d978769c48aa6da0efe476,c05eec14a9fd26f17806ee599251dd1bb7262cc7dd5e5eea83278fdf76655135,Tomato___Spider_mites Two-spotted_spider_mite/2fb77f60-ae5b-40c4-b6fb-3c90ac55ccd4___Com.G_SpM_FL 9367.JPG,Tomato___Septoria_leaf_spot/4b0ff251-1da4-4f9c-bf92-46441043c6cf___Keller.St_CG 1951.JPG,Tomato___Spider_mites Two-spotted_spider_mite,Tomato___Septoria_leaf_spot,test,val,8,True
10bccd6beee7694d426028efae554855e0de49bfdeadcd4d507fdf24f5c03d14,ad004a2c3dc106d3b6331fb29d9026dc047a2fdb73d68a9fd9bee49c2caafe18,Tomato___healthy/c8c7cb85-d7eb-4d60-b90e-bfe5277b79ad___GH_HL Leaf 277.JPG,Tomato___healthy/9268e1da-3fc4-49b1-8fcb-3f0d8957114a___GH_HL Leaf 277.1.JPG,Tomato___healthy,Tomato___healthy,test,train,8,True
11007aaba90e588473e3a8c8830f8c7b9402f39616f555c952c8f62adccf60e1,3681e2a216005c249ce8f61f02cdd5738d88613e76027132d852cb17db6f76f7,Tomato___Target_Spot/1ea4741f-c01c-486e-a4b4-c77bce536f95___Com.G_TgS_FL 9821.JPG,Tomato___Tomato_Yellow_Leaf_Curl_Virus/31d40792-f720-42ba-b669-7947fcbc6594___UF.GRC_YLCV_Lab 02077.JPG,Tomato___Target_Spot,Tomato___Tomato_Yellow_Leaf_Curl_Virus,val,val,8,False
11a63bc27a325ef85df136f9c8c15fe2d4be66fa501e21e255b4bfc2a8aaa678,45b0c4b7c909622d5d1f3f69d8d73599cdaf13a8b5f6fb085a80ace886ff148a,Tomato___Tomato_Yellow_Leaf_Curl_Virus/40e7fe81-36f4-4810-ac4b-5d0da240880f___UF.GRC_YLCV_Lab 02864.JPG,Tomato___Tomato_Yellow_Leaf_Curl_Virus/83bd57f8-9061-4b1d-ac71-b426f16c7be6___UF.GRC_YLCV_Lab 02870.JPG,Tomato___Tomato_Yellow_Leaf_Curl_Virus,Tomato___Tomato_Yellow_Leaf_Curl_Virus,train,train,8,False
11b85a9a580d303ce90bd5ebbc3243e082ae0977b98282b316792ea4dc32ef54,9c9923b54ba734af379f64d1974960b0a195d81080e1889f98e0aafe3d2dd761,Tomato___Tomato_Yellow_Leaf_Curl_Virus/9d84a6c9-4688-47a5-af7f-cffbe291aed7___UF.GRC_YLCV_Lab 03078.JPG,Tomato___Tomato_Yellow_Leaf_Curl_Virus/cdcd9319-3b67-4caa-8bc4-038b269c828e___UF.GRC_YLCV_Lab 03080.JPG,Tomato___Tomato_Yellow_Leaf_Curl_Virus,Tomato___Tomato_Yellow_Leaf_Curl_Virus,train,train,8,False
11ec334b2e21344f16560a8dc3fdc584386a2444610108f15579393714315c85,005dc2322658d217e70b46008cc428c2d1cfe3f49603e0f81dd1378434c8884c,Tomato___Tomato_Yellow_Leaf_Curl_Virus/0e1fda76-d958-490f-9fcb-21e86c99dbe6___UF.GRC_YLCV_Lab 02200.JPG,Tomato___Tomato_Yellow_Leaf_Curl_Virus/de05f358-a440-423a-ba9f-617788fe3e65___UF.GRC_YLCV_Lab 02199.JPG,Tomato___Tomato_Yellow_Leaf_Curl_Virus,Tomato___Tomato_Yellow_Leaf_Curl_Virus,train,train,8,False
122aa3b0ac374bdc4c356feaa74175cd8a72704ac9ab0aaf99023e5434f1e334,3d801a24d7e2b793f35ee0e616cf297a14ce891378c702fd93b0c5e1b403bb86,Tomato___Target_Spot/225b37a6-449f-4436-92be-ae3299f968a4___Com.G_TgS_FL 8197.JPG,Tomato___Target_Spot/b9c0a1d0-87ff-4b7a-99be-e9d9bc51927e___Com.G_TgS_FL 9687.JPG,Tomato___Target_Spot,Tomato___Target_Spot,train,train,8,False
12556738b2f48250fe597634657bd937a6321bb84caeaf285efb1bada9ce84f7,549e0a55437aa5944875e7673bb73daba158629c37018e0204372a3e55e839c9,Tomato___Bacterial_spot/c8460f59-b097-4d67-9832-1db6e2334459___UF.GRC_BS_Lab Leaf 0360.JPG,Tomato___Bacterial_spot/1737e7ba-181e-400c-ab66-7723468e277f___UF.GRC_BS_Lab Leaf 0348.JPG,Tomato___Bacterial_spot,Tomato___Bacterial_spot,train,val,8,True
1264a53bdba4b6e3946e77d38f27525031aad9df87208474e0aee5b9aaf134d3,e847a2863285e94e1cf1632e29bb212f630b78dc25da990d0c954625414eee9e,Tomato___Tomato_Yellow_Leaf_Curl_Virus/1a733ead-09a5-44d8-a07f-c0af97c8798d___YLCV_GCREC 2520.JPG,Tomato___healthy/17cffb66-bb7f-433c-88b4-442c1f4e8cb4___RS_HL 9708.JPG,Tomato___Tomato_Yellow_Leaf_Curl_Virus,Tomato___healthy,train,train,8,False
126e1036578e876073b1b30620c33f7c42cfa819675e6bc6b9fe93a40737c0bf,8cc87d0a0b4a4b70ac74a906c2c7f67e3763683ca490951aa880527c22f2305a,Tomato___Bacterial_spot/0a6d40e4-75d6-4659-8bc1-22f47cdb2ca8___GCREC_Bact.Sp 6247.JPG,Tomato___Bacterial_spot/e82d7b9f-9e5a-4d2c-9094-4b3961a062bd___GCREC_Bact.Sp 2976.JPG,Tomato___Bacterial_spot,Tomato___Bacterial_spot,train,train,8,False
12935354d13c49bd308233b9211df35e504c86d0402af32847a9a1cac6f2adf1,eaa20d7f80321102bb6324edd0857dd70bfd39cd473a28ced132fbdf5100fd88,Tomato___Bacterial_spot/f53766e3-96bc-469d-b566-929bfd1ca4de___GCREC_Bact.Sp 3442.JPG,Tomato___Septoria_leaf_spot/1d3dc5a7-5c0a-4852-8210-b06eede5d40a___Matt.S_CG 6071.JPG,Tomato___Bacterial_spot,Tomato___Septoria_leaf_spot,train,train,8,False
12ba6297184d2cefa21daddf1a7ba573aab9e821450f08d419045fb9f326b8e8,adf969d74c8b597f9f6bd025d7154db8cbfcc1b5c58865b389a7a996c01e6dd3,Tomato___Bacterial_spot/149fd0ef-ec5a-4a34-aa8f-8ed381b7d77d___GCREC_Bact.Sp 3370.JPG,Tomato___Bacterial_spot/411860f2-2474-462d-83ea-ab11e3f5afe6___GCREC_Bact.Sp 3373.JPG,Tomato___Bacterial_spot,Tomato___Bacterial_spot,test,test,8,False
12de894d72a0556cd2ed5b1a4e7a1b1d0499143ff3199d3443d758d4fa0d41b6,ccce6c9179eee73cc512ca5e5d5f24ac644bec8ceea724b0f499022f662b3863,Tomato___Tomato_Yellow_Leaf_Curl_Virus/40d9f5a1-0215-4707-bdd9-96b089f44415___YLCV_GCREC 2574.JPG,Tomato___Early_blight/4aa63e45-c531-40e2-86ca-a788e74d4f18___RS_Erly.B 7549.JPG,Tomato___Tomato_Yellow_Leaf_Curl_Virus,Tomato___Early_blight,train,val,8,True
13160154ec55492f393f938b0a189ca898288514c9552c7c1807175b7b6336c1,2f973e6c3918f2b2c27f5ad3221b39b6d44ae3a8d1f96db41828d95bd44caefe,Tomato___Bacterial_spot/ec7b4bc1-dd3e-4735-a90c-1d51831994a1___GCREC_Bact.Sp 3134.JPG,Tomato___Bacterial_spot/195a20ea-ecf8-4611-ae53-ed76d8a522b7___GCREC_Bact.Sp 5791.JPG,Tomato___Bacterial_spot,Tomato___Bacterial_spot,train,val,8,True
13b5aee40b854a5cf894bf545c91d6f212df5bb7837eb6ff75b4263af0c4d7b5,fe69fb4db59ab20e8dae6bcb285e63438628640c09fa5b3cbee898c7ec190bac,Tomato___Tomato_Yellow_Leaf_Curl_Virus/6dce29d9-72d5-4acb-8cb0-2e252ad40f69___UF.GRC_YLCV_Lab 03349.JPG,Tomato___Tomato_Yellow_Leaf_Curl_Virus/37338a4a-c04f-4cc7-bc36-d3deb78c95a9___UF.GRC_YLCV_Lab 03336.JPG,Tomato___Tomato_Yellow_Leaf_Curl_Virus,Tomato___Tomato_Yellow_Leaf_Curl_Virus,test,train,8,True
13d4f6db88165368a8a359b2c2d78aec7957d41a865cdb1af7bafe00f786804d,b63a6beffbe3fe1881740024aca5a68442b79dfdf28fdecc7fe1a36ea06698b5,Tomato___Late_blight/16ac8a43-f720-4fd9-ac41-016523612f38___RS_Late.B 4898.JPG,Tomato___Leaf_Mold/1bfe7244-44ab-4fac-abe5-f229217cdf0b___Crnl_L.Mold 6815.JPG,Tomato___Late_blight,Tomato___Leaf_Mold,train,train,8,False
14270e56561db7d31530303f91dcdf8614906984f58fcc3be61df0ca7c0311ce,c223f2597d59f198713922cb89293a44df900b34d47c9106ce1a720fd13cdb1b,Tomato___Tomato_Yellow_Leaf_Curl_Virus/253ae572-3c75-4781-b05b-e5ca1cf3df14___YLCV_GCREC 2874.JPG,Tomato___Septoria_leaf_spot/00f16858-f392-4d9e-ad9f-efab8049a13f___JR_Sept.L.S 8368.JPG,Tomato___Tomato_Yellow_Leaf_Curl_Virus,Tomato___Septoria_leaf_spot,test,train,8,True
14a074fe3a81f2a80621989ed380b936988fd672fca552ad00d76cd165aa523d,b9bdbf0134770450b4763fba2a647a486b4154587523f16e8f2169dfe5ee2b10,Tomato___Bacterial_spot/0f80595f-b712-4028-b7db-7627322ce019___GCREC_Bact.Sp 5712.JPG,Tomato___Bacterial_spot/c259d96b-d81c-4c2d-8885-8bef1e38dd24___GCREC_Bact.Sp 3283.JPG,Tomato___Bacterial_spot,Tomato___Bacterial_spot,train,train,8,False
14ee18f12bb167de77a7113f76e6ec04c51b22d1bafcb2624cefdee815412090,525ad3214a7ec70dfddbbec29e11865da2e8f325ec67222b7b8bcd62ae9da325,Tomato___Tomato_Yellow_Leaf_Curl_Virus/7447f09a-4155-433a-b7d7-ce8c6fc2cba7___UF.GRC_YLCV_Lab 02093.JPG,Tomato___Tomato_Yellow_Leaf_Curl_Virus/25dabdac-3c5c-4c0b-93cd-908b561e1adc___YLCV_GCREC 2547.JPG,Tomato___Tomato_Yellow_Leaf_Curl_Virus,Tomato___Tomato_Yellow_Leaf_Curl_Virus,train,val,8,True
152848269c73271ccd5542b1049527c3a2b264ac6e2d005714a2e64aa0be6e4a,b4765b9fca4094be845810f502bfb1c7df13b6e76d98a39c9b32f04ad61da6b5,Tomato___healthy/1bfeed83-f119-46cd-b806-0e17e1dae136___RS_HL 0017.JPG,Tomato___Spider_mites Two-spotted_spider_mite/2cfa680e-a8f9-43b5-856d-cb8fe9607a73___Com.G_SpM_FL 9334.JPG,Tomato___healthy,Tomato___Spider_mites Two-spotted_spider_mite,train,val,8,True
15e70fb1b49e61c41c78cd0e29fe524c00e09e1d71c9ec7de14605792aa161aa,a110b1576fc1c7e5f7c4404ca5273482b66aa91718aac1add5a85d555382528e,Tomato___Spider_mites Two-spotted_spider_mite/b4734f01-4373-4566-ab26-535b4883d443___Com.G_SpM_FL 8816.JPG,Tomato___Tomato_Yellow_Leaf_Curl_Virus/e7982045-d215-473c-988b-5b093217f70d___YLCV_GCREC 2625.JPG,Tomato___Spider_mites Two-spotted_spider_mite,Tomato___Tomato_Yellow_Leaf_Curl_Virus,train,train,8,False
163d84561b7bdcb3b530d3142596ef64c468e409f268b6e678a552b79039ccc6,dbff1b03fd4e39e951d567bf5df2fff923c90014e0bf7ab99c4478a9cc867b60,Tomato___Septoria_leaf_spot/de5db2f2-c55f-4f1f-9d7e-2c9bf41b1abb___Matt.S_CG 0782.JPG,Tomato___Septoria_leaf_spot/c1df5a2c-d5ce-4e96-902e-ca7b15490e70___Matt.S_CG 0778.JPG,Tomato___Septoria_leaf_spot,Tomato___Septoria_leaf_spot,train,val,8,True
165fb749e97945843582f71b584b2dfd9f08e3405062710167acbe49abbce4a0,69447f620726b0dee08f5951ccd9b6ee98d8528a5ba153fc135a119e90d63578,Tomato___Bacterial_spot/12071472-8b0f-494e-994e-8abff2082ec4___GCREC_Bact.Sp 6130.JPG,Tomato___Bacterial_spot/116f4d08-405e-492c-a8b2-dd596b19b820___GCREC_Bact.Sp 3053.JPG,Tomato___Bacterial_spot,Tomato___Bacterial_spot,test,train,8,True
165fb749e97945843582f71b584b2dfd9f08e3405062710167acbe49abbce4a0,a113926900de1c52fa7d86239c1c07ea72e6a0cba04a5e5c90a836d3a4940c8a,Tomato___Bacterial_spot/12071472-8b0f-494e-994e-8abff2082ec4___GCREC_Bact.Sp 6130.JPG,Tomato___Bacterial_spot/113b3262-b784-450e-8fe7-6f35652f073d___GCREC_Bact.Sp 3153.JPG,Tomato___Bacterial_spot,Tomato___Bacterial_spot,test,train,8,True
166771a14de2bbd0540b0b78de2e78b48d0a3b8e1efb11c221fc45623bda6998,a32f522bf0c9851f246ff79858aa79efe37fd8d377e55151c0552faf14a7c2e8,Tomato___Tomato_Yellow_Leaf_Curl_Virus/969500df-9093-43ec-bd5b-29c682d2db0c___UF.GRC_YLCV_Lab 03223.JPG,Tomato___Tomato_Yellow_Leaf_Curl_Virus/db84d988-ad71-41bb-90c1-80ce52319eb3___YLCV_NREC 2889.JPG,Tomato___Tomato_Yellow_Leaf_Curl_Virus,Tomato___Tomato_Yellow_Leaf_Curl_Virus,train,train,8,False
167d41859b8d459e403b23231a263535a8697e7639be63c5003f034fbd00b155,783d276de61c7e903d92949a0ab7f6383db002db40ddec0815907c0b3ee731ab,Tomato___Tomato_Yellow_Leaf_Curl_Virus/065a4b60-c606-4dae-b255-144d3442221e___UF.GRC_YLCV_Lab 02597.JPG,Tomato___Tomato_Yellow_Leaf_Curl_Virus/28c31aa4-21c2-47e8-9873-45047f0b5e2c___UF.GRC_YLCV_Lab 02616.JPG,Tomato___Tomato_Yellow_Leaf_Curl_Virus,Tomato___Tomato_Yellow_Leaf_Curl_Virus,train,train,8,False
16a9bd5c9f5ff4c8d42b5ef65f1c9b64a8d8ff1a05bdfe2f9461f3cdaa5cbb3b,5201655f7fd0e7fddce83d146a78bff5299753c41e4d0f0b77a1d90d9147d8bc,Tomato___Bacterial_spot/741e2f09-1b62-42c2-b218-6504d57c0f27___GCREC_Bact.Sp 3302.JPG,Tomato___Tomato_Yellow_Leaf_Curl_Virus/28c2554c-792d-407c-b8d0-64012f97ace1___YLCV_NREC 2127.JPG,Tomato___Bacterial_spot,Tomato___Tomato_Yellow_Leaf_Curl_Virus,train,train,8,False
16a9bd5c9f5ff4c8d42b5ef65f1c9b64a8d8ff1a05bdfe2f9461f3cdaa5cbb3b,9e9bf1d7626cb9ab57be92870e35cff4d2251bd4c04e5247d2cf016381d66871,Tomato___Bacterial_spot/741e2f09-1b62-42c2-b218-6504d57c0f27___GCREC_Bact.Sp 3302.JPG,Tomato___Bacterial_spot/a3085acc-b437-4987-997b-a2be5b5e9c0d___GCREC_Bact.Sp 3680.JPG,Tomato___Bacterial_spot,Tomato___Bacterial_spot,train,train,8,False
170ac8a0553dec1661081e96444715d612d3727aa964e6bd338008832f2db0e2,d4ca99e943ffa2fd05b403246bba743b80cf80379047875114df017e59e0b078,Tomato___Tomato_Yellow_Leaf_Curl_Virus/29183200-002b-40e4-9dc1-cbe58eddc4b6___YLCV_NREC 2244.JPG,Tomato___Tomato_Yellow_Leaf_Curl_Virus/f7803336-fa4b-466d-afb1-5a298e7105b6___YLCV_GCREC 2774.JPG,Tomato___Tomato_Yellow_Leaf_Curl_Virus,Tomato___Tomato_Yellow_Leaf_Curl_Virus,train,train,8,False
170ac8a0553dec1661081e96444715d612d3727aa964e6bd338008832f2db0e2,eee82e9bc3ebc9f9ebc5498a7b3362fd41265c9b5ba78e58a88a4b3cab4a31fa,Tomato___Tomato_Yellow_Leaf_Curl_Virus/29183200-002b-40e4-9dc1-cbe58eddc4b6___YLCV_NREC 2244.JPG,Tomato___healthy/879b48e5-11f8-4989-8226-08af79bd6eb1___RS_HL 0453.JPG,Tomato___Tomato_Yellow_Leaf_Curl_Virus,Tomato___healthy,train,train,8,False
171430784c1cee070d8038e26225cf7183f5a62635bb5e718996a74d3c6a2f3c,1b7f66f1d36548371ada0e701d0f04117a3b7ccbd840fe1e63407f31c7bfe784,Tomato___Bacterial_spot/e1befb62-870e-400b-9ecb-167138652029___GCREC_Bact.Sp 5758.JPG,Tomato___Late_blight/82090f30-20fa-4c5e-9bcc-9cfe7d64b56a___RS_Late.B 5395.JPG,Tomato___Bacterial_spot,Tomato___Late_blight,train,train,8,False
171430784c1cee070d8038e26225cf7183f5a62635bb5e718996a74d3c6a2f3c,8046fe28e63aaf2438796e3c48a1f6f87ce92c57f14f6af0d8756e5e09ab9856,Tomato___Bacterial_spot/e1befb62-870e-400b-9ecb-167138652029___GCREC_Bact.Sp 5758.JPG,Tomato___Tomato_Yellow_Leaf_Curl_Virus/a52cd19b-99e6-495e-bd59-c8695a0b3d17___YLCV_GCREC 5256.JPG,Tomato___Bacterial_spot,Tomato___Tomato_Yellow_Leaf_Curl_Virus,train,train,8,False
171430784c1cee070d8038e26225cf7183f5a62635bb5e718996a74d3c6a2f3c,d29acdfdc58ade349bac36c55697e9dd81e3be1a9c57fbacac52efbc67785ecd,Tomato___Bacterial_spot/e1befb62-870e-400b-9ecb-167138652029___GCREC_Bact.Sp 5758.JPG,Tomato___healthy/d53448cd-ddd7-4dd6-a657-c60bde629130___RS_HL 0190.JPG,Tomato___Bacterial_spot,Tomato___healthy,train,train,8,False
171430784c1cee070d8038e26225cf7183f5a62635bb5e718996a74d3c6a2f3c,fe308cc8f2d7c637be2ffd0920889b68f4ea686e30bfc6af3ee97381cd714441,Tomato___Bacterial_spot/e1befb62-870e-400b-9ecb-167138652029___GCREC_Bact.Sp 5758.JPG,Tomato___Early_blight/40b67c0a-5dd8-435c-80ed-764593d2147a___RS_Erly.B 7577.JPG,Tomato___Bacterial_spot,Tomato___Early_blight,train,train,8,False
1731abc9a32e0f5f6feb6250967761f7c26d2972e384e922f2e03ff873694d78,4c34e82e2f8f81a923fd9677ad91eaa4ad9772f7afde5015cf85403d4fa39be6,Tomato___Bacterial_spot/90107060-4458-44d1-a2b3-20cd9e3d4d11___GCREC_Bact.Sp 5728.JPG,Tomato___Bacterial_spot/31549f17-8b3c-4a16-9775-d3c50db39fb8___GCREC_Bact.Sp 5968.JPG,Tomato___Bacterial_spot,Tomato___Bacterial_spot,train,val,8,True
1731abc9a32e0f5f6feb6250967761f7c26d2972e384e922f2e03ff873694d78,d42444be0364fd9975a39b70c58c28995bc79ae83502efa49136c32db90617dd,Tomato___Bacterial_spot/90107060-4458-44d1-a2b3-20cd9e3d4d11___GCREC_Bact.Sp 5728.JPG,Tomato___Bacterial_spot/97f376a8-3781-4f2f-8fec-6a8150247d1e___GCREC_Bact.Sp 3387.JPG,Tomato___Bacterial_spot,Tomato___Bacterial_spot,train,train,8,False
179abe2f6756298f9e1fae2bef751686f50454a8a4617411498b0f3ee571f6bc,1eb58a310d45c0979e03432cdf63ccf19162f7daad19045485c3c1685d690328,Tomato___Spider_mites Two-spotted_spider_mite/0211efc9-5409-43a7-a46b-a87d46f23fc3___Com.G_SpM_FL 9646.JPG,Tomato___Tomato_mosaic_virus/0fefaaee-79e4-45a6-8606-5a4ab1ea43a2___PSU_CG 2398.JPG,Tomato___Spider_mites Two-spotted_spider_mite,Tomato___Tomato_mosaic_virus,train,train,8,False
1812712d5dd2cbc46e8e99fcee27c130492fc3b3903f151f0a825559d0209e80,601c6a311622b12ca0dcdc12628fa075459feaf1c5abf3a94c0f4429515d94e0,Tomato___Spider_mites Two-spotted_spider_mite/9fd7933b-4bf4-4e0d-b81b-6ee87326480c___Com.G_SpM_FL 9583.JPG,Tomato___Target_Spot/9a8a98fe-5fd4-4630-bd49-35cfd3672e8b___Com.G_TgS_FL 9706.JPG,Tomato___Spider_mites Two-spotted_spider_mite,Tomato___Target_Spot,train,val,8,True
1812712d5dd2cbc46e8e99fcee27c130492fc3b3903f151f0a825559d0209e80,eca36905fc84ec85fc8256d76a1cc750f7756e88737b846b0584df5d84d0082f,Tomato___Spider_mites Two-spotted_spider_mite/9fd7933b-4bf4-4e0d-b81b-6ee87326480c___Com.G_SpM_FL 9583.JPG,Tomato___Spider_mites Two-spotted_spider_mite/e1717b59-e445-4a57-b4c7-5c85772c90a4___Com.G_SpM_FL 9535.JPG,Tomato___Spider_mites Two-spotted_spider_mite,Tomato___Spider_mites Two-spotted_spider_mite,train,train,8,False
1826517dc1819ac67b690d85e6dbb556d1cbef45350c4df476f06dd6b5177b79,f6621d52f42af7ebc53df2368444938613e1da6c764c2e94d59d82195eca786a,Tomato___Spider_mites Two-spotted_spider_mite/efe61ff3-0b11-412e-ab4e-5d27f7d1cfaa___Com.G_SpM_FL 9613.JPG,Tomato___Tomato_Yellow_Leaf_Curl_Virus/a45a0c1f-2a8b-4d52-b218-fee1813031b2___YLCV_GCREC 5510.JPG,Tomato___Spider_mites Two-spotted_spider_mite,Tomato___Tomato_Yellow_Leaf_Curl_Virus,train,train,8,False
185fdccec8a038d146d16927b84cad2b5f4824ea6e21738fed1126cba6d1f8f1,9f975c0123368bdc4b7ec172a9bcc56b210d5f32a68139033a628fae2e23f3b4,Tomato___Spider_mites Two-spotted_spider_mite/fe341b0c-ce8b-4b3e-8031-2db41d446644___Com.G_SpM_FL 8668.JPG,Tomato___Spider_mites Two-spotted_spider_mite/4a6a93a5-d51c-4769-8669-12ec54d87ce6___Com.G_SpM_FL 9441.JPG,Tomato___Spider_mites Two-spotted_spider_mite,Tomato___Spider_mites Two-spotted_spider_mite,test,val,8,True
185fdccec8a038d146d16927b84cad2b5f4824ea6e21738fed1126cba6d1f8f1,a8f9296e671435471010c940780556c877c2b477881c1760123ced8489ed558d,Tomato___Spider_mites Two-spotted_spider_mite/fe341b0c-ce8b-4b3e-8031-2db41d446644___Com.G_SpM_FL 8668.JPG,Tomato___Tomato_Yellow_Leaf_Curl_Virus/6bd38152-a092-419b-974e-1a7231794f4e___YLCV_NREC 2131.JPG,Tomato___Spider_mites Two-spotted_spider_mite,Tomato___Tomato_Yellow_Leaf_Curl_Virus,test,train,8,True
18636579950a08e8af002a8bc373a2687d370e068a15a6aa52b27b82495f5b8d,7f0cb2a17963e8dd2ed070fbacdabdb9e074c4e53964876f09a9cea38e7bfa9b,Tomato___Tomato_Yellow_Leaf_Curl_Virus/8e0fd42c-7e1e-42f8-b77d-07bae2b9ec85___YLCV_GCREC 5395.JPG,Tomato___Tomato_Yellow_Leaf_Curl_Virus/d2eb5621-30a0-45ff-9980-1de4e47ea78d___YLCV_GCREC 5407.JPG,Tomato___Tomato_Yellow_Leaf_Curl_Virus,Tomato___Tomato_Yellow_Leaf_Curl_Virus,train,train,8,False
18ab6158a91bb6ac61db3385ec676079dc56ff3912ee7ac622f616d85c614a44,1d2818cb1f800e7ec0c32908a8e059ae390c5d8076a3e909e1ef87ab47e71c2d,Tomato___Bacterial_spot/90fa8cf2-fc80-4944-9484-7cd6bb6cc1da___GCREC_Bact.Sp 5767.JPG,Tomato___Tomato_Yellow_Leaf_Curl_Virus/d250bc4b-6d82-4294-9659-419b0e6775c1___YLCV_GCREC 2549.JPG,Tomato___Bacterial_spot,Tomato___Tomato_Yellow_Leaf_Curl_Virus,train,val,8,True
18ab6158a91bb6ac61db3385ec676079dc56ff3912ee7ac622f616d85c614a44,295dbb25339ca599cbbf6b5741878c62662b37da150d401f4a04f19c24835263,Tomato___Bacterial_spot/90fa8cf2-fc80-4944-9484-7cd6bb6cc1da___GCREC_Bact.Sp 5767.JPG,Tomato___Septoria_leaf_spot/fab1ca61-1ab4-4e27-9c15-a48eeacd2959___JR_Sept.L.S 2617.JPG,Tomato___Bacterial_spot,Tomato___Septoria_leaf_spot,train,train,8,False
18ab6158a91bb6ac61db3385ec676079dc56ff3912ee7ac622f616d85c614a44,363d8ddfdccf1935f85f8c2642b5963d81f4ecb7de8d3e10e7b68bde22b2c094,Tomato___Bacterial_spot/90fa8cf2-fc80-4944-9484-7cd6bb6cc1da___GCREC_Bact.Sp 5767.JPG,Tomato___Bacterial_spot/a19a6fda-96bc-4ae1-821e-765518e86d00___GCREC_Bact.Sp 5844.JPG,Tomato___Bacterial_spot,Tomato___Bacterial_spot,train,train,8,False
18d53dd8b96fc3bcd80342510ac73c69c210d71c85bc691743cc8409dfbcf0ae,a110b1576fc1c7e5f7c4404ca5273482b66aa91718aac1add5a85d555382528e,Tomato___Bacterial_spot/256051f1-8e69-4f2b-b4d5-400fccb18623___GCREC_Bact.Sp 3313.JPG,Tomato___Tomato_Yellow_Leaf_Curl_Virus/e7982045-d215-473c-988b-5b093217f70d___YLCV_GCREC 2625.JPG,Tomato___Bacterial_spot,Tomato___Tomato_Yellow_Leaf_Curl_Virus,train,train,8,False
18e8dedd5c2959994a5894e30207d78c10ae4a2ad07d8385e6f328b1a304ee45,faee21aad4c63aab936b09f92d7d55a26eb5e062fd8db8b7cc8798037ab6f166,Tomato___Bacterial_spot/59738947-4377-41ba-8a10-0335fdc27ab7___GCREC_Bact.Sp 3734.JPG,Tomato___Tomato_Yellow_Leaf_Curl_Virus/d3c6bad1-4783-4d9a-a1df-941f414274c7___YLCV_GCREC 2586.JPG,Tomato___Bacterial_spot,Tomato___Tomato_Yellow_Leaf_Curl_Virus,train,train,8,False
1950652a93a729fff58a76d77a5c43196ef491adcb7c0579a56d42e093a2c426,931f57a23357c6ad59c99c75983ce7e3634fd74b3b9cec42d23b77a222c4d942,Tomato___Spider_mites Two-spotted_spider_mite/c6623b0e-ec12-4e31-a2db-75cd77166ded___Com.G_SpM_FL 1657.JPG,Tomato___Tomato_Yellow_Leaf_Curl_Virus/63097af7-7b38-4a90-ab57-2d6b150b859c___UF.GRC_YLCV_Lab 02088.JPG,Tomato___Spider_mites Two-spotted_spider_mite,Tomato___Tomato_Yellow_Leaf_Curl_Virus,train,train,8,False
1964985a40944fcfecb3fcf58a10f03b4d83e27cdc67e9d05d688d67ef41c925,ed9be43e6c6b573baaf698f66bc547796bca9cba342f28fac02f0d962cc36403,Tomato___Tomato_Yellow_Leaf_Curl_Virus/0db2eb04-b52c-4df9-9b3d-17bf58f03bc3___UF.GRC_YLCV_Lab 02967.JPG,Tomato___Tomato_Yellow_Leaf_Curl_Virus/72003229-f8aa-4e84-b62e-3fde4a1651ed___UF.GRC_YLCV_Lab 02963.JPG,Tomato___Tomato_Yellow_Leaf_Curl_Virus,Tomato___Tomato_Yellow_Leaf_Curl_Virus,train,val,8,True
196fbd25abb94120043f1df53741c4d0ab48c30431c600ae7e4b4252e2a51101,d09a0d07d0ea5b9c3295a87a8c5df9214cfa23a206d34bcf369b283c058e6a8e,Tomato___Tomato_Yellow_Leaf_Curl_Virus/e1913ee9-80ad-4295-beb4-d9d51b61ab7e___UF.GRC_YLCV_Lab 02497.JPG,Tomato___Tomato_Yellow_Leaf_Curl_Virus/906f8e46-f387-4d39-9d7d-08df032222e0___UF.GRC_YLCV_Lab 02498.JPG,Tomato___Tomato_Yellow_Leaf_Curl_Virus,Tomato___Tomato_Yellow_Leaf_Curl_Virus,train,val,8,True
197597ff31ff16e4a82088c35d66410c2df51c2687b16639cdd8a8d9f7e39568,7b6aed2dcdaf909e3d300a63f659b96ed081ebcf6206cfc834b4285a26872113,Tomato___Spider_mites Two-spotted_spider_mite/95379b0d-f7b4-4f9c-8eb4-860556e2eabb___Com.G_SpM_FL 1621.JPG,Tomato___Tomato_Yellow_Leaf_Curl_Virus/75dd0ad6-c0c5-457a-80e4-e967b7330350___YLCV_NREC 0178.JPG,Tomato___Spider_mites Two-spotted_spider_mite,Tomato___Tomato_Yellow_Leaf_Curl_Virus,train,val,8,True
19b42dc0c5106f61b466b60f316b2e395fc7202ae3999fc2b5d58bb42473d8e0,b656e271493fd5a11717962ce50cff7d3034b8850b6ce42acc46b00220758f30,Tomato___Spider_mites Two-spotted_spider_mite/2028bc26-062e-4113-923e-7e0f7b47ad6b___Com.G_SpM_FL 9461.JPG,Tomato___Tomato_Yellow_Leaf_Curl_Virus/9a10d739-932c-47ff-af5d-196d5f615e21___YLCV_NREC 0057.JPG,Tomato___Spider_mites Two-spotted_spider_mite,Tomato___Tomato_Yellow_Leaf_Curl_Virus,train,train,8,False
19b42dc0c5106f61b466b60f316b2e395fc7202ae3999fc2b5d58bb42473d8e0,db8a82680c022952727a5e6a429e1d68194eac1ad7b51f2f6b64d509246c1533,Tomato___Spider_mites Two-spotted_spider_mite/2028bc26-062e-4113-923e-7e0f7b47ad6b___Com.G_SpM_FL 9461.JPG,Tomato___healthy/167247af-fd67-4b70-a72e-052dc5ea863b___GH_HL Leaf 388.1.JPG,Tomato___Spider_mites Two-spotted_spider_mite,Tomato___healthy,train,train,8,False
19be999c4523c6f496fab70a9d54a2535ec86ac5c9334d853322a1c8cd12151b,bd68dedea88aedd24a8a1c7fd82ed113b8e1e8a918d37dad952563cc4bc300f9,Tomato___Tomato_Yellow_Leaf_Curl_Virus/9361bd7c-6cda-4fc6-a07e-f9d3e0ac815b___UF.GRC_YLCV_Lab 01827.JPG,Tomato___Tomato_Yellow_Leaf_Curl_Virus/a5cbac4c-3a63-4719-9506-9a5a6effc14f___UF.GRC_YLCV_Lab 01828.JPG,Tomato___Tomato_Yellow_Leaf_Curl_Virus,Tomato___Tomato_Yellow_Leaf_Curl_Virus,train,train,8,False
1a0eff97eddac32cf210c0abe81fe6ddad43a3e7dab5e31874ba564d1147917f,f7c86f903361b990d5fa7414091474641e5999f3528462965596ffa63aa31a7d,Tomato___Leaf_Mold/150f6844-796d-4960-b42b-629f25806bfb___Crnl_L.Mold 7096.JPG,Tomato___Leaf_Mold/0ed11606-167f-4951-9a07-ffaa7e2aa88a___Crnl_L.Mold 6831.JPG,Tomato___Leaf_Mold,Tomato___Leaf_Mold,test,val,8,True
1a33c0d276c21212b5638ed77e48c304be053fb280d798d53c6ca3c469b65818,1ed128d0d88e7fe2dee689922e92905d2dc0418bb97b79aa86d4fe1c1a806b66,Tomato___Septoria_leaf_spot/6d01e191-a269-45c0-9212-53a678c037b3___Keller.St_CG 1932.JPG,Tomato___Tomato_Yellow_Leaf_Curl_Virus/b6d3d75b-4398-4964-a076-c7c31274412b___UF.GRC_YLCV_Lab 08562.JPG,Tomato___Septoria_leaf_spot,Tomato___Tomato_Yellow_Leaf_Curl_Virus,train,train,8,False
1a33c0d276c21212b5638ed77e48c304be053fb280d798d53c6ca3c469b65818,2a42a222f6bbca937d27a771083b8e335c35cd4a03f579b9ff6b84f3baa21415,Tomato___Septoria_leaf_spot/6d01e191-a269-45c0-9212-53a678c037b3___Keller.St_CG 1932.JPG,Tomato___Septoria_leaf_spot/b8f26cf7-692f-4f77-bbe5-e6ba091ac2cb___Keller.St_CG 1941.JPG,Tomato___Septoria_leaf_spot,Tomato___Septoria_leaf_spot,train,train,8,False
1a39a9e020d821213e9c96eb08637d2c2a51ee0f134f17c414daebdec3dc626e,17737367041e0d708eea22fe267e484ba3e04e65a7d3dc196150696e05cfb7f6,Tomato___Early_blight/3726eff6-547d-411e-bc00-f8b533d067e3___RS_Erly.B 6494.JPG,Tomato___Leaf_Mold/d90f334c-18c3-4b20-903e-e51f57d8704d___Crnl_L.Mold 6935.JPG,Tomato___Early_blight,Tomato___Leaf_Mold,train,train,8,False
1a6aa81707c5c0a295c0ce5131105c4809eb9723529999948f757288c2806c89,fcdc77b5c2f5e229a35fea550ec5dd3ce49979bf75a96859f5a8ed7a1dc046e3,Tomato___Tomato_Yellow_Leaf_Curl_Virus/1c70bf65-e808-49de-bea2-7e47ef01c139___UF.GRC_YLCV_Lab 02768.JPG,Tomato___Tomato_Yellow_Leaf_Curl_Virus/c95cd4be-4ab4-4c2a-aa8c-6ac66374e142___UF.GRC_YLCV_Lab 02769.JPG,Tomato___Tomato_Yellow_Leaf_Curl_Virus,Tomato___Tomato_Yellow_Leaf_Curl_Virus,test,train,8,True
1ab1b6878f0ffe9ccc2983adb2fae255bac55bb6a131dbbd29b4beeab3bfaf94,9420cc1bab3684a9b021fd83d95d957b34a4f55c97c336dddb4825ec1e60ba6d,Tomato___Spider_mites Two-spotted_spider_mite/fa0f71aa-5583-4376-ab17-a755cf065aaf___Com.G_SpM_FL 1520.JPG,Tomato___Spider_mites Two-spotted_spider_mite/45d0aca4-ce49-43cb-af35-99ac8d283930___Com.G_SpM_FL 1459.JPG,Tomato___Spider_mites Two-spotted_spider_mite,Tomato___Spider_mites Two-spotted_spider_mite,train,val,8,True
1b245fc89da0409c909725c00cdd530e80afed4cca3b4aa53726a4a4f4ce6a82,c407bba9b27dba6447d8c680cecc997eb8932b008b51420481fea5b58d57766c,Tomato___Late_blight/fabba25a-e191-47c5-a468-6acf744312e1___GHLB2 Leaf 8835.JPG,Tomato___Late_blight/2159d0f7-09ef-46ad-ad49-749e8ce1becc___GHLB2 Leaf 8836.JPG,Tomato___Late_blight,Tomato___Late_blight,train,val,8,True
1b40cd2e9b4ee58dd2524a09dd485d930cc0db23c73ffec002b26e84ca65e0fc,57ffc53bd16cfa034cdb1c7a732e4c4e2597e41b55d72fb3a84f07d227236caa,Tomato___Bacterial_spot/1addf690-441a-40c5-b1e7-c618a8af1f40___GCREC_Bact.Sp 3744.JPG,Tomato___Spider_mites Two-spotted_spider_mite/b1405282-b12b-4d98-923a-04e217720c2b___Com.G_SpM_FL 9304.JPG,Tomato___Bacterial_spot,Tomato___Spider_mites Two-spotted_spider_mite,train,val,8,True
1b6053ba4dfcdc7071245116ea0b6fc6b826471d3ebee0baaaf326425a0c3e50,2502b81ac81ca5a9d1bc39ae74b2f89ab6c337b372417ae9c8d0cb4264901c1e,Tomato___Tomato_Yellow_Leaf_Curl_Virus/7951bb0d-3885-4014-a492-dc199b39e7bc___UF.GRC_YLCV_Lab 02825.JPG,Tomato___Tomato_Yellow_Leaf_Curl_Virus/b15d8e06-e6dc-4c14-b20e-89c6ba801daf___UF.GRC_YLCV_Lab 02795.JPG,Tomato___Tomato_Yellow_Leaf_Curl_Virus,Tomato___Tomato_Yellow_Leaf_Curl_Virus,train,val,8,True
1b809c7a00a2cf0a029eac9503ab4921a1d9f13f444e4e116d8a9cef99d0f967,55d19e175a4dc248665b5b063121aa51d8a5d118cfea74205e1cff4a79456e05,Tomato___Tomato_Yellow_Leaf_Curl_Virus/f0bca7b0-0d0c-4b01-9f7f-390d3c2bff2f___UF.GRC_YLCV_Lab 03067.JPG,Tomato___Tomato_Yellow_Leaf_Curl_Virus/755de3cb-deee-4f67-bd63-0afacb7d5cf0___UF.GRC_YLCV_Lab 03066.JPG,Tomato___Tomato_Yellow_Leaf_Curl_Virus,Tomato___Tomato_Yellow_Leaf_Curl_Virus,train,val,8,True
1ba5f54fd56dd84b4d328e6e71570a8ccd9d592199d85ddb94f7cc683d256157,0446d338ef7f48314c7225f9f712bb6df19b28fbb689fd4ee115de3015ce3fc1,Tomato___Bacterial_spot/885c07cf-7443-4cc6-ba15-cc8e75aa7ebe___GCREC_Bact.Sp 6016.JPG,Tomato___Spider_mites Two-spotted_spider_mite/3471da6b-4a47-4dfb-bf6e-8e9bf462ff5b___Com.G_SpM_FL 1638.JPG,Tomato___Bacterial_spot,Tomato___Spider_mites Two-spotted_spider_mite,train,train,8,False
1ba5f54fd56dd84b4d328e6e71570a8ccd9d592199d85ddb94f7cc683d256157,a8315c715fd070b73d213cfeaf7820d31facb9c0feec7223b35967ce0a8ba641,Tomato___Bacterial_spot/885c07cf-7443-4cc6-ba15-cc8e75aa7ebe___GCREC_Bact.Sp 6016.JPG,Tomato___Septoria_leaf_spot/15c00319-bd7f-45ef-9142-9295a62d701b___Matt.S_CG 0769.JPG,Tomato___Bacterial_spot,Tomato___Septoria_leaf_spot,train,train,8,False
1bd8bb5113c3baff13719088a73aab289a201e26f99c75849efbf50af43d745c,5a6898a9c8f518eaade28b3b544c5ae79de1e5ae9cb5ff585461a6cf2824c902,Tomato___healthy/5418b9ca-804d-4219-8272-805c0d78c28b___GH_HL Leaf 404.1.JPG,Tomato___healthy/debe033e-a878-46dc-8336-8bc25811df35___GH_HL Leaf 303.JPG,Tomato___healthy,Tomato___healthy,train,val,8,True
1be4e0afce17eb42bc1964930031a32bdbf72a021c29e2578453097280c19487,eec3efcfba2c098fcdbb2df4da683b67e00faee0a63efd814bebdead027b90bd,Tomato___Late_blight/039e5d57-64e2-41de-8ccf-e44598bcedb0___RS_Late.B 6883.JPG,Tomato___Target_Spot/7039b8d7-6c4c-48b8-ac4c-17aee2b737e7___Com.G_TgS_FL 8413.JPG,Tomato___Late_blight,Tomato___Target_Spot,train,train,8,False
1be62469fd52c6df95f7c591339931489f3f047af52644dba13f582565591e65,dcd2db9abf96ca0d80918910ebc6bebf8752360fb8a4181a95230c303b5d71e2,Tomato___Septoria_leaf_spot/069e7256-c9ac-4544-a89c-54a1ebf4ed23___Matt.S_CG 2434.JPG,Tomato___Septoria_leaf_spot/c5806b61-685f-43a2-a5af-c8c9f086e7ea___Matt.S_CG 1244.JPG,Tomato___Septoria_leaf_spot,Tomato___Septoria_leaf_spot,train,train,8,False
1bf95bb95ccfb7285e3a855c6e4a5bad6524fede3e5bfe82ff7f758e27b9cb11,723547ed4719d16c5a2adc6247d339ef29e6ea0e0998b0e1d3bb158399ce2de2,Tomato___Bacterial_spot/37f07271-2a51-4ebd-8346-d9703f725998___GCREC_Bact.Sp 3238.JPG,Tomato___Spider_mites Two-spotted_spider_mite/e5e52f31-6255-4240-bdd6-febca61fd449___Com.G_SpM_FL 9513.JPG,Tomato___Bacterial_spot,Tomato___Spider_mites Two-spotted_spider_mite,train,train,8,False
1bf95bb95ccfb7285e3a855c6e4a5bad6524fede3e5bfe82ff7f758e27b9cb11,e13a6771150b3a2d73ed44ce9a27ef6714de2866b35379439465f115fa46e76a,Tomato___Bacterial_spot/37f07271-2a51-4ebd-8346-d9703f725998___GCREC_Bact.Sp 3238.JPG,Tomato___Spider_mites Two-spotted_spider_mite/1e06dafa-f977-4354-992e-3271f34a2344___Com.G_SpM_FL 9601.JPG,Tomato___Bacterial_spot,Tomato___Spider_mites Two-spotted_spider_mite,train,val,8,True
1bf95bb95ccfb7285e3a855c6e4a5bad6524fede3e5bfe82ff7f758e27b9cb11,f59e368aa972655c265e2c3ac443e77f5901d3c5c82186df44337be8989ae693,Tomato___Bacterial_spot/37f07271-2a51-4ebd-8346-d9703f725998___GCREC_Bact.Sp 3238.JPG,Tomato___Bacterial_spot/6d0cbb2e-599e-4637-bb5f-8641dc17e6fb___GCREC_Bact.Sp 3386.JPG,Tomato___Bacterial_spot,Tomato___Bacterial_spot,train,train,8,False
1c228bcbddf2af6f92348d748f9ab073a17123c7c8f737b3b94f1dc3dcd65bc0,76f69dbd75d81ea418edd0c625d0de56f731bc16a9ec8cef2c86a8f7d4ff3a21,Tomato___Target_Spot/9d04eab3-3ca0-4c04-aca6-6b63a5c0b491___Com.G_TgS_FL 0816.JPG,Tomato___healthy/6a159b17-b233-4b65-ba45-9fbced7f1d39___RS_HL 0339.JPG,Tomato___Target_Spot,Tomato___healthy,train,val,8,True
1c228bcbddf2af6f92348d748f9ab073a17123c7c8f737b3b94f1dc3dcd65bc0,89f6b68af289e560e535b4ade5bb65bd14c75a9d964ed3b5152cd6ffe3eb0595,Tomato___Target_Spot/9d04eab3-3ca0-4c04-aca6-6b63a5c0b491___Com.G_TgS_FL 0816.JPG,Tomato___Leaf_Mold/a740fdd7-45f9-445f-a992-37005aa41d32___Crnl_L.Mold 6883.JPG,Tomato___Target_Spot,Tomato___Leaf_Mold,train,val,8,True
1c42c07b47c6810c2d38a3b93d8b959183c671812bcc34254c8d3db6bf9c5a77,e3dd2b9a5f26e9a38a8849fb07d9331e8d05281610dae4488e59a7d6ea107792,Tomato___Leaf_Mold/526f929e-e9c1-4ca5-a493-c0bcf4898b04___Crnl_L.Mold 9129.JPG,Tomato___Leaf_Mold/52790cd9-3f4a-4da8-8786-37c17a102dd0___Crnl_L.Mold 6692.JPG,Tomato___Leaf_Mold,Tomato___Leaf_Mold,train,train,8,False
1cb901448fe13a379dff608ebbea32bb561d60279e0ec1d0295e17ea42273b59,cb3e2c197f00ae6bd56f9333625b7876b1cffc8b8c9c5dcc337c63f0a4a48571,Tomato___healthy/c1dfd66e-7c0c-40a7-8280-0aa1aaf5436b___GH_HL Leaf 431.JPG,Tomato___healthy/9721c76f-52cc-4a63-a465-4cc32974806c___GH_HL Leaf 431.1.JPG,Tomato___healthy,Tomato___healthy,test,train,8,True
1ce8339cb1f1ea902cd79bb7cc32bc744a03df9253407c84b9c28d658c7965a6,83b1fe8b624a27f4388bb645d35831245bda2c0e55f4405188811ebba55b620a,Tomato___Bacterial_spot/7f62023d-4d14-42af-b98f-ac7fc4280bbf___GCREC_Bact.Sp 5759.JPG,Tomato___Bacterial_spot/f675726b-1569-4147-9af2-23ac17a555ec___GCREC_Bact.Sp 3150.JPG,Tomato___Bacterial_spot,Tomato___Bacterial_spot,train,train,8,False
1ced129c1fae38e754c6766831c405ad3b53462189316a2e02782c4546625d75,e24ca0475a6872cb8622781d6ffc1cf73be6cd11e8e70205e7241aa1f5cae56a,Tomato___Tomato_Yellow_Leaf_Curl_Virus/3e70a27a-b642-4936-84bf-aace2944a76f___UF.GRC_YLCV_Lab 01368.JPG,Tomato___Tomato_Yellow_Leaf_Curl_Virus/7deb07f4-2a63-46ce-9cfc-283d0ced5a8f___UF.GRC_YLCV_Lab 01367.JPG,Tomato___Tomato_Yellow_Leaf_Curl_Virus,Tomato___Tomato_Yellow_Leaf_Curl_Virus,train,train,8,False
1d33a7ad9261a4a8c2eeae02f89a8a0316d4ba6f13197ef77d1ba544899e70e2,406c8c066854545c8823ad733315c4851b20cc56d0bfed05b5c171c9e0014933,Tomato___Tomato_Yellow_Leaf_Curl_Virus/2c2787bf-47fc-439f-8fa9-0423cd69a68e___UF.GRC_YLCV_Lab 02305.JPG,Tomato___Tomato_Yellow_Leaf_Curl_Virus/e0473055-55e0-4a4f-b570-54b6a65ecde5___UF.GRC_YLCV_Lab 02303.JPG,Tomato___Tomato_Yellow_Leaf_Curl_Virus,Tomato___Tomato_Yellow_Leaf_Curl_Virus,train,train,8,False
1d7b614cd565837d91ac8ee84b13f8b31655be9b3ffe5401fe756709d488fb6f,d1e7b64206e31a9a356fd181774cc69eadc9f969f1439fec372632ee8e7cb3b7,Tomato___Tomato_Yellow_Leaf_Curl_Virus/5741aac8-276f-4654-afc7-ebb939c3d4b8___UF.GRC_YLCV_Lab 02665.JPG,Tomato___Tomato_Yellow_Leaf_Curl_Virus/ea824bff-58c4-402e-936c-70bc49912701___UF.GRC_YLCV_Lab 02667.JPG,Tomato___Tomato_Yellow_Leaf_Curl_Virus,Tomato___Tomato_Yellow_Leaf_Curl_Virus,test,train,8,True
1dee23fc561770d40c1ac0d72a93e5ac22ce25fae13ecf8e94a3c5ed7378773d,3757d9b11b838a49bd5315aebeb4a4f34d7304c350d4b577d8d40d3b7ba120a5,Tomato___Bacterial_spot/6a4a7ca5-06c2-44b6-b08c-073d94a01db4___GCREC_Bact.Sp 5960.JPG,Tomato___Bacterial_spot/efd6193d-7d5b-4207-999d-2aeb08cd64e2___GCREC_Bact.Sp 5739.JPG,Tomato___Bacterial_spot,Tomato___Bacterial_spot,train,train,8,False
1e89ceac9e1f2238f6a1f1a3c0bed631fc518312da3becad8c887eabfd2e6df7,7f07de299b50ef1260b334ce2a2eab5fbbd01f21c1b70200857e863ee941ad0e,Tomato___Early_blight/c684e255-de5d-4905-b934-962180be33cb___RS_Erly.B 7353.JPG,Tomato___Spider_mites Two-spotted_spider_mite/5e4d96fa-4eec-4d95-a3a2-6d6afbc5a004___Com.G_SpM_FL 9496.JPG,Tomato___Early_blight,Tomato___Spider_mites Two-spotted_spider_mite,test,train,8,True
1e89ceac9e1f2238f6a1f1a3c0bed631fc518312da3becad8c887eabfd2e6df7,8733e8afa902ddbe2748ee92c6c1d2027752abfa1e21a44027151fb0be38d4f4,Tomato___Early_blight/c684e255-de5d-4905-b934-962180be33cb___RS_Erly.B 7353.JPG,Tomato___Tomato_Yellow_Leaf_Curl_Virus/51f629a9-de2f-4304-8241-1b3e5333d0fb___YLCV_GCREC 2853.JPG,Tomato___Early_blight,Tomato___Tomato_Yellow_Leaf_Curl_Virus,test,train,8,True
1e89ceac9e1f2238f6a1f1a3c0bed631fc518312da3becad8c887eabfd2e6df7,9991d3059bca9ae1e665e04a34f5e245d0f8efa19b56319c15e416dddf3f5151,Tomato___Early_blight/c684e255-de5d-4905-b934-962180be33cb___RS_Erly.B 7353.JPG,Tomato___Target_Spot/644c29d3-1aa8-456e-9eb3-825ac4d6eead___Com.G_TgS_FL 0796.JPG,Tomato___Early_blight,Tomato___Target_Spot,test,test,8,False
1e89ceac9e1f2238f6a1f1a3c0bed631fc518312da3becad8c887eabfd2e6df7,a2cb0e302d020481bb2bb22964a7a938c01248542449a455509f7d2cce21f515,Tomato___Early_blight/c684e255-de5d-4905-b934-962180be33cb___RS_Erly.B 7353.JPG,Tomato___Early_blight/21ad39db-c205-4220-a7e6-566042e70007___RS_Erly.B 7633.JPG,Tomato___Early_blight,Tomato___Early_blight,test,train,8,True
1e89ceac9e1f2238f6a1f1a3c0bed631fc518312da3becad8c887eabfd2e6df7,a5f6cbebd36e5bce98183da632d551066bfacaa1fde956af426dcc5c7de3a031,Tomato___Early_blight/c684e255-de5d-4905-b934-962180be33cb___RS_Erly.B 7353.JPG,Tomato___Spider_mites Two-spotted_spider_mite/f5eec0e2-699a-484e-91dd-c91f6c03a2c5___Com.G_SpM_FL 8547.JPG,Tomato___Early_blight,Tomato___Spider_mites Two-spotted_spider_mite,test,train,8,True
1ec5f8461a765eea471c8e4b698031956232c6ad207df087ebba7ebd09bc0703,c42ea5551ed991d64da5b581dd72c34ab2448a0f14aec256a4f8cd452028d375,Tomato___Tomato_Yellow_Leaf_Curl_Virus/7216b367-1645-4eb6-b4ae-5ed5f18232a8___UF.GRC_YLCV_Lab 02535.JPG,Tomato___Tomato_Yellow_Leaf_Curl_Virus/6bc71828-8107-4cf7-9da1-54ac9f7c73da___UF.GRC_YLCV_Lab 02534.JPG,Tomato___Tomato_Yellow_Leaf_Curl_Virus,Tomato___Tomato_Yellow_Leaf_Curl_Virus,train,val,8,True
1ecedd690bd00fcf5d95b52f21bdaaf9babd689c29ccc9ea9b9044dc00227097,66148850d0a50e3bd3d7b96e28f7bd633a897d2e27ec1fdcc64accd8823e945d,Tomato___Target_Spot/1006b3dd-22d8-41b8-b83d-08bf189fcdaa___Com.G_TgS_FL 8118.JPG,Tomato___healthy/db467743-857b-42b3-ab2a-a80e90467a99___RS_HL 0570.JPG,Tomato___Target_Spot,Tomato___healthy,train,train,8,False
1ed4393156b523292092f6b8a8d662981047929f0fb5141d26b4b300c42540ac,0a1f99c5b844a32ce53513ec8fc085571c14b872772a636bac35a3c75c9846cb,Tomato___Bacterial_spot/ee0ba215-e20d-4ba0-855e-2610d771fb3c___GCREC_Bact.Sp 3509.JPG,Tomato___Target_Spot/6d8550bb-b43d-4e66-a5fc-f320110ad625___Com.G_TgS_FL 9905.JPG,Tomato___Bacterial_spot,Tomato___Target_Spot,train,val,8,True
1ed4393156b523292092f6b8a8d662981047929f0fb5141d26b4b300c42540ac,6c28840ec2f8395d8836a5a1f8f917ad566548dc47547847bf1e5f06eade84d5,Tomato___Bacterial_spot/ee0ba215-e20d-4ba0-855e-2610d771fb3c___GCREC_Bact.Sp 3509.JPG,Tomato___Early_blight/13c87a78-0a62-4aff-b6f3-fcbf1a8323e6___RS_Erly.B 9612.JPG,Tomato___Bacterial_spot,Tomato___Early_blight,train,train,8,False
1eff0e10f78e77986718ae83ae73fdc34c826abd3e8e3d67de3ef99cc75bacfb,0b07b1fab231d84d25d9ef5e34d4cf83364d44423b920da2a61e4bba167007de,Tomato___Tomato_Yellow_Leaf_Curl_Virus/dc871d1b-3150-4783-81a9-ab2b9fd79617___UF.GRC_YLCV_Lab 03136.JPG,Tomato___Tomato_Yellow_Leaf_Curl_Virus/f5a4c551-4500-49c5-904d-6ed08dd43cc0___UF.GRC_YLCV_Lab 03140.JPG,Tomato___Tomato_Yellow_Leaf_Curl_Virus,Tomato___Tomato_Yellow_Leaf_Curl_Virus,train,train,8,False
1f386b01a88f32677236dd814f935486e1942f4f69c625012abb41ffa355abcd,05266f10549a05d927cb203a27e9b3cc0143eb6b593fd6832899eedbe387cee1,Tomato___Tomato_Yellow_Leaf_Curl_Virus/5475a5df-34ee-46f1-bbb7-d989f471886f___UF.GRC_YLCV_Lab 02442.JPG,Tomato___Tomato_Yellow_Leaf_Curl_Virus/592d471e-1ae5-4b14-a1d9-85fceaff6ed0___UF.GRC_YLCV_Lab 02444.JPG,Tomato___Tomato_Yellow_Leaf_Curl_Virus,Tomato___Tomato_Yellow_Leaf_Curl_Virus,train,val,8,True
1f386b01a88f32677236dd814f935486e1942f4f69c625012abb41ffa355abcd,0e0b38fbc699a8896a2c68f4d9c42770bfad439bab56c546145e6913b769bcd3,Tomato___Tomato_Yellow_Leaf_Curl_Virus/5475a5df-34ee-46f1-bbb7-d989f471886f___UF.GRC_YLCV_Lab 02442.JPG,Tomato___Tomato_Yellow_Leaf_Curl_Virus/837c2369-4f38-4c58-b1ed-fa83f96258ad___UF.GRC_YLCV_Lab 02439.JPG,Tomato___Tomato_Yellow_Leaf_Curl_Virus,Tomato___Tomato_Yellow_Leaf_Curl_Virus,train,train,8,False
1f386b01a88f32677236dd814f935486e1942f4f69c625012abb41ffa355abcd,248c637e601f81e71ff3c24ecad96be95db26e3bb0746cd5183a0bd961cdb591,Tomato___Tomato_Yellow_Leaf_Curl_Virus/5475a5df-34ee-46f1-bbb7-d989f471886f___UF.GRC_YLCV_Lab 02442.JPG,Tomato___Tomato_Yellow_Leaf_Curl_Virus/b086e7d4-52fe-4779-b2a5-5927aec3e636___UF.GRC_YLCV_Lab 02437.JPG,Tomato___Tomato_Yellow_Leaf_Curl_Virus,Tomato___Tomato_Yellow_Leaf_Curl_Virus,train,val,8,True
1f99ab5dc7669faf780139461580ccb9a63655c2cb94454fbe5e658b9666dc05,57898467b81c460bb2ff0c1929f349be0a81ba93e49f4b0e0fe8b7b8e6a8ee41,Tomato___Tomato_Yellow_Leaf_Curl_Virus/ffb295c9-f14e-4a15-831a-bf905da7fcb6___UF.GRC_YLCV_Lab 09560.JPG,Tomato___Tomato_Yellow_Leaf_Curl_Virus/4a60344b-ba5b-49a6-879c-e2289e02ec46___UF.GRC_YLCV_Lab 09558.JPG,Tomato___Tomato_Yellow_Leaf_Curl_Virus,Tomato___Tomato_Yellow_Leaf_Curl_Virus,test,train,8,True
1f9d3e388f02c939b2a1b062ae2db7f21de6acc23c5de238473197d028b65a39,cbfee62b1b44cedc02bf6a93a8e36c2e88d273d602b5d2ec6de89a2e90601095,Tomato___Bacterial_spot/5c438fb1-fb2e-4672-b035-2a1581efa729___GCREC_Bact.Sp 5550.JPG,Tomato___Spider_mites Two-spotted_spider_mite/1dde88ff-2897-4181-834f-e3629e3cd12c___Com.G_SpM_FL 9560.JPG,Tomato___Bacterial_spot,Tomato___Spider_mites Two-spotted_spider_mite,train,train,8,False
1f9d3e388f02c939b2a1b062ae2db7f21de6acc23c5de238473197d028b65a39,d4558d531563c0a60e795e50914f1a3753a74d87faebafeb97db66da4518045e,Tomato___Bacterial_spot/5c438fb1-fb2e-4672-b035-2a1581efa729___GCREC_Bact.Sp 5550.JPG,Tomato___Septoria_leaf_spot/2f5e144b-cf8f-4882-8ee5-10eafb8778cc___Matt.S_CG 7579.JPG,Tomato___Bacterial_spot,Tomato___Septoria_leaf_spot,train,train,8,False
1fee6ca1dbef805e9e01cde2d52b4a4b3ed07fef926ef80b6115615e8fdfd33f,4cfc251466495b12d1f4b72555b1b515c2ad216488efc470a3d64403f6565071,Tomato___Spider_mites Two-spotted_spider_mite/be731b6f-179f-436f-93eb-851f833575a9___Com.G_SpM_FL 1291.JPG,Tomato___Spider_mites Two-spotted_spider_mite/00bc7858-1dca-4bfb-a828-225f03bd72a5___Com.G_SpM_FL 9455.JPG,Tomato___Spider_mites Two-spotted_spider_mite,Tomato___Spider_mites Two-spotted_spider_mite,train,val,8,True
1fee6ca1dbef805e9e01cde2d52b4a4b3ed07fef926ef80b6115615e8fdfd33f,5d78e021ca6bd7a4988855778c441bdd06579bf4d9110d5e40cdf9c2c1f5c94b,Tomato___Spider_mites Two-spotted_spider_mite/be731b6f-179f-436f-93eb-851f833575a9___Com.G_SpM_FL 1291.JPG,Tomato___Spider_mites Two-spotted_spider_mite/2c2f7f98-8c5b-4981-bb74-f827c5f963fe___Com.G_SpM_FL 8734.JPG,Tomato___Spider_mites Two-spotted_spider_mite,Tomato___Spider_mites Two-spotted_spider_mite,train,val,8,True
1fee6ca1dbef805e9e01cde2d52b4a4b3ed07fef926ef80b6115615e8fdfd33f,6f67a9b54ee47cd0127cc6f7cfbab14e08fa6544b4fb68b4adf8bb6a4c3a2f0e,Tomato___Spider_mites Two-spotted_spider_mite/be731b6f-179f-436f-93eb-851f833575a9___Com.G_SpM_FL 1291.JPG,Tomato___Spider_mites Two-spotted_spider_mite/ddc184a0-ee42-44a4-80ee-ece8e67f1cc9___Com.G_SpM_FL 1231.JPG,Tomato___Spider_mites Two-spotted_spider_mite,Tomato___Spider_mites Two-spotted_spider_mite,train,train,8,False
1fee6ca1dbef805e9e01cde2d52b4a4b3ed07fef926ef80b6115615e8fdfd33f,87ae2d3db3fdc84f2d967e578171c38960541fb2a07dcdef92f4d39383850609,Tomato___Spider_mites Two-spotted_spider_mite/be731b6f-179f-436f-93eb-851f833575a9___Com.G_SpM_FL 1291.JPG,Tomato___Target_Spot/d1c4acfe-82e8-4f48-b8c7-39074dfe6f9e___Com.G_TgS_FL 9784.JPG,Tomato___Spider_mites Two-spotted_spider_mite,Tomato___Target_Spot,train,train,8,False
2002e575e0724991d0a25a2a1ccd4035e4d34908d93b32e41ec156658e8d9d28,119b27f14297706dac77efcfab417870dd6d4c37ebe9648c30f5267c0eb2d6b8,Tomato___Spider_mites Two-spotted_spider_mite/bdbfbe1d-f2ac-4ab1-a20f-dc64ab2b1e75___Com.G_SpM_FL 8432.JPG,Tomato___Bacterial_spot/db6177ef-cf23-402a-ac95-f8c136c6385d___GCREC_Bact.Sp 3135.JPG,Tomato___Spider_mites Two-spotted_spider_mite,Tomato___Bacterial_spot,train,val,8,True
20554971ab0859cb3df1672e2ad0970e4a79d5521b21faee6c906aeb1789b81e,1ed8943297cc26e3fffe878274f0ab3e8a719a3a69ca2ae960a71b253d6820dd,Tomato___Septoria_leaf_spot/5a79c447-4d9d-4daf-81a6-c23a00480a93___Matt.S_CG 2473.JPG,Tomato___Leaf_Mold/1d25cb12-499f-453f-9a62-dbc3fd20b220___Crnl_L.Mold 7061.JPG,Tomato___Septoria_leaf_spot,Tomato___Leaf_Mold,test,train,8,True
20a25e477563fb19803c876ed06814b2cb089c68898f0b906b44eef3ea425bb9,7e22e08a5dab073a846019de76b53ce40c4c1e7da0b397b46c5dea94b40b665d,Tomato___Bacterial_spot/247444c2-846f-4626-9c69-762c6f278538___GCREC_Bact.Sp 3452.JPG,Tomato___Leaf_Mold/4ff6a1de-00e2-401b-b6c2-e523289a9228___Crnl_L.Mold 6715.JPG,Tomato___Bacterial_spot,Tomato___Leaf_Mold,train,train,8,False
20ab000a2e00e34854492395fbce74ad384cdbad7eb7b463197ab4b4408dd7fe,9a8df682a27a5ff51307ea45c072c7d1227e91c1e4684a16e3edca7323607e3f,Tomato___Bacterial_spot/ad286f63-30e7-4c14-87b3-9829fe00ec61___GCREC_Bact.Sp 5826.JPG,Tomato___Bacterial_spot/27a806fe-06f2-48fb-92cf-32d44d545606___GCREC_Bact.Sp 3052.JPG,Tomato___Bacterial_spot,Tomato___Bacterial_spot,train,val,8,True
20bd3fa129ba94c9862f134d55248af559c8b404d7e1443c0db1ec272d0b3239,5f2aecb1821188ccdf02085a0fc5fa29ce65498569a43fc218a8361a26fa8c2e,Tomato___Spider_mites Two-spotted_spider_mite/4012a51b-bc29-4044-9389-41c4c1cd39f6___Com.G_SpM_FL 9002.JPG,Tomato___Spider_mites Two-spotted_spider_mite/8d679bc8-b9a3-48eb-83e1-99eeace768e3___Com.G_SpM_FL 8486.JPG,Tomato___Spider_mites Two-spotted_spider_mite,Tomato___Spider_mites Two-spotted_spider_mite,train,train,8,False
20bd3fa129ba94c9862f134d55248af559c8b404d7e1443c0db1ec272d0b3239,c146cea6f8d6a440109e495e47f4bbd1d77880188c76da0d63b70c98055b4861,Tomato___Spider_mites Two-spotted_spider_mite/4012a51b-bc29-4044-9389-41c4c1cd39f6___Com.G_SpM_FL 9002.JPG,Tomato___Spider_mites Two-spotted_spider_mite/f9234562-7b0a-4685-b92b-a4ee86670292___Com.G_SpM_FL 8902.JPG,Tomato___Spider_mites Two-spotted_spider_mite,Tomato___Spider_mites Two-spotted_spider_mite,train,train,8,False
2115adf205b8c11d39e3618656b257e3abc53ffa31250b97806588a43d231149,2c65d076e73e073275a191381aa157a7f1a72d8d0a3add27a1fe2c6b8bdf2f5b,Tomato___Tomato_Yellow_Leaf_Curl_Virus/10f63c22-2aee-4b78-96e3-b265a5c25d41___UF.GRC_YLCV_Lab 02578.JPG,Tomato___Tomato_Yellow_Leaf_Curl_Virus/744f2065-261d-42be-87ec-de81a39df65d___UF.GRC_YLCV_Lab 02577.JPG,Tomato___Tomato_Yellow_Leaf_Curl_Virus,Tomato___Tomato_Yellow_Leaf_Curl_Virus,test,test,8,False
2115adf205b8c11d39e3618656b257e3abc53ffa31250b97806588a43d231149,4891e488cdc3cf260547f1298447acc723ea72c5f13c2d58a46e2c2466bdeb82,Tomato___Tomato_Yellow_Leaf_Curl_Virus/10f63c22-2aee-4b78-96e3-b265a5c25d41___UF.GRC_YLCV_Lab 02578.JPG,Tomato___Tomato_Yellow_Leaf_Curl_Virus/bdba6b3a-019c-432d-921f-d5cf7614687b___UF.GRC_YLCV_Lab 02575.JPG,Tomato___Tomato_Yellow_Leaf_Curl_Virus,Tomato___Tomato_Yellow_Leaf_Curl_Virus,test,val,8,True
211ee4fdb27f11878cd550c813074c6eec85e4ea211837cc5de6132caa1d76e4,446beddb844c10089c865e1289fc06f715951cd0511400fd088a808717c7d291,Tomato___Bacterial_spot/7218c0f5-1083-4b2d-b0da-4c32edb279de___GCREC_Bact.Sp 3286.JPG,Tomato___Septoria_leaf_spot/2eb010be-cfb9-40cf-9b69-0521e5ecf2a1___Matt.S_CG 1263.JPG,Tomato___Bacterial_spot,Tomato___Septoria_leaf_spot,train,train,8,False
211ee4fdb27f11878cd550c813074c6eec85e4ea211837cc5de6132caa1d76e4,a240f5467520e186bfead73f30c05f8bfef3a892c327f95c33c82f0758352d92,Tomato___Bacterial_spot/7218c0f5-1083-4b2d-b0da-4c32edb279de___GCREC_Bact.Sp 3286.JPG,Tomato___Leaf_Mold/a97710a1-8082-4ae9-ad47-cd4344773073___Crnl_L.Mold 9121.JPG,Tomato___Bacterial_spot,Tomato___Leaf_Mold,train,train,8,False
21683ec8581794fc25bb2d693878f48f3de69e6a5e45e65bd52c3c3e4fce4ad4,1e66ec126a8156448fac07bdc99ef7b892cf51825a44fa19aedba8c763f95060,Tomato___Spider_mites Two-spotted_spider_mite/53884dab-82f0-4f78-b28e-c0fe64805316___Com.G_SpM_FL 9630.JPG,Tomato___Spider_mites Two-spotted_spider_mite/7167844e-1c41-4b6b-a6df-54729cc646bf___Com.G_SpM_FL 9317.JPG,Tomato___Spider_mites Two-spotted_spider_mite,Tomato___Spider_mites Two-spotted_spider_mite,train,train,8,False
216a6a9b1a6041829d838ed5bbb15d66d3c2d34a6069b5a29e1a4ba66f774be3,2dbaa01bee673cd8625322cd231d29f65b0a3d8d7eeecc28eb8e115772695c17,Tomato___Leaf_Mold/51189dab-468d-4304-8368-d0e4e3247194___Crnl_L.Mold 6667.JPG,Tomato___Leaf_Mold/fe52f026-be65-43bf-823e-d5fc9a9b0340___Crnl_L.Mold 6774.JPG,Tomato___Leaf_Mold,Tomato___Leaf_Mold,train,train,8,False
216a6a9b1a6041829d838ed5bbb15d66d3c2d34a6069b5a29e1a4ba66f774be3,f1dbf072e600cefb011b8ff9fe6f8c78d85caa1f7b5bd0513cc094c8aa8f8115,Tomato___Leaf_Mold/51189dab-468d-4304-8368-d0e4e3247194___Crnl_L.Mold 6667.JPG,Tomato___Leaf_Mold/f59fc67c-3f69-4dd5-b4f5-370cb8ed71da___Crnl_L.Mold 6788.JPG,Tomato___Leaf_Mold,Tomato___Leaf_Mold,train,val,8,True
217b0b6c64b0c385b31d592fafbc22abad439c8e30cf1d712eaf1b45d50b361b,e422ba3ba2f8a023c0919ac0e6c6779b3708c8b3eea20946fd67bef8298e2742,Tomato___Bacterial_spot/087cec29-0b94-4fd0-9c29-92f50cc8155f___UF.GRC_BS_Lab Leaf 0289.JPG,Tomato___Bacterial_spot/fbae79e4-5907-44e2-b249-68e0643f1a21___UF.GRC_BS_Lab Leaf 0330.JPG,Tomato___Bacterial_spot,Tomato___Bacterial_spot,test,train,8,True
21adf7b408c13d1d318eafa796ef10093a4f91dbddebf4d22f4f2cceaa14120b,0f0e2a0e7c0044c3811c0a566c94529fa3804e8721936ee8d8923c03303f1b6a,Tomato___Septoria_leaf_spot/c091e80e-2855-4736-8289-6d9c5fc142d0___JR_Sept.L.S 8555.JPG,Tomato___Septoria_leaf_spot/d3b7009f-ada0-43b1-8265-b1c30d6fa877___JR_Sept.L.S 8353.JPG,Tomato___Septoria_leaf_spot,Tomato___Septoria_leaf_spot,train,train,8,False
21fd3a09a738d2a0fdd0f20e256c55b346b89f3395768ea753f5202aedd4b5bd,8742da2ae7b04e64f6ed7835ec029f51afec954d5d3f3e6b9def2ff820468016,Tomato___Bacterial_spot/a1166af0-6310-46bc-99ed-14215a18eb18___GCREC_Bact.Sp 3625.JPG,Tomato___Bacterial_spot/a3666572-94a1-4cc7-8caa-f7e43a1d64a4___GCREC_Bact.Sp 5909.JPG,Tomato___Bacterial_spot,Tomato___Bacterial_spot,train,train,8,False
224a7ff2f41cc06246228ba7031f339f4ef5967c26c408802b59fac6b85c6fe3,3cbd37c7201d6edf96780f631ea62ef4ecc53c9b019b8b043f2ef7f28a7210a1,Tomato___Bacterial_spot/3a08d08d-9820-492b-a99f-eb19147724b7___GCREC_Bact.Sp 3288.JPG,Tomato___Bacterial_spot/f4f56f28-479b-4e71-afb2-210e668a411e___GCREC_Bact.Sp 3537.JPG,Tomato___Bacterial_spot,Tomato___Bacterial_spot,train,train,8,False
224a7ff2f41cc06246228ba7031f339f4ef5967c26c408802b59fac6b85c6fe3,429e51ad542065f032f1446a303b8b588947c300ecb53210fd9918104fb24534,Tomato___Bacterial_spot/3a08d08d-9820-492b-a99f-eb19147724b7___GCREC_Bact.Sp 3288.JPG,Tomato___Bacterial_spot/45e47cab-d129-497f-ba97-ab2a2ed62f5c___GCREC_Bact.Sp 2948.JPG,Tomato___Bacterial_spot,Tomato___Bacterial_spot,train,train,8,False
224a7ff2f41cc06246228ba7031f339f4ef5967c26c408802b59fac6b85c6fe3,5708f4dbd2fb6d590adf6e6b8e965e2835a2d4c9d1a25c3b417828191718fea6,Tomato___Bacterial_spot/3a08d08d-9820-492b-a99f-eb19147724b7___GCREC_Bact.Sp 3288.JPG,Tomato___Target_Spot/8284cba7-30b7-401d-923d-65f7786d7aae___Com.G_TgS_FL 8333.JPG,Tomato___Bacterial_spot,Tomato___Target_Spot,train,train,8,False
224a7ff2f41cc06246228ba7031f339f4ef5967c26c408802b59fac6b85c6fe3,856960946febc5e0bbf1acd4862fb3d21c5c839e66391d5a1e1db4a8935589a3,Tomato___Bacterial_spot/3a08d08d-9820-492b-a99f-eb19147724b7___GCREC_Bact.Sp 3288.JPG,Tomato___Bacterial_spot/51cb7cc6-9562-4d43-9b6d-0bf168ea8ddd___GCREC_Bact.Sp 5854.JPG,Tomato___Bacterial_spot,Tomato___Bacterial_spot,train,train,8,False
224a7ff2f41cc06246228ba7031f339f4ef5967c26c408802b59fac6b85c6fe3,dfd3780a3d028238a221ebc8d7cd4a52b7510370553030b3304958374ac154d8,Tomato___Bacterial_spot/3a08d08d-9820-492b-a99f-eb19147724b7___GCREC_Bact.Sp 3288.JPG,Tomato___Bacterial_spot/3c742482-6056-42ff-a846-7df3a5d97fc9___GCREC_Bact.Sp 3156.JPG,Tomato___Bacterial_spot,Tomato___Bacterial_spot,train,train,8,False
227ad78ca3684b2cc760db93e1647a9a87373c8e43afb73057fafdbe1314b76c,6893102ec803d648b855a5130676dea3563398d722a3b7dc477eab095e948567,Tomato___Spider_mites Two-spotted_spider_mite/618d13ab-5e53-4563-9a11-2c195fe77fcc___Com.G_SpM_FL 9293.JPG,Tomato___Target_Spot/ad49cc13-6cea-41cf-a3c1-2a5c55db56dd___Com.G_TgS_FL 9893.JPG,Tomato___Spider_mites Two-spotted_spider_mite,Tomato___Target_Spot,train,train,8,False
227ad78ca3684b2cc760db93e1647a9a87373c8e43afb73057fafdbe1314b76c,fbef0e0828768c203a094f07ce96b5f806de30df32208985826a2d8d8bc679a7,Tomato___Spider_mites Two-spotted_spider_mite/618d13ab-5e53-4563-9a11-2c195fe77fcc___Com.G_SpM_FL 9293.JPG,Tomato___Spider_mites Two-spotted_spider_mite/8f53750b-2b3f-4e1c-87ae-dd9659976129___Com.G_SpM_FL 8962.JPG,Tomato___Spider_mites Two-spotted_spider_mite,Tomato___Spider_mites Two-spotted_spider_mite,train,train,8,False
22af9c8181ac83b8b7e8eadf1687da4299816d038c02065d69660fc4c58218b3,d12b96e66c8a8c2224c47a5a478ccdde0dc35bab157d2f51048465df49eccdbd,Tomato___healthy/95abb641-4435-4531-88f6-a4a597c5ff33___RS_HL 9779.JPG,Tomato___healthy/b951fffc-404c-4b85-a7ec-fe8b4f9a15fa___RS_HL 0540.JPG,Tomato___healthy,Tomato___healthy,test,train,8,True
22b14ce948b91213c10ae9cfd9327815c8f8fa731a58aad8adc4630b406c7da6,e2f881ff4e86670e05378a0d3b9decc5586da2b96103f1b713a815ce4e37c74f,Tomato___Target_Spot/9c6d95a8-87be-441c-b232-93addadab9b8___Com.G_TgS_FL 0775.JPG,Tomato___Target_Spot/627ccb34-558c-4e7d-81de-8fa8fd3f7549___Com.G_TgS_FL 8198.JPG,Tomato___Target_Spot,Tomato___Target_Spot,train,val,8,True
22b580d4a3cb14c8901b3be84c10ed725fc7946026119e0bcc14e2241c50e57c,697794b82a11d2b67fddd5f6a091d5ce5911d8742f145455cd50e0bf78cddf37,Tomato___Spider_mites Two-spotted_spider_mite/9a1152b9-1550-48f3-afd6-4e5cc587807a___Com.G_SpM_FL 1639.JPG,Tomato___Spider_mites Two-spotted_spider_mite/c23f7713-d301-4952-852e-dad07536aace___Com.G_SpM_FL 1764.JPG,Tomato___Spider_mites Two-spotted_spider_mite,Tomato___Spider_mites Two-spotted_spider_mite,train,train,8,False
22b580d4a3cb14c8901b3be84c10ed725fc7946026119e0bcc14e2241c50e57c,d666dda5103919b608b2c659103e5d24d6433b8aa5099a52a01ad21b7dbd705b,Tomato___Spider_mites Two-spotted_spider_mite/9a1152b9-1550-48f3-afd6-4e5cc587807a___Com.G_SpM_FL 1639.JPG,Tomato___Spider_mites Two-spotted_spider_mite/bcca5917-17c5-4b38-ac89-233eec6a4ddb___Com.G_SpM_FL 9540.JPG,Tomato___Spider_mites Two-spotted_spider_mite,Tomato___Spider_mites Two-spotted_spider_mite,train,train,8,False
22c66e78530a6c800f445a266c1f0bbd74fdc83742fd09572ffa8020db22917d,d9380c24e49f37faf079c34fa15d76f838d8d3f78374a0977c447112db1b442b,Tomato___Bacterial_spot/adcd966b-b53f-471e-8e67-156481c0f4ed___GCREC_Bact.Sp 3316.JPG,Tomato___Spider_mites Two-spotted_spider_mite/ecdbc53e-17ad-4807-9f8d-c548de7e5cfb___Com.G_SpM_FL 1138.JPG,Tomato___Bacterial_spot,Tomato___Spider_mites Two-spotted_spider_mite,train,train,8,False
22d534f9ef7a3df16b35b47cb36ed9242f32273a79b1e31845fec1386a02734f,69447f620726b0dee08f5951ccd9b6ee98d8528a5ba153fc135a119e90d63578,Tomato___Bacterial_spot/f6084490-18e3-489a-9144-4584db9c1d38___GCREC_Bact.Sp 3049.JPG,Tomato___Bacterial_spot/116f4d08-405e-492c-a8b2-dd596b19b820___GCREC_Bact.Sp 3053.JPG,Tomato___Bacterial_spot,Tomato___Bacterial_spot,test,train,8,True
22ea40efb47d557d997878ed54e51efba9efcfc12a30f9db2960a5c02ed70504,ef5b2d2f85c4c0a6a7fff72fcb84eefad5ae3e4e2bb8776b20c60a97511df88a,Tomato___healthy/8db75488-efa8-48f9-bfe8-453b1b5a2b94___RS_HL 9706.JPG,Tomato___healthy/ba4daa67-29a8-4d0b-a21e-a27406bb840d___RS_HL 9714.JPG,Tomato___healthy,Tomato___healthy,train,train,8,False
232112722df9ada3a3cb1a276da7a34393b9dfc0d584eb19896596fde4d1fcbf,48bb309d56dd7e7754bde4463ebde9831885effa73d3bc98499a8e1e0cec90f9,Tomato___Tomato_Yellow_Leaf_Curl_Virus/1050a8a6-7832-4ad7-9d7c-a8f7f83ff873___UF.GRC_YLCV_Lab 09552.JPG,Tomato___Tomato_Yellow_Leaf_Curl_Virus/5311d5a5-0331-406d-a010-7f405cf4b2ad___UF.GRC_YLCV_Lab 09557.JPG,Tomato___Tomato_Yellow_Leaf_Curl_Virus,Tomato___Tomato_Yellow_Leaf_Curl_Virus,train,train,8,False
2365399f74393743edf2bfd1e830b9087e0daae298fb2ba359f9ae47ecd284d1,e84ffd802bcbc7c022c9d66885c2b01f96cfec1f6781099d0e24d9e0435bccd0,Tomato___healthy/2e97e18f-8ae2-4d5d-b7fb-64baeead1ed4___GH_HL Leaf 221.1.JPG,Tomato___healthy/ff354b62-5981-43d1-8cfe-ac58bc20ca20___GH_HL Leaf 221.JPG,Tomato___healthy,Tomato___healthy,train,train,8,False
238199f9f5bd41c571c133d0a8edc321d34a7667186eac0c4bcd848e81232ebd,08dcc7986e192a22e408f346d24a4815350fd5fa3d21fd58e4f7682b314d23b8,Tomato___Late_blight/5ced2ede-33df-44e7-8063-a27ad667cd1a___RS_Late.B 6721.JPG,Tomato___healthy/e0b87789-7d59-4bd1-bc78-ec3a942021f4___RS_HL 9894.JPG,Tomato___Late_blight,Tomato___healthy,train,train,8,False
23e1867e0d70c1ae69fedece6103cd89d9cf9e2233605b9e648820c469036e70,62009f7a156a451dddd76b3352797b9725a3a036fc2dbc693372c96a98f4c26c,Tomato___Tomato_Yellow_Leaf_Curl_Virus/4aa9556f-ef31-4894-bcd0-09ed19641349___YLCV_NREC 2709.JPG,Tomato___Leaf_Mold/ea8273ed-0d2e-483d-a653-0abc4886d780___Crnl_L.Mold 6988.JPG,Tomato___Tomato_Yellow_Leaf_Curl_Virus,Tomato___Leaf_Mold,train,val,8,True
23f2c094e4885cd0322fb420f5e026aab64e681a7f50eabae1105745863855df,506bdf74d75a6e016b304e4354ee6365cb187d60420f6f42f11606c1e5a1dfb0,Tomato___Bacterial_spot/0ab9c705-f29e-45ac-b786-9549b3c38f16___GCREC_Bact.Sp 3223.JPG,Tomato___Bacterial_spot/d4e4f6a5-f887-48b1-83d5-44e6f834cab4___GCREC_Bact.Sp 6064.JPG,Tomato___Bacterial_spot,Tomato___Bacterial_spot,test,test,8,False
241badfa9fa5d461c9f336dc0e3386026ae3ab07d6877c33534938125a26f67f,4f50c76ccd58ae253fe23e754a18b4462106d0987ee5801d461cf15344ae1215,Tomato___Septoria_leaf_spot/c8055b76-f328-4519-b530-b34a695b9261___Keller.St_CG 1901.JPG,Tomato___Tomato_Yellow_Leaf_Curl_Virus/24bd6cc6-b172-4ea5-955b-b6b03e7b53a7___UF.GRC_YLCV_Lab 01289.JPG,Tomato___Septoria_leaf_spot,Tomato___Tomato_Yellow_Leaf_Curl_Virus,test,test,8,False
24584cd344f04dcb4b517641ae161f467cc156a064564b09c43990dd7ff65e96,0bcddf78995aac2c6afe3880558663c365b87926ce4ed9fff56e9dae01cc8880,Tomato___Leaf_Mold/8f03cf41-751b-4dd9-9f74-e7bd40919d96___Crnl_L.Mold 7074.JPG,Tomato___Spider_mites Two-spotted_spider_mite/aaa6e60c-1db9-475d-b312-c3fea4a00c5a___Com.G_SpM_FL 9020.JPG,Tomato___Leaf_Mold,Tomato___Spider_mites Two-spotted_spider_mite,test,val,8,True
24584cd344f04dcb4b517641ae161f467cc156a064564b09c43990dd7ff65e96,7a08a4bd9bb5f04882871848334595d1f974fc053c4eedb700dc72991740c218,Tomato___Leaf_Mold/8f03cf41-751b-4dd9-9f74-e7bd40919d96___Crnl_L.Mold 7074.JPG,Tomato___Spider_mites Two-spotted_spider_mite/52082f00-79c2-4043-8af8-7cd8e10e7625___Com.G_SpM_FL 9615.JPG,Tomato___Leaf_Mold,Tomato___Spider_mites Two-spotted_spider_mite,test,train,8,True
24584cd344f04dcb4b517641ae161f467cc156a064564b09c43990dd7ff65e96,9b6b23daf98493e224fbac77119859aff384642fe2f2e4ae9043f5ba89e56e7e,Tomato___Leaf_Mold/8f03cf41-751b-4dd9-9f74-e7bd40919d96___Crnl_L.Mold 7074.JPG,Tomato___Tomato_Yellow_Leaf_Curl_Virus/864c03ea-6a1f-4453-a4f9-99f3e1dde04c___YLCV_GCREC 2939.JPG,Tomato___Leaf_Mold,Tomato___Tomato_Yellow_Leaf_Curl_Virus,test,train,8,True
24d1758a0ae76cfe5749c0ec5333a9e0fb695f21551ecdf477c7109c8ab75dc7,48170dbf9465f10cad0a38f9975dc9415eaaf1fd589630fe7874be6c497009fd,Tomato___Tomato_Yellow_Leaf_Curl_Virus/169f103a-f2c7-458d-b18f-d42b0b218fa6___UF.GRC_YLCV_Lab 02135.JPG,Tomato___Tomato_Yellow_Leaf_Curl_Virus/1dc30471-999e-4b74-a775-c85fc2c7ab89___UF.GRC_YLCV_Lab 02134.JPG,Tomato___Tomato_Yellow_Leaf_Curl_Virus,Tomato___Tomato_Yellow_Leaf_Curl_Virus,train,train,8,False
24f079925c2e427ef9f024f95f6677a050085aa9a17ac802e31b7d352513ae47,5fee14b259be7eed4c1a5a4ba99d5d5536ec7901f85aebb76aee46aab10ef736,Tomato___Bacterial_spot/78cfeab2-37b0-478d-ae48-7ecf27e5859f___GCREC_Bact.Sp 3401.JPG,Tomato___Spider_mites Two-spotted_spider_mite/e6f7952e-cf7e-4d1e-8dd5-4853d5fcc4ee___Com.G_SpM_FL 8543.JPG,Tomato___Bacterial_spot,Tomato___Spider_mites Two-spotted_spider_mite,test,train,8,True
2551e6c361599846184c174fd0c7682202ad73f5c19d54d9fb1350dbefc51007,7819df292bf419c72f3341e5a45f31808246a49f6801485e75d1400f75306623,Tomato___Spider_mites Two-spotted_spider_mite/5d3d9d20-5a2e-4723-82ef-fa470a003d87___Com.G_SpM_FL 1582.JPG,Tomato___Target_Spot/7145dbb4-2256-4071-97b2-eb214213744a___Com.G_TgS_FL 0721.JPG,Tomato___Spider_mites Two-spotted_spider_mite,Tomato___Target_Spot,train,train,8,False
2551e6c361599846184c174fd0c7682202ad73f5c19d54d9fb1350dbefc51007,87ae2d3db3fdc84f2d967e578171c38960541fb2a07dcdef92f4d39383850609,Tomato___Spider_mites Two-spotted_spider_mite/5d3d9d20-5a2e-4723-82ef-fa470a003d87___Com.G_SpM_FL 1582.JPG,Tomato___Target_Spot/d1c4acfe-82e8-4f48-b8c7-39074dfe6f9e___Com.G_TgS_FL 9784.JPG,Tomato___Spider_mites Two-spotted_spider_mite,Tomato___Target_Spot,train,train,8,False
255a16f9bedd189d67361e08814c6a86271f07d2b47d58fa174f4b6db96c9f4e,907c16f403b5b35f12540d457869ae27581829ca26b453c39d2dcb09863de61e,Tomato___Spider_mites Two-spotted_spider_mite/46aff4bf-7ab8-4a46-95d0-cc3a2007207a___Com.G_SpM_FL 1558.JPG,Tomato___Spider_mites Two-spotted_spider_mite/8979cbcd-62c9-4891-a428-f01bd2d177fa___Com.G_SpM_FL 9259.JPG,Tomato___Spider_mites Two-spotted_spider_mite,Tomato___Spider_mites Two-spotted_spider_mite,train,train,8,False
257dfc0ea31a979e7deb4c913ca22ab3c0f58e51a12e8c2d8f5701dd54f57e1d,52c0700a61f79b41f91ec486f1bcd8f9bca2dbd0adf8a1e2f37b1c4f57948e87,Tomato___Target_Spot/9939cceb-a336-4bc0-9f0b-438bc418d157___Com.G_TgS_FL 9982.JPG,Tomato___Tomato_Yellow_Leaf_Curl_Virus/4c92449d-2ec4-4b81-ab67-6bfe565cf83d___YLCV_GCREC 5353.JPG,Tomato___Target_Spot,Tomato___Tomato_Yellow_Leaf_Curl_Virus,train,val,8,True
25b1295ed39b8355c4d49ceceb494632c6c63c58cb7ee3c665942e13965773f9,92b1cb6cab4401707b9dd0c3a5cde32a00bab287580072576680ca7958c08348,Tomato___Bacterial_spot/55afdd3f-f2f9-419c-aaf6-934c97461b33___GCREC_Bact.Sp 3279.JPG,Tomato___Leaf_Mold/35f38d23-ae26-4feb-a076-6fd6571db043___Crnl_L.Mold 6814.JPG,Tomato___Bacterial_spot,Tomato___Leaf_Mold,train,train,8,False
25b39f27a5550379f53841aa09a853828647bbf54b0be8305fa175df0ce86ac5,7cf5c86e55797af9be3385f191497a8c3ff5ee8a136de1c69946e07d225ab279,Tomato___Target_Spot/dcd437ad-8f31-43c0-9b58-ebac939d18d8___Com.G_TgS_FL 8407.JPG,Tomato___Target_Spot/e56c1e39-3815-4735-bf2b-2b3fa8747235___Com.G_TgS_FL 0012.JPG,Tomato___Target_Spot,Tomato___Target_Spot,train,train,8,False
2647f85c27237e78d4572bfacfc84bca54268302fb236ee128afe27131282ced,d030d8edcd2a7f760f56c788fd47ae2a4035e1e8f40dfb6ffe3466b5d342178f,Tomato___Spider_mites Two-spotted_spider_mite/bf88f51a-48da-4e77-9d9f-55f1641d210e___Com.G_SpM_FL 1500.JPG,Tomato___Bacterial_spot/6d0dd572-9911-4c87-8493-7dde760c19bf___GCREC_Bact.Sp 3055.JPG,Tomato___Spider_mites Two-spotted_spider_mite,Tomato___Bacterial_spot,train,val,8,True
26b3b5924972716fe70eef6b17526c18d6e8a7860e7f01ae156c19f8d541d0b5,1160f46157eb99e05e5ee922877d735b179f12a04e59053222bae11e9f6cbb0d,Tomato___Bacterial_spot/76dd04b9-ddda-4575-954c-dd3d04ce45aa___GCREC_Bact.Sp 5750.JPG,Tomato___Bacterial_spot/b1229b90-496b-4489-a1ca-cc6fbbeb4fbd___GCREC_Bact.Sp 6260.JPG,Tomato___Bacterial_spot,Tomato___Bacterial_spot,train,val,8,True
26c5e360e65cc28e26b3f5e5622f8a9a6e646ed318f1721e1f92f49694d36226,8edc3bd09cd70cb63d47045b37fde4f5e3e66d50b0771baf67d1914a41a9b12e,Tomato___Bacterial_spot/98a33963-bf05-4c93-a217-045c06047616___GCREC_Bact.Sp 5985.JPG,Tomato___Spider_mites Two-spotted_spider_mite/085cdef7-8892-4873-a0e7-5715082762d0___Com.G_SpM_FL 8650.JPG,Tomato___Bacterial_spot,Tomato___Spider_mites Two-spotted_spider_mite,train,train,8,False
271f2b56db886aabad95ed5f13bad253ed11618748ad285c5b4e4c8651751379,9677473f161a183b63389c4514a90c7a00f98a4b18088400b1abbe8bb79a1b63,Tomato___Leaf_Mold/bb98de22-463a-4ad2-8ad1-e65d1ea463c8___Crnl_L.Mold 7160.JPG,Tomato___Septoria_leaf_spot/eb26346a-ab63-4741-aad4-c84c36d17d5e___JR_Sept.L.S 8440.JPG,Tomato___Leaf_Mold,Tomato___Septoria_leaf_spot,train,train,8,False
27503f4f9036d5fb132f0bcef4eb2dacd903d8fe4ee437b6431f4003c346bc01,8a15f0efbd08060a02c6637871369e313e11439c5bc5077a7232f6a5520537c6,Tomato___Bacterial_spot/1fbc778e-9d12-4813-bba5-75a7275ab525___GCREC_Bact.Sp 5983.JPG,Tomato___Spider_mites Two-spotted_spider_mite/b42de0fa-b2b5-45f1-b1cf-e4cab918cf5d___Com.G_SpM_FL 9385.JPG,Tomato___Bacterial_spot,Tomato___Spider_mites Two-spotted_spider_mite,train,train,8,False
27503f4f9036d5fb132f0bcef4eb2dacd903d8fe4ee437b6431f4003c346bc01,c4704484dea9f5f8b9b3792676275f3f3acb259c52e8396429dea8111c1c6e15,Tomato___Bacterial_spot/1fbc778e-9d12-4813-bba5-75a7275ab525___GCREC_Bact.Sp 5983.JPG,Tomato___Tomato_Yellow_Leaf_Curl_Virus/995c9407-8902-4d39-9ea9-013bc7424a1e___YLCV_NREC 2617.JPG,Tomato___Bacterial_spot,Tomato___Tomato_Yellow_Leaf_Curl_Virus,train,train,8,False
276f7b1d1c396d70d5942c49ba99b592efc7f1bfc0749be594b1ac5907936a2d,79a4c96b46a56b42df2c96cde55c0281a2119adb24296c163ca88ef4b7ad39fe,Tomato___Spider_mites Two-spotted_spider_mite/bdd3d14d-1153-4bc0-9ccd-9e484a75c6a5___Com.G_SpM_FL 1715.JPG,Tomato___healthy/2b1cbc53-a62b-4daf-b233-8fc1d8d8c099___RS_HL 0296.JPG,Tomato___Spider_mites Two-spotted_spider_mite,Tomato___healthy,train,train,8,False
279cbc99cd7e4d5b2ce1e65a4f743f56f292c9a92243f9ef10a2947475f285d1,a1f2ae34faf30734fbd9c18437f73cb123a4ca4e5b2b578e2293b406edef0cb1,Tomato___Tomato_Yellow_Leaf_Curl_Virus/95b27a95-6bc1-44ff-b40b-dab246ff48ac___UF.GRC_YLCV_Lab 01638.JPG,Tomato___Tomato_Yellow_Leaf_Curl_Virus/c7241dbd-e45f-4954-88f2-85b40ca9c223___UF.GRC_YLCV_Lab 01648.JPG,Tomato___Tomato_Yellow_Leaf_Curl_Virus,Tomato___Tomato_Yellow_Leaf_Curl_Virus,test,val,8,True
27d78934af369a9202c948254faf4eab6f6ea69a3fcf6a8042706e3bf87e60ac,73e62a8d876cf146697683cc4ba2cc5e29b3849085d1f5815616b600068a657c,Tomato___Bacterial_spot/cefc70ed-e035-44fb-afaf-32401833a800___GCREC_Bact.Sp 3583.JPG,Tomato___Tomato_Yellow_Leaf_Curl_Virus/1c3779b9-cb13-43b0-9a4a-01f96e7d039f___YLCV_GCREC 2545.JPG,Tomato___Bacterial_spot,Tomato___Tomato_Yellow_Leaf_Curl_Virus,train,train,8,False
27d78934af369a9202c948254faf4eab6f6ea69a3fcf6a8042706e3bf87e60ac,dad41282f1cb9ac72840ca47076a3f84a1f9fd1a572d3f086dec96968dded63b,Tomato___Bacterial_spot/cefc70ed-e035-44fb-afaf-32401833a800___GCREC_Bact.Sp 3583.JPG,Tomato___Septoria_leaf_spot/1db21865-b74f-40ab-9a9b-ac7c0e512058___Matt.S_CG 2428.JPG,Tomato___Bacterial_spot,Tomato___Septoria_leaf_spot,train,train,8,False
2844445c66ef310eb4777b97b5208a84b7a8db024238d93150350ecdbc997355,b656e271493fd5a11717962ce50cff7d3034b8850b6ce42acc46b00220758f30,Tomato___Target_Spot/c190c3ef-31e1-4d88-bb28-c6e747d4ff1f___Com.G_TgS_FL 9838.JPG,Tomato___Tomato_Yellow_Leaf_Curl_Virus/9a10d739-932c-47ff-af5d-196d5f615e21___YLCV_NREC 0057.JPG,Tomato___Target_Spot,Tomato___Tomato_Yellow_Leaf_Curl_Virus,train,train,8,False
28502c31d9c372e8891ddc683fe8186fcb9dab38d17ca7b6185c68abfa93617f,9dc656fb276f5fc2719431bcb37aba1a7fc1f442cf95760cc36c6165850c4ce2,Tomato___Septoria_leaf_spot/a45bce54-4c25-4d5d-a9a9-fbc76436844c___Matt.S_CG 6523.JPG,Tomato___Septoria_leaf_spot/a48fda6c-abcb-4cf4-b63f-b190ee1af683___JR_Sept.L.S 2582.JPG,Tomato___Septoria_leaf_spot,Tomato___Septoria_leaf_spot,train,train,8,False
28c1b0d4594ba7bc7cdc54e6b6ed8e216177e9bede12fbfc5ac99b6f05ea36fe,227ad78ca3684b2cc760db93e1647a9a87373c8e43afb73057fafdbe1314b76c,Tomato___Spider_mites Two-spotted_spider_mite/527b81a0-f304-40ec-bfb3-987bbdde36b3___Com.G_SpM_FL 9459.JPG,Tomato___Spider_mites Two-spotted_spider_mite/618d13ab-5e53-4563-9a11-2c195fe77fcc___Com.G_SpM_FL 9293.JPG,Tomato___Spider_mites Two-spotted_spider_mite,Tomato___Spider_mites Two-spotted_spider_mite,train,train,8,False
28eb4379e895147533d048c18c97da99b7208df2bf32a6734a039b7729370619,a4cec199fd8c1b7dc43d344456558650b2fe67498f5a6c388e4145c56d4ed675,Tomato___Bacterial_spot/1c5d49ef-1d7e-4b76-b33a-da162fe99eb2___GCREC_Bact.Sp 3506.JPG,Tomato___Tomato_Yellow_Leaf_Curl_Virus/2a276c6e-c072-4cc8-a1ff-8de64e4b8548___UF.GRC_YLCV_Lab 01361.JPG,Tomato___Bacterial_spot,Tomato___Tomato_Yellow_Leaf_Curl_Virus,train,train,8,False
28eb4379e895147533d048c18c97da99b7208df2bf32a6734a039b7729370619,d893e439dea93a96a5ce47161016192c0c9fa59767f639fa26d671e9062c4a92,Tomato___Bacterial_spot/1c5d49ef-1d7e-4b76-b33a-da162fe99eb2___GCREC_Bact.Sp 3506.JPG,Tomato___Bacterial_spot/b8f38ecf-ef8d-47b5-90a3-e937a300a931___GCREC_Bact.Sp 5770.JPG,Tomato___Bacterial_spot,Tomato___Bacterial_spot,train,train,8,False
2901975c888e02a08aac7237b996e2b8b2da8b749f1d8527152b8dbe807301d6,4cdf6ffd15f21334ffbc0569aeef44d741ad07c99b2a7a99529218bc84316eb6,Tomato___Septoria_leaf_spot/9b1c7c43-4440-48e8-8a28-02f78ab73588___JR_Sept.L.S 8424.JPG,Tomato___Target_Spot/7eec3aca-476f-457d-8c0a-5c721a26aa4a___Com.G_TgS_FL 9899.JPG,Tomato___Septoria_leaf_spot,Tomato___Target_Spot,train,train,8,False
291fa4f30d07ef9179cbebd871ecec9e6b676df9d0c7f829a2669cbfcef343fe,a31495114115c9b4a7591ccfebe210d8a7cc1763a530f04d5599d1c5fb48ccfb,Tomato___Bacterial_spot/3256b07a-4561-45b8-b3d5-9422c0241c00___GCREC_Bact.Sp 3054.JPG,Tomato___Early_blight/983a04ad-2cc6-4d78-9365-a67012b4ffdc___RS_Erly.B 7661.JPG,Tomato___Bacterial_spot,Tomato___Early_blight,train,val,8,True
2929228f0c30fd09c2650487c9cb070beef2ea7970a21c73337d133e3dbb1b9b,14fd802d2b8a0a7f4724d42ac7d4c22bbba760b9fad212f5ca0a3a4de5405535,Tomato___Late_blight/e4be24d1-b3c1-4d03-b35a-56dddf1902fe___RS_Late.B 4855.JPG,Tomato___Septoria_leaf_spot/2c368f9a-5098-4a37-b127-477f1978ff78___Matt.S_CG 7499.JPG,Tomato___Late_blight,Tomato___Septoria_leaf_spot,train,train,8,False
2957b0c784d2b930d82f459a1a213924744fcabcae284f137b2ae3a38badf74a,9447443cb0b6641ddf71c2f70288090b8b80194fbec5473d97a4cae042249c76,Tomato___Tomato_Yellow_Leaf_Curl_Virus/cefb6cb4-bf0a-449d-aeac-8f960f6c1670___UF.GRC_YLCV_Lab 01356.JPG,Tomato___Tomato_Yellow_Leaf_Curl_Virus/4c91c53b-4c37-4029-974b-97daae68f9ab___UF.GRC_YLCV_Lab 01360.JPG,Tomato___Tomato_Yellow_Leaf_Curl_Virus,Tomato___Tomato_Yellow_Leaf_Curl_Virus,train,val,8,True
295dbb25339ca599cbbf6b5741878c62662b37da150d401f4a04f19c24835263,6178c924a426862332b4c772ae6a489a4d7a6ce1bfe92089208ab74c4f473d8c,Tomato___Septoria_leaf_spot/fab1ca61-1ab4-4e27-9c15-a48eeacd2959___JR_Sept.L.S 2617.JPG,Tomato___Tomato_Yellow_Leaf_Curl_Virus/075ab58c-8001-4e5e-a9d2-5dbf218ee100___YLCV_NREC 2052.JPG,Tomato___Septoria_leaf_spot,Tomato___Tomato_Yellow_Leaf_Curl_Virus,train,train,8,False
29612bbb5e3f2dbc84450c363e027eebcb0c7e920b62611c1fb0c3941a342377,07014cedd8f14c93b68c71852d184faa9e9d0c10d7cde5e8c89b4ee78a6a14f4,Tomato___Bacterial_spot/13a0b443-c0b3-45fe-a22d-965a87a9b45e___GCREC_Bact.Sp 3108.JPG,Tomato___Bacterial_spot/549bff64-9722-4193-9b44-b6069a5a4fc8___GCREC_Bact.Sp 6312.JPG,Tomato___Bacterial_spot,Tomato___Bacterial_spot,train,train,8,False
29612bbb5e3f2dbc84450c363e027eebcb0c7e920b62611c1fb0c3941a342377,9984eb10d4999791631085b69c41dce04e8f1ba9aa894601c90fedfc530f86b2,Tomato___Bacterial_spot/13a0b443-c0b3-45fe-a22d-965a87a9b45e___GCREC_Bact.Sp 3108.JPG,Tomato___Tomato_Yellow_Leaf_Curl_Virus/6eb13474-f3b6-4a3b-ab7e-917dc9b896b5___YLCV_GCREC 2624.JPG,Tomato___Bacterial_spot,Tomato___Tomato_Yellow_Leaf_Curl_Virus,train,train,8,False
2974a1238387add64aabff3692be50d1c0786ee55e60e49a76a48af801c8d25e,4670beb3da34e4883a65418eadc1cffea9b53b82283faa95abe5b53a387501c8,Tomato___Bacterial_spot/158e6da7-6371-4575-b2e2-a42be9b0beed___GCREC_Bact.Sp 3042.JPG,Tomato___Tomato_Yellow_Leaf_Curl_Virus/79e6edeb-be80-4552-82fa-b9d5cc36ca41___YLCV_GCREC 5499.JPG,Tomato___Bacterial_spot,Tomato___Tomato_Yellow_Leaf_Curl_Virus,train,train,8,False
29cef2dfcf7e07276d1fbbf07f2ac223ff199e0444eca5db93e5a0cae4a38550,1f386b01a88f32677236dd814f935486e1942f4f69c625012abb41ffa355abcd,Tomato___Tomato_Yellow_Leaf_Curl_Virus/0f871667-c2f9-4c4c-b98d-9cb4bb2cc057___UF.GRC_YLCV_Lab 02434.JPG,Tomato___Tomato_Yellow_Leaf_Curl_Virus/5475a5df-34ee-46f1-bbb7-d989f471886f___UF.GRC_YLCV_Lab 02442.JPG,Tomato___Tomato_Yellow_Leaf_Curl_Virus,Tomato___Tomato_Yellow_Leaf_Curl_Virus,train,train,8,False
2a08a12e29106e2dc830a17206db8c3c4bc3d41c7c1a49d2329b7d12a031190d,514450f7d562cc4284cc56b8d9a78b225c4569b41b2626a7cf2c6a5d78095875,Tomato___Spider_mites Two-spotted_spider_mite/c632fc41-93b2-4655-abee-cfba25000d1b___Com.G_SpM_FL 1476.JPG,Tomato___Tomato_Yellow_Leaf_Curl_Virus/6c74c99f-0377-4870-ac98-c1ad619d8a7a___YLCV_GCREC 2623.JPG,Tomato___Spider_mites Two-spotted_spider_mite,Tomato___Tomato_Yellow_Leaf_Curl_Virus,val,val,8,False
2a1a7a98726942e6288d8d8289dac237b64ae54190aadef4f3a2c3fce03a7458,3d11fa2774e918a90ab9cbfaf0caf4ccd19fea7d9870afc449470168208c5a23,Tomato___Bacterial_spot/7c0bb91f-4508-4bb1-a3d4-da074429c167___GCREC_Bact.Sp 3167.JPG,Tomato___Spider_mites Two-spotted_spider_mite/0b17e71c-fee6-4b5e-9a7d-8ba44d29215f___Com.G_SpM_FL 8549.JPG,Tomato___Bacterial_spot,Tomato___Spider_mites Two-spotted_spider_mite,train,train,8,False
2a1e82716d99449be63d332a585d0812af6b91b82926bd297a360e8f06300266,0e8a56cf78fc0453d76e3d833b1d7f86ca4331491575af6a81750684edec8018,Tomato___Bacterial_spot/d3969371-05ad-4097-8390-5d4124d19a9e___GCREC_Bact.Sp 3224.JPG,Tomato___Target_Spot/a42b5660-6dff-4433-995f-18ea64ec0339___Com.G_TgS_FL 8226.JPG,Tomato___Bacterial_spot,Tomato___Target_Spot,train,train,8,False
2a35a46743cb380c475199b9e03b8e26169997e214295cc030a3b3f7ad26a4a8,ba22987b6c2435cf1374647cfab527e87e7bd5cb9183927098af838a6f4b3d23,Tomato___Tomato_Yellow_Leaf_Curl_Virus/5bc3e99e-cdbd-45d7-bbc3-0fd74fcea115___YLCV_NREC 2031.JPG,Tomato___Tomato_Yellow_Leaf_Curl_Virus/70ba4031-91e7-471f-8a05-cfadfaf9c894___YLCV_NREC 2033.JPG,Tomato___Tomato_Yellow_Leaf_Curl_Virus,Tomato___Tomato_Yellow_Leaf_Curl_Virus,train,train,8,False
2a3b424ae6c8f5c42339a667daac7454813a85e185da7c186f0d2b5f7952506f,9e8fa8a83a2841672031dbb0081de5566de23f2dff3fddd07548e9277644826d,Tomato___Bacterial_spot/58b4de6b-90af-4c5b-a95b-3fdd953c9255___GCREC_Bact.Sp 5830.JPG,Tomato___Early_blight/65590648-dcda-4455-b1ca-9311e4e6d0af___RS_Erly.B 7659.JPG,Tomato___Bacterial_spot,Tomato___Early_blight,test,train,8,True
2a3b424ae6c8f5c42339a667daac7454813a85e185da7c186f0d2b5f7952506f,a1810c8057fbc3e6dfc947e6eeb9bf452fd242641b3f1742c3fd7bed5d327d80,Tomato___Bacterial_spot/58b4de6b-90af-4c5b-a95b-3fdd953c9255___GCREC_Bact.Sp 5830.JPG,Tomato___Tomato_Yellow_Leaf_Curl_Virus/1c28ac78-ae5c-4e33-81bb-c2311ded2d8d___YLCV_GCREC 2560.JPG,Tomato___Bacterial_spot,Tomato___Tomato_Yellow_Leaf_Curl_Virus,test,val,8,True
2a700ce802dfee9b6f03c4a5a416b3d736c6fc0c3d6ccb695dc64207f29a9085,4ed2e748b51b9ac8dda57ab501cabbfc01cddd369644702286163d03428e0790,Tomato___Bacterial_spot/de0200a0-173c-401f-827b-2a12d639a744___GCREC_Bact.Sp 3072.JPG,Tomato___Spider_mites Two-spotted_spider_mite/ac1d7686-c250-47b4-a16d-046305b99d2a___Com.G_SpM_FL 8725.JPG,Tomato___Bacterial_spot,Tomato___Spider_mites Two-spotted_spider_mite,train,train,8,False
2a700ce802dfee9b6f03c4a5a416b3d736c6fc0c3d6ccb695dc64207f29a9085,e38752b3eb03c5793d5a362bcb46bf28073d8adaf03bdcc0aba4744476ea1ba0,Tomato___Bacterial_spot/de0200a0-173c-401f-827b-2a12d639a744___GCREC_Bact.Sp 3072.JPG,Tomato___Bacterial_spot/a6d6640b-c086-44f5-a53f-8cb59f72a7b4___GCREC_Bact.Sp 5886.JPG,Tomato___Bacterial_spot,Tomato___Bacterial_spot,train,val,8,True
2a8c8036aef04d9b4561896d2b0c29f1cd521ec32ecb408057329a39fc362677,2a08a12e29106e2dc830a17206db8c3c4bc3d41c7c1a49d2329b7d12a031190d,Tomato___Target_Spot/904ba0d5-9070-496a-8983-1eb75cd4149c___Com.G_TgS_FL 0049.JPG,Tomato___Spider_mites Two-spotted_spider_mite/c632fc41-93b2-4655-abee-cfba25000d1b___Com.G_SpM_FL 1476.JPG,Tomato___Target_Spot,Tomato___Spider_mites Two-spotted_spider_mite,train,val,8,True
2aa235892d435d1a399fb9bbdc4d72ab0bf4e3c1a3fa31928a36cd716eab0596,3681e2a216005c249ce8f61f02cdd5738d88613e76027132d852cb17db6f76f7,Tomato___Tomato_Yellow_Leaf_Curl_Virus/893b2607-341e-4a68-ace3-b0199d8d1961___UF.GRC_YLCV_Lab 02086.JPG,Tomato___Tomato_Yellow_Leaf_Curl_Virus/31d40792-f720-42ba-b669-7947fcbc6594___UF.GRC_YLCV_Lab 02077.JPG,Tomato___Tomato_Yellow_Leaf_Curl_Virus,Tomato___Tomato_Yellow_Leaf_Curl_Virus,train,val,8,True
2aa4114ef584e8ab0a8fc429291e3e7371d4f2041a237ff5bf1d2559450e302f,1f0069fac18271381fcaf3fd86eec7e550396b5c014f06ed64416b4b8943a421,Tomato___Bacterial_spot/5c04a777-eb5c-4864-9c18-bc39d0c4dd2a___GCREC_Bact.Sp 5969.JPG,Tomato___Early_blight/28d9f1bd-ee80-46e1-b89c-5a855f0c8400___RS_Erly.B 7818.JPG,Tomato___Bacterial_spot,Tomato___Early_blight,train,train,8,False
2aa4114ef584e8ab0a8fc429291e3e7371d4f2041a237ff5bf1d2559450e302f,2f8a957007159bfbc78b175319c920b6423a6ed763394b05b716fbf9f9fae20f,Tomato___Bacterial_spot/5c04a777-eb5c-4864-9c18-bc39d0c4dd2a___GCREC_Bact.Sp 5969.JPG,Tomato___Spider_mites Two-spotted_spider_mite/f0dcd911-4ac9-40c5-b430-e4522ae6e82b___Com.G_SpM_FL 9629.JPG,Tomato___Bacterial_spot,Tomato___Spider_mites Two-spotted_spider_mite,train,train,8,False
2b2a52b453b8751c3bdd02f94f93d63a5715390921c0d3f0d7cf960b72b689f2,02fb63393adc666cdb613e6e7bd1cdc4a7cee8bb29013359387a5b41d5338a96,Tomato___Tomato_Yellow_Leaf_Curl_Virus/dba2c650-207f-43af-b14d-c7a46bd9cf70___YLCV_NREC 0210.JPG,Tomato___Spider_mites Two-spotted_spider_mite/cf21eb19-c8d6-4eba-9086-487d11bb8f94___Com.G_SpM_FL 9430.JPG,Tomato___Tomato_Yellow_Leaf_Curl_Virus,Tomato___Spider_mites Two-spotted_spider_mite,test,train,8,True
2b8b5f0bc3a4a6f7bfb9bd2b153850e884b483d2c9cef10acca816b45fb0cdf0,2898c05cde4b0dcfd81ecde193512341e1cb971ee8c04e44591d851974a3d8df,Tomato___Septoria_leaf_spot/c94c0c06-4d30-4c10-b2dc-eed7a658a0f2___JR_Sept.L.S 8514.JPG,Tomato___Leaf_Mold/301d7712-9538-418b-a767-041aa830d1ad___Crnl_L.Mold 6711.JPG,Tomato___Septoria_leaf_spot,Tomato___Leaf_Mold,test,val,8,True
2b9da5b8e0482424d5c55d0d929626b662156b31cb252d4c34a28632dd8647b1,34cb6df28cfe5b926edddf688f396959b237613b65d5d61f5fe08786960c564c,Tomato___Tomato_Yellow_Leaf_Curl_Virus/c8ae615f-6d9d-4d4b-b459-983224902369___UF.GRC_YLCV_Lab 02632.JPG,Tomato___Tomato_Yellow_Leaf_Curl_Virus/5e4b6dcd-69ce-4aba-b8ee-fd63df524d3f___UF.GRC_YLCV_Lab 02622.JPG,Tomato___Tomato_Yellow_Leaf_Curl_Virus,Tomato___Tomato_Yellow_Leaf_Curl_Virus,test,val,8,True
2bf24c64c922432d371e9fe876c3ed34071b3d1c5978134b5a87f74ca81f6550,63a44cb14443cbd74af6e645c371a3fe26b12c40633fb36a465a1895eb8a49e5,Tomato___Tomato_Yellow_Leaf_Curl_Virus/01717e9f-ac1b-4d16-8c9d-4ad09e95d832___YLCV_NREC 2463.JPG,Tomato___Tomato_Yellow_Leaf_Curl_Virus/5857b6f9-fe50-4850-927b-26940a8255ff___YLCV_GCREC 2087.JPG,Tomato___Tomato_Yellow_Leaf_Curl_Virus,Tomato___Tomato_Yellow_Leaf_Curl_Virus,train,train,8,False
2bfb19acbb762ed3f8e41e2bdf0f99f71dab424c0a2d7dd2f29191596f1b594a,15e70fb1b49e61c41c78cd0e29fe524c00e09e1d71c9ec7de14605792aa161aa,Tomato___Bacterial_spot/e4d01d54-df44-40ab-a6f9-74c9e0834998___GCREC_Bact.Sp 5950.JPG,Tomato___Spider_mites Two-spotted_spider_mite/b4734f01-4373-4566-ab26-535b4883d443___Com.G_SpM_FL 8816.JPG,Tomato___Bacterial_spot,Tomato___Spider_mites Two-spotted_spider_mite,test,train,8,True
2bfb19acbb762ed3f8e41e2bdf0f99f71dab424c0a2d7dd2f29191596f1b594a,58030925de75de720225e2284aa9c036ea7414a557e2ebe1fca56c85e513d7ee,Tomato___Bacterial_spot/e4d01d54-df44-40ab-a6f9-74c9e0834998___GCREC_Bact.Sp 5950.JPG,Tomato___Target_Spot/eb278265-e24b-4628-8941-c0b7b167cb27___Com.G_TgS_FL 0783.JPG,Tomato___Bacterial_spot,Tomato___Target_Spot,test,train,8,True
2bfb19acbb762ed3f8e41e2bdf0f99f71dab424c0a2d7dd2f29191596f1b594a,7ed2b81a2b8ee04ede332319617324f45239d4343a1bf3207e63774bf51cf2d9,Tomato___Bacterial_spot/e4d01d54-df44-40ab-a6f9-74c9e0834998___GCREC_Bact.Sp 5950.JPG,Tomato___Early_blight/17a09abf-ee69-4d46-ac80-f8608d799b19___RS_Erly.B 7451.JPG,Tomato___Bacterial_spot,Tomato___Early_blight,test,test,8,False
2c0d3291dbf01080c3794576fee4ae44e3c54b66955da1b25a8042b127ba5b70,20aff4777e78d003dfcd52b270d54e850a4f7bb458f76f7c59f2a029691ade38,Tomato___Bacterial_spot/a4208fb2-ff57-41f1-bc52-30d69736076c___GCREC_Bact.Sp 3441.JPG,Tomato___Bacterial_spot/08a25478-76ed-4e4c-8ad0-bc7322f050b0___GCREC_Bact.Sp 3028.JPG,Tomato___Bacterial_spot,Tomato___Bacterial_spot,test,train,8,True
2c0d3291dbf01080c3794576fee4ae44e3c54b66955da1b25a8042b127ba5b70,68bbe28aa1b2be242724dbaf68edc698fe273d379ef8d863e568dabceb60a0df,Tomato___Bacterial_spot/a4208fb2-ff57-41f1-bc52-30d69736076c___GCREC_Bact.Sp 3441.JPG,Tomato___Early_blight/9d64c577-43dd-4409-b0ed-f5460bc01dc9___RS_Erly.B 7685.JPG,Tomato___Bacterial_spot,Tomato___Early_blight,test,train,8,True
2c65d076e73e073275a191381aa157a7f1a72d8d0a3add27a1fe2c6b8bdf2f5b,55c382943a07301019a56c4f0c421b5d4b54149e6e4a517e201d0fbb10082783,Tomato___Tomato_Yellow_Leaf_Curl_Virus/744f2065-261d-42be-87ec-de81a39df65d___UF.GRC_YLCV_Lab 02577.JPG,Tomato___Tomato_Yellow_Leaf_Curl_Virus/cd234ded-de47-4b41-8e02-a586eeb21c36___UF.GRC_YLCV_Lab 02589.JPG,Tomato___Tomato_Yellow_Leaf_Curl_Virus,Tomato___Tomato_Yellow_Leaf_Curl_Virus,test,train,8,True
2c92be08db9ebe96ee77f01fcf8093adafdab407c2a4c783be18a7e9445854ea,7f31e5f7df6d77094d11cd6a404e3893fd32618d5dbc9fd2e5696b560b13b954,Tomato___Bacterial_spot/325d6d7f-c30b-43a3-8714-74b9cee673b0___GCREC_Bact.Sp 5984.JPG,Tomato___Target_Spot/21979570-bcc3-481e-bde0-ca5e108d3844___Com.G_TgS_FL 8388.JPG,Tomato___Bacterial_spot,Tomato___Target_Spot,train,train,8,False
2cda0093a56724586be9512c6900ceb1aec9d349643d08a9160bf5cf4203d553,8ffd06a8c6e1e775388d7fac98d43a324de6f48696a9abd68fa980f97027d6a8,Tomato___Bacterial_spot/6fbea9aa-cc3b-46be-a066-a762cd659113___GCREC_Bact.Sp 6024.JPG,Tomato___Bacterial_spot/887eab5c-9475-46b7-81df-ea2c5190e7fe___GCREC_Bact.Sp 6026.JPG,Tomato___Bacterial_spot,Tomato___Bacterial_spot,train,val,8,True
2cda0093a56724586be9512c6900ceb1aec9d349643d08a9160bf5cf4203d553,baa88f79e15575b08aa24b8bdd406d1a92b6f8bb51d180c526cddae762c8ee72,Tomato___Bacterial_spot/6fbea9aa-cc3b-46be-a066-a762cd659113___GCREC_Bact.Sp 6024.JPG,Tomato___Bacterial_spot/d41b41df-08b1-498c-9c41-6967a6a46151___GCREC_Bact.Sp 3109.JPG,Tomato___Bacterial_spot,Tomato___Bacterial_spot,train,train,8,False
2d01c653dcf0f98e7d45b6f1ff91c031bd3344b03aa7759285b1f9c1f75c9c5f,f3c2e91456c003e9efd8d6063d41f0028abf7198a5709d26855336a8250f8063,Tomato___Target_Spot/b0e42bb8-f979-4fc3-a261-a964e3dd5e5a___Com.G_TgS_FL 8296.JPG,Tomato___Target_Spot/38c3b873-fdb0-47b8-a56c-3580143b3acf___Com.G_TgS_FL 9818.JPG,Tomato___Target_Spot,Tomato___Target_Spot,train,val,8,True
2d0958b8ee356c631f19e7ef4d757d7261ad0dd16327d5602c5a5facfb0dd709,e85f0d95c1688e84ed514ea1527c6f12efcf5c8efd9af5fd544243cf61bc1653,Tomato___Bacterial_spot/23dc9572-9fab-4847-b1dd-9c63e9ee010b___GCREC_Bact.Sp 5811.JPG,Tomato___Tomato_Yellow_Leaf_Curl_Virus/0500c04e-5514-4ce1-a9e9-e4069d2b57e2___YLCV_GCREC 2630.JPG,Tomato___Bacterial_spot,Tomato___Tomato_Yellow_Leaf_Curl_Virus,train,train,8,False
2d5f630d723c20183ccd89b1e8c430ab4677a749ad3a34785790efe04a5528df,6c46bd47eb96155246fb33e57a872587cfd89b98da311af922dc239a1691c009,Tomato___healthy/d3997d9d-f607-44f2-9473-b41db6b1116b___GH_HL Leaf 473.JPG,Tomato___healthy/e9392a5e-2fac-48c5-a23d-df3aa3f61048___GH_HL Leaf 217.JPG,Tomato___healthy,Tomato___healthy,train,val,8,True
2d791475f2533d077bac9580d874faaa3e2211ad9a591aea470356cb32a95b59,6f94311a4522e9cc9fe84b3a10b968dfcda02a64b56e9690944b0a63a4de4935,Tomato___Tomato_Yellow_Leaf_Curl_Virus/254071ba-5724-485b-855e-8dcc496f3586___YLCV_NREC 2637.JPG,Tomato___Tomato_Yellow_Leaf_Curl_Virus/22b93888-921c-43a9-87f1-0ada76e72e12___YLCV_NREC 2489.JPG,Tomato___Tomato_Yellow_Leaf_Curl_Virus,Tomato___Tomato_Yellow_Leaf_Curl_Virus,test,train,8,True
2d791475f2533d077bac9580d874faaa3e2211ad9a591aea470356cb32a95b59,d2ff5c3091f6b4a350ae4972a4e45ecb6e1e09b4b23fe318f89b3afb127487d6,Tomato___Tomato_Yellow_Leaf_Curl_Virus/254071ba-5724-485b-855e-8dcc496f3586___YLCV_NREC 2637.JPG,Tomato___Septoria_leaf_spot/cdf6e7c1-419f-4bfe-aaaa-9e2872ee8fa3___JR_Sept.L.S 2642.JPG,Tomato___Tomato_Yellow_Leaf_Curl_Virus,Tomato___Septoria_leaf_spot,test,val,8,True
2da635763ccda0bb127fccc156d84fa8bb2bde1b38255df55e20fc952534b329,5cb8805f63f3202dc7a1fa84cd4db8abb46d7524be2c19b6a470b4193753d989,Tomato___Spider_mites Two-spotted_spider_mite/a515cf30-960a-46ec-b19a-9d66894029d6___Com.G_SpM_FL 9519.JPG,Tomato___Spider_mites Two-spotted_spider_mite/af792df7-cfe0-41cc-bb9c-54500e894222___Com.G_SpM_FL 9518.JPG,Tomato___Spider_mites Two-spotted_spider_mite,Tomato___Spider_mites Two-spotted_spider_mite,train,val,8,True
2da660ea0c3197e3c7570e2a192ab32ad28d37754704ed989cf1ec0adcf2f36c,cb8e0c94ee5b4eaf3e24481827ba4cad734018ecf9cf16333c646f8e40969a50,Tomato___Bacterial_spot/b4181c58-367b-4289-a1f1-7d0ec04ebf58___GCREC_Bact.Sp 3555.JPG,Tomato___Bacterial_spot/d3fddfab-b65c-43e2-bceb-e72ce73f33eb___GCREC_Bact.Sp 3810.JPG,Tomato___Bacterial_spot,Tomato___Bacterial_spot,train,train,8,False
2dc52fc092df757fe9791c688a19cd3c9bff5e1dbc90aa0e9977397e0f6c96f2,e13a6771150b3a2d73ed44ce9a27ef6714de2866b35379439465f115fa46e76a,Tomato___Early_blight/b165d0d3-726d-4913-8b92-3f14e1b99410___RS_Erly.B 6377.JPG,Tomato___Spider_mites Two-spotted_spider_mite/1e06dafa-f977-4354-992e-3271f34a2344___Com.G_SpM_FL 9601.JPG,Tomato___Early_blight,Tomato___Spider_mites Two-spotted_spider_mite,train,val,8,True
2de34742edd159cf8bce0608134d7975498dea89243bb1d0cedd1a033b27c3b7,97b50f2de89827bc6bff6bf7a83fe6c942fe939e6212caa0fc4fad94d854ed03,Tomato___Tomato_Yellow_Leaf_Curl_Virus/fc8d8c51-99a2-4dc2-8b2c-c304f793fb86___YLCV_NREC 2829.JPG,Tomato___Spider_mites Two-spotted_spider_mite/2f286777-f4b0-4b89-9d29-8942267199dd___Com.G_SpM_FL 1515.JPG,Tomato___Tomato_Yellow_Leaf_Curl_Virus,Tomato___Spider_mites Two-spotted_spider_mite,train,val,8,True
2dfdfa7d8b8bafd5ad4f52a130e7bc00b5f737ad10983868e94b88236f6c28af,7d4253f97faaffec665e995fd7310899784581f524a3f08e7ea6201172f629c2,Tomato___Bacterial_spot/6a198118-1387-400d-bfb8-c1127df2570d___GCREC_Bact.Sp 5885.JPG,Tomato___Bacterial_spot/8c556686-072a-4d3a-aad6-4e5534611f03___GCREC_Bact.Sp 5825.JPG,Tomato___Bacterial_spot,Tomato___Bacterial_spot,test,train,8,True
2dfdfa7d8b8bafd5ad4f52a130e7bc00b5f737ad10983868e94b88236f6c28af,9070474b620c8195ffeb69abefa8bd61b57db46b6f198314f3277159977c4836,Tomato___Bacterial_spot/6a198118-1387-400d-bfb8-c1127df2570d___GCREC_Bact.Sp 5885.JPG,Tomato___Bacterial_spot/dbabca53-fd46-46e9-91c0-64232aac8c25___GCREC_Bact.Sp 3816.JPG,Tomato___Bacterial_spot,Tomato___Bacterial_spot,test,train,8,True
2e83abde19f4b849d09feb12ec4ecb0cb490393959452319943988ca4d910736,ea2a52727789de1649df517fb3ccac857a185969397cf6b92387915168e77c9c,Tomato___Target_Spot/5e77f244-af69-4b7e-aba2-40cda5efd445___Com.G_TgS_FL 1065.JPG,Tomato___Target_Spot/c0f20ea0-2b0b-4edf-987f-2592d2182402___Com.G_TgS_FL 1033.JPG,Tomato___Target_Spot,Tomato___Target_Spot,train,train,8,False
2e99e30ff1cd326c00b2f2bee0e6a49aa511e6fb1aefc621423f58ea45684040,02e02539d36b4bffd224d910cb9ddfd6636f3a99b9e14b9c21ba0719ac4ba2cc,Tomato___Spider_mites Two-spotted_spider_mite/d2184d36-c149-4bab-bc07-66c9afce4567___Com.G_SpM_FL 9507.JPG,Tomato___Spider_mites Two-spotted_spider_mite/4b1d558e-7ffb-409b-bf8e-9b665519e896___Com.G_SpM_FL 8746.JPG,Tomato___Spider_mites Two-spotted_spider_mite,Tomato___Spider_mites Two-spotted_spider_mite,train,val,8,True
2e99e30ff1cd326c00b2f2bee0e6a49aa511e6fb1aefc621423f58ea45684040,c273435eaf23a4a84f98d303059afeb357c4e3ff1b588b7f55540912fadfa4c3,Tomato___Spider_mites Two-spotted_spider_mite/d2184d36-c149-4bab-bc07-66c9afce4567___Com.G_SpM_FL 9507.JPG,Tomato___Tomato_Yellow_Leaf_Curl_Virus/b21db9f1-13df-4a1d-8ad5-b6f2edfc367c___YLCV_GCREC 2904.JPG,Tomato___Spider_mites Two-spotted_spider_mite,Tomato___Tomato_Yellow_Leaf_Curl_Virus,train,train,8,False
2eb9d24a58779457abc0caf71e5e2cd84ea64b9149b0a3fbcc8fbd9477f9a1a5,4516367a833352c8c3393de4e16d45dea1405e64988121645b7e27232db38cc0,Tomato___Leaf_Mold/5c8c542d-0f80-46c8-92f9-65e6d6554c37___Crnl_L.Mold 8628.JPG,Tomato___Septoria_leaf_spot/d2d13290-3e84-4c25-adcf-aa68bc6d70ba___Matt.S_CG 7630.JPG,Tomato___Leaf_Mold,Tomato___Septoria_leaf_spot,train,train,8,False
2ec344a42d4236d35fb4b2d51831a7af13d6f28414bd0e2b7759d3b7a4b6ca44,76769947da18f95cf571b255e4070b8524e715b179c949a44f05552e70de45be,Tomato___Spider_mites Two-spotted_spider_mite/edd90a56-3a0f-4b3c-a55e-0e0a73bdf18d___Com.G_SpM_FL 1689.JPG,Tomato___Spider_mites Two-spotted_spider_mite/3b26b807-0511-477d-92ff-5e84d0c4059a___Com.G_SpM_FL 8724.JPG,Tomato___Spider_mites Two-spotted_spider_mite,Tomato___Spider_mites Two-spotted_spider_mite,train,val,8,True
2f57172ab78a46eed4d25fb6293355a59956ff482ea97edbd49a9292b3b46698,2a200d9d18c07d6611be09026a5bb0da82925a9b6fdee2ef49474ccd164dfbce,Tomato___Target_Spot/9cde1f91-752e-4b1c-8c27-020937bebf34___Com.G_TgS_FL 8190.JPG,Tomato___Target_Spot/c4abfbdb-e929-465f-a34a-b42e6f308840___Com.G_TgS_FL 7919.JPG,Tomato___Target_Spot,Tomato___Target_Spot,train,train,8,False
2f9dc8e4392724b5eeb49db606655237aeced9c96dd68b1e30027734aaf21688,61b79c119e580ca66bc191cf8ba879d559d0a0cc56e050c708b2af503121b3bd,Tomato___Spider_mites Two-spotted_spider_mite/71e1329b-568e-4d56-8aec-c6d1909aa7c1___Com.G_SpM_FL 1294.JPG,Tomato___Spider_mites Two-spotted_spider_mite/81c9960e-8a75-45b3-8c50-fd40ced4118c___Com.G_SpM_FL 1266.JPG,Tomato___Spider_mites Two-spotted_spider_mite,Tomato___Spider_mites Two-spotted_spider_mite,train,train,8,False
2fa0ad91fbbbc5ece928d476a2bd79d69b9402c2666c9465a8f22ac334d98e92,4350ac7111874844322911cc8fc67888ddd88d3a0ccc69e9180efd7b701d15ad,Tomato___Early_blight/9a2960cc-21cf-470c-990e-e315699c2029___RS_Erly.B 9467.JPG,Tomato___Septoria_leaf_spot/1a555e99-78f6-459f-8572-b877b2e7b73c___Matt.S_CG 7415.JPG,Tomato___Early_blight,Tomato___Septoria_leaf_spot,train,train,8,False
2fa774fc9dfc457987430831f78fbcde637875c555d6bdbd968de414bb86471e,0b8fa96415cce5f450f2e6ec8767226dcc58002154da3e862ec2ea0e457dc810,Tomato___Bacterial_spot/613d2aaf-3f77-498f-abf2-8519cc595bbe___GCREC_Bact.Sp 5925.JPG,Tomato___Bacterial_spot/f5142872-5e4b-4038-b4fd-b38c4097e5aa___GCREC_Bact.Sp 5679.JPG,Tomato___Bacterial_spot,Tomato___Bacterial_spot,train,train,8,False
2fd23b7ce6893b5916960d9cc48f072d21c57e5f60ea36410c0beac03baa9f5e,1e8920669f13ef914fab53a24657ebf8d1baf8fba7f3ab4c58035e57888bf31f,Tomato___Bacterial_spot/be485aa1-5ab6-45d4-931c-e9d90a7b5488___GCREC_Bact.Sp 3455.JPG,Tomato___Bacterial_spot/ee6fafa1-2ab6-43c1-83fe-082b265e64f5___GCREC_Bact.Sp 2964.JPG,Tomato___Bacterial_spot,Tomato___Bacterial_spot,train,train,8,False
2fd23b7ce6893b5916960d9cc48f072d21c57e5f60ea36410c0beac03baa9f5e,3f4e7ed4d837787984ebc4c7ca962240a0eebe3bfe78d7d17cc940a648208e01,Tomato___Bacterial_spot/be485aa1-5ab6-45d4-931c-e9d90a7b5488___GCREC_Bact.Sp 3455.JPG,Tomato___Bacterial_spot/f6bb2bc6-ce10-4b4c-a02d-5540bb42fae6___GCREC_Bact.Sp 3439.JPG,Tomato___Bacterial_spot,Tomato___Bacterial_spot,train,train,8,False
302920986bd4a60daf3b177c00ecef26e29b3f608c7c40afe528586e66237e96,907c16f403b5b35f12540d457869ae27581829ca26b453c39d2dcb09863de61e,Tomato___Spider_mites Two-spotted_spider_mite/ab076be9-6ea4-4fa2-b173-d9b1b76953ab___Com.G_SpM_FL 9353.JPG,Tomato___Spider_mites Two-spotted_spider_mite/8979cbcd-62c9-4891-a428-f01bd2d177fa___Com.G_SpM_FL 9259.JPG,Tomato___Spider_mites Two-spotted_spider_mite,Tomato___Spider_mites Two-spotted_spider_mite,test,train,8,True
302920986bd4a60daf3b177c00ecef26e29b3f608c7c40afe528586e66237e96,91c63445b600c8fd8b9db0f083374cb21f252d309a69613d11d4d71d22aeb5c9,Tomato___Spider_mites Two-spotted_spider_mite/ab076be9-6ea4-4fa2-b173-d9b1b76953ab___Com.G_SpM_FL 9353.JPG,Tomato___Bacterial_spot/ef110350-8e1f-4eb2-a384-037eafaf1089___GCREC_Bact.Sp 5980.JPG,Tomato___Spider_mites Two-spotted_spider_mite,Tomato___Bacterial_spot,test,train,8,True
302920986bd4a60daf3b177c00ecef26e29b3f608c7c40afe528586e66237e96,a04b56ef476a3ca479c88f5851f3b88dc024db05919c4500571f1522acb3d75e,Tomato___Spider_mites Two-spotted_spider_mite/ab076be9-6ea4-4fa2-b173-d9b1b76953ab___Com.G_SpM_FL 9353.JPG,Tomato___Tomato_Yellow_Leaf_Curl_Virus/291ee93a-1f02-4d58-b376-54999cb136da___YLCV_GCREC 5217.JPG,Tomato___Spider_mites Two-spotted_spider_mite,Tomato___Tomato_Yellow_Leaf_Curl_Virus,test,val,8,True
307dc43fc3fb48f92506d6ae4b920c65f3f0fa11b24e8f139695ff17d23b169e,7376bea2943c04f7d34b0307e2c2205b407ee40a5e038a5d1932a2795568077e,Tomato___Bacterial_spot/15dde11a-b359-46d2-abbd-c1f56a86a083___GCREC_Bact.Sp 5799.JPG,Tomato___Tomato_Yellow_Leaf_Curl_Virus/2c7bfbfd-03a0-4a77-8e20-ba199809deb8___YLCV_GCREC 2790.JPG,Tomato___Bacterial_spot,Tomato___Tomato_Yellow_Leaf_Curl_Virus,train,train,8,False
307dc43fc3fb48f92506d6ae4b920c65f3f0fa11b24e8f139695ff17d23b169e,f337d8e71b495d77394d2fe76e34796199bce4604aacd2bf3c64ce732da95615,Tomato___Bacterial_spot/15dde11a-b359-46d2-abbd-c1f56a86a083___GCREC_Bact.Sp 5799.JPG,Tomato___Tomato_Yellow_Leaf_Curl_Virus/4bfdcf96-dd24-499f-94aa-07d04ce8d930___YLCV_GCREC 2121.JPG,Tomato___Bacterial_spot,Tomato___Tomato_Yellow_Leaf_Curl_Virus,train,train,8,False
308347826959af2e6c8df33f35a3ce99ccbd684dd199369678d07c016a54d255,c6f8071b106f333747ccaf2550e8b5513c5a2d61bb24f64aff7271d44ac41e6b,Tomato___Tomato_Yellow_Leaf_Curl_Virus/3f3ef404-2b53-4f9e-b2dc-ad069da7e2e7___UF.GRC_YLCV_Lab 02941.JPG,Tomato___Tomato_Yellow_Leaf_Curl_Virus/b45afa3d-e908-428c-b680-3093b30e0e06___UF.GRC_YLCV_Lab 02940.JPG,Tomato___Tomato_Yellow_Leaf_Curl_Virus,Tomato___Tomato_Yellow_Leaf_Curl_Virus,test,val,8,True
309a857efac13a3dfdc7e2de5b6b4671dc5bc7772c2af58b5ca06dae08df83b7,a5d47b082622c3b9ed9f5344e2821ae1f044514492f86d6f5cb7b6ef948c7f2a,Tomato___Tomato_Yellow_Leaf_Curl_Virus/a30da1b9-9d10-47e4-ae81-6d0e330d03b5___UF.GRC_YLCV_Lab 01305.JPG,Tomato___Tomato_Yellow_Leaf_Curl_Virus/dbbfa69e-b641-4bf1-b2a3-fd3969c11ffc___UF.GRC_YLCV_Lab 01302.JPG,Tomato___Tomato_Yellow_Leaf_Curl_Virus,Tomato___Tomato_Yellow_Leaf_Curl_Virus,test,train,8,True
30a2888e2fc54bde6ab21d0627c34b44f28326ea053c101ec3a5261c2aff2dbb,789ea17f2f1c1582ad5732886a360c96459ef283b59fee71a49e3aca7d3f9811,Tomato___Bacterial_spot/18a58445-cf57-41cd-93f8-ebb9d5f66118___GCREC_Bact.Sp 6200.JPG,Tomato___Target_Spot/4336ced4-0736-4225-961b-bee4e29ac60a___Com.G_TgS_FL 7915.JPG,Tomato___Bacterial_spot,Tomato___Target_Spot,train,train,8,False
30ad7aa10a08a121868367f007dd4855714bae444e716d00264fb2c0ef1d2d47,2ec808de270ac633c79277baa46769e1a23ca7e0a7090dd6936f95cdb93cb852,Tomato___Bacterial_spot/225a427b-3e65-45fc-aaa4-1210fb81c20e___GCREC_Bact.Sp 3457.JPG,Tomato___Bacterial_spot/dc206acc-605b-4a85-a35b-44ce62f0ea7e___GCREC_Bact.Sp 6055.JPG,Tomato___Bacterial_spot,Tomato___Bacterial_spot,train,val,8,True
30ad7aa10a08a121868367f007dd4855714bae444e716d00264fb2c0ef1d2d47,3229b5898bcfbf4c6ebebf9ced8e7c890959e27001022191cb6124498095b11f,Tomato___Bacterial_spot/225a427b-3e65-45fc-aaa4-1210fb81c20e___GCREC_Bact.Sp 3457.JPG,Tomato___Bacterial_spot/8dfa0112-8bb4-411d-a2f2-f97f1f39df62___GCREC_Bact.Sp 5714.JPG,Tomato___Bacterial_spot,Tomato___Bacterial_spot,train,train,8,False
30ad7aa10a08a121868367f007dd4855714bae444e716d00264fb2c0ef1d2d47,8017aa4589df69e92bf24c7cc72c8fa5917e033869189e3b2bae1590fd3a6df3,Tomato___Bacterial_spot/225a427b-3e65-45fc-aaa4-1210fb81c20e___GCREC_Bact.Sp 3457.JPG,Tomato___Bacterial_spot/23642d88-83e5-491d-b9f2-7ddac809975b___GCREC_Bact.Sp 6186.JPG,Tomato___Bacterial_spot,Tomato___Bacterial_spot,train,train,8,False
30c2f777038a776bc90c2457a97ad957c0b59662b9f325c19f46b01f5b0bf9d6,b4f52c7163483427d530de8e39e6af2f6543c01de0f588b67038c640542d97fe,Tomato___Early_blight/386b2d80-35c1-4fa5-98b6-f78c1c9cfb36___RS_Erly.B 6470.JPG,Tomato___Septoria_leaf_spot/b176a644-d8ac-4bdd-9d6b-e4038ce910ac___Matt.S_CG 6914.JPG,Tomato___Early_blight,Tomato___Septoria_leaf_spot,train,train,8,False
30e55aa55e191546bfaaf0cd3741e43714a917dbb3a6f3bbb6acfc7d15363d2c,18e6e1afe02d71cf76b0ad948481e43207c8c1673d6ffd4b506d121c28c756c5,Tomato___Bacterial_spot/373f5689-ca40-4b44-836d-c9a343d984f5___UF.GRC_BS_Lab Leaf 9295.JPG,Tomato___Bacterial_spot/4552e196-00f9-4de7-9a47-605de7a9ecd0___UF.GRC_BS_Lab Leaf 9296.JPG,Tomato___Bacterial_spot,Tomato___Bacterial_spot,train,train,8,False
3109cdba6c57a2cec2d60c320ed24d591a3058bace5960b8c2b3c8ebbee2eb2c,b80aac7f3ec0349648c4ba386b8fab7d59a8829eee37bfddc0d5c67b777cc54f,Tomato___Bacterial_spot/00a7c269-3476-4d25-b744-44d6353cd921___GCREC_Bact.Sp 5807.JPG,Tomato___Bacterial_spot/eae84e72-e82f-4390-bd24-ebace76e1422___GCREC_Bact.Sp 3161.JPG,Tomato___Bacterial_spot,Tomato___Bacterial_spot,train,train,8,False
3135fcce89947bea256b204b6203793f6f5e37fde9893f3897791e1d949b3783,a92d5bca8f8cced4fda553f435680f1ed3ff795aef8d61865de4dbdadd5b3c42,Tomato___Tomato_Yellow_Leaf_Curl_Virus/32207a2c-d924-43e7-b466-94832710049d___UF.GRC_YLCV_Lab 02196.JPG,Tomato___Tomato_Yellow_Leaf_Curl_Virus/ba1232d4-0334-41c3-a4ce-ff0827d008cf___UF.GRC_YLCV_Lab 02194.JPG,Tomato___Tomato_Yellow_Leaf_Curl_Virus,Tomato___Tomato_Yellow_Leaf_Curl_Virus,train,train,8,False
3135fcce89947bea256b204b6203793f6f5e37fde9893f3897791e1d949b3783,b96c84a835222f3584e6d1236d21f852a718745754551a4564b737529833afc3,Tomato___Tomato_Yellow_Leaf_Curl_Virus/32207a2c-d924-43e7-b466-94832710049d___UF.GRC_YLCV_Lab 02196.JPG,Tomato___Tomato_Yellow_Leaf_Curl_Virus/4e1d03df-d441-47d3-a8c4-ae0d20e21da4___UF.GRC_YLCV_Lab 02197.JPG,Tomato___Tomato_Yellow_Leaf_Curl_Virus,Tomato___Tomato_Yellow_Leaf_Curl_Virus,train,train,8,False
3135fcce89947bea256b204b6203793f6f5e37fde9893f3897791e1d949b3783,d90583f43d984e7b67703761c0fada2a56c5c20712efddf1b606bb7b6743465e,Tomato___Tomato_Yellow_Leaf_Curl_Virus/32207a2c-d924-43e7-b466-94832710049d___UF.GRC_YLCV_Lab 02196.JPG,Tomato___Tomato_Yellow_Leaf_Curl_Virus/9ca05607-17fe-4710-b8d7-abf0b9451f0a___UF.GRC_YLCV_Lab 02181.JPG,Tomato___Tomato_Yellow_Leaf_Curl_Virus,Tomato___Tomato_Yellow_Leaf_Curl_Virus,train,train,8,False
3141d2810628dfa5615bf3b611bf0aa0ce50831535a0bdf828cdf40cc9dcfe48,cfdd5a4e5e419a91c2bd4f34adbfc31e640ad5af4b1a1aec7478b2ae5bbc8c06,Tomato___Tomato_Yellow_Leaf_Curl_Virus/df2d99c6-7217-42f5-88dd-738625e4fe5b___YLCV_GCREC 2122.JPG,Tomato___Bacterial_spot/176ee70d-778e-4f49-a761-67271feff912___GCREC_Bact.Sp 5976.JPG,Tomato___Tomato_Yellow_Leaf_Curl_Virus,Tomato___Bacterial_spot,train,val,8,True
315be968b346ef0710f2f7ffe74d5d3205307ef91b6b306c99496cb2d67406b2,d72102c91204e6dc0b36e30417d2d1f83c6da848fb61d514889cfffc4104f0db,Tomato___Late_blight/24364b4f-3f9f-4166-860d-34a938d3d630___RS_Late.B 4986.JPG,Tomato___Tomato_Yellow_Leaf_Curl_Virus/a5905d0d-c770-4f8b-85c8-5d493f7a45f5___YLCV_GCREC 5465.JPG,Tomato___Late_blight,Tomato___Tomato_Yellow_Leaf_Curl_Virus,train,train,8,False
31777b38d1e67a6fc100e0438763a65d27e3e5cb5b9279df96bd24982b7a72fe,1e49a0f92dc3bfabd2854f5dd995e1c125fcc8dc9860a343d4bcab36dcc2ab76,Tomato___Target_Spot/8b0db49a-127f-47e5-b942-a869a028903a___Com.G_TgS_FL 0717.JPG,Tomato___Bacterial_spot/3fd9d993-1ce7-4958-903a-ae99de1d5ad7___GCREC_Bact.Sp 5988.JPG,Tomato___Target_Spot,Tomato___Bacterial_spot,train,val,8,True
318d2811b3bb2d18f1867a8643cd576068efba173f2ba11f4a01bea9ac02ee6f,58b81c93e7433717102d5b9290898b8490ac7660816d32b576de097691a307af,Tomato___Tomato_Yellow_Leaf_Curl_Virus/18973252-18b9-4302-b89c-2678798a038f___UF.GRC_YLCV_Lab 02668.JPG,Tomato___Tomato_Yellow_Leaf_Curl_Virus/43aae6d1-40ae-42f4-8b71-ae9351683a90___UF.GRC_YLCV_Lab 02661.JPG,Tomato___Tomato_Yellow_Leaf_Curl_Virus,Tomato___Tomato_Yellow_Leaf_Curl_Virus,test,train,8,True
318d2811b3bb2d18f1867a8643cd576068efba173f2ba11f4a01bea9ac02ee6f,d1e7b64206e31a9a356fd181774cc69eadc9f969f1439fec372632ee8e7cb3b7,Tomato___Tomato_Yellow_Leaf_Curl_Virus/18973252-18b9-4302-b89c-2678798a038f___UF.GRC_YLCV_Lab 02668.JPG,Tomato___Tomato_Yellow_Leaf_Curl_Virus/ea824bff-58c4-402e-936c-70bc49912701___UF.GRC_YLCV_Lab 02667.JPG,Tomato___Tomato_Yellow_Leaf_Curl_Virus,Tomato___Tomato_Yellow_Leaf_Curl_Virus,test,train,8,True
3220f52d213cefc4f532d6c8e6bf4415a45891187c7ffae8705e37dcb0079556,dd03c094392e89b7107aee5d731a8d2f7a0980c905afb4d0f9c643ffb845b125,Tomato___Tomato_Yellow_Leaf_Curl_Virus/46743c5e-9665-4ab9-aa10-20044684b87e___YLCV_GCREC 5224.JPG,Tomato___healthy/ae0ad0c2-8693-4aff-8c4b-2f4d2d6f7f41___RS_HL 0454.JPG,Tomato___Tomato_Yellow_Leaf_Curl_Virus,Tomato___healthy,train,train,8,False
3220f52d213cefc4f532d6c8e6bf4415a45891187c7ffae8705e37dcb0079556,df0be93053fcb6246a078420fc9a715f171060b52ec11da61a2a849d84048adf,Tomato___Tomato_Yellow_Leaf_Curl_Virus/46743c5e-9665-4ab9-aa10-20044684b87e___YLCV_GCREC 5224.JPG,Tomato___Spider_mites Two-spotted_spider_mite/a7e5ee11-72e4-4e8b-8a1d-1ca0ca5bfebd___Com.G_SpM_FL 8747.JPG,Tomato___Tomato_Yellow_Leaf_Curl_Virus,Tomato___Spider_mites Two-spotted_spider_mite,train,val,8,True
3228ad671ab692acce626e1de3ff63dfba8b6cce38653aec3b648057dc88faa8,671a31dd3f5d8f83b19566b8d4a9d857ccbc0e5e01ea596259d50229c87f9760,Tomato___Bacterial_spot/2279def6-9a9e-43cd-8f35-9111fa81ab13___GCREC_Bact.Sp 5952.JPG,Tomato___Target_Spot/a69cdb49-df5d-4053-b9b5-fb52e934ad99___Com.G_TgS_FL 9695.JPG,Tomato___Bacterial_spot,Tomato___Target_Spot,train,val,8,True
3229b5898bcfbf4c6ebebf9ced8e7c890959e27001022191cb6124498095b11f,6c72c41c6241921b5f3991692f30ecc5254aac4d24487338c15c5f7517e458ae,Tomato___Bacterial_spot/8dfa0112-8bb4-411d-a2f2-f97f1f39df62___GCREC_Bact.Sp 5714.JPG,Tomato___Bacterial_spot/9fc3b924-71f1-40a6-8826-de89c9e34e52___GCREC_Bact.Sp 3050.JPG,Tomato___Bacterial_spot,Tomato___Bacterial_spot,train,train,8,False
3229b5898bcfbf4c6ebebf9ced8e7c890959e27001022191cb6124498095b11f,d4a48cb35ab4268ec2773feddeb4e4d182ede34b85eb6568f6f066fcb8997bab,Tomato___Bacterial_spot/8dfa0112-8bb4-411d-a2f2-f97f1f39df62___GCREC_Bact.Sp 5714.JPG,Tomato___Target_Spot/5508caf4-aea1-4792-a6e8-534788edaa7e___Com.G_TgS_FL 9946.JPG,Tomato___Bacterial_spot,Tomato___Target_Spot,train,train,8,False
322bdfc7ecc9f8bb7a16a3acd60b1c93d26a9449a014cd83e7dc613ebfea9a3c,d42444be0364fd9975a39b70c58c28995bc79ae83502efa49136c32db90617dd,Tomato___Bacterial_spot/28557b27-1dce-4cd4-bed0-c4a84207d3e2___GCREC_Bact.Sp 6187.JPG,Tomato___Bacterial_spot/97f376a8-3781-4f2f-8fec-6a8150247d1e___GCREC_Bact.Sp 3387.JPG,Tomato___Bacterial_spot,Tomato___Bacterial_spot,test,train,8,True
322bdfc7ecc9f8bb7a16a3acd60b1c93d26a9449a014cd83e7dc613ebfea9a3c,ece4ae3f02afa3ea05fba0abf3679a0b1a79a4a4abe4264892dc0b071b739489,Tomato___Bacterial_spot/28557b27-1dce-4cd4-bed0-c4a84207d3e2___GCREC_Bact.Sp 6187.JPG,Tomato___Septoria_leaf_spot/fb69b46d-32bd-4d11-a60f-7eec788523c2___Matt.S_CG 6278.JPG,Tomato___Bacterial_spot,Tomato___Septoria_leaf_spot,test,train,8,True
3272a51c187c79a2a185663383fbac7dd29ef2a6222f506dda5f63b4064839e4,716d7aa02e69b4592c0d3ce8374778ee3c4f444fb5fa89af9338847f5544830f,Tomato___Bacterial_spot/2dd3b6ae-0ddc-4319-8c69-c10adadd038d___GCREC_Bact.Sp 5958.JPG,Tomato___Leaf_Mold/b66c322b-7fc4-4d0a-9e57-afe7a58b0c1b___Crnl_L.Mold 6554.JPG,Tomato___Bacterial_spot,Tomato___Leaf_Mold,train,train,8,False
3272a51c187c79a2a185663383fbac7dd29ef2a6222f506dda5f63b4064839e4,9cf3a985a6aead4d7049eea6ed15f0a6d928627b7b3b6147b469fe37436d9c30,Tomato___Bacterial_spot/2dd3b6ae-0ddc-4319-8c69-c10adadd038d___GCREC_Bact.Sp 5958.JPG,Tomato___Bacterial_spot/b179b3d0-80cf-4dbf-9e88-b3e9b4a93b3b___GCREC_Bact.Sp 3659.JPG,Tomato___Bacterial_spot,Tomato___Bacterial_spot,train,train,8,False
32f86f266560780f7403dacc96b97180946ac27e1cb585c76d6f7129182ecd65,c93a4161f29f3359ac5dfbbf07cfa05bc5de5cadb39ccdecbbdfd617f4694f76,Tomato___Tomato_Yellow_Leaf_Curl_Virus/5cc77961-b6ab-4311-b0d9-8fc38ad0c9e2___UF.GRC_YLCV_Lab 02731.JPG,Tomato___Tomato_Yellow_Leaf_Curl_Virus/735de814-ec86-4a2e-b523-e5d5542aff2b___YLCV_GCREC 2490.JPG,Tomato___Tomato_Yellow_Leaf_Curl_Virus,Tomato___Tomato_Yellow_Leaf_Curl_Virus,train,train,8,False
332a20a68ff6be597dc146ee6539d776689bac2a2fd7773285924baf16970fe3,897cf57d8744333d89a97e11036a5563f334bddc61b1112ee5f94c20c29b8cd9,Tomato___Bacterial_spot/b540f78d-2b64-4c23-bc20-2287f63b383f___GCREC_Bact.Sp 6128.JPG,Tomato___Bacterial_spot/b7abb659-e26e-42a0-a9d3-ddee98526b8f___GCREC_Bact.Sp 5748.JPG,Tomato___Bacterial_spot,Tomato___Bacterial_spot,train,train,8,False
332a20a68ff6be597dc146ee6539d776689bac2a2fd7773285924baf16970fe3,e10681c79751d1489aad8dd577d86eadcf9d473e91e38dc248f4fefa2f72817d,Tomato___Bacterial_spot/b540f78d-2b64-4c23-bc20-2287f63b383f___GCREC_Bact.Sp 6128.JPG,Tomato___Bacterial_spot/e813e60a-25a6-4444-8fb6-eeab328d9ccc___GCREC_Bact.Sp 3573.JPG,Tomato___Bacterial_spot,Tomato___Bacterial_spot,train,val,8,True
336898fb9df73ac0851acd66c7ba95bbdc7e09fc317cd041d4bd47a7cfec0c71,a6cb8c2b4705440c0cdf81634cdf8fb9657f3d747ee7556d32aca1681bb07dac,Tomato___Tomato_mosaic_virus/763335af-2beb-4331-b2e5-3f61a4b0b914___PSU_CG 2365.JPG,Tomato___Tomato_mosaic_virus/3a99961c-cc66-44a9-b2c7-4d5a0714e839___PSU_CG 2162.JPG,Tomato___Tomato_mosaic_virus,Tomato___Tomato_mosaic_virus,train,val,8,True
336898fb9df73ac0851acd66c7ba95bbdc7e09fc317cd041d4bd47a7cfec0c71,e753acece63dec89e264d3851e79512fa39061b256e45c16864149612550d10c,Tomato___Tomato_mosaic_virus/763335af-2beb-4331-b2e5-3f61a4b0b914___PSU_CG 2365.JPG,Tomato___Tomato_Yellow_Leaf_Curl_Virus/61ca16d1-d69c-4540-b3ba-52bf53dfbc40___YLCV_GCREC 2921.JPG,Tomato___Tomato_mosaic_virus,Tomato___Tomato_Yellow_Leaf_Curl_Virus,train,val,8,True
3385de63511ad479f52e204bc032b3f82c781faeef818c67a63710a7975972dc,10f6441074f69befeb5227f4fd12e2ea0b33a0c201e66122def7b398978ea52b,Tomato___Bacterial_spot/26cabbbf-57e1-42a5-9fdc-e819b4b02d39___GCREC_Bact.Sp 3437.JPG,Tomato___Bacterial_spot/8028414c-d126-4b33-b04b-896954de877a___GCREC_Bact.Sp 5734.JPG,Tomato___Bacterial_spot,Tomato___Bacterial_spot,train,train,8,False
33a1a8a2a77ec7d5d7cbbb9dc8104fd5fdbc46574ea1c5211c8bbec68b468a5e,bfa95f183a1cf6c20223d2182f54570d3f45d504231c3a67bfd00a0f29941580,Tomato___Tomato_Yellow_Leaf_Curl_Virus/a64ad298-f59c-4111-b66a-756a6890665f___YLCV_NREC 2432.JPG,Tomato___Spider_mites Two-spotted_spider_mite/9a9a3476-f397-4892-82ab-24638ce03b01___Com.G_SpM_FL 9435.JPG,Tomato___Tomato_Yellow_Leaf_Curl_Virus,Tomato___Spider_mites Two-spotted_spider_mite,test,train,8,True
33dbb3d42df9ef8baf7de4628f9d319b8cdb0a88ad65e0aeff366155148ea967,05240a7876e006e9c03e5357782e986dfabb69d481894a43b2bc3504549ca895,Tomato___Bacterial_spot/4f844956-b7ab-4a05-80cf-20ac61fa91c8___GCREC_Bact.Sp 3038.JPG,Tomato___Bacterial_spot/e1fa4f5f-d166-4483-95c4-0c420ee2098e___GCREC_Bact.Sp 3458.JPG,Tomato___Bacterial_spot,Tomato___Bacterial_spot,train,val,8,True
33dbb3d42df9ef8baf7de4628f9d319b8cdb0a88ad65e0aeff366155148ea967,5234033be31ddc6763734eb0a75fc3ad98ac0a6bf72fa14833fe8c1df2b98702,Tomato___Bacterial_spot/4f844956-b7ab-4a05-80cf-20ac61fa91c8___GCREC_Bact.Sp 3038.JPG,Tomato___healthy/c910ce6d-8dd7-4c9f-9530-dd26684058d3___RS_HL 9697.JPG,Tomato___Bacterial_spot,Tomato___healthy,train,train,8,False
33dbb3d42df9ef8baf7de4628f9d319b8cdb0a88ad65e0aeff366155148ea967,5f22428306442f58e45ac789e7a45c8a7e70a7e4fe658d35aacabc324d795349,Tomato___Bacterial_spot/4f844956-b7ab-4a05-80cf-20ac61fa91c8___GCREC_Bact.Sp 3038.JPG,Tomato___Bacterial_spot/e41ca477-b751-45f7-9a19-3442349e45ef___GCREC_Bact.Sp 3254.JPG,Tomato___Bacterial_spot,Tomato___Bacterial_spot,train,val,8,True
33dbb3d42df9ef8baf7de4628f9d319b8cdb0a88ad65e0aeff366155148ea967,ea71062e4861496b414e3a414f48ba8a9ce521fc8309ba3ba1ae1db4942b7955,Tomato___Bacterial_spot/4f844956-b7ab-4a05-80cf-20ac61fa91c8___GCREC_Bact.Sp 3038.JPG,Tomato___Bacterial_spot/a9045c2f-df74-4d31-8e2f-f3ce3d6753e2___GCREC_Bact.Sp 3026.JPG,Tomato___Bacterial_spot,Tomato___Bacterial_spot,train,train,8,False
33ede406b592f6001d161369b9fbd764d40cdab6fc8fdd96f631b0e9e11ad41d,8dbbab51f2cfcaa2e1c24224285c85fdbaf845a1f798fe50767c1da2a8302e92,Tomato___Septoria_leaf_spot/13ae950c-d128-4ee8-9309-c9eaf611f469___Matt.S_CG 1277.JPG,Tomato___Tomato_Yellow_Leaf_Curl_Virus/d3606035-460e-459a-a286-4e35c2390d2d___YLCV_GCREC 5394.JPG,Tomato___Septoria_leaf_spot,Tomato___Tomato_Yellow_Leaf_Curl_Virus,train,train,8,False
33fab9b77eb27d94b9fbee8118aba20af47d4e879b661afcbd0f29f53c49c5b6,18144295e6dc70ddc0898cc254d468f702a1bd78c5195a05c415ec655d0e01ad,Tomato___Septoria_leaf_spot/97862022-bdbb-4641-b2e7-daa77f5f03d5___JR_Sept.L.S 2553.JPG,Tomato___Septoria_leaf_spot/a8ef94be-07d4-45ed-82de-d2070f14861a___JR_Sept.L.S 2554.JPG,Tomato___Septoria_leaf_spot,Tomato___Septoria_leaf_spot,train,train,8,False
33fb716273da7249e4c9f4a256a88c7601fdcbfa6e58155e055a83dc540c4ddd,a808397724e269f78745d5ba99836d1fbc424593661296179023aaf08dd612b2,Tomato___Tomato_Yellow_Leaf_Curl_Virus/49cc0a68-128e-4a2b-aa3c-c1855639bcff___UF.GRC_YLCV_Lab 02879.JPG,Tomato___Tomato_Yellow_Leaf_Curl_Virus/feb4e0fa-e4e7-4eb9-8948-ea1bac27fa1e___UF.GRC_YLCV_Lab 02872.JPG,Tomato___Tomato_Yellow_Leaf_Curl_Virus,Tomato___Tomato_Yellow_Leaf_Curl_Virus,train,val,8,True
34415fd65255c8f6f6d62c1add8bfddbed3d44c54205107ee9e2b30b9f65a5c3,15dbe60dbe738bb2c91b75d7d0b38b4dee07a72cf626f62ee815deac043bc68a,Tomato___Spider_mites Two-spotted_spider_mite/84838a39-2c68-42ed-a423-04e4398460b6___Com.G_SpM_FL 1781.JPG,Tomato___Tomato_Yellow_Leaf_Curl_Virus/e906bb40-58ca-45d8-81ad-3e36ac4984b8___YLCV_NREC 2973.JPG,Tomato___Spider_mites Two-spotted_spider_mite,Tomato___Tomato_Yellow_Leaf_Curl_Virus,test,val,8,True
34415fd65255c8f6f6d62c1add8bfddbed3d44c54205107ee9e2b30b9f65a5c3,197597ff31ff16e4a82088c35d66410c2df51c2687b16639cdd8a8d9f7e39568,Tomato___Spider_mites Two-spotted_spider_mite/84838a39-2c68-42ed-a423-04e4398460b6___Com.G_SpM_FL 1781.JPG,Tomato___Spider_mites Two-spotted_spider_mite/95379b0d-f7b4-4f9c-8eb4-860556e2eabb___Com.G_SpM_FL 1621.JPG,Tomato___Spider_mites Two-spotted_spider_mite,Tomato___Spider_mites Two-spotted_spider_mite,test,train,8,True
348d9db94ef547c1512bc8a7a1097d18acd36c379e0ba91ab75e71fb125ef0f7,6bbe773a0deaf18874d8c9aa19d2cc774ff65dedde5d4cb0e52e5ca541fd01cf,Tomato___Spider_mites Two-spotted_spider_mite/14c0db1b-b549-4b15-82ae-9f88fe857365___Com.G_SpM_FL 9650.JPG,Tomato___Spider_mites Two-spotted_spider_mite/ae60fb8a-1774-422b-a141-869d27d74e22___Com.G_SpM_FL 9378.JPG,Tomato___Spider_mites Two-spotted_spider_mite,Tomato___Spider_mites Two-spotted_spider_mite,train,train,8,False
348d9db94ef547c1512bc8a7a1097d18acd36c379e0ba91ab75e71fb125ef0f7,70ab1259cac8a01a8ea89b35134bdd1f172032e232978800a3c024caf1050794,Tomato___Spider_mites Two-spotted_spider_mite/14c0db1b-b549-4b15-82ae-9f88fe857365___Com.G_SpM_FL 9650.JPG,Tomato___Spider_mites Two-spotted_spider_mite/f82052fb-163c-4ef6-acf0-49543f500f72___Com.G_SpM_FL 8494.JPG,Tomato___Spider_mites Two-spotted_spider_mite,Tomato___Spider_mites Two-spotted_spider_mite,train,train,8,False
348d9db94ef547c1512bc8a7a1097d18acd36c379e0ba91ab75e71fb125ef0f7,7eb7dde2c9681b36272f21d2b1d651c64d81d2058610818f014a8bc8b4097ffb,Tomato___Spider_mites Two-spotted_spider_mite/14c0db1b-b549-4b15-82ae-9f88fe857365___Com.G_SpM_FL 9650.JPG,Tomato___Spider_mites Two-spotted_spider_mite/f581a55f-a154-4266-8306-aa00abd9ebe8___Com.G_SpM_FL 9301.JPG,Tomato___Spider_mites Two-spotted_spider_mite,Tomato___Spider_mites Two-spotted_spider_mite,train,train,8,False
348d9db94ef547c1512bc8a7a1097d18acd36c379e0ba91ab75e71fb125ef0f7,8cdf807e48941299e82500a21a92c1e2526b003c51d9ef64789e89975389af05,Tomato___Spider_mites Two-spotted_spider_mite/14c0db1b-b549-4b15-82ae-9f88fe857365___Com.G_SpM_FL 9650.JPG,Tomato___Spider_mites Two-spotted_spider_mite/2fd0efb7-d0fd-4c57-ba78-8e6a3fc5e149___Com.G_SpM_FL 8926.JPG,Tomato___Spider_mites Two-spotted_spider_mite,Tomato___Spider_mites Two-spotted_spider_mite,train,train,8,False
34ac1e612c8744cf3adfa586a38dfb260c821b21a00e3ff6f7491c31770385cc,1a39a9e020d821213e9c96eb08637d2c2a51ee0f134f17c414daebdec3dc626e,Tomato___Early_blight/4d007f46-814a-4cec-93d4-0be4b32a9ed6___RS_Erly.B 6495.JPG,Tomato___Early_blight/3726eff6-547d-411e-bc00-f8b533d067e3___RS_Erly.B 6494.JPG,Tomato___Early_blight,Tomato___Early_blight,test,train,8,True
3503ffb6183094b3aff9366ee4d58cd19b951d603f22071a559b002320403823,ca4cc57fa21e7fde52edde1416446dd3988cce34723d2bac6d3c2d3b4e8226ee,Tomato___Tomato_Yellow_Leaf_Curl_Virus/cbb89fbc-4607-4166-a45e-6c1d232056c2___UF.GRC_YLCV_Lab 02660.JPG,Tomato___Tomato_Yellow_Leaf_Curl_Virus/cd80eef1-7643-4b8c-9fc7-ab72d42288e8___UF.GRC_YLCV_Lab 02657.JPG,Tomato___Tomato_Yellow_Leaf_Curl_Virus,Tomato___Tomato_Yellow_Leaf_Curl_Virus,train,train,8,False
3503ffb6183094b3aff9366ee4d58cd19b951d603f22071a559b002320403823,d1e7b64206e31a9a356fd181774cc69eadc9f969f1439fec372632ee8e7cb3b7,Tomato___Tomato_Yellow_Leaf_Curl_Virus/cbb89fbc-4607-4166-a45e-6c1d232056c2___UF.GRC_YLCV_Lab 02660.JPG,Tomato___Tomato_Yellow_Leaf_Curl_Virus/ea824bff-58c4-402e-936c-70bc49912701___UF.GRC_YLCV_Lab 02667.JPG,Tomato___Tomato_Yellow_Leaf_Curl_Virus,Tomato___Tomato_Yellow_Leaf_Curl_Virus,train,train,8,False
3525cd00344827dff4047696a445effed01e07783fb561e3dd1e45b549329faa,7c04170310d9cac42e0ddfce4450491f9960ce3c52f20a17dab86849341bcb34,Tomato___Leaf_Mold/0c0debed-e807-4236-a2e3-d9b72f54367f___Crnl_L.Mold 6899.JPG,Tomato___Leaf_Mold/a9bfbf7a-3669-4b5e-a5c7-ac8fcd03fd48___Crnl_L.Mold 7094.JPG,Tomato___Leaf_Mold,Tomato___Leaf_Mold,test,train,8,True
3551d4f40a1d32ccf4ec1cec45ac4f35e42e36668b382a88da045616fcfc0776,4fb62d11b9c99e42856eadb5cc26450287afd577716d96ceb9ad2246ab38daf5,Tomato___Spider_mites Two-spotted_spider_mite/f8ffac77-3323-4fdb-814b-4a1967048978___Com.G_SpM_FL 9275.JPG,Tomato___Tomato_Yellow_Leaf_Curl_Virus/486e621f-336e-42c5-a1c8-d9ccde04ec4e___YLCV_NREC 0147.JPG,Tomato___Spider_mites Two-spotted_spider_mite,Tomato___Tomato_Yellow_Leaf_Curl_Virus,test,train,8,True
357de0096437cdbf2b3dac0b764a59e0092523a4ddaf119eed43b3d4bfbffce1,634856dba6ee0e4ae5a73aac89aae925e7f05403b4946e3316b2a1a16667a563,Tomato___Spider_mites Two-spotted_spider_mite/f69ce7ec-7ce3-4123-becf-efea9f9bfd48___Com.G_SpM_FL 9541.JPG,Tomato___Tomato_Yellow_Leaf_Curl_Virus/02aabe96-31be-42a5-a825-261d854e15be___YLCV_GCREC 2894.JPG,Tomato___Spider_mites Two-spotted_spider_mite,Tomato___Tomato_Yellow_Leaf_Curl_Virus,train,train,8,False
357de0096437cdbf2b3dac0b764a59e0092523a4ddaf119eed43b3d4bfbffce1,814f21a7c39958a0ed60cee948b6c67cffe625e54bfaf6d8393b18aa6b94e913,Tomato___Spider_mites Two-spotted_spider_mite/f69ce7ec-7ce3-4123-becf-efea9f9bfd48___Com.G_SpM_FL 9541.JPG,Tomato___Tomato_Yellow_Leaf_Curl_Virus/163157d0-4fa7-451f-a86b-af06e3e456bd___YLCV_NREC 2901.JPG,Tomato___Spider_mites Two-spotted_spider_mite,Tomato___Tomato_Yellow_Leaf_Curl_Virus,train,train,8,False
358f26aef1229d8cd4db1152b8d64d16d789f1615df07903866470c9cbb371c5,b74d4f1c6c2b97505804b1954da32eca4f7e5759047c256c3a11f8edf601d332,Tomato___Tomato_Yellow_Leaf_Curl_Virus/821ab91a-6de6-45c7-85f1-0d1fe243e37c___YLCV_NREC 2153.JPG,Tomato___Spider_mites Two-spotted_spider_mite/e33fa280-f5cc-404b-a205-36966e9ceb38___Com.G_SpM_FL 8950.JPG,Tomato___Tomato_Yellow_Leaf_Curl_Virus,Tomato___Spider_mites Two-spotted_spider_mite,train,val,8,True
35adc110a29a5e0e106d4333c329dd4555bc0d14ee40e4ea67a0bae1d425b8b4,adf409411bad653537fe98436bff603943b5c3908df29dbe416bd88b92a6cb7a,Tomato___Bacterial_spot/6a56a429-b241-428d-9fb7-7ea0b84d2b12___GCREC_Bact.Sp 3246.JPG,Tomato___Early_blight/397ffe67-e784-44d5-ae1a-d1e2990c041b___RS_Erly.B 7637.JPG,Tomato___Bacterial_spot,Tomato___Early_blight,train,train,8,False
35adc110a29a5e0e106d4333c329dd4555bc0d14ee40e4ea67a0bae1d425b8b4,c156f5d8cec22215b113fb69eb600d0ebaeb7bbd80c7e820fc94373c9cf63039,Tomato___Bacterial_spot/6a56a429-b241-428d-9fb7-7ea0b84d2b12___GCREC_Bact.Sp 3246.JPG,Tomato___Bacterial_spot/f0f7740b-f202-4119-9d9c-b187fe33829a___GCREC_Bact.Sp 3247.JPG,Tomato___Bacterial_spot,Tomato___Bacterial_spot,train,train,8,False
35c15616bcdef5ac98f19729bdbbe290d2cb5dde8b86c04435a4943ee6e05b44,46849626253b7e495645dadacac365a8ea549409114bcaa5bc35b0f2cbbf74a0,Tomato___Spider_mites Two-spotted_spider_mite/421b6662-c258-4c0d-b036-f42bf389c930___Com.G_SpM_FL 1763.JPG,Tomato___Spider_mites Two-spotted_spider_mite/d585886c-b360-4186-8c00-7a94660e11fa___Com.G_SpM_FL 8514.JPG,Tomato___Spider_mites Two-spotted_spider_mite,Tomato___Spider_mites Two-spotted_spider_mite,train,train,8,False
35d7d7c8e95436194acbc4ac737f2e4a973333e33cd5d4fd98cf2890a68f200f,f6c2e9150f7f2f3381ea4b5ff01958f9da7308410da3708ccc82db67eb110216,Tomato___Leaf_Mold/9445a483-85a6-465c-b9b0-1ff8bc519a43___Crnl_L.Mold 9035.JPG,Tomato___Leaf_Mold/af1c1bf4-43b5-47ff-aade-ebd32635f77a___Crnl_L.Mold 7045.JPG,Tomato___Leaf_Mold,Tomato___Leaf_Mold,test,train,8,True
363d8ddfdccf1935f85f8c2642b5963d81f4ecb7de8d3e10e7b68bde22b2c094,17508295ee8b330befb6f2f1278b8f60ffff2c3f6f187916668a2ca81420f8ef,Tomato___Bacterial_spot/a19a6fda-96bc-4ae1-821e-765518e86d00___GCREC_Bact.Sp 5844.JPG,Tomato___Early_blight/5bd6338a-0f10-457b-a7bd-69f2ee7c6504___RS_Erly.B 9534.JPG,Tomato___Bacterial_spot,Tomato___Early_blight,train,train,8,False
363d8ddfdccf1935f85f8c2642b5963d81f4ecb7de8d3e10e7b68bde22b2c094,18799ef90c8cc35fb07937f504d1a4859a382737af49fc0a4323f3b943ca0c19,Tomato___Bacterial_spot/a19a6fda-96bc-4ae1-821e-765518e86d00___GCREC_Bact.Sp 5844.JPG,Tomato___Tomato_Yellow_Leaf_Curl_Virus/c438b6b2-d243-429a-b06b-9ef7e1557fb2___YLCV_GCREC 2482.JPG,Tomato___Bacterial_spot,Tomato___Tomato_Yellow_Leaf_Curl_Virus,train,train,8,False
363d8ddfdccf1935f85f8c2642b5963d81f4ecb7de8d3e10e7b68bde22b2c094,446beddb844c10089c865e1289fc06f715951cd0511400fd088a808717c7d291,Tomato___Bacterial_spot/a19a6fda-96bc-4ae1-821e-765518e86d00___GCREC_Bact.Sp 5844.JPG,Tomato___Septoria_leaf_spot/2eb010be-cfb9-40cf-9b69-0521e5ecf2a1___Matt.S_CG 1263.JPG,Tomato___Bacterial_spot,Tomato___Septoria_leaf_spot,train,train,8,False
363d8ddfdccf1935f85f8c2642b5963d81f4ecb7de8d3e10e7b68bde22b2c094,497978e94529774f9b800dbc10b8ec3e494ac61f4fda4f04be002b1445aff2ad,Tomato___Bacterial_spot/a19a6fda-96bc-4ae1-821e-765518e86d00___GCREC_Bact.Sp 5844.JPG,Tomato___Early_blight/ad898210-9539-4fe4-abf0-a568b57ff205___RS_Erly.B 6336.JPG,Tomato___Bacterial_spot,Tomato___Early_blight,train,train,8,False
363d8ddfdccf1935f85f8c2642b5963d81f4ecb7de8d3e10e7b68bde22b2c094,aa9a099dcbb8b0da9597e1beedd4aabf4b2240f20a6a5b8464c58a3f3ff98cbc,Tomato___Bacterial_spot/a19a6fda-96bc-4ae1-821e-765518e86d00___GCREC_Bact.Sp 5844.JPG,Tomato___Bacterial_spot/a7af4903-9aae-45be-990d-adfca4510cfa___GCREC_Bact.Sp 5872.JPG,Tomato___Bacterial_spot,Tomato___Bacterial_spot,train,train,8,False
363d8ddfdccf1935f85f8c2642b5963d81f4ecb7de8d3e10e7b68bde22b2c094,f2f29439ae6024f15cbdc83ff1328fdd485a6c66c1a548c79f3bf537ed440d7c,Tomato___Bacterial_spot/a19a6fda-96bc-4ae1-821e-765518e86d00___GCREC_Bact.Sp 5844.JPG,Tomato___Bacterial_spot/43f97b78-04ee-4092-a909-6fd9af60d1a6___GCREC_Bact.Sp 3330.JPG,Tomato___Bacterial_spot,Tomato___Bacterial_spot,train,val,8,True
3640658b1ae1a43eaebd62d323d2741bec46a9dd2d2fea6a9c2e94ec8847dcb9,582849c5d1ca96a53e8b737b3ae2e3dd4a157681243b76d6301ab19b448fb883,Tomato___Early_blight/69e0581c-14a5-42d8-ad48-4f689d05632f___RS_Erly.B 6432.JPG,Tomato___Leaf_Mold/e8a0bcf7-b76f-495f-ad84-f29329bfa481___Crnl_L.Mold 6620.JPG,Tomato___Early_blight,Tomato___Leaf_Mold,train,train,8,False
3644e0dd53cc6ed955b4e2f5560dbdbccd898c7e95ed3ff0e82e69beed70d70d,82c75cf747a7db244841560399b2b475997b1661f8e10624bcfc682def0bdf6b,Tomato___Late_blight/335be291-a0f7-4b25-aa7c-99af0b073dc9___GHLB2 Leaf 8640.JPG,Tomato___Late_blight/c0cd110f-ee8a-428e-aa00-d51f89b5a843___GHLB2 Leaf 8639.JPG,Tomato___Late_blight,Tomato___Late_blight,train,train,8,False
3644e0dd53cc6ed955b4e2f5560dbdbccd898c7e95ed3ff0e82e69beed70d70d,ba005209df4eb3d0499894accc9c5a52c44ce983ccc69c22b28b8ddfbd63ff82,Tomato___Late_blight/335be291-a0f7-4b25-aa7c-99af0b073dc9___GHLB2 Leaf 8640.JPG,Tomato___Late_blight/64984183-009e-4dba-a25a-f769bab08080___GHLB2 Leaf 8637.JPG,Tomato___Late_blight,Tomato___Late_blight,train,train,8,False
364510e5a85926886bd78519711b905d4b3c6487a0c4cf8b801a339e94ed9a02,dc4ea563a4a196a18e34ee1bb1b64ad330d8ac2690736a4e6cbf61521e42804a,Tomato___Tomato_Yellow_Leaf_Curl_Virus/2e00c47b-dcec-4c8e-9c32-680ddc7239fb___UF.GRC_YLCV_Lab 03001.JPG,Tomato___Tomato_Yellow_Leaf_Curl_Virus/8a3c1b51-d380-4bb4-b40a-4e393040f36c___UF.GRC_YLCV_Lab 02995.JPG,Tomato___Tomato_Yellow_Leaf_Curl_Virus,Tomato___Tomato_Yellow_Leaf_Curl_Virus,train,train,8,False
36e31a95098db9703c5ecd480642a28acf0419f30e8d0aed3fc5e429ca4887d0,d6fa78e5e422ed218cb5d1f00c70d6c429f6b09c14a8b853beb194cd4ce8d5d8,Tomato___Leaf_Mold/6cda92fc-5b8b-47b5-803a-ed31c7a9106a___Crnl_L.Mold 8728.JPG,Tomato___Leaf_Mold/8b5d979a-f03e-4f79-b638-f5222b904a1c___Crnl_L.Mold 6727.JPG,Tomato___Leaf_Mold,Tomato___Leaf_Mold,train,train,8,False
36ee7a1741796d416039a2d3e1c6d07610f627d8123352f0b8f1f93211676121,8d7d0377f307950f88fd8c3a400e3b1b4e861cc95ac706e64d8b73f4c660f776,Tomato___Tomato_Yellow_Leaf_Curl_Virus/328afd05-1862-4c8c-8ef7-81d781c74df6___YLCV_NREC 2693.JPG,Tomato___Tomato_Yellow_Leaf_Curl_Virus/e9fcc06b-8b46-4940-9094-781e7ee431b3___YLCV_GCREC 2048.JPG,Tomato___Tomato_Yellow_Leaf_Curl_Virus,Tomato___Tomato_Yellow_Leaf_Curl_Virus,train,train,8,False
3728a09feb56b4715d1f08332f3f1b6b6bc46613a4a8d8fa0e39e5c5eaad4ccd,4f918046c186527b77348a6b1e904e010cc0a39ea3c0cb5d34bbcd6c09c60a32,Tomato___Late_blight/1eacb98a-d88b-4e86-bbb8-19ec6a4e6c67___GHLB2 Leaf 148.2.JPG,Tomato___Late_blight/207dee29-3d2e-4f08-9642-ef4c932fb280___GHLB2 Leaf 8608.JPG,Tomato___Late_blight,Tomato___Late_blight,test,train,8,True
3757d9b11b838a49bd5315aebeb4a4f34d7304c350d4b577d8d40d3b7ba120a5,9572308d799c5c2b464093572a1ab05b62389faa9010202bc334f5a827a818d9,Tomato___Bacterial_spot/efd6193d-7d5b-4207-999d-2aeb08cd64e2___GCREC_Bact.Sp 5739.JPG,Tomato___Target_Spot/371b7ff8-6031-437b-b0c5-5fc10e2317d1___Com.G_TgS_FL 9944.JPG,Tomato___Bacterial_spot,Tomato___Target_Spot,train,train,8,False
3861c235cf80092d680928bf35310306e1652916a596d6e4d342e5beccb3228b,a61d186606a13b3904ac02da89b0f07b2d0270653e434222aba3000c08d08ec1,Tomato___Tomato_Yellow_Leaf_Curl_Virus/b18e32cf-8262-4879-951f-48d9bbf2d861___UF.GRC_YLCV_Lab 02172.JPG,Tomato___Tomato_Yellow_Leaf_Curl_Virus/e90bbe3d-2036-47be-99e9-359839e4a710___UF.GRC_YLCV_Lab 02160.JPG,Tomato___Tomato_Yellow_Leaf_Curl_Virus,Tomato___Tomato_Yellow_Leaf_Curl_Virus,train,train,8,False
38bafc0f5d295e62f9e30b1bd0e9fd42e4b22f12f6856aac444d56eaa58ed233,5cb5e20cfe654f8279af5641b1df11e890881681bc9104981578246bf90c6632,Tomato___Spider_mites Two-spotted_spider_mite/e296dcef-fb0f-4c22-856d-6918232d6682___Com.G_SpM_FL 1246.JPG,Tomato___Tomato_Yellow_Leaf_Curl_Virus/81430658-7687-4bdc-9b1c-f2563606d304___YLCV_NREC 0097.JPG,Tomato___Spider_mites Two-spotted_spider_mite,Tomato___Tomato_Yellow_Leaf_Curl_Virus,train,train,8,False
38e92cf3e532545ff9a83dd562587f8fbac58ecf139ba2357904d5d724ff4622,af420caba771f97e0c19d287a2b3661ae8aac3b119f7e1f034f60b6d5038c538,Tomato___Leaf_Mold/240a5b33-6071-4129-b017-1c7bba52a690___Crnl_L.Mold 6991.JPG,Tomato___Leaf_Mold/8d6e2d0b-672d-4737-8973-17a9f31517a8___Crnl_L.Mold 7070.JPG,Tomato___Leaf_Mold,Tomato___Leaf_Mold,test,val,8,True
3903a07a46c2cdbea245a26bea2357532bdf7598b45b09d638313fdf9817da8e,7370a3e5d9029a06e2267ef6c5851c3cb159a2f96b6ad3e910dbd715132139d4,Tomato___Bacterial_spot/af614af9-a200-4887-a394-13667ecbc8f7___GCREC_Bact.Sp 6000.JPG,Tomato___Bacterial_spot/b1bc2e49-8946-48ee-8b44-8f54270b2d84___GCREC_Bact.Sp 5999.JPG,Tomato___Bacterial_spot,Tomato___Bacterial_spot,train,val,8,True
3903a07a46c2cdbea245a26bea2357532bdf7598b45b09d638313fdf9817da8e,a46c43b531203e231df2e8ee5a4b89988f8b2725f7faf2a05d5f88e619171259,Tomato___Bacterial_spot/af614af9-a200-4887-a394-13667ecbc8f7___GCREC_Bact.Sp 6000.JPG,Tomato___Bacterial_spot/b71909d5-1354-4730-abdd-504679c558be___GCREC_Bact.Sp 5944.JPG,Tomato___Bacterial_spot,Tomato___Bacterial_spot,train,train,8,False
390576ebd19e86a1f924a537ba66d0f3a6e281f7a8ed6c0cb26d5003d5b6b855,4afcf0a1387d5f549004bc343db787d8776d0e18e6ec8a84a5e87bbd53b88e2e,Tomato___Septoria_leaf_spot/d96cbe0b-3d16-4e41-903a-5bb493052682___Matt.S_CG 6166.JPG,Tomato___Septoria_leaf_spot/53f65bdf-e5cc-4e3a-a672-43ac0edc8f24___Matt.S_CG 6098.JPG,Tomato___Septoria_leaf_spot,Tomato___Septoria_leaf_spot,train,val,8,True
3947845535358072872be6462211b4af50ee98ac61a112e08ac6e53bbd5fdf6f,987b1a8b64db73d14656de246be342f3d49e3833c01b202a99e81a41a0e5a4fc,Tomato___Spider_mites Two-spotted_spider_mite/48b37631-48d1-4606-bdb7-e6015eb77caa___Com.G_SpM_FL 9404.JPG,Tomato___Spider_mites Two-spotted_spider_mite/d56e9013-62c8-4678-95ae-6b9f7e2e16bf___Com.G_SpM_FL 9627.JPG,Tomato___Spider_mites Two-spotted_spider_mite,Tomato___Spider_mites Two-spotted_spider_mite,train,train,8,False
398358d5f248c1a902d6d30e4f8653f8828591d2912d932914ebd2263791f5d5,b37b3556737da97f9ea8a0748ce9bb100622119f361f8a1b5841832655ab2baa,Tomato___Bacterial_spot/5b2bff7b-208c-4ec6-adfd-b60b081916c1___GCREC_Bact.Sp 5955.JPG,Tomato___Target_Spot/1fb8b2d9-f0ac-4af2-8ac7-9304558a88e8___Com.G_TgS_FL 7998.JPG,Tomato___Bacterial_spot,Tomato___Target_Spot,train,train,8,False
398358d5f248c1a902d6d30e4f8653f8828591d2912d932914ebd2263791f5d5,e81071d2eb9df39e17ea6c80a0939c9c0bcdb4b66f84a8a34bdb64203ab3bca5,Tomato___Bacterial_spot/5b2bff7b-208c-4ec6-adfd-b60b081916c1___GCREC_Bact.Sp 5955.JPG,Tomato___Bacterial_spot/d437fbb3-cfb7-4a81-b6b7-36bca6748f02___GCREC_Bact.Sp 3454.JPG,Tomato___Bacterial_spot,Tomato___Bacterial_spot,train,train,8,False
399a65e7c4eeed376121ef3e9d80cbb768eccaa1c594db9c482db7795fff630e,bf444e5bdb383eb4faa9fbc0c2cfc6b0b3d1e0ce81c2fa458175bf6cf03dd964,Tomato___Target_Spot/e6efb6e3-7e58-441d-808f-bdb535f8ad70___Com.G_TgS_FL 9764.JPG,Tomato___healthy/c298eb46-4b8f-4a5b-a819-ceabb2fc7211___RS_HL 9677.JPG,Tomato___Target_Spot,Tomato___healthy,test,train,8,True
39b03a986b39cf5ca2472c4c9fcf4bdea4cdae2600d182ae65c3a582ae467b12,72d65ecea3fadeb06606dc683f482610af05bc6f580c95ab0562437c8439d349,Tomato___Bacterial_spot/51ce2b94-a8c2-4656-bb2d-442ec0dbd780___GCREC_Bact.Sp 5957.JPG,Tomato___Target_Spot/8a3a6a39-5774-4a98-a6a5-9544e425d418___Com.G_TgS_FL 8155.JPG,Tomato___Bacterial_spot,Tomato___Target_Spot,test,train,8,True
39b03a986b39cf5ca2472c4c9fcf4bdea4cdae2600d182ae65c3a582ae467b12,a04b56ef476a3ca479c88f5851f3b88dc024db05919c4500571f1522acb3d75e,Tomato___Bacterial_spot/51ce2b94-a8c2-4656-bb2d-442ec0dbd780___GCREC_Bact.Sp 5957.JPG,Tomato___Tomato_Yellow_Leaf_Curl_Virus/291ee93a-1f02-4d58-b376-54999cb136da___YLCV_GCREC 5217.JPG,Tomato___Bacterial_spot,Tomato___Tomato_Yellow_Leaf_Curl_Virus,test,val,8,True
3b08d46b3e54c56668b65063f9b3485fa9ccb644586ea07de7b60a790459be87,7761e7e39343230cff4bc76c5e0ad2448b89d8c384d4564e5e2c1aeb9988acec,Tomato___healthy/19e31197-5f6d-4925-975c-884bd4a94bfe___RS_HL 0291.JPG,Tomato___Bacterial_spot/6cb5947c-d06a-4114-932e-ca1b952326c7___GCREC_Bact.Sp 3568.JPG,Tomato___healthy,Tomato___Bacterial_spot,train,val,8,True
3b0c7fdc4263a015fd32960d4a2f68925adefaee59628bf23954699ea1015a3c,8c4ffafb402f567fcb3d9b792e23db1071d99780ae169aad4321fbfdfac33385,Tomato___Tomato_Yellow_Leaf_Curl_Virus/42c56133-35dc-4a2b-a92e-d3085408cb6f___UF.GRC_YLCV_Lab 02314.JPG,Tomato___Tomato_Yellow_Leaf_Curl_Virus/b82d7b6e-0c2c-4050-8256-bb430b07b2aa___UF.GRC_YLCV_Lab 02315.JPG,Tomato___Tomato_Yellow_Leaf_Curl_Virus,Tomato___Tomato_Yellow_Leaf_Curl_Virus,train,train,8,False
3b1dcecd98200ed2f78c479019f66e0eda69db8a7dc6ec0b29f7ac9f4d2a5b96,97fd1a33fb4577e134383b46a26064a11862b0c7ecc7a1d4793071471bb4dcef,Tomato___Leaf_Mold/bf97c963-b3cd-480a-be10-b8b2c539973f___Crnl_L.Mold 6982.JPG,Tomato___Leaf_Mold/edd41abf-a135-4648-b724-a57b91f403e5___Crnl_L.Mold 6980.JPG,Tomato___Leaf_Mold,Tomato___Leaf_Mold,test,train,8,True
3b3c149b99ee1a7a9d1003ba86d9e8f472054521684ddfe2660d9d3fce8833b7,34e76372e6bc419a79f58f065adba4928df8c4a7703ca4f91f634b543ff6948f,Tomato___healthy/f163df8f-6510-4520-82ee-779d2679af33___GH_HL Leaf 422.2.JPG,Tomato___Tomato_Yellow_Leaf_Curl_Virus/3a5a7bd1-55df-4afd-a9d5-0e93fd42be27___UF.GRC_YLCV_Lab 01324.JPG,Tomato___healthy,Tomato___Tomato_Yellow_Leaf_Curl_Virus,train,val,8,True
3b93f230a7ec8696554985e7c1446be6e53ef883dd8dfb6a964f7a59a0a753a1,2c1e960371ed96cfbba013c8a41b187341a2703e15176835b6e25ec32db3f820,Tomato___Bacterial_spot/b2b3acc9-66f5-4451-9103-deaca3797430___GCREC_Bact.Sp 3446.JPG,Tomato___Tomato_Yellow_Leaf_Curl_Virus/de8fb56b-d3f3-4691-bb7c-0aaeaba74e81___YLCV_GCREC 2466.JPG,Tomato___Bacterial_spot,Tomato___Tomato_Yellow_Leaf_Curl_Virus,test,train,8,True
3b93f230a7ec8696554985e7c1446be6e53ef883dd8dfb6a964f7a59a0a753a1,43be7eecd3bd861c76aae0f9d5333fbf8434bb4f65a13e7124f87b9b6f485c41,Tomato___Bacterial_spot/b2b3acc9-66f5-4451-9103-deaca3797430___GCREC_Bact.Sp 3446.JPG,Tomato___Bacterial_spot/df2cde45-b06c-421e-b0b9-955bf8b8f2e7___GCREC_Bact.Sp 2978.JPG,Tomato___Bacterial_spot,Tomato___Bacterial_spot,test,train,8,True
3c16a8b027982bb69ade4d6b2e56498e25d2f2896ad7e855a3c8154025cf91d5,119b27f14297706dac77efcfab417870dd6d4c37ebe9648c30f5267c0eb2d6b8,Tomato___Spider_mites Two-spotted_spider_mite/348aec86-49bc-4e2d-8ca7-66545421cc06___Com.G_SpM_FL 1746.JPG,Tomato___Bacterial_spot/db6177ef-cf23-402a-ac95-f8c136c6385d___GCREC_Bact.Sp 3135.JPG,Tomato___Spider_mites Two-spotted_spider_mite,Tomato___Bacterial_spot,train,val,8,True
3c16a8b027982bb69ade4d6b2e56498e25d2f2896ad7e855a3c8154025cf91d5,514450f7d562cc4284cc56b8d9a78b225c4569b41b2626a7cf2c6a5d78095875,Tomato___Spider_mites Two-spotted_spider_mite/348aec86-49bc-4e2d-8ca7-66545421cc06___Com.G_SpM_FL 1746.JPG,Tomato___Tomato_Yellow_Leaf_Curl_Virus/6c74c99f-0377-4870-ac98-c1ad619d8a7a___YLCV_GCREC 2623.JPG,Tomato___Spider_mites Two-spotted_spider_mite,Tomato___Tomato_Yellow_Leaf_Curl_Virus,train,val,8,True
3c16a8b027982bb69ade4d6b2e56498e25d2f2896ad7e855a3c8154025cf91d5,55c3326c7aa9feb3e74ce58fde8d7decb7804dd218c97ee9586086ca18220e73,Tomato___Spider_mites Two-spotted_spider_mite/348aec86-49bc-4e2d-8ca7-66545421cc06___Com.G_SpM_FL 1746.JPG,Tomato___Spider_mites Two-spotted_spider_mite/8316fb24-c884-4dc0-a1d5-e84d2e8ac6eb___Com.G_SpM_FL 1383.JPG,Tomato___Spider_mites Two-spotted_spider_mite,Tomato___Spider_mites Two-spotted_spider_mite,train,train,8,False
3c16a8b027982bb69ade4d6b2e56498e25d2f2896ad7e855a3c8154025cf91d5,6908b712051f42e894fb15123fbc0b30445a09f2249e9e90ad7e8c75f1a76f46,Tomato___Spider_mites Two-spotted_spider_mite/348aec86-49bc-4e2d-8ca7-66545421cc06___Com.G_SpM_FL 1746.JPG,Tomato___Spider_mites Two-spotted_spider_mite/2e9248a1-78c7-4aa8-a696-ab96c6947ceb___Com.G_SpM_FL 8629.JPG,Tomato___Spider_mites Two-spotted_spider_mite,Tomato___Spider_mites Two-spotted_spider_mite,train,val,8,True
3c16a8b027982bb69ade4d6b2e56498e25d2f2896ad7e855a3c8154025cf91d5,8a15f0efbd08060a02c6637871369e313e11439c5bc5077a7232f6a5520537c6,Tomato___Spider_mites Two-spotted_spider_mite/348aec86-49bc-4e2d-8ca7-66545421cc06___Com.G_SpM_FL 1746.JPG,Tomato___Spider_mites Two-spotted_spider_mite/b42de0fa-b2b5-45f1-b1cf-e4cab918cf5d___Com.G_SpM_FL 9385.JPG,Tomato___Spider_mites Two-spotted_spider_mite,Tomato___Spider_mites Two-spotted_spider_mite,train,train,8,False
3c16a8b027982bb69ade4d6b2e56498e25d2f2896ad7e855a3c8154025cf91d5,d84b0f689d338c1c5bd692ed0f132d5bc3494ba852883b18440bf71a09161381,Tomato___Spider_mites Two-spotted_spider_mite/348aec86-49bc-4e2d-8ca7-66545421cc06___Com.G_SpM_FL 1746.JPG,Tomato___Spider_mites Two-spotted_spider_mite/cf3bd731-bbcd-494e-86a2-793f1e944bb5___Com.G_SpM_FL 9462.JPG,Tomato___Spider_mites Two-spotted_spider_mite,Tomato___Spider_mites Two-spotted_spider_mite,train,val,8,True
3c16a8b027982bb69ade4d6b2e56498e25d2f2896ad7e855a3c8154025cf91d5,d9380c24e49f37faf079c34fa15d76f838d8d3f78374a0977c447112db1b442b,Tomato___Spider_mites Two-spotted_spider_mite/348aec86-49bc-4e2d-8ca7-66545421cc06___Com.G_SpM_FL 1746.JPG,Tomato___Spider_mites Two-spotted_spider_mite/ecdbc53e-17ad-4807-9f8d-c548de7e5cfb___Com.G_SpM_FL 1138.JPG,Tomato___Spider_mites Two-spotted_spider_mite,Tomato___Spider_mites Two-spotted_spider_mite,train,train,8,False
3c26d76822f94832dcbc5d91966f7707781223f07044236b59b2b6cf121959c8,1b88a9ee51d5bd002b56ef8140552d6aa5008bcbf3376b49f30655f194520c04,Tomato___Target_Spot/8ce8a9a0-3f3a-4a42-b5b0-1b2221af3d2a___Com.G_TgS_FL 9811.JPG,Tomato___Target_Spot/cb925489-1889-46fa-bcd6-788cecf55a90___Com.G_TgS_FL 9956.JPG,Tomato___Target_Spot,Tomato___Target_Spot,train,train,8,False
3c26d76822f94832dcbc5d91966f7707781223f07044236b59b2b6cf121959c8,36041624a1e7e6d94dc3c16b148b668ddcc18b4964fa15568e1e88fa73547852,Tomato___Target_Spot/8ce8a9a0-3f3a-4a42-b5b0-1b2221af3d2a___Com.G_TgS_FL 9811.JPG,Tomato___Spider_mites Two-spotted_spider_mite/e8a2e430-adae-4b78-bcfd-5652c59ad548___Com.G_SpM_FL 1758.JPG,Tomato___Target_Spot,Tomato___Spider_mites Two-spotted_spider_mite,train,val,8,True
3c2ef7a2f50b64a08f9cd81f2f814c7d03477ed345b6a8e269f3a8744c432345,e0b3e6740bf93062b8b51c99517e0454246ae9bf38f1300d4d629b69843aa876,Tomato___Spider_mites Two-spotted_spider_mite/340c0ead-05e3-4900-94c3-56bcba8293e6___Com.G_SpM_FL 9425.JPG,Tomato___Spider_mites Two-spotted_spider_mite/3c8199f8-aa54-47f8-9d70-1bf6cdd2e97b___Com.G_SpM_FL 9277.JPG,Tomato___Spider_mites Two-spotted_spider_mite,Tomato___Spider_mites Two-spotted_spider_mite,train,train,8,False
3cce974b786455ea56aee2ba84071ad11e0bd24bbc9ef03a6c7cb02aba25430f,31b2517089e17a7ddd8e56b364c5c5cf33ebb4ced5b1b73d9dc33fe888862ced,Tomato___Target_Spot/9b2c3687-231d-456a-9b3a-df24481f9c12___Com.G_TgS_FL 8177.JPG,Tomato___Septoria_leaf_spot/e9fa8424-f050-4541-ab57-7d5853f3716c___JR_Sept.L.S 2545.JPG,Tomato___Target_Spot,Tomato___Septoria_leaf_spot,test,train,8,True
3d11fa2774e918a90ab9cbfaf0caf4ccd19fea7d9870afc449470168208c5a23,2e3dd3cf978a108c19421f895d76e3215f3fcdb889392c907f10d0b36e041e89,Tomato___Spider_mites Two-spotted_spider_mite/0b17e71c-fee6-4b5e-9a7d-8ba44d29215f___Com.G_SpM_FL 8549.JPG,Tomato___Target_Spot/d76205c4-0d20-4ba3-a4d2-4fc870883bee___Com.G_TgS_FL 9815.JPG,Tomato___Spider_mites Two-spotted_spider_mite,Tomato___Target_Spot,train,train,8,False
3d7ba5b8e630ccf30af7efb332a25216e7d5de946f5c8dedf07f81802c7f48dc,9b1592563fd808a1186c6e20c158006a410aaf278172d3cf43d495c44f400cf5,Tomato___healthy/0bfe260c-a71e-474e-bfb1-78f1e5ca5698___RS_HL 0497.JPG,Tomato___healthy/a90b4d5b-86f9-48ae-9ede-ae3ac462f9bc___RS_HL 9872.JPG,Tomato___healthy,Tomato___healthy,train,train,8,False
3d8c7c194cdbd526d2ededca86356cc352cf1a3625e8d03d12702856e4cf0b2b,8ab6178515da58e269c6d7d4cf579f94d43c8c50f84b0260a633a71a04fa4c77,Tomato___Tomato_Yellow_Leaf_Curl_Virus/30f654d2-fb32-4bb1-8693-0e72f3393619___UF.GRC_YLCV_Lab 03042.JPG,Tomato___Tomato_Yellow_Leaf_Curl_Virus/61755a16-554d-4550-a898-47d558adb331___UF.GRC_YLCV_Lab 03041.JPG,Tomato___Tomato_Yellow_Leaf_Curl_Virus,Tomato___Tomato_Yellow_Leaf_Curl_Virus,train,train,8,False
3dbc51c3d822bc89fa490b28bb18a5eca706909cae6c080e090da7f9d2eb38ff,fdcc6137a00d9e3334d21eaec48d4de3af9d4bb6aab46aef4e7514f2c5baabe3,Tomato___Spider_mites Two-spotted_spider_mite/aee44f04-6634-41ee-9208-56838fbbc822___Com.G_SpM_FL 9278.JPG,Tomato___Spider_mites Two-spotted_spider_mite/bbc1d863-983e-4827-900a-04ff629c60d3___Com.G_SpM_FL 9546.JPG,Tomato___Spider_mites Two-spotted_spider_mite,Tomato___Spider_mites Two-spotted_spider_mite,train,train,8,False
3dda8d333c243638f46fc9c27f88cbcece578eb986e7bdcc25ef33d13b9820bb,8080babb7074d9d03002cb918dcd51dd5cd1ff21b8fdd56e97ed5e865f9c8276,Tomato___Tomato_Yellow_Leaf_Curl_Virus/fa16f530-1e23-4a86-acb1-1ff53dd49e37___UF.GRC_YLCV_Lab 02499.JPG,Tomato___Tomato_Yellow_Leaf_Curl_Virus/5b3e9035-71e9-4113-b6eb-fff0ed904099___UF.GRC_YLCV_Lab 02514.JPG,Tomato___Tomato_Yellow_Leaf_Curl_Virus,Tomato___Tomato_Yellow_Leaf_Curl_Virus,test,val,8,True
3dda8d333c243638f46fc9c27f88cbcece578eb986e7bdcc25ef33d13b9820bb,fbefaeecf433f0e5d87c7e292719cd27de4362ce308768c77694dc1e2c42f393,Tomato___Tomato_Yellow_Leaf_Curl_Virus/fa16f530-1e23-4a86-acb1-1ff53dd49e37___UF.GRC_YLCV_Lab 02499.JPG,Tomato___Tomato_Yellow_Leaf_Curl_Virus/de775839-7363-47c7-bc42-7bff83af822a___UF.GRC_YLCV_Lab 02513.JPG,Tomato___Tomato_Yellow_Leaf_Curl_Virus,Tomato___Tomato_Yellow_Leaf_Curl_Virus,test,train,8,True
3e1d7fbfd784818440c8c6c18b435206ce0da67156f41dc7e7bae1350addba60,ccce6c9179eee73cc512ca5e5d5f24ac644bec8ceea724b0f499022f662b3863,Tomato___Spider_mites Two-spotted_spider_mite/3049a6ad-905d-4a96-92b4-2ec045c397a1___Com.G_SpM_FL 8796.JPG,Tomato___Early_blight/4aa63e45-c531-40e2-86ca-a788e74d4f18___RS_Erly.B 7549.JPG,Tomato___Spider_mites Two-spotted_spider_mite,Tomato___Early_blight,train,val,8,True
3e2c64ed7e258abd9b8f9eab9d826f1921ec0b89b8629c4d28cdeb6933eb1e63,04d733820f4cd0200149a853e865a8e5ab38565e9d755e1fa95eb41a5eef2dad,Tomato___Leaf_Mold/76e5026d-dc54-4129-8250-573317cc91da___Crnl_L.Mold 6700.JPG,Tomato___Leaf_Mold/c02f3863-3012-4f3a-873e-8003d73a54f9___Crnl_L.Mold 6520.JPG,Tomato___Leaf_Mold,Tomato___Leaf_Mold,train,train,8,False
3e71b2b25be8e016e94a75c1719b50afb808ea805241d7be917e7e2f26fbfecb,163d84561b7bdcb3b530d3142596ef64c468e409f268b6e678a552b79039ccc6,Tomato___Late_blight/a9d292cb-2aaf-44cd-a1ef-bec9b05308b9___RS_Late.B 7005.JPG,Tomato___Septoria_leaf_spot/de5db2f2-c55f-4f1f-9d7e-2c9bf41b1abb___Matt.S_CG 0782.JPG,Tomato___Late_blight,Tomato___Septoria_leaf_spot,train,train,8,False
3e71b2b25be8e016e94a75c1719b50afb808ea805241d7be917e7e2f26fbfecb,a8b0ebd39bbe694cd72e9b4d5ab431ff8e4d698f9ca5685701cdee20088b2e55,Tomato___Late_blight/a9d292cb-2aaf-44cd-a1ef-bec9b05308b9___RS_Late.B 7005.JPG,Tomato___Septoria_leaf_spot/110ae57c-f1e0-4a19-be00-4254fa7df22b___Matt.S_CG 1462.JPG,Tomato___Late_blight,Tomato___Septoria_leaf_spot,train,train,8,False
3e71b2b25be8e016e94a75c1719b50afb808ea805241d7be917e7e2f26fbfecb,b3070a8dba2b117258c05b7a62d13fc0ccc93b113b8a5259dcc968e4ae8cd4dc,Tomato___Late_blight/a9d292cb-2aaf-44cd-a1ef-bec9b05308b9___RS_Late.B 7005.JPG,Tomato___Bacterial_spot/86bcf005-a793-4d1f-a767-99548b4c3aa6___GCREC_Bact.Sp 3131.JPG,Tomato___Late_blight,Tomato___Bacterial_spot,train,val,8,True
3ed0e6149de2f6edb1729de0836ca167966f87c55cd3dd1cf5fb1d1a305966b5,e51c7fedaa87e44ba214eb4c88ab91f715d1812de95587d7f4db1cf3ca7a976d,Tomato___Spider_mites Two-spotted_spider_mite/317f11f9-657f-43f7-943e-efb03cc62b40___Com.G_SpM_FL 1608.JPG,Tomato___Spider_mites Two-spotted_spider_mite/2aa0254f-e3c8-400f-bb0c-c039f19f4aa5___Com.G_SpM_FL 1649.JPG,Tomato___Spider_mites Two-spotted_spider_mite,Tomato___Spider_mites Two-spotted_spider_mite,test,val,8,True
3f10686fb3450ca87dc11cc6fc31ea93f1cb853ed4e3d6ca93c7a24a4210f71c,8406fae0352b7db076c330c038b6ebb6f8eef5f0186aa98bc045c5592c7872aa,Tomato___healthy/dbbde73f-e630-4799-9a08-37bd5602f1b2___GH_HL Leaf 208.JPG,Tomato___healthy/424c3315-6c08-4ab3-89da-d8456bc2050b___GH_HL Leaf 443.JPG,Tomato___healthy,Tomato___healthy,train,val,8,True
3f18602898c75bb3298dbd84abc0e71aa843a028bf98d5fb78ac3bbdb0776439,d696d4d465c7ef2a2f328cf46c9fc62220c2d803e7febfeff1a83fc1dc847d58,Tomato___Septoria_leaf_spot/7af43527-0276-4a56-9ed5-c0f6a3776e1e___Matt.S_CG 6823.JPG,Tomato___Spider_mites Two-spotted_spider_mite/2cf7009e-f40f-4903-9571-84784d637e7a___Com.G_SpM_FL 1328.JPG,Tomato___Septoria_leaf_spot,Tomato___Spider_mites Two-spotted_spider_mite,train,train,8,False
3f2161cff920ea94bfce6d75a8ec3e5604684528e2c1ad4035a9c1535920b466,c054bb2c387a9156129e04ddf42359cd02b8792a4b330e9845a94fe2a7b433df,Tomato___Late_blight/45472e0c-7abb-48eb-aab6-8a1b612839eb___GHLB2 Leaf 8962.JPG,Tomato___Late_blight/e7aaf85a-7392-43b1-9b10-6f1fb0045cba___GHLB2 Leaf 8961.JPG,Tomato___Late_blight,Tomato___Late_blight,train,val,8,True
3f79fad55833aa2b18e73683748a0fb45c4e221e23442501ae68999078de8a10,1400295fea44cacd645eed8db9d630256884185c586f5f0ba6d17a9bf3c38926,Tomato___Tomato_Yellow_Leaf_Curl_Virus/c983c63c-02d3-4678-8920-1ac68be940ec___UF.GRC_YLCV_Lab 01589.JPG,Tomato___Tomato_Yellow_Leaf_Curl_Virus/d01ff1a1-2041-4626-96b4-bcd9ea1a88e5___UF.GRC_YLCV_Lab 01593.JPG,Tomato___Tomato_Yellow_Leaf_Curl_Virus,Tomato___Tomato_Yellow_Leaf_Curl_Virus,test,test,8,False
3f79fad55833aa2b18e73683748a0fb45c4e221e23442501ae68999078de8a10,4aac7ead92ffebb860f66807a2b6daa14384089fdd519f3acd9e9e1bf64c02c6,Tomato___Tomato_Yellow_Leaf_Curl_Virus/c983c63c-02d3-4678-8920-1ac68be940ec___UF.GRC_YLCV_Lab 01589.JPG,Tomato___Tomato_Yellow_Leaf_Curl_Virus/40726129-3f95-4a8d-b0c6-865c12889fd9___UF.GRC_YLCV_Lab 01586.JPG,Tomato___Tomato_Yellow_Leaf_Curl_Virus,Tomato___Tomato_Yellow_Leaf_Curl_Virus,test,train,8,True
3fb28110b867808942ad9c723e435cadcea2ed7c1b382fcda6214d6ad202d825,336898fb9df73ac0851acd66c7ba95bbdc7e09fc317cd041d4bd47a7cfec0c71,Tomato___Spider_mites Two-spotted_spider_mite/5e28726c-2195-49d1-bce4-e84dde076d76___Com.G_SpM_FL 1587.JPG,Tomato___Tomato_mosaic_virus/763335af-2beb-4331-b2e5-3f61a4b0b914___PSU_CG 2365.JPG,Tomato___Spider_mites Two-spotted_spider_mite,Tomato___Tomato_mosaic_virus,train,train,8,False
3fb28110b867808942ad9c723e435cadcea2ed7c1b382fcda6214d6ad202d825,a48c5030de508689bc42d29934f00ffa2d1f4dda18327bda2d6d6ceb196f154a,Tomato___Spider_mites Two-spotted_spider_mite/5e28726c-2195-49d1-bce4-e84dde076d76___Com.G_SpM_FL 1587.JPG,Tomato___Early_blight/757b49d0-db8e-4352-820a-9f0bdb7d2657___RS_Erly.B 7748.JPG,Tomato___Spider_mites Two-spotted_spider_mite,Tomato___Early_blight,train,val,8,True
3ffabe0792be6a3af3cc7420bfe7d4820554aae06cbfb8f605935f2f70060e32,de0ecfbaeaa331653951bd6d96076a2d37a752541b1e9ac0c347b48599bd04b7,Tomato___Bacterial_spot/66ba68aa-9004-44d8-91f9-e3bd1de3a183___GCREC_Bact.Sp 5548.JPG,Tomato___Septoria_leaf_spot/83e998a6-37f5-47f1-9da5-165c3a4c19fd___Matt.S_CG 6137.JPG,Tomato___Bacterial_spot,Tomato___Septoria_leaf_spot,train,train,8,False
3ffabe0792be6a3af3cc7420bfe7d4820554aae06cbfb8f605935f2f70060e32,f7918434e7f337f7d9970d11ee7213a6135897b0139da00a6766d3a37af3de0a,Tomato___Bacterial_spot/66ba68aa-9004-44d8-91f9-e3bd1de3a183___GCREC_Bact.Sp 5548.JPG,Tomato___Bacterial_spot/dfe0a874-9a6c-4121-9f20-b0e7a85a5996___GCREC_Bact.Sp 5684.JPG,Tomato___Bacterial_spot,Tomato___Bacterial_spot,train,train,8,False
4036c2bc93ddafd3dcff34495f5b0bce4a3dbb0082bc8a04cc175cce47b2867c,885d8d92bdb8698711f8528a88075f64cb28cf1e3cdea0ce9feeb8f83966fd92,Tomato___healthy/5853fc45-5ce0-4b2c-a36e-18eda75a97c6___RS_HL 9632.JPG,Tomato___Tomato_Yellow_Leaf_Curl_Virus/cd4071de-f678-4095-ad66-fc6d218c7424___YLCV_GCREC 2900.JPG,Tomato___healthy,Tomato___Tomato_Yellow_Leaf_Curl_Virus,train,val,8,True
40a0a7c451bbdf6cc4dbba8c8d6dc99d3ce154f99fcd0e9fda84074221d305e2,514450f7d562cc4284cc56b8d9a78b225c4569b41b2626a7cf2c6a5d78095875,Tomato___Septoria_leaf_spot/8bf151ef-d3ca-47f9-b2d0-685ba9c5f229___Matt.S_CG 1453.JPG,Tomato___Tomato_Yellow_Leaf_Curl_Virus/6c74c99f-0377-4870-ac98-c1ad619d8a7a___YLCV_GCREC 2623.JPG,Tomato___Septoria_leaf_spot,Tomato___Tomato_Yellow_Leaf_Curl_Virus,train,val,8,True
40c590d0a595695adf97c9942bfaaadf4a31c60259f5d30212552742237805eb,32b6c0dd6fb7b88be8576305f626e71692a6bb3c21e2aa546eb13fcf6019438e,Tomato___Tomato_Yellow_Leaf_Curl_Virus/dc4756b0-aca4-4bad-a224-c6a3be0708bf___YLCV_GCREC 5239.JPG,Tomato___Septoria_leaf_spot/952f14ea-6697-4361-897f-a3123c69b7e4___Matt.S_CG 2790.JPG,Tomato___Tomato_Yellow_Leaf_Curl_Virus,Tomato___Septoria_leaf_spot,test,train,8,True
40f8f77d7bb7e3219940e77fc77d3cc08d4403ed6c704b81adcb6391168ee761,e328901b0f7058bc1ab0ba0cb01fa023675cf1f3494362ce67be888ba160b788,Tomato___Spider_mites Two-spotted_spider_mite/7ced165a-9659-4bd3-b729-e58cb9d36f50___Com.G_SpM_FL 1750.JPG,Tomato___Target_Spot/7b3f0354-12f7-471d-910a-32f3b671f95d___Com.G_TgS_FL 0773.JPG,Tomato___Spider_mites Two-spotted_spider_mite,Tomato___Target_Spot,train,train,8,False
4100beeb00518ed340656764fce19c603638ac22d8737dd54eb9ebc7513df371,ac371c01d883f959ecc069ca2ddb322f3ec701633622d5f742509d01db54c38c,Tomato___Tomato_Yellow_Leaf_Curl_Virus/513e8592-6fca-4084-bd75-cc1b52bf45dd___UF.GRC_YLCV_Lab 02461.JPG,Tomato___Tomato_Yellow_Leaf_Curl_Virus/b7b2732c-4481-4cbf-8dd0-8256642baf51___UF.GRC_YLCV_Lab 02455.JPG,Tomato___Tomato_Yellow_Leaf_Curl_Virus,Tomato___Tomato_Yellow_Leaf_Curl_Virus,train,train,8,False
4103c4090062a9a91306e4cfdf4ab963f4a5e5fce5771c31330024e04a73864a,316022b39541892ee4e7eeb7b279dea80b659eee3a201874120998ca0618f78c,Tomato___Early_blight/8b7b2dbe-cb3d-4ab1-a487-7c7d5553b796___RS_Erly.B 7448.JPG,Tomato___Early_blight/fcbc5323-1679-416c-bb10-534e686f21bd___RS_Erly.B 7801.JPG,Tomato___Early_blight,Tomato___Early_blight,train,train,8,False
4103c4090062a9a91306e4cfdf4ab963f4a5e5fce5771c31330024e04a73864a,79e3405b93570e56b421dc2d4fda845cc98d9772685d18daf76fb6949e495368,Tomato___Early_blight/8b7b2dbe-cb3d-4ab1-a487-7c7d5553b796___RS_Erly.B 7448.JPG,Tomato___Tomato_Yellow_Leaf_Curl_Virus/3e3324fe-c455-4fd7-9373-0d9af52a13a0___YLCV_GCREC 2221.JPG,Tomato___Early_blight,Tomato___Tomato_Yellow_Leaf_Curl_Virus,train,val,8,True
410d94f9ff962eb1d05a1c80fc009683e3d802ef6be066f33b76f5e1eac1c12b,4c674235f4e0b7465fecc78bafcde25bde0542725507f69d1376933001bf01f2,Tomato___Bacterial_spot/328b1cc5-6ac5-4689-9979-78bda50f5eec___GCREC_Bact.Sp 2949.JPG,Tomato___Tomato_Yellow_Leaf_Curl_Virus/0911d416-d73d-4c2a-8e45-207a7ceb7c9a___YLCV_GCREC 2773.JPG,Tomato___Bacterial_spot,Tomato___Tomato_Yellow_Leaf_Curl_Virus,train,train,8,False
4112365ed0d0ae0eb5f0bb258efde5a7dda5c7e5a514fa35daf2451530a486ef,724a5c9b636797497da35e0c2de4e75935b79f9c609964e0fc47a510967ed181,Tomato___Late_blight/8ad4d607-b0e5-4151-9455-66e8ece55ff7___GHLB2 Leaf 8774.JPG,Tomato___Late_blight/975cefdc-29dc-4355-b9bb-5abd4a910654___GHLB2 Leaf 8657.JPG,Tomato___Late_blight,Tomato___Late_blight,test,train,8,True
4128244536e8e31f1545aacd61c6723cda25e346f59828fb6b237b7d98adab6b,23e7c0f6e9345cb2ef138f7365355b172557a243d3992cb9eb1dd1cbfdcfa9f1,Tomato___Bacterial_spot/799f1c5e-d749-47d1-a8c9-d11f506ceed9___GCREC_Bact.Sp 5629.JPG,Tomato___Tomato_Yellow_Leaf_Curl_Virus/9a7ed46b-c399-44d6-bfde-43593776f56e___YLCV_GCREC 2452.JPG,Tomato___Bacterial_spot,Tomato___Tomato_Yellow_Leaf_Curl_Virus,train,val,8,True
413413e6696e97b2221b8a8f252bd94168089614254e970580a0db70ed4c05ad,b5023234c9eac4a2b99ff2a2c09ad4c966dfab9b33552a8cfd82b5add10c0a10,Tomato___Bacterial_spot/7b5a767a-b17f-42a6-a809-233e5b857ff4___GCREC_Bact.Sp 5819.JPG,Tomato___Bacterial_spot/b9072867-69f3-4ea7-9afb-06781b4a4f2f___GCREC_Bact.Sp 3253.JPG,Tomato___Bacterial_spot,Tomato___Bacterial_spot,train,train,8,False
4156209102e4dc8aee4c4cf717f377ebbd77062d0a838c37d194a35df5c0c3b9,40da2e9a8d86b5d8db2f62de70f4105c3b801186e6a590fd1618dd10d1b82338,Tomato___Tomato_Yellow_Leaf_Curl_Virus/7e6b55eb-7f0a-40c1-a49d-f304636387b1___YLCV_NREC 2293.JPG,Tomato___healthy/43f6d6f0-be8e-4120-8c86-fad3bcfd5c03___RS_HL 0180.JPG,Tomato___Tomato_Yellow_Leaf_Curl_Virus,Tomato___healthy,test,train,8,True
41946c04a96b68d5ed309726cb8f34594243e629bc953d4fbb01f81d347946fb,25d5a08f5d8f01b971b23fefcf43a638c94529ba50b86eb8850c69b7b1fee1ff,Tomato___Late_blight/5c5142ea-6b6b-4ea5-bd9c-b2da28bfadfa___RS_Late.B 5634.JPG,Tomato___Spider_mites Two-spotted_spider_mite/8638b153-2ee6-471d-9eb6-8900fb80bd38___Com.G_SpM_FL 8899.JPG,Tomato___Late_blight,Tomato___Spider_mites Two-spotted_spider_mite,train,train,8,False
41d68a30433d429b145d20a179def55a18a44f3ee1a048894fe63cbe24ff94eb,2e577a9542c0a34d2873670cd3b5f3416272ba063626154d7283fc3afe7d4a4d,Tomato___Bacterial_spot/cbbb4f7c-382f-420e-a1c8-e919af9497a7___GCREC_Bact.Sp 3192.JPG,Tomato___Bacterial_spot/e14b7ae8-96ff-47e0-8b35-aa7203dc49d5___GCREC_Bact.Sp 3020.JPG,Tomato___Bacterial_spot,Tomato___Bacterial_spot,train,val,8,True
41d68a30433d429b145d20a179def55a18a44f3ee1a048894fe63cbe24ff94eb,b1de9eedb6c5461ad3907786e46519a3470abcdc1287114acf4d78bc11d02a6c,Tomato___Bacterial_spot/cbbb4f7c-382f-420e-a1c8-e919af9497a7___GCREC_Bact.Sp 3192.JPG,Tomato___Bacterial_spot/8e0325d9-4504-4e3a-8013-a064b8c546f1___GCREC_Bact.Sp 3260.JPG,Tomato___Bacterial_spot,Tomato___Bacterial_spot,train,val,8,True
41df1f01beb6c53cb3f3981ee3540e404d97fce3c0efec5d45377bfed25e5551,ead2f920a8effb3d4af1cae7fab2d52d87ee28a9cfe2c4e24c3812dc3f6c9d74,Tomato___Leaf_Mold/b394a386-09e3-4dc9-b1cb-debf575963e6___Crnl_L.Mold 8908.JPG,Tomato___Leaf_Mold/774d3b86-63a3-46a7-9355-9aa512d70e19___Crnl_L.Mold 8914.JPG,Tomato___Leaf_Mold,Tomato___Leaf_Mold,test,val,8,True
420316c9a9fad65948abc0f237660a4a8f3a1df05f16b6faba9f0212ef973e41,a808397724e269f78745d5ba99836d1fbc424593661296179023aaf08dd612b2,Tomato___Tomato_Yellow_Leaf_Curl_Virus/6041f290-bdf5-425f-a38f-44f57a7548ba___UF.GRC_YLCV_Lab 02883.JPG,Tomato___Tomato_Yellow_Leaf_Curl_Virus/feb4e0fa-e4e7-4eb9-8948-ea1bac27fa1e___UF.GRC_YLCV_Lab 02872.JPG,Tomato___Tomato_Yellow_Leaf_Curl_Virus,Tomato___Tomato_Yellow_Leaf_Curl_Virus,val,val,8,False
42134a0475226832e00ddc9c96c290cfca08a8166d23fff9e0e5d38917c77eaf,f6e9d0129f80e878d54ef17f501a7695f6306f4cba697e2a9324ca157d3e7c72,Tomato___Septoria_leaf_spot/b35daee2-6cd8-486b-b054-d1cc7ad0bc66___JR_Sept.L.S 8567.JPG,Tomato___Tomato_Yellow_Leaf_Curl_Virus/ab32727c-c206-4253-bb66-97f332e1e3f0___YLCV_NREC 2723.JPG,Tomato___Septoria_leaf_spot,Tomato___Tomato_Yellow_Leaf_Curl_Virus,test,test,8,False
428366c7a9ac6c05bff686d4736da36e2920bd1f606c07cf8718c6bd6e6611c5,b6ac6eeec8d2aef5850bc784f1617436eb623104d2f0b5ba72f65267e62a240e,Tomato___Leaf_Mold/a1ac9a02-2ef0-4208-bc66-0e5be1b3d876___Crnl_L.Mold 8774.JPG,Tomato___Spider_mites Two-spotted_spider_mite/32cf04f5-dd0f-4c8b-9b92-f7b9b44b347e___Com.G_SpM_FL 8738.JPG,Tomato___Leaf_Mold,Tomato___Spider_mites Two-spotted_spider_mite,train,train,8,False
4298bf8afdae3318832ccef64ca000b318726b0f94f238a4adc4624636e8bc23,f09536279ba53f5f54422810a34670fdbc192b1a6b61976797443ddb4cb7e00c,Tomato___Septoria_leaf_spot/f8e19e45-a84d-4292-8849-8849518a2d4f___JR_Sept.L.S 8517.JPG,Tomato___Spider_mites Two-spotted_spider_mite/50468eb2-6dce-4229-85b9-fede51827beb___Com.G_SpM_FL 8681.JPG,Tomato___Septoria_leaf_spot,Tomato___Spider_mites Two-spotted_spider_mite,test,train,8,True
42f6a708fd222682da58838f06aadd33791e4c420403ecd491d98de1f36b5065,ca893e13c7dd3a54715bcfff5a98759a236b61219249fe9efaf00007d91838f9,Tomato___Late_blight/2c666dfe-4499-48cf-926c-ecdea7864087___GHLB2 Leaf 8947.JPG,Tomato___Late_blight/2e493726-b22f-4e98-a2e2-418a4425cafb___GHLB2 Leaf 8911.JPG,Tomato___Late_blight,Tomato___Late_blight,train,train,8,False
43568d095752dd0a75c22bc1e15fd77a986859060fa0ff9a63630c51180d9113,406c8c066854545c8823ad733315c4851b20cc56d0bfed05b5c171c9e0014933,Tomato___Tomato_Yellow_Leaf_Curl_Virus/b22d22f3-45fc-47f8-99d7-3afcbde3817a___UF.GRC_YLCV_Lab 02316.JPG,Tomato___Tomato_Yellow_Leaf_Curl_Virus/e0473055-55e0-4a4f-b570-54b6a65ecde5___UF.GRC_YLCV_Lab 02303.JPG,Tomato___Tomato_Yellow_Leaf_Curl_Virus,Tomato___Tomato_Yellow_Leaf_Curl_Virus,train,train,8,False
4382b3e8d3f1398c2d5c197ff55cb284e3f85dc63a62263ed7f9117b32ac28d8,ef3c739f0df131d0a1f6467fe05734b6f820f5b6bcbc77fe8e7309f88a4a0fc6,Tomato___Tomato_Yellow_Leaf_Curl_Virus/6bd39b91-63eb-4b23-9fe2-67ceed0a8a8c___UF.GRC_YLCV_Lab 02052.JPG,Tomato___Tomato_Yellow_Leaf_Curl_Virus/6f22936e-2dac-423c-b046-aa1fe8a25978___UF.GRC_YLCV_Lab 02053.JPG,Tomato___Tomato_Yellow_Leaf_Curl_Virus,Tomato___Tomato_Yellow_Leaf_Curl_Virus,train,val,8,True
43b70e4954a5723b6b08ac0943f1a1e41ef00e771fdba9357265e0f6cf0ff585,9a29127aad33b25e886c28b18f2b248bcb01c501193c958971fedf91753160f0,Tomato___healthy/902d49e5-febf-4970-b0fb-99a57e8e284b___GH_HL Leaf 179.JPG,Tomato___healthy/6b9b1ad6-3e75-4378-ad97-7dc9b8fa084e___GH_HL Leaf 179.1.JPG,Tomato___healthy,Tomato___healthy,test,train,8,True
43be7eecd3bd861c76aae0f9d5333fbf8434bb4f65a13e7124f87b9b6f485c41,2c1e960371ed96cfbba013c8a41b187341a2703e15176835b6e25ec32db3f820,Tomato___Bacterial_spot/df2cde45-b06c-421e-b0b9-955bf8b8f2e7___GCREC_Bact.Sp 2978.JPG,Tomato___Tomato_Yellow_Leaf_Curl_Virus/de8fb56b-d3f3-4691-bb7c-0aaeaba74e81___YLCV_GCREC 2466.JPG,Tomato___Bacterial_spot,Tomato___Tomato_Yellow_Leaf_Curl_Virus,train,train,8,False
43c07198705ef002db0f34989b3eb441a09a9c1019df5a6c7df8591eeb87397a,257ed003f3ec2e9670f3a093761bd949392e107d6e27f28ed2ed4c9a2a892593,Tomato___Tomato_Yellow_Leaf_Curl_Virus/0c1943b0-e26d-451b-921f-b1127fa9c56d___UF.GRC_YLCV_Lab 02523.JPG,Tomato___Tomato_Yellow_Leaf_Curl_Virus/f6472197-3d9c-467a-8fd3-bc6b743d6e00___UF.GRC_YLCV_Lab 02522.JPG,Tomato___Tomato_Yellow_Leaf_Curl_Virus,Tomato___Tomato_Yellow_Leaf_Curl_Virus,train,train,8,False
43f6c74ca1d0d39023a83ee736cf5d73b6c17e36093eb89953578e7ab2b4b048,d4e33583abaea39f85990e299d1b3e17879fd6afb0aa9f55578066b424aed6ce,Tomato___Spider_mites Two-spotted_spider_mite/a80f6d23-395d-4a7e-bd55-805e723f2b45___Com.G_SpM_FL 9622.JPG,Tomato___Target_Spot/db1798d0-9c2c-4239-812a-f5328e5a3502___Com.G_TgS_FL 9822.JPG,Tomato___Spider_mites Two-spotted_spider_mite,Tomato___Target_Spot,train,train,8,False
4413079f119baab6942514b4ad6ba9719f715abe8c1dafc1e77623d7b4db6b16,6776f4e660957e9d84508611e4d27a1412f45bd4bfbc2f064b1fcdfc230cb83f,Tomato___Bacterial_spot/3381632e-1e9b-4141-b6a2-b42c8fd06c87___GCREC_Bact.Sp 6009.JPG,Tomato___Tomato_Yellow_Leaf_Curl_Virus/75fbe8d1-9d11-4039-9973-ba2599641426___UF.GRC_YLCV_Lab 02548.JPG,Tomato___Bacterial_spot,Tomato___Tomato_Yellow_Leaf_Curl_Virus,train,train,8,False
446beddb844c10089c865e1289fc06f715951cd0511400fd088a808717c7d291,18799ef90c8cc35fb07937f504d1a4859a382737af49fc0a4323f3b943ca0c19,Tomato___Septoria_leaf_spot/2eb010be-cfb9-40cf-9b69-0521e5ecf2a1___Matt.S_CG 1263.JPG,Tomato___Tomato_Yellow_Leaf_Curl_Virus/c438b6b2-d243-429a-b06b-9ef7e1557fb2___YLCV_GCREC 2482.JPG,Tomato___Septoria_leaf_spot,Tomato___Tomato_Yellow_Leaf_Curl_Virus,train,train,8,False
446beddb844c10089c865e1289fc06f715951cd0511400fd088a808717c7d291,1b7c7bfd7a0e5320c54ac87c823c0a5c0f2e5230c18f570ca344526fa47cd27f,Tomato___Septoria_leaf_spot/2eb010be-cfb9-40cf-9b69-0521e5ecf2a1___Matt.S_CG 1263.JPG,Tomato___Early_blight/5a62e38f-8042-4ca8-8df6-2bdeed7e9a7b___RS_Erly.B 9493.JPG,Tomato___Septoria_leaf_spot,Tomato___Early_blight,train,val,8,True
448b409459ee1e6ece79058579ce38b9926a8700e990a0ada01c003c72d22bcf,4948b41e2bb113e536037a6f1aece56eca768a44e08ead4d86a7dffdcab88717,Tomato___healthy/c58defb7-5515-4b89-896f-13039c13051f___GH_HL Leaf 372.1.JPG,Tomato___healthy/bb06c1c7-3f4d-45d0-8882-b2eb8861b834___GH_HL Leaf 372.JPG,Tomato___healthy,Tomato___healthy,test,train,8,True
44aaa8d216b63ab23c3e658079d7bec52bbe2306b992a84079a4435c48d56b58,de1ac5f6f040b6f52b2822df0eaffc0e786651ade347939b301a6ffba46177c3,Tomato___Septoria_leaf_spot/75e1a134-05cb-4236-80cf-277121c6bb2b___Matt.S_CG 6923.JPG,Tomato___Septoria_leaf_spot/fdf8c942-a8a1-49f1-ad3d-e4b492a7a145___Matt.S_CG 1590.JPG,Tomato___Septoria_leaf_spot,Tomato___Septoria_leaf_spot,train,train,8,False
44d68cb8cc75e462cc9ab8d00e940fc2c2ef52ea75516a53d03a457c8594da9d,6277bd8913be0b8c38e06e1411e9338b9a54d206dd66fa12ca176756e1f73494,Tomato___Spider_mites Two-spotted_spider_mite/33e0bed5-9b9e-46ba-9f85-42f86d6f06eb___Com.G_SpM_FL 9453.JPG,Tomato___Tomato_Yellow_Leaf_Curl_Virus/71e1f9e6-cd1a-4b49-8138-17eb6220a549___YLCV_NREC 2937.JPG,Tomato___Spider_mites Two-spotted_spider_mite,Tomato___Tomato_Yellow_Leaf_Curl_Virus,test,train,8,True
455f15dc92cfe1bd56ec4fac7311230abd5122f9f6573f3c1df9d08dd3c847eb,8918dc13ead6d0e08bb429ec5b89874f7644cc2ca87f9e4ac585e10ca6cb9ecc,Tomato___Leaf_Mold/a3e7a5cc-1dbc-4492-8a07-15c12c97493f___Crnl_L.Mold 6548.JPG,Tomato___Leaf_Mold/be834e45-b191-48c6-a47d-832bd36f1774___Crnl_L.Mold 8739.JPG,Tomato___Leaf_Mold,Tomato___Leaf_Mold,train,train,8,False
45b0c4b7c909622d5d1f3f69d8d73599cdaf13a8b5f6fb085a80ace886ff148a,8be3ac2d1fea885fc13a782e5af70e40daba397f9697395506f2efd58757d89b,Tomato___Tomato_Yellow_Leaf_Curl_Virus/83bd57f8-9061-4b1d-ac71-b426f16c7be6___UF.GRC_YLCV_Lab 02870.JPG,Tomato___Tomato_Yellow_Leaf_Curl_Virus/0ef08a25-e24e-4ac7-96b7-fbc28046ce34___UF.GRC_YLCV_Lab 02884.JPG,Tomato___Tomato_Yellow_Leaf_Curl_Virus,Tomato___Tomato_Yellow_Leaf_Curl_Virus,train,val,8,True
45b0c4b7c909622d5d1f3f69d8d73599cdaf13a8b5f6fb085a80ace886ff148a,91bc8042ac008322de8a41fbc2980011eb9225653c7eebf3a525cc896010b0f1,Tomato___Tomato_Yellow_Leaf_Curl_Virus/83bd57f8-9061-4b1d-ac71-b426f16c7be6___UF.GRC_YLCV_Lab 02870.JPG,Tomato___Tomato_Yellow_Leaf_Curl_Virus/a04cd262-ad83-468f-94c1-6142da11a28c___UF.GRC_YLCV_Lab 02876.JPG,Tomato___Tomato_Yellow_Leaf_Curl_Virus,Tomato___Tomato_Yellow_Leaf_Curl_Virus,train,train,8,False
45b0c4b7c909622d5d1f3f69d8d73599cdaf13a8b5f6fb085a80ace886ff148a,a808397724e269f78745d5ba99836d1fbc424593661296179023aaf08dd612b2,Tomato___Tomato_Yellow_Leaf_Curl_Virus/83bd57f8-9061-4b1d-ac71-b426f16c7be6___UF.GRC_YLCV_Lab 02870.JPG,Tomato___Tomato_Yellow_Leaf_Curl_Virus/feb4e0fa-e4e7-4eb9-8948-ea1bac27fa1e___UF.GRC_YLCV_Lab 02872.JPG,Tomato___Tomato_Yellow_Leaf_Curl_Virus,Tomato___Tomato_Yellow_Leaf_Curl_Virus,train,val,8,True
45dd00f4c4075b1e9705415c2d173c47970031c4dd93afb182cc68e5d71efca7,1b30d8466d35c3ad4de7380ceda8c890bd2d286152d01efced95a0077e2baf8c,Tomato___Bacterial_spot/650a2408-9d62-4ebc-92ca-689e2612e248___GCREC_Bact.Sp 3325.JPG,Tomato___Bacterial_spot/891189aa-f345-470c-91ad-509bae4bf611___GCREC_Bact.Sp 3277.JPG,Tomato___Bacterial_spot,Tomato___Bacterial_spot,train,val,8,True
45deab2ba3b479bfc4ce266699dd0c5194c53977930317e7f264b9d98fbb19c7,652c58f0de5f570d2d41372d73663eb9babee3afa16183d3c8d4705ec3ab6fc1,Tomato___Bacterial_spot/409570ee-0708-46a7-a65b-592a682cf3cc___GCREC_Bact.Sp 2986.JPG,Tomato___Septoria_leaf_spot/381296fd-87f1-4238-a725-b052eb876ee3___Matt.S_CG 1429.JPG,Tomato___Bacterial_spot,Tomato___Septoria_leaf_spot,test,train,8,True
45f33bbe8942639eb19dc463274c03927f1ced33dc7df8f3c154ded0a9844a90,feb904c334ffd09a9ae13662361d69ec0fe92751025bd86df1112a80fe52a408,Tomato___Tomato_Yellow_Leaf_Curl_Virus/bbc63a52-2d8c-41b9-ad18-86f8022a70b7___UF.GRC_YLCV_Lab 09436.JPG,Tomato___Tomato_Yellow_Leaf_Curl_Virus/ec7d8dde-84ea-44c9-bf4c-60ba75ca4a37___UF.GRC_YLCV_Lab 09439.JPG,Tomato___Tomato_Yellow_Leaf_Curl_Virus,Tomato___Tomato_Yellow_Leaf_Curl_Virus,train,val,8,True
45f51b1fc1e9574707825a7affbcef6a552189fe88819c9f0424889a3a1a7259,6f9c120fb6f63398418241f3e943a71f3e4aa22e5fe6d2b3b9ad2de219e7f2cf,Tomato___Target_Spot/30e99558-7eac-4fbc-a9dc-7f2af1d8ee23___Com.G_TgS_FL 0782.JPG,Tomato___Target_Spot/87bd85f0-649b-4f89-8f86-35d15460520f___Com.G_TgS_FL 7933.JPG,Tomato___Target_Spot,Tomato___Target_Spot,train,train,8,False
45fd6c2e0a36af8739d275290e37035986852d272d33ba2f9f640f903424b5ca,d76a86dbef31ea21a5114104db1394570cd6297bc2bb2fd4b4db0ab6b60e93d4,Tomato___Septoria_leaf_spot/5e23a1a8-d7b8-4bf4-9f02-941159d8ed44___JR_Sept.L.S 8382.JPG,Tomato___Spider_mites Two-spotted_spider_mite/957e88e1-8803-4ded-a7bc-35144fc25665___Com.G_SpM_FL 9254.JPG,Tomato___Septoria_leaf_spot,Tomato___Spider_mites Two-spotted_spider_mite,train,train,8,False
4655c8860351a52a0b2622cf14b434cf39ccc41ad37a92d72b1c0b5dc35b2ea5,98b2106d6e25f65117aa1dfb4538907d3679423554ee535b9817770b4803be5f,Tomato___Bacterial_spot/67c8bbdb-ba79-4c64-897f-e9052728df45___GCREC_Bact.Sp 3008.JPG,Tomato___Tomato_Yellow_Leaf_Curl_Virus/9da69a97-4b54-42df-b7f3-e6e48a7de84a___YLCV_GCREC 2788.JPG,Tomato___Bacterial_spot,Tomato___Tomato_Yellow_Leaf_Curl_Virus,train,train,8,False
468ec3e5a034f176dc8c6e3cd0ea96fabcbb615da168d680c47b3b2831cc29c6,bac2256c4009f0fd388f266e51134aad5aac236dd9f01ea34e1ae3e0a2999e51,Tomato___Tomato_Yellow_Leaf_Curl_Virus/ffa378ce-ee74-4bd3-bb05-ad43d05a91d1___UF.GRC_YLCV_Lab 02805.JPG,Tomato___Tomato_Yellow_Leaf_Curl_Virus/defed5ef-bce4-4f46-800d-8dc029e5e78a___UF.GRC_YLCV_Lab 02804.JPG,Tomato___Tomato_Yellow_Leaf_Curl_Virus,Tomato___Tomato_Yellow_Leaf_Curl_Virus,test,train,8,True
46ccfc0cf7ee95afabb7710ff2dfd0dacc58d42e58ba0cf41f1218c90a997b6a,d8fa4e14eca5dfbad7e6890753100f99783a42c566ee50a394034ddc39dca8f8,Tomato___Tomato_Yellow_Leaf_Curl_Virus/fe40e21d-3391-4c08-9fce-c78de4b4c366___YLCV_GCREC 2264.JPG,Tomato___Spider_mites Two-spotted_spider_mite/6cc782cb-b61e-40a1-8feb-bb205a36c161___Com.G_SpM_FL 1437.JPG,Tomato___Tomato_Yellow_Leaf_Curl_Virus,Tomato___Spider_mites Two-spotted_spider_mite,train,val,8,True
46d6afb5ed3ece8083c855d92241c0aaa0b1aff9a3c31a1b26d77990d27488a8,579b94744a072d604f0cb949951e6f9ad12885c002a4adfc3f025e7c7e9eea9b,Tomato___Bacterial_spot/ec84b7c0-20c8-4b60-9389-a0dbef553184___GCREC_Bact.Sp 6361.JPG,Tomato___Bacterial_spot/f3febe3a-8dfb-442c-a227-8c77d63e7252___GCREC_Bact.Sp 5823.JPG,Tomato___Bacterial_spot,Tomato___Bacterial_spot,train,val,8,True
46fa3b9bcbd69274f2ee892787f26d6ad3e1d382951762db1320b0ec75a39136,9a8df682a27a5ff51307ea45c072c7d1227e91c1e4684a16e3edca7323607e3f,Tomato___Spider_mites Two-spotted_spider_mite/bdb1071d-586d-4cdf-a792-a15af76ed9cf___Com.G_SpM_FL 8670.JPG,Tomato___Bacterial_spot/27a806fe-06f2-48fb-92cf-32d44d545606___GCREC_Bact.Sp 3052.JPG,Tomato___Spider_mites Two-spotted_spider_mite,Tomato___Bacterial_spot,train,val,8,True
46fa3b9bcbd69274f2ee892787f26d6ad3e1d382951762db1320b0ec75a39136,f3f01a94a24b3f16895337666a2747f20ad2108d6953f2a236ccaf4228dc4529,Tomato___Spider_mites Two-spotted_spider_mite/bdb1071d-586d-4cdf-a792-a15af76ed9cf___Com.G_SpM_FL 8670.JPG,Tomato___Tomato_Yellow_Leaf_Curl_Virus/5a66a625-94be-49c4-8711-0ed3e773fb45___YLCV_GCREC 2261.JPG,Tomato___Spider_mites Two-spotted_spider_mite,Tomato___Tomato_Yellow_Leaf_Curl_Virus,train,train,8,False
4763a5df7cd4fee9279708fb9616aa826e931a8757ac920838274bee9ac0e728,57898467b81c460bb2ff0c1929f349be0a81ba93e49f4b0e0fe8b7b8e6a8ee41,Tomato___Tomato_Yellow_Leaf_Curl_Virus/4092188d-cf1d-40c8-90e9-2d9bd6845a14___UF.GRC_YLCV_Lab 09563.JPG,Tomato___Tomato_Yellow_Leaf_Curl_Virus/4a60344b-ba5b-49a6-879c-e2289e02ec46___UF.GRC_YLCV_Lab 09558.JPG,Tomato___Tomato_Yellow_Leaf_Curl_Virus,Tomato___Tomato_Yellow_Leaf_Curl_Virus,train,train,8,False
47dfd29384cd0b4814351f682967fbe21bd60cb3324348765861e78e3b3cee6c,2da635763ccda0bb127fccc156d84fa8bb2bde1b38255df55e20fc952534b329,Tomato___Spider_mites Two-spotted_spider_mite/9948c2d2-66cb-4d93-9314-b87ccc259490___Com.G_SpM_FL 9520.JPG,Tomato___Spider_mites Two-spotted_spider_mite/a515cf30-960a-46ec-b19a-9d66894029d6___Com.G_SpM_FL 9519.JPG,Tomato___Spider_mites Two-spotted_spider_mite,Tomato___Spider_mites Two-spotted_spider_mite,train,train,8,False
47ebe1d4196223c4dd298b1861c7afadad6a1cba750d10182ae91b59362e26f8,4036c2bc93ddafd3dcff34495f5b0bce4a3dbb0082bc8a04cc175cce47b2867c,Tomato___Tomato_Yellow_Leaf_Curl_Virus/8a3586e1-da3f-42bc-85e2-b82b4e103f9f___UF.GRC_YLCV_Lab 01688.JPG,Tomato___healthy/5853fc45-5ce0-4b2c-a36e-18eda75a97c6___RS_HL 9632.JPG,Tomato___Tomato_Yellow_Leaf_Curl_Virus,Tomato___healthy,train,train,8,False
4809556e160d8ea36c4bb901ecad3cde1a7361420e8b353db9d5cd9ad7f33302,54ec2cff6511cd9907720d61177a69255764fb7c46ad1cc4a8e5dcab86c70bc5,Tomato___Bacterial_spot/a88da7e7-fe37-42e3-bbe6-784f82ed1099___GCREC_Bact.Sp 5828.JPG,Tomato___Bacterial_spot/f1164b16-0b05-413e-be8d-79d85901e34b___GCREC_Bact.Sp 3443.JPG,Tomato___Bacterial_spot,Tomato___Bacterial_spot,train,train,8,False
483a56ba7a83ebb656b12c51637dc946024695f4424d66b6a04bec7e2a860729,ab1c1706db08eb7f70a14ce1f1a7c78440f29600526af8c8cb36dfbe86692a95,Tomato___healthy/3b4a011c-68ae-4b84-90b5-27ef4b2d3447___GH_HL Leaf 255.JPG,Tomato___healthy/709e6c14-61e3-4157-b371-f143ca5b1fda___GH_HL Leaf 256.JPG,Tomato___healthy,Tomato___healthy,train,val,8,True
483d24d630476a0cf3c9096339024671b9a699004cd80cd0253265e99f1e188e,0a1f99c5b844a32ce53513ec8fc085571c14b872772a636bac35a3c75c9846cb,Tomato___Bacterial_spot/e8d5ea0b-2943-4529-9238-b0f7d087250b___GCREC_Bact.Sp 3056.JPG,Tomato___Target_Spot/6d8550bb-b43d-4e66-a5fc-f320110ad625___Com.G_TgS_FL 9905.JPG,Tomato___Bacterial_spot,Tomato___Target_Spot,train,val,8,True
483d24d630476a0cf3c9096339024671b9a699004cd80cd0253265e99f1e188e,0c8aba5d8918d33203d34971f3370308010406b6e517a4c86a223341a7e06cf3,Tomato___Bacterial_spot/e8d5ea0b-2943-4529-9238-b0f7d087250b___GCREC_Bact.Sp 3056.JPG,Tomato___Septoria_leaf_spot/57628952-daac-46fc-950e-f57e3b418703___Matt.S_CG 7653.JPG,Tomato___Bacterial_spot,Tomato___Septoria_leaf_spot,train,train,8,False
483d24d630476a0cf3c9096339024671b9a699004cd80cd0253265e99f1e188e,122aa3b0ac374bdc4c356feaa74175cd8a72704ac9ab0aaf99023e5434f1e334,Tomato___Bacterial_spot/e8d5ea0b-2943-4529-9238-b0f7d087250b___GCREC_Bact.Sp 3056.JPG,Tomato___Target_Spot/225b37a6-449f-4436-92be-ae3299f968a4___Com.G_TgS_FL 8197.JPG,Tomato___Bacterial_spot,Tomato___Target_Spot,train,train,8,False
483d24d630476a0cf3c9096339024671b9a699004cd80cd0253265e99f1e188e,892a18d1929c2c9e22ca5332c777a89c91e345d21c0a6079b21081e808b36762,Tomato___Bacterial_spot/e8d5ea0b-2943-4529-9238-b0f7d087250b___GCREC_Bact.Sp 3056.JPG,Tomato___Spider_mites Two-spotted_spider_mite/5c0e506b-b1cb-49a7-b764-b80b73d4244e___Com.G_SpM_FL 1196.JPG,Tomato___Bacterial_spot,Tomato___Spider_mites Two-spotted_spider_mite,train,train,8,False
483d24d630476a0cf3c9096339024671b9a699004cd80cd0253265e99f1e188e,eacd66681479fc9c3c02be9f51e347388f7baffbaf82a093e0334fdb9aa38e31,Tomato___Bacterial_spot/e8d5ea0b-2943-4529-9238-b0f7d087250b___GCREC_Bact.Sp 3056.JPG,Tomato___Early_blight/0f12e22b-49a9-4d9a-84bc-76bb86ed2a14___RS_Erly.B 9572.JPG,Tomato___Bacterial_spot,Tomato___Early_blight,train,train,8,False
48731509a7dce82631eb90a0b4b88c1a4519e8f5c4e474c557f3a60e66acce0c,1f01fddc725275286daefdeaaab84eb62bb545007024155957c1b9e9263277e7,Tomato___Spider_mites Two-spotted_spider_mite/2a1b18db-6bbb-4c36-ad06-bf0fcaa5c4b8___Com.G_SpM_FL 1418.JPG,Tomato___Spider_mites Two-spotted_spider_mite/b922a594-89b4-417f-ba52-b38eda920525___Com.G_SpM_FL 1398.JPG,Tomato___Spider_mites Two-spotted_spider_mite,Tomato___Spider_mites Two-spotted_spider_mite,test,val,8,True
48731509a7dce82631eb90a0b4b88c1a4519e8f5c4e474c557f3a60e66acce0c,65d5841056acea4499c01d1de191528ee70ff957efe15a81ed33e984ae353acb,Tomato___Spider_mites Two-spotted_spider_mite/2a1b18db-6bbb-4c36-ad06-bf0fcaa5c4b8___Com.G_SpM_FL 1418.JPG,Tomato___Spider_mites Two-spotted_spider_mite/e9b2e448-c8b7-4fde-b1f2-1ab86dce0b86___Com.G_SpM_FL 1330.JPG,Tomato___Spider_mites Two-spotted_spider_mite,Tomato___Spider_mites Two-spotted_spider_mite,test,train,8,True
487ff0c4f44753857559351da560a8c8df7eeecffa1132a2922db3cb8588f381,3e71b2b25be8e016e94a75c1719b50afb808ea805241d7be917e7e2f26fbfecb,Tomato___Bacterial_spot/d7c6cfbf-059c-40b2-b920-8a1815c32374___GCREC_Bact.Sp 6063.JPG,Tomato___Late_blight/a9d292cb-2aaf-44cd-a1ef-bec9b05308b9___RS_Late.B 7005.JPG,Tomato___Bacterial_spot,Tomato___Late_blight,train,train,8,False
487ff0c4f44753857559351da560a8c8df7eeecffa1132a2922db3cb8588f381,b2483e217f6613b3b34c41b99140d72cb3f342c4e4bae0bf746d28d26652d294,Tomato___Bacterial_spot/d7c6cfbf-059c-40b2-b920-8a1815c32374___GCREC_Bact.Sp 6063.JPG,Tomato___Tomato_Yellow_Leaf_Curl_Virus/d9a67b32-d238-4277-a1d9-b32fef751762___YLCV_GCREC 2145.JPG,Tomato___Bacterial_spot,Tomato___Tomato_Yellow_Leaf_Curl_Virus,train,train,8,False
487ff0c4f44753857559351da560a8c8df7eeecffa1132a2922db3cb8588f381,b465a36bbeba6988d054d7d3e8d389bfc2141e9c44edaacd8919302217603c9c,Tomato___Bacterial_spot/d7c6cfbf-059c-40b2-b920-8a1815c32374___GCREC_Bact.Sp 6063.JPG,Tomato___Bacterial_spot/fb703e38-2ea0-468f-9958-0f88be8e1fb0___GCREC_Bact.Sp 3126.JPG,Tomato___Bacterial_spot,Tomato___Bacterial_spot,train,val,8,True
48d07a6aaed27ecfc8b4aeaf307f9a9d6220dd6f81eaa2b9b8d606d5274dfd89,5c9e92306b722afa58604c84aa4ee4b0571ea8614c45c310be324157a6dff35b,Tomato___Early_blight/36c17d6d-9e00-4e7c-bf14-eaadb64b508d___RS_Erly.B 7641.JPG,Tomato___Bacterial_spot/1eb86f3d-7d18-41b8-b33c-807662b2d2df___GCREC_Bact.Sp 5555.JPG,Tomato___Early_blight,Tomato___Bacterial_spot,test,train,8,True
48d07a6aaed27ecfc8b4aeaf307f9a9d6220dd6f81eaa2b9b8d606d5274dfd89,d00a4f076a0c793d89aed82c3fe7b11d13312480e963c6bbcf95066b2ca1f78b,Tomato___Early_blight/36c17d6d-9e00-4e7c-bf14-eaadb64b508d___RS_Erly.B 7641.JPG,Tomato___Bacterial_spot/f58a3d12-29e7-4f43-a189-fa80df8f8e72___GCREC_Bact.Sp 5691.JPG,Tomato___Early_blight,Tomato___Bacterial_spot,test,train,8,True
48d2b9639dd396582de5077fa614b10cff63b73925bb608dc62e6363150f1f64,eacd66681479fc9c3c02be9f51e347388f7baffbaf82a093e0334fdb9aa38e31,Tomato___Bacterial_spot/b0827469-6ac0-4a9e-baca-ac4763b00f95___GCREC_Bact.Sp 5866.JPG,Tomato___Early_blight/0f12e22b-49a9-4d9a-84bc-76bb86ed2a14___RS_Erly.B 9572.JPG,Tomato___Bacterial_spot,Tomato___Early_blight,train,train,8,False
48f64a20a1f11053999f555448229367d89ce0371bb34a94f88c7e34f26a0d58,601c6a311622b12ca0dcdc12628fa075459feaf1c5abf3a94c0f4429515d94e0,Tomato___Target_Spot/d4d1505c-7798-4961-a44a-c190c3dd2b55___Com.G_TgS_FL 9997.JPG,Tomato___Target_Spot/9a8a98fe-5fd4-4630-bd49-35cfd3672e8b___Com.G_TgS_FL 9706.JPG,Tomato___Target_Spot,Tomato___Target_Spot,train,val,8,True
495c28654559e521da244fbe81c0f375ca6b2709b9ede79142081015398ba89f,8f9b5957ddc2cb483f33a0634bdef2f297aef0fb06de86d3a395667e70d14e98,Tomato___Target_Spot/711094f0-53c5-4d10-a471-88b5384ec30c___Com.G_TgS_FL 1054.JPG,Tomato___healthy/f021c403-3d7b-4369-a928-531ca45c3b08___RS_HL 9682.JPG,Tomato___Target_Spot,Tomato___healthy,train,train,8,False
497978e94529774f9b800dbc10b8ec3e494ac61f4fda4f04be002b1445aff2ad,b37b3556737da97f9ea8a0748ce9bb100622119f361f8a1b5841832655ab2baa,Tomato___Early_blight/ad898210-9539-4fe4-abf0-a568b57ff205___RS_Erly.B 6336.JPG,Tomato___Target_Spot/1fb8b2d9-f0ac-4af2-8ac7-9304558a88e8___Com.G_TgS_FL 7998.JPG,Tomato___Early_blight,Tomato___Target_Spot,train,train,8,False
497f7941b5d9d5988f175a103f5b73498b04e0d7fb292a0dee41234dc5d974b2,972b5dd0f5bd1da969dba2849c52564b0628414e08dc1b3dcaa505f602bf3f59,Tomato___Bacterial_spot/5c973c59-c8da-4a3a-bd99-a645d0f83936___GCREC_Bact.Sp 6362.JPG,Tomato___Septoria_leaf_spot/b6b5c469-9b5a-4b91-ac32-c11f1a9fc8df___Matt.S_CG 2503.JPG,Tomato___Bacterial_spot,Tomato___Septoria_leaf_spot,train,train,8,False
49b10ef53f07c3db19b50fb09c2abdcc7dab6950a26ddd19d789a9bc825515dd,42904fc6c3ad0edae6e877ab0a91c8dab05ca194e09bfa9f8d9bae2a8deb0f8e,Tomato___Early_blight/250f6c43-1800-4c21-9d73-cc51fe144bbc___RS_Erly.B 6356.JPG,Tomato___Bacterial_spot/ed17ee54-fc7b-43a7-8945-c8ddc3b4dfdb___GCREC_Bact.Sp 5741.JPG,Tomato___Early_blight,Tomato___Bacterial_spot,test,train,8,True
49dc48451f2923a73b5fdfcf882f24d3af7b03d9c2ad7e2660757e922e1d69f3,6166cced56f9e432f42711c361a94397e01960551bff5f33068fe39eb495f75a,Tomato___Bacterial_spot/6f825e2c-3ee2-4250-8c60-9ec3026d6a85___GCREC_Bact.Sp 3118.JPG,Tomato___Tomato_Yellow_Leaf_Curl_Virus/4f33b7d2-4a76-4d3c-9a7f-5753e080582c___YLCV_GCREC 2014.JPG,Tomato___Bacterial_spot,Tomato___Tomato_Yellow_Leaf_Curl_Virus,test,train,8,True
49fbc81f34bea9280ac0bac3a14cf1e567b475c6fd2343f1cea338c541118b33,8c37f9b6803cd26c46bfd020115cc905b59299cf69afca8e90f2c59ca3e725e9,Tomato___Tomato_Yellow_Leaf_Curl_Virus/307fce09-a14f-4c25-a3a3-5db9bee937b3___UF.GRC_YLCV_Lab 02435.JPG,Tomato___Tomato_Yellow_Leaf_Curl_Virus/ab0df9e1-a409-4d9d-92c7-7b707da9dc12___UF.GRC_YLCV_Lab 02447.JPG,Tomato___Tomato_Yellow_Leaf_Curl_Virus,Tomato___Tomato_Yellow_Leaf_Curl_Virus,train,train,8,False
4a3d005850e3706358e876cd0c1452b707e3b2a0a3faf1853b71eab59b27ba86,83b1fe8b624a27f4388bb645d35831245bda2c0e55f4405188811ebba55b620a,Tomato___Bacterial_spot/d78cf219-53eb-4269-830d-e1822caa8fdd___GCREC_Bact.Sp 5755.JPG,Tomato___Bacterial_spot/f675726b-1569-4147-9af2-23ac17a555ec___GCREC_Bact.Sp 3150.JPG,Tomato___Bacterial_spot,Tomato___Bacterial_spot,train,train,8,False
4a3d005850e3706358e876cd0c1452b707e3b2a0a3faf1853b71eab59b27ba86,85755db315b74e5920c82e8e39ffceab29a51b0b0771b8e9b4db825917621e51,Tomato___Bacterial_spot/d78cf219-53eb-4269-830d-e1822caa8fdd___GCREC_Bact.Sp 5755.JPG,Tomato___Tomato_Yellow_Leaf_Curl_Virus/b633d977-9372-4286-9a34-792b7fae45b8___YLCV_GCREC 2622.JPG,Tomato___Bacterial_spot,Tomato___Tomato_Yellow_Leaf_Curl_Virus,train,train,8,False
4a4270e890fa7eae84663d29742ff0184fd7484a793095c51d9c213bb643189a,273a5d7e7e8efd2beb7caf9bc9d93f3b00c44329cffbf35d1da0df03f793dee1,Tomato___Spider_mites Two-spotted_spider_mite/1ea67ad6-cd45-45f3-a5a0-30474042f0fc___Com.G_SpM_FL 9389.JPG,Tomato___Tomato_mosaic_virus/176ff795-1f59-4248-8374-bf5a88187934___PSU_CG 2160.JPG,Tomato___Spider_mites Two-spotted_spider_mite,Tomato___Tomato_mosaic_virus,train,train,8,False
4accb953d11d8bc6c74e4eef5d0ab2b5c2948f4482a2e33f7ce9b669f42457e5,348d9db94ef547c1512bc8a7a1097d18acd36c379e0ba91ab75e71fb125ef0f7,Tomato___Spider_mites Two-spotted_spider_mite/25025d43-973f-4f07-8a3f-0457749ea4e6___Com.G_SpM_FL 9642.JPG,Tomato___Spider_mites Two-spotted_spider_mite/14c0db1b-b549-4b15-82ae-9f88fe857365___Com.G_SpM_FL 9650.JPG,Tomato___Spider_mites Two-spotted_spider_mite,Tomato___Spider_mites Two-spotted_spider_mite,test,train,8,True
4b136d56263d245a20fd1a8cdf89f33b348c34e1492249b1bb0b34adaeedd433,9e8fa8a83a2841672031dbb0081de5566de23f2dff3fddd07548e9277644826d,Tomato___Bacterial_spot/0893cbc5-7c6f-4ed2-863a-78f0bdb31ba0___GCREC_Bact.Sp 6174.JPG,Tomato___Early_blight/65590648-dcda-4455-b1ca-9311e4e6d0af___RS_Erly.B 7659.JPG,Tomato___Bacterial_spot,Tomato___Early_blight,train,train,8,False
4bd580a1207d8c47844cfae61cb77bcd01ffb6636f71131da4f6ce9c1d9dba1b,65cae5927dc455067e45941b4277bdba6fe5234d70802fbc7df1138f2f0adf69,Tomato___Tomato_Yellow_Leaf_Curl_Virus/1989388c-8084-4046-8d6d-30143211f047___UF.GRC_YLCV_Lab 02333.JPG,Tomato___Tomato_Yellow_Leaf_Curl_Virus/cc007d31-b838-4ce8-b5ac-572bbe788084___UF.GRC_YLCV_Lab 02324.JPG,Tomato___Tomato_Yellow_Leaf_Curl_Virus,Tomato___Tomato_Yellow_Leaf_Curl_Virus,val,val,8,False
4c226a64e9febdcfffb50bafa6ded45c96d233d1f537b9270137c18c90cc82a2,d98877a6d927e387fb373965077d505ba05f0fafcb0e750ebc14f36958215c5c,Tomato___Leaf_Mold/b31c5c8a-aac0-4cad-af32-2b10e2fa64f6___Crnl_L.Mold 7053.JPG,Tomato___Tomato_mosaic_virus/a409fdf6-263d-4160-b007-52e531010def___PSU_CG 2291.JPG,Tomato___Leaf_Mold,Tomato___Tomato_mosaic_virus,train,train,8,False
4c59daa8b974bb8c4d8d8912e02b0d85b1ab88f5b470aecdf4077f274e6cf12d,ff881d6bd10ac025b73ff192a396fb348600008f9cfcdc4e2896575e72bab945,Tomato___Spider_mites Two-spotted_spider_mite/b7fb98ad-68d6-46b9-9f17-9d3f111b20fb___Com.G_SpM_FL 1676.JPG,Tomato___healthy/ba5a98fb-b13c-4984-984f-d05a60ad9dfb___RS_HL 9716.JPG,Tomato___Spider_mites Two-spotted_spider_mite,Tomato___healthy,train,train,8,False
4c81ab09460709468609d759ed8db0d348ccd92b136fc4d8bd614c4571d0d61f,8a48edef1a7780fa80c2a7fb2fdd727b65868002418d6e73cba2b5a1790a8951,Tomato___Tomato_Yellow_Leaf_Curl_Virus/720c12e4-f0ee-4e1d-8505-e615df06bbef___UF.GRC_YLCV_Lab 02624.JPG,Tomato___Tomato_Yellow_Leaf_Curl_Virus/f3918648-a3a6-461e-941a-9920db2f1ca6___UF.GRC_YLCV_Lab 02619.JPG,Tomato___Tomato_Yellow_Leaf_Curl_Virus,Tomato___Tomato_Yellow_Leaf_Curl_Virus,train,train,8,False
4c81ab09460709468609d759ed8db0d348ccd92b136fc4d8bd614c4571d0d61f,91425b219772291b34d8e9df4687376d7d5ce204a4a07f8c3cc5f5eb61765815,Tomato___Tomato_Yellow_Leaf_Curl_Virus/720c12e4-f0ee-4e1d-8505-e615df06bbef___UF.GRC_YLCV_Lab 02624.JPG,Tomato___Tomato_Yellow_Leaf_Curl_Virus/c7328a1e-ca49-4576-b106-0efe6a5409a6___UF.GRC_YLCV_Lab 02617.JPG,Tomato___Tomato_Yellow_Leaf_Curl_Virus,Tomato___Tomato_Yellow_Leaf_Curl_Virus,train,train,8,False
4c98b8805df30e3f08e585ade6cf12d9620677cddabf4bd0e85ee483e0f23a6a,695ab1fcc6c74f2b85ae630be2200610b3c0d4c7a4189d7e19d4dec39768f46e,Tomato___Bacterial_spot/d5291fc4-6702-407a-a09f-1c8e2e7455fc___GCREC_Bact.Sp 5642.JPG,Tomato___Bacterial_spot/e6167368-bc1b-4f68-a725-cbcee3d930fb___GCREC_Bact.Sp 3510.JPG,Tomato___Bacterial_spot,Tomato___Bacterial_spot,train,train,8,False
4cdcf956a56f5ad0e3b5662c20071123cbae9982fe0e583dcff37290c20c9a66,f8be14717662f93c51e90f3413c914391de9e949ebf2f3a57de8b3492848c5da,Tomato___Spider_mites Two-spotted_spider_mite/01720a27-7595-496b-bf53-dbe5c8c1e2c3___Com.G_SpM_FL 8476.JPG,Tomato___Leaf_Mold/9829462d-ce9d-4f1e-a44c-bb586a4a5f83___Crnl_L.Mold 6948.JPG,Tomato___Spider_mites Two-spotted_spider_mite,Tomato___Leaf_Mold,test,train,8,True
4cdcf956a56f5ad0e3b5662c20071123cbae9982fe0e583dcff37290c20c9a66,fe53466178c1187e4aa9e5b1bd036d34984ec04d89e568398b036c2c146e89df,Tomato___Spider_mites Two-spotted_spider_mite/01720a27-7595-496b-bf53-dbe5c8c1e2c3___Com.G_SpM_FL 8476.JPG,Tomato___Spider_mites Two-spotted_spider_mite/9fb18019-23c3-482e-9cdf-a9520238cf29___Com.G_SpM_FL 9617.JPG,Tomato___Spider_mites Two-spotted_spider_mite,Tomato___Spider_mites Two-spotted_spider_mite,test,train,8,True
4d1a18c9923b6d7a746f1e4435271478449c1c5babdf698e950f3311e8261f54,5fb8ab66175d553dd2c9c12153114c388ffe94b3deaf4a7c2d621c8644c6c33b,Tomato___Tomato_Yellow_Leaf_Curl_Virus/05cf960c-00c5-4a93-a3d4-0be3ba9871f6___UF.GRC_YLCV_Lab 02633.JPG,Tomato___Tomato_Yellow_Leaf_Curl_Virus/a773a7f6-b969-498f-93ad-b14f3b84dbe8___UF.GRC_YLCV_Lab 02634.JPG,Tomato___Tomato_Yellow_Leaf_Curl_Virus,Tomato___Tomato_Yellow_Leaf_Curl_Virus,train,train,8,False
4d1a18c9923b6d7a746f1e4435271478449c1c5babdf698e950f3311e8261f54,7d1ee4fdb5af730bb32fdbb4875544338b25916f474b72d42ef738c0125882ee,Tomato___Tomato_Yellow_Leaf_Curl_Virus/05cf960c-00c5-4a93-a3d4-0be3ba9871f6___UF.GRC_YLCV_Lab 02633.JPG,Tomato___Tomato_Yellow_Leaf_Curl_Virus/6159812d-5f51-4c3e-b3b6-cddf626893a3___UF.GRC_YLCV_Lab 02640.JPG,Tomato___Tomato_Yellow_Leaf_Curl_Virus,Tomato___Tomato_Yellow_Leaf_Curl_Virus,train,train,8,False
4d1a18c9923b6d7a746f1e4435271478449c1c5babdf698e950f3311e8261f54,833a593e91b1db3f9f3e6bfaeb83e2378107c2ac9f86f01c61b04fe56798b1a8,Tomato___Tomato_Yellow_Leaf_Curl_Virus/05cf960c-00c5-4a93-a3d4-0be3ba9871f6___UF.GRC_YLCV_Lab 02633.JPG,Tomato___Tomato_Yellow_Leaf_Curl_Virus/bb292b2e-4447-4433-bab9-d8e1e29c7d5b___UF.GRC_YLCV_Lab 02635.JPG,Tomato___Tomato_Yellow_Leaf_Curl_Virus,Tomato___Tomato_Yellow_Leaf_Curl_Virus,train,train,8,False
4d6473eeefbe65cb85167286049b43499c363b0fbb703cc415c4004b4b17853b,04d733820f4cd0200149a853e865a8e5ab38565e9d755e1fa95eb41a5eef2dad,Tomato___Leaf_Mold/791aae0d-94d2-4d06-b696-6ffd297f2ccb___Crnl_L.Mold 8888.JPG,Tomato___Leaf_Mold/c02f3863-3012-4f3a-873e-8003d73a54f9___Crnl_L.Mold 6520.JPG,Tomato___Leaf_Mold,Tomato___Leaf_Mold,train,train,8,False
4d75270fe2bbff89c424fbc3350ecc74d222671d112c29880923a86f4c7b3195,2a08a12e29106e2dc830a17206db8c3c4bc3d41c7c1a49d2329b7d12a031190d,Tomato___Tomato_Yellow_Leaf_Curl_Virus/615a35a3-9a43-4325-8411-6548b893df15___YLCV_GCREC 2851.JPG,Tomato___Spider_mites Two-spotted_spider_mite/c632fc41-93b2-4655-abee-cfba25000d1b___Com.G_SpM_FL 1476.JPG,Tomato___Tomato_Yellow_Leaf_Curl_Virus,Tomato___Spider_mites Two-spotted_spider_mite,test,val,8,True
4d75270fe2bbff89c424fbc3350ecc74d222671d112c29880923a86f4c7b3195,514450f7d562cc4284cc56b8d9a78b225c4569b41b2626a7cf2c6a5d78095875,Tomato___Tomato_Yellow_Leaf_Curl_Virus/615a35a3-9a43-4325-8411-6548b893df15___YLCV_GCREC 2851.JPG,Tomato___Tomato_Yellow_Leaf_Curl_Virus/6c74c99f-0377-4870-ac98-c1ad619d8a7a___YLCV_GCREC 2623.JPG,Tomato___Tomato_Yellow_Leaf_Curl_Virus,Tomato___Tomato_Yellow_Leaf_Curl_Virus,test,val,8,True
4d75270fe2bbff89c424fbc3350ecc74d222671d112c29880923a86f4c7b3195,dd901da0ab1e18c9147f8604fc532660ce58202c125dcbc198c075a9e8cfcf0b,Tomato___Tomato_Yellow_Leaf_Curl_Virus/615a35a3-9a43-4325-8411-6548b893df15___YLCV_GCREC 2851.JPG,Tomato___Bacterial_spot/5d1f3889-f029-4ebd-834d-9e39d775b070___GCREC_Bact.Sp 5996.JPG,Tomato___Tomato_Yellow_Leaf_Curl_Virus,Tomato___Bacterial_spot,test,train,8,True
4d8bbf97011b9ed7dfcf30ef6a81c4adcd7b49bda00bbe575e0a6d923f1882c5,5f74feec6bbd2499e8073c7af3b1cf7ff5a5926522a73bc2757a2ee97fef75f8,Tomato___Septoria_leaf_spot/4e91dd84-5a88-4b2f-8c08-b48a1c0bfc4c___Matt.S_CG 6575.JPG,Tomato___Bacterial_spot/841ea726-5c4a-4447-9f56-0eda38f002d2___GCREC_Bact.Sp 3388.JPG,Tomato___Septoria_leaf_spot,Tomato___Bacterial_spot,train,val,8,True
4d8bbf97011b9ed7dfcf30ef6a81c4adcd7b49bda00bbe575e0a6d923f1882c5,83903a7444c6fa27f4d4462363b2330c0e0938e57b12c30efcc1749dc671e64c,Tomato___Septoria_leaf_spot/4e91dd84-5a88-4b2f-8c08-b48a1c0bfc4c___Matt.S_CG 6575.JPG,Tomato___Septoria_leaf_spot/70ee4f41-ddc6-4626-9a67-44c3a072e509___Matt.S_CG 6680.JPG,Tomato___Septoria_leaf_spot,Tomato___Septoria_leaf_spot,train,train,8,False
4ddef025a695044884dd9b84e541d7d83f5de40432551a95d828f615aadd0c77,2cc731e0a2d8c91370c2459cdeb9959abc0d2614a51a57f841e264c54b95ccb1,Tomato___Spider_mites Two-spotted_spider_mite/00fa99e8-2605-4d72-be69-98277587d84b___Com.G_SpM_FL 1453.JPG,Tomato___Septoria_leaf_spot/f13ab290-0715-4c2c-bd6a-f72a044e2096___Matt.S_CG 0676.JPG,Tomato___Spider_mites Two-spotted_spider_mite,Tomato___Septoria_leaf_spot,train,val,8,True
4e023fb714e0c20386fff3d03e7b1e47a101b3b07d56587652c0f4849f9e74f8,9a8df682a27a5ff51307ea45c072c7d1227e91c1e4684a16e3edca7323607e3f,Tomato___Bacterial_spot/e277b59d-2e55-4117-92c7-93996599ef02___GCREC_Bact.Sp 3168.JPG,Tomato___Bacterial_spot/27a806fe-06f2-48fb-92cf-32d44d545606___GCREC_Bact.Sp 3052.JPG,Tomato___Bacterial_spot,Tomato___Bacterial_spot,train,val,8,True
4e133998d23477841a0aaa9a8dd393ea48be1df77aaf23b8c9924a406475f760,5301278739f2455935bafcdd4f9d5727e047c3a552f4f61355f186c6f68389c6,Tomato___Tomato_Yellow_Leaf_Curl_Virus/9a75713a-1bfb-4584-9004-f32cfde08703___YLCV_GCREC 5208.JPG,Tomato___Septoria_leaf_spot/e5a5d1bd-7ff8-4b04-bdcd-dde9c678802a___JR_Sept.L.S 2647.JPG,Tomato___Tomato_Yellow_Leaf_Curl_Virus,Tomato___Septoria_leaf_spot,test,train,8,True
4e179498459af4d7c15ea67dccf59670312be9f37171a2ec5605e44759fd18e5,e804327bc56e69c54f70e31d5e297984810425865b54d7e3aac2b7994d1af4bf,Tomato___Tomato_Yellow_Leaf_Curl_Virus/f112226f-4a2e-4b09-a355-7d7e1ff9308f___YLCV_NREC 0308.JPG,Tomato___Tomato_Yellow_Leaf_Curl_Virus/9ed260d7-af82-45c4-80f1-bfb8918fe71e___YLCV_NREC 2426.JPG,Tomato___Tomato_Yellow_Leaf_Curl_Virus,Tomato___Tomato_Yellow_Leaf_Curl_Virus,test,val,8,True
4eb251346629dc445837fc01aa749bd970a063a7755e1f38ded95352324e41de,560e06c3370f08bb36c7ca485cda5064eb5a06ee793643831f69b13ecb38c978,Tomato___Spider_mites Two-spotted_spider_mite/7c425456-e0e6-4594-a8ef-a195c4d5b088___Com.G_SpM_FL 9463.JPG,Tomato___Spider_mites Two-spotted_spider_mite/cb50c515-6885-4fc5-903e-b9fbac229a37___Com.G_SpM_FL 1667.JPG,Tomato___Spider_mites Two-spotted_spider_mite,Tomato___Spider_mites Two-spotted_spider_mite,train,train,8,False
4eb251346629dc445837fc01aa749bd970a063a7755e1f38ded95352324e41de,9fffaab3e78da9765107c4f8cd105c51cd1f87a871e4a5a62a53dc6d3b6af9f9,Tomato___Spider_mites Two-spotted_spider_mite/7c425456-e0e6-4594-a8ef-a195c4d5b088___Com.G_SpM_FL 9463.JPG,Tomato___Spider_mites Two-spotted_spider_mite/83d3d054-0ca6-41bd-9b65-ae5d27f9605d___Com.G_SpM_FL 1384.JPG,Tomato___Spider_mites Two-spotted_spider_mite,Tomato___Spider_mites Two-spotted_spider_mite,train,val,8,True
4eb6aafaea6f51eb00f65674a74657c3e9ede9c5a29d87e9356d997437e7f4d3,04d733820f4cd0200149a853e865a8e5ab38565e9d755e1fa95eb41a5eef2dad,Tomato___Leaf_Mold/78cfaa28-9259-4225-8641-5dfaceab2118___Crnl_L.Mold 6690.JPG,Tomato___Leaf_Mold/c02f3863-3012-4f3a-873e-8003d73a54f9___Crnl_L.Mold 6520.JPG,Tomato___Leaf_Mold,Tomato___Leaf_Mold,test,train,8,True
4eb6aafaea6f51eb00f65674a74657c3e9ede9c5a29d87e9356d997437e7f4d3,31845c3f3dd6044497843aae3c0dc3fa4cd91a75dc051a26acbaa889b042858d,Tomato___Leaf_Mold/78cfaa28-9259-4225-8641-5dfaceab2118___Crnl_L.Mold 6690.JPG,Tomato___Bacterial_spot/bd510221-f461-40d9-a959-1ca05a478fd6___GCREC_Bact.Sp 3331.JPG,Tomato___Leaf_Mold,Tomato___Bacterial_spot,test,train,8,True
4ed2e748b51b9ac8dda57ab501cabbfc01cddd369644702286163d03428e0790,a04b56ef476a3ca479c88f5851f3b88dc024db05919c4500571f1522acb3d75e,Tomato___Spider_mites Two-spotted_spider_mite/ac1d7686-c250-47b4-a16d-046305b99d2a___Com.G_SpM_FL 8725.JPG,Tomato___Tomato_Yellow_Leaf_Curl_Virus/291ee93a-1f02-4d58-b376-54999cb136da___YLCV_GCREC 5217.JPG,Tomato___Spider_mites Two-spotted_spider_mite,Tomato___Tomato_Yellow_Leaf_Curl_Virus,train,val,8,True
4f585493e685e6c3f626561f61135ba6eedbdff1866ec76510c93fa2e8a1ae63,2555bf2ac1ba4e2783de100d36f37538044775a4cf610c06765c8a93bdf539c4,Tomato___Septoria_leaf_spot/441abb22-345f-4188-a6d6-6080e6f08152___JR_Sept.L.S 8479.JPG,Tomato___Spider_mites Two-spotted_spider_mite/53135776-95ce-433b-ba86-79b18856a676___Com.G_SpM_FL 8601.JPG,Tomato___Septoria_leaf_spot,Tomato___Spider_mites Two-spotted_spider_mite,train,train,8,False
4fb62d11b9c99e42856eadb5cc26450287afd577716d96ceb9ad2246ab38daf5,72d966777ee58e751a4a1069293a6a4e3c897dab235132671167e307c278f6bc,Tomato___Tomato_Yellow_Leaf_Curl_Virus/486e621f-336e-42c5-a1c8-d9ccde04ec4e___YLCV_NREC 0147.JPG,Tomato___Tomato_Yellow_Leaf_Curl_Virus/a1e1c763-0b15-46be-a205-8530232f0384___YLCV_NREC 2874.JPG,Tomato___Tomato_Yellow_Leaf_Curl_Virus,Tomato___Tomato_Yellow_Leaf_Curl_Virus,train,train,8,False
4ffb56901cc2b5bcf400331d8c39306275528923b9331916d706d66cb6a97c23,7e3adfa64a1ae8509269fee33af8227fe874f7597d9bef62531d87838070322d,Tomato___Leaf_Mold/55495e8f-9873-4dda-a02e-32736fed032a___Crnl_L.Mold 6499.JPG,Tomato___Target_Spot/4f742898-78c7-4f18-b98b-937734263cbe___Com.G_TgS_FL 0884.JPG,Tomato___Leaf_Mold,Tomato___Target_Spot,test,train,8,True
506bdf74d75a6e016b304e4354ee6365cb187d60420f6f42f11606c1e5a1dfb0,18f9a253f71ad7b9c0df9698f8cd82b2b3f7c9cabd6770dbd8bb01723274a1f7,Tomato___Bacterial_spot/d4e4f6a5-f887-48b1-83d5-44e6f834cab4___GCREC_Bact.Sp 6064.JPG,Tomato___Tomato_Yellow_Leaf_Curl_Virus/c1d48af7-665a-436b-872a-2ccccf30e09b___YLCV_GCREC 2218.JPG,Tomato___Bacterial_spot,Tomato___Tomato_Yellow_Leaf_Curl_Virus,test,train,8,True
506bdf74d75a6e016b304e4354ee6365cb187d60420f6f42f11606c1e5a1dfb0,c6d911ccc42fe7d337ebc4946f156c9918a70c6b75697ebab99b18f569873a84,Tomato___Bacterial_spot/d4e4f6a5-f887-48b1-83d5-44e6f834cab4___GCREC_Bact.Sp 6064.JPG,Tomato___Bacterial_spot/93425b8b-4f69-47ec-bbd7-15723bd9b563___GCREC_Bact.Sp 6004.JPG,Tomato___Bacterial_spot,Tomato___Bacterial_spot,test,val,8,True
5095bb802c32704e3a25ef1b5fd9cd50627b2037b7f52065c5672b22fbf248b3,285b4d9fc0d4c2870b03fb2fe7bc4653ad631636794cea037f9c49d3a6a72347,Tomato___Spider_mites Two-spotted_spider_mite/d50b9da6-eb7a-4552-aea7-d74b6da2e071___Com.G_SpM_FL 8607.JPG,Tomato___Target_Spot/11d94c10-2699-48ee-b3fb-27d4ac60aeaf___Com.G_TgS_FL 9894.JPG,Tomato___Spider_mites Two-spotted_spider_mite,Tomato___Target_Spot,train,val,8,True
5095bb802c32704e3a25ef1b5fd9cd50627b2037b7f52065c5672b22fbf248b3,8a4e2da95bbb492c37f58e3d7409d0cc2f1220fa2051db517b75337159759061,Tomato___Spider_mites Two-spotted_spider_mite/d50b9da6-eb7a-4552-aea7-d74b6da2e071___Com.G_SpM_FL 8607.JPG,Tomato___Target_Spot/d10a8e5b-bf53-45de-adbe-ea42f9bcb937___Com.G_TgS_FL 9910.JPG,Tomato___Spider_mites Two-spotted_spider_mite,Tomato___Target_Spot,train,train,8,False
50f8911f62af0ccdba0555674e8fa8f1f431528c7b24b02cd27b65ff99379280,e659b850b2c9aff6e7b30e1f4023726e42320b4459dd47c9ab816dc32175ab57,Tomato___Bacterial_spot/07238109-52ed-4369-b16c-6f5844858b81___UF.GRC_BS_Lab Leaf 0447.JPG,Tomato___Bacterial_spot/5125393a-d835-478f-acf2-d40bfa421d5b___UF.GRC_BS_Lab Leaf 0458.JPG,Tomato___Bacterial_spot,Tomato___Bacterial_spot,train,train,8,False
512f075bd5309e0f8e25133626650817b30c9645637eba4bab80c7621fcdf667,34e76372e6bc419a79f58f065adba4928df8c4a7703ca4f91f634b543ff6948f,Tomato___Tomato_Yellow_Leaf_Curl_Virus/35a7c22a-0c4a-4706-aad7-42f70f9e20a5___UF.GRC_YLCV_Lab 01320.JPG,Tomato___Tomato_Yellow_Leaf_Curl_Virus/3a5a7bd1-55df-4afd-a9d5-0e93fd42be27___UF.GRC_YLCV_Lab 01324.JPG,Tomato___Tomato_Yellow_Leaf_Curl_Virus,Tomato___Tomato_Yellow_Leaf_Curl_Virus,train,val,8,True
5168a878ceaadab80746d99f01a18c79b4736a6a90758620c351e652f4c9e1f0,08893c13cc92fa91f331adb99d22bf2634c87b3c91869f1978afa6ec0977fe1b,Tomato___Late_blight/dbb9fbf0-e196-4730-ac80-859b7dd74188___RS_Late.B 5498.JPG,Tomato___Septoria_leaf_spot/c7b40855-4938-49bd-9b74-02d3cb06c1a3___Matt.S_CG 6555.JPG,Tomato___Late_blight,Tomato___Septoria_leaf_spot,train,train,8,False
5237b69629e988aab3426b358aacdb27e5094d57a463f824e05938bf26e3094f,e38752b3eb03c5793d5a362bcb46bf28073d8adaf03bdcc0aba4744476ea1ba0,Tomato___Septoria_leaf_spot/3ff747b1-7cec-42e2-a938-9af10afeab8c___Matt.S_CG 1285.JPG,Tomato___Bacterial_spot/a6d6640b-c086-44f5-a53f-8cb59f72a7b4___GCREC_Bact.Sp 5886.JPG,Tomato___Septoria_leaf_spot,Tomato___Bacterial_spot,train,val,8,True
52b31fc013a5f6c16e6b6bd9f73d5561def2ecf7f05618f4db0299e1be2a18d3,b63a6beffbe3fe1881740024aca5a68442b79dfdf28fdecc7fe1a36ea06698b5,Tomato___Late_blight/b9acddbe-1fc4-44a8-9802-91f0d9f57e22___RS_Late.B 5026.JPG,Tomato___Leaf_Mold/1bfe7244-44ab-4fac-abe5-f229217cdf0b___Crnl_L.Mold 6815.JPG,Tomato___Late_blight,Tomato___Leaf_Mold,train,train,8,False
52d570f983633cd9890b4aaca95f399c74a4f2ee97ef49c2914a2ad0de3103f1,82b85062d2103f192fc301bb31ce586a53d198546cfe4a84e2bba726e4f1ccc7,Tomato___Spider_mites Two-spotted_spider_mite/1ff30221-d082-4dd3-ab7b-0028ecf897db___Com.G_SpM_FL 9608.JPG,Tomato___Spider_mites Two-spotted_spider_mite/a75666ed-91d1-4f47-bcf2-554c8a5a3fd5___Com.G_SpM_FL 9551.JPG,Tomato___Spider_mites Two-spotted_spider_mite,Tomato___Spider_mites Two-spotted_spider_mite,train,train,8,False
52d570f983633cd9890b4aaca95f399c74a4f2ee97ef49c2914a2ad0de3103f1,9fffaab3e78da9765107c4f8cd105c51cd1f87a871e4a5a62a53dc6d3b6af9f9,Tomato___Spider_mites Two-spotted_spider_mite/1ff30221-d082-4dd3-ab7b-0028ecf897db___Com.G_SpM_FL 9608.JPG,Tomato___Spider_mites Two-spotted_spider_mite/83d3d054-0ca6-41bd-9b65-ae5d27f9605d___Com.G_SpM_FL 1384.JPG,Tomato___Spider_mites Two-spotted_spider_mite,Tomato___Spider_mites Two-spotted_spider_mite,train,val,8,True
52d570f983633cd9890b4aaca95f399c74a4f2ee97ef49c2914a2ad0de3103f1,bcc1087f1e34b8dbad24e44ee969456502be09cd4aa415ff06e011e6e7b57237,Tomato___Spider_mites Two-spotted_spider_mite/1ff30221-d082-4dd3-ab7b-0028ecf897db___Com.G_SpM_FL 9608.JPG,Tomato___Spider_mites Two-spotted_spider_mite/f7b7b4c8-1420-4ffe-ba64-97be026edeb4___Com.G_SpM_FL 8978.JPG,Tomato___Spider_mites Two-spotted_spider_mite,Tomato___Spider_mites Two-spotted_spider_mite,train,train,8,False
52df820b414431df55e174b81df8f2907be3a92ca25e76769e8094698243b41f,678157ebd827b21c4618c0592a54688509e1450a22b1687b31fef7f1ebbde53b,Tomato___Bacterial_spot/e4dad7d3-b043-4dc9-9b41-0df12c1a6823___GCREC_Bact.Sp 5822.JPG,Tomato___Bacterial_spot/7ce15eb0-95ec-4196-a8c0-efa2905523a5___GCREC_Bact.Sp 3193.JPG,Tomato___Bacterial_spot,Tomato___Bacterial_spot,test,train,8,True
52df820b414431df55e174b81df8f2907be3a92ca25e76769e8094698243b41f,856960946febc5e0bbf1acd4862fb3d21c5c839e66391d5a1e1db4a8935589a3,Tomato___Bacterial_spot/e4dad7d3-b043-4dc9-9b41-0df12c1a6823___GCREC_Bact.Sp 5822.JPG,Tomato___Bacterial_spot/51cb7cc6-9562-4d43-9b6d-0bf168ea8ddd___GCREC_Bact.Sp 5854.JPG,Tomato___Bacterial_spot,Tomato___Bacterial_spot,test,train,8,True
52df820b414431df55e174b81df8f2907be3a92ca25e76769e8094698243b41f,ae3be762d68ef49a93b244a5686d853b838c8f9bcf0a116b87a82bf240f3b64e,Tomato___Bacterial_spot/e4dad7d3-b043-4dc9-9b41-0df12c1a6823___GCREC_Bact.Sp 5822.JPG,Tomato___Early_blight/e221d1fa-e003-44eb-a0b0-57e8fcd73fd3___RS_Erly.B 7571.JPG,Tomato___Bacterial_spot,Tomato___Early_blight,test,test,8,False
52df820b414431df55e174b81df8f2907be3a92ca25e76769e8094698243b41f,e4c41996a3d990062542b13c30666cf35dcc957f37fbefb4f482ed95b1c21067,Tomato___Bacterial_spot/e4dad7d3-b043-4dc9-9b41-0df12c1a6823___GCREC_Bact.Sp 5822.JPG,Tomato___Septoria_leaf_spot/df46d711-05b9-48cd-b175-24391bbb92ad___Matt.S_CG 7664.JPG,Tomato___Bacterial_spot,Tomato___Septoria_leaf_spot,test,train,8,True
5301278739f2455935bafcdd4f9d5727e047c3a552f4f61355f186c6f68389c6,b3510e0bff977ceefe9d3d9769e56b6e4d668a881a91aba162d4b6d234199c80,Tomato___Septoria_leaf_spot/e5a5d1bd-7ff8-4b04-bdcd-dde9c678802a___JR_Sept.L.S 2647.JPG,Tomato___Septoria_leaf_spot/06778fed-2b98-49b1-a9d3-d57765586a3f___Matt.S_CG 2795.JPG,Tomato___Septoria_leaf_spot,Tomato___Septoria_leaf_spot,train,val,8,True
532e057e58f47db44c32730d6f5260211c5849dbbd7ef04033af38bb13c28de3,eb2c32f4e6b4b47a728c60bc6a5f741eaaa1529c4e50a6b91356c9fef4c2cba2,Tomato___Bacterial_spot/55f46365-0a3b-4194-b830-8b0b74bf1a19___GCREC_Bact.Sp 3106.JPG,Tomato___Tomato_Yellow_Leaf_Curl_Virus/cfe4a82e-6ed7-44a3-b2d5-ab1cf52df728___YLCV_GCREC 5435.JPG,Tomato___Bacterial_spot,Tomato___Tomato_Yellow_Leaf_Curl_Virus,test,val,8,True
53308d5c9212e3b204b004f5136c1455f3fc696d6a3be995e3a5bf1a02b482b9,46ccfc0cf7ee95afabb7710ff2dfd0dacc58d42e58ba0cf41f1218c90a997b6a,Tomato___Spider_mites Two-spotted_spider_mite/d5d0d5ae-7bcf-407b-ab78-84950dc1980c___Com.G_SpM_FL 8703.JPG,Tomato___Tomato_Yellow_Leaf_Curl_Virus/fe40e21d-3391-4c08-9fce-c78de4b4c366___YLCV_GCREC 2264.JPG,Tomato___Spider_mites Two-spotted_spider_mite,Tomato___Tomato_Yellow_Leaf_Curl_Virus,train,train,8,False
538a2ad59717f32cd2bd822901c53b7bb45fcac75c86a9cbecb4ed5784060608,85755db315b74e5920c82e8e39ffceab29a51b0b0771b8e9b4db825917621e51,Tomato___Bacterial_spot/3dde2c0b-a6d1-49f7-bcdc-3a615ea9d0c0___GCREC_Bact.Sp 5731.JPG,Tomato___Tomato_Yellow_Leaf_Curl_Virus/b633d977-9372-4286-9a34-792b7fae45b8___YLCV_GCREC 2622.JPG,Tomato___Bacterial_spot,Tomato___Tomato_Yellow_Leaf_Curl_Virus,train,train,8,False
539548aa08f2ada5508901653077b0460d1758aa8e6a1ec22e5b96ba069bdebb,3d801a24d7e2b793f35ee0e616cf297a14ce891378c702fd93b0c5e1b403bb86,Tomato___Spider_mites Two-spotted_spider_mite/fe1c35cf-8f9d-4986-b8b3-6d116bc8b388___Com.G_SpM_FL 8633.JPG,Tomato___Target_Spot/b9c0a1d0-87ff-4b7a-99be-e9d9bc51927e___Com.G_TgS_FL 9687.JPG,Tomato___Spider_mites Two-spotted_spider_mite,Tomato___Target_Spot,train,train,8,False
5395984faa9f2be7701c124cd9b9f7e90fe46fa12178e3a71c508304f58fee7c,0afad2c42bd4d2924211a0d60ad4cdf053b24841693eb0acf7b3e5471b9d62fa,Tomato___Tomato_Yellow_Leaf_Curl_Virus/d88d1e13-2d41-47b1-88ed-e1a19459e2d1___UF.GRC_YLCV_Lab 03102.JPG,Tomato___Tomato_Yellow_Leaf_Curl_Virus/992db8f0-bf57-4971-b1d6-e9aa6fc84a44___UF.GRC_YLCV_Lab 03227.JPG,Tomato___Tomato_Yellow_Leaf_Curl_Virus,Tomato___Tomato_Yellow_Leaf_Curl_Virus,train,val,8,True
53a6767db829e6c05f80b38288e2cdb6e7fa728241d1de5e70e9d5aa1bfbff45,72b420af080db372574e64946f78e2ed80cb9017c789c4ea148178f3c77a567b,Tomato___Leaf_Mold/44400a5b-bbc1-4298-bf1a-d104eea5cda8___Crnl_L.Mold 6718.JPG,Tomato___Leaf_Mold/8f4781c0-53fa-4056-839e-400915d8aa5e___Crnl_L.Mold 6683.JPG,Tomato___Leaf_Mold,Tomato___Leaf_Mold,train,train,8,False
53e35c6b8dd5deb92e475f9ad3917f8a4810076ff0a841460cf695f4056700b7,0bafa3b248e01f913b2468ffc99819cc64b1724be00adf299a9440272d283503,Tomato___Spider_mites Two-spotted_spider_mite/0f94b000-c54f-45c1-b976-22cb57dda0c4___Com.G_SpM_FL 9640.JPG,Tomato___Spider_mites Two-spotted_spider_mite/d39a5841-b206-4eb3-a84d-1df91c7205aa___Com.G_SpM_FL 9641.JPG,Tomato___Spider_mites Two-spotted_spider_mite,Tomato___Spider_mites Two-spotted_spider_mite,train,train,8,False
53e35c6b8dd5deb92e475f9ad3917f8a4810076ff0a841460cf695f4056700b7,b93dd2f2a0d7555f518d4571afbf02d2f7184ec516bb4ffca7747e8a44b92d7b,Tomato___Spider_mites Two-spotted_spider_mite/0f94b000-c54f-45c1-b976-22cb57dda0c4___Com.G_SpM_FL 9640.JPG,Tomato___Tomato_Yellow_Leaf_Curl_Virus/33bfdfb8-ca72-4d84-a7dc-e37d4b538195___YLCV_NREC 2332.JPG,Tomato___Spider_mites Two-spotted_spider_mite,Tomato___Tomato_Yellow_Leaf_Curl_Virus,train,train,8,False
54351aa7f09744c62565828d1576440f799a528052d5c87f68451034904b86f3,a61a0b9a63b62b9d49f8260254ef505aeaab94856bd0b7a45524d78ebe3d02eb,Tomato___Target_Spot/23b8aa36-5173-44a0-825d-612eed98eaeb___Com.G_TgS_FL 0037.JPG,Tomato___Tomato_Yellow_Leaf_Curl_Virus/ba2c5eed-9c8f-4e1a-8ae4-1108d54f1ca0___YLCV_GCREC 5447.JPG,Tomato___Target_Spot,Tomato___Tomato_Yellow_Leaf_Curl_Virus,val,val,8,False
54bdfe4652d08f50e58177d7e66ad0bca9d480f2ed17cde4e47a1789a4eaa62a,316bd0318298f1ab2470c2815ce00c9700605bbd063ecea1295d9d9ac27c805b,Tomato___Target_Spot/3af60900-f42e-490e-a5ff-94c410e856d9___Com.G_TgS_FL 0804.JPG,Tomato___healthy/7a51866d-a48a-4443-8243-b7de56104946___RS_HL 0311.JPG,Tomato___Target_Spot,Tomato___healthy,train,train,8,False
54ec2cff6511cd9907720d61177a69255764fb7c46ad1cc4a8e5dcab86c70bc5,3e71b2b25be8e016e94a75c1719b50afb808ea805241d7be917e7e2f26fbfecb,Tomato___Bacterial_spot/f1164b16-0b05-413e-be8d-79d85901e34b___GCREC_Bact.Sp 3443.JPG,Tomato___Late_blight/a9d292cb-2aaf-44cd-a1ef-bec9b05308b9___RS_Late.B 7005.JPG,Tomato___Bacterial_spot,Tomato___Late_blight,train,train,8,False
5557d4adc53fb55f44160cd65e7b6642479621e6a5de57f5bef19bcb82d3f1bc,4d83f8b45d0dc2c495a65a5e4dd9dcd4184b151dd0d15856e4ad332bd5327a29,Tomato___Spider_mites Two-spotted_spider_mite/c9f90de8-89ec-4a39-a117-30c89006a204___Com.G_SpM_FL 1281.JPG,Tomato___Spider_mites Two-spotted_spider_mite/fff8949b-3721-4f42-a489-8d39753fe7bb___Com.G_SpM_FL 8656.JPG,Tomato___Spider_mites Two-spotted_spider_mite,Tomato___Spider_mites Two-spotted_spider_mite,train,train,8,False
55c3326c7aa9feb3e74ce58fde8d7decb7804dd218c97ee9586086ca18220e73,4e4ad120030f899d56bd8bf273a0f80a2c0f8430d85504994c5e2e7ade8db981,Tomato___Spider_mites Two-spotted_spider_mite/8316fb24-c884-4dc0-a1d5-e84d2e8ac6eb___Com.G_SpM_FL 1383.JPG,Tomato___Spider_mites Two-spotted_spider_mite/ecf28797-b8ea-4ea9-a665-72db94f13ba8___Com.G_SpM_FL 1678.JPG,Tomato___Spider_mites Two-spotted_spider_mite,Tomato___Spider_mites Two-spotted_spider_mite,train,train,8,False
55ca8ee4b2669d248b28ebbeb648019067c27f298d695606988895444b17ef2f,1235936222015f7d6af91001c5cad0bc62def0e76072b3e2904bd3c8b0ac2d20,Tomato___Septoria_leaf_spot/b045a516-1a28-4e04-b146-d1f55e7ed559___Matt.S_CG 0966.JPG,Tomato___Target_Spot/915d8bb1-5ea3-4f00-abdc-dda166e93d3d___Com.G_TgS_FL 8037.JPG,Tomato___Septoria_leaf_spot,Tomato___Target_Spot,train,train,8,False
55ca8ee4b2669d248b28ebbeb648019067c27f298d695606988895444b17ef2f,21e8ba28aa3a1db9e51fb294ba83a3b19c9dca04ae9c67892b740a7d61f4042a,Tomato___Septoria_leaf_spot/b045a516-1a28-4e04-b146-d1f55e7ed559___Matt.S_CG 0966.JPG,Tomato___Septoria_leaf_spot/d3c59c88-195f-4aca-8311-a7c06fcf6c1b___Matt.S_CG 0969.JPG,Tomato___Septoria_leaf_spot,Tomato___Septoria_leaf_spot,train,train,8,False
55fc2ac4fc67557e90aa63ab867632fc9c3ed094eeda3f67a4d4341da2e5da99,6377dfdff51070e6a5495153c1701d0b277e2cd2aca9362062ecd8e5d3118ea9,Tomato___Early_blight/74c531fc-c39c-429c-b285-909272c4238b___RS_Erly.B 9550.JPG,Tomato___Bacterial_spot/d150fcab-c23c-4dd3-869f-961d3104d850___GCREC_Bact.Sp 3194.JPG,Tomato___Early_blight,Tomato___Bacterial_spot,test,train,8,True
55fc2ac4fc67557e90aa63ab867632fc9c3ed094eeda3f67a4d4341da2e5da99,65b5d491ee79ef95cc55d17180be7053cb7cb0bd9a7240af0d333430a5d88d21,Tomato___Early_blight/74c531fc-c39c-429c-b285-909272c4238b___RS_Erly.B 9550.JPG,Tomato___Spider_mites Two-spotted_spider_mite/5b432300-9fe3-428a-8a4f-ae38a283f953___Com.G_SpM_FL 8792.JPG,Tomato___Early_blight,Tomato___Spider_mites Two-spotted_spider_mite,test,train,8,True
560e06c3370f08bb36c7ca485cda5064eb5a06ee793643831f69b13ecb38c978,5e15ce50d60a07107928b67b70d672427072a5c74c36fa2e6f8e330f60fa8226,Tomato___Spider_mites Two-spotted_spider_mite/cb50c515-6885-4fc5-903e-b9fbac229a37___Com.G_SpM_FL 1667.JPG,Tomato___Target_Spot/887c764a-d253-44c5-bc81-16fc1782cfd9___Com.G_TgS_FL 9957.JPG,Tomato___Spider_mites Two-spotted_spider_mite,Tomato___Target_Spot,train,train,8,False
564c852fb4f25b5e3d547d28f8ec3292d3c6051911f5d603b509e712fceb8ecc,b5be9610f8790a576f125e2b4a3fc2fe5bd5a299d10050a9e244901613eb5c00,Tomato___Septoria_leaf_spot/a74f9277-a6c1-49da-81a6-bfd49db22df2___Matt.S_CG 6494.JPG,Tomato___Septoria_leaf_spot/ffd3c6f3-17d3-45f1-a599-2623e111ec71___Matt.S_CG 6493.JPG,Tomato___Septoria_leaf_spot,Tomato___Septoria_leaf_spot,train,train,8,False
567a7b45581fcc86a64447b8324809e18a5da0ebd5fe00d7fbe07a92e29d9170,2bc1a62092976bdd80c797e3b309c8d33225dd3a3ec3a5ed3048a3322e1cf6ae,Tomato___Bacterial_spot/ed94e669-2770-4452-9698-cfaea67e92d4___GCREC_Bact.Sp 6222.JPG,Tomato___Spider_mites Two-spotted_spider_mite/f6d125d8-795a-40ac-91d7-142f6cf023eb___Com.G_SpM_FL 9262.JPG,Tomato___Bacterial_spot,Tomato___Spider_mites Two-spotted_spider_mite,test,train,8,True
567d69017ad75ae8a2aa4ad2376adb5f04d13f3a40425dae5c6afd36ec4622f2,7455a0db197755fde8b4f5b9d9abc3d101dd6f681f5d7f67e38e97d57af29e7d,Tomato___Bacterial_spot/efce769f-3228-490a-b442-58a67d2ce349___GCREC_Bact.Sp 5868.JPG,Tomato___Bacterial_spot/9edd8354-16cf-4d2d-ae1a-7b274e31a665___GCREC_Bact.Sp 5869.JPG,Tomato___Bacterial_spot,Tomato___Bacterial_spot,train,val,8,True
568bee02dad86af381eccb7f125b91489b21c81339d90a52fe08ae8d3a5c00ac,2835a015ab81ac8671af8ed20161a77e5937b335d36755c8b8e731d03563ec25,Tomato___Early_blight/d4e4bce8-d7ca-492b-8dda-69f3e95f4e5a___RS_Erly.B 6418.JPG,Tomato___Septoria_leaf_spot/c2c33819-8bcc-479b-8ee0-2b2858165764___Matt.S_CG 6345.JPG,Tomato___Early_blight,Tomato___Septoria_leaf_spot,train,train,8,False
56b8340c658e905e8754d2237905ff05ec9e3ea6014b90e3cfb780ac8fa14060,067439d3cc099b8cf9536903443300a9aaef7475af83bc91adc58f824f5cf773,Tomato___Spider_mites Two-spotted_spider_mite/0a246e71-0551-4603-a017-d1dfc4ea06be___Com.G_SpM_FL 1178.JPG,Tomato___Target_Spot/34edeb32-db7b-4885-b55f-5aeba556997c___Com.G_TgS_FL 0008.JPG,Tomato___Spider_mites Two-spotted_spider_mite,Tomato___Target_Spot,train,train,8,False
56f9d31c6aac6e46f02ddbd73f1541bd42d45530edd0a9d274c5a0c409f8cdd1,5f74feec6bbd2499e8073c7af3b1cf7ff5a5926522a73bc2757a2ee97fef75f8,Tomato___Tomato_Yellow_Leaf_Curl_Virus/d843af8e-bec8-4c55-bde4-f01beb1b6209___YLCV_GCREC 2274.JPG,Tomato___Bacterial_spot/841ea726-5c4a-4447-9f56-0eda38f002d2___GCREC_Bact.Sp 3388.JPG,Tomato___Tomato_Yellow_Leaf_Curl_Virus,Tomato___Bacterial_spot,train,val,8,True
5759a65a0099a8b59c6d578b9e5eaecc7810920324092cb1c809449b0c608543,b68d3d009797c3e2749df03f00b0c0702992160b1172328e593dd2a59de991a6,Tomato___Bacterial_spot/a04e5c65-ae00-495e-b732-6c7030e32fc1___GCREC_Bact.Sp 2962.JPG,Tomato___Tomato_Yellow_Leaf_Curl_Virus/375cd208-1f22-49ff-84c9-b256bf8b9392___YLCV_NREC 0215.JPG,Tomato___Bacterial_spot,Tomato___Tomato_Yellow_Leaf_Curl_Virus,test,train,8,True
576185e62ebab24e2fd06594481616b32910148a632fe1bb4dce2aa9e9c69ed2,9425349d1da7e958ee6db2f584cf567914942d5bc8b22a4e05d9d26631966722,Tomato___Tomato_Yellow_Leaf_Curl_Virus/e7d1ebdd-f5f6-4cf9-8e77-0e69fccb6b07___YLCV_GCREC 5496.JPG,Tomato___Tomato_Yellow_Leaf_Curl_Virus/e9688f99-9a4a-4d39-91c3-d4ea5a25e591___YLCV_GCREC 2919.JPG,Tomato___Tomato_Yellow_Leaf_Curl_Virus,Tomato___Tomato_Yellow_Leaf_Curl_Virus,train,val,8,True
576241e05024746b1bcc6b64c9d8c8b69c867fa24e4216d58b5c7f37f8b10b38,19f5464dd50b135c7d2abb6ef7ec8f4b1172c2f027538d36aba17430a49b9549,Tomato___Spider_mites Two-spotted_spider_mite/6549382d-4588-46c9-8a3f-53666af6ba03___Com.G_SpM_FL 9374.JPG,Tomato___Spider_mites Two-spotted_spider_mite/9d97d667-2bd1-4e96-a237-620f42c9034b___Com.G_SpM_FL 9360.JPG,Tomato___Spider_mites Two-spotted_spider_mite,Tomato___Spider_mites Two-spotted_spider_mite,train,val,8,True
576241e05024746b1bcc6b64c9d8c8b69c867fa24e4216d58b5c7f37f8b10b38,f3982c9356bdcc468078b422ed4b10beae641cb6ee30c1c0f066241c4346b20f,Tomato___Spider_mites Two-spotted_spider_mite/6549382d-4588-46c9-8a3f-53666af6ba03___Com.G_SpM_FL 9374.JPG,Tomato___Spider_mites Two-spotted_spider_mite/75c39e92-9f7a-4266-b6bb-56bb3cd48dcb___Com.G_SpM_FL 9523.JPG,Tomato___Spider_mites Two-spotted_spider_mite,Tomato___Spider_mites Two-spotted_spider_mite,train,train,8,False
57b887a82da73fc0808f873eedbdaea3b9730541410705b4397bbf1819216f23,0e18d21eab584e7edd4e8f94763c365edbdafd2bcb9c90b0e1017e80f240deb6,Tomato___Septoria_leaf_spot/f41bad8b-ee8f-4f11-91fb-cfd485121c67___JR_Sept.L.S 8476.JPG,Tomato___Tomato_Yellow_Leaf_Curl_Virus/cf77d6ff-bd59-4944-bdbf-97c1150fb9c3___YLCV_NREC 0318.JPG,Tomato___Septoria_leaf_spot,Tomato___Tomato_Yellow_Leaf_Curl_Virus,train,train,8,False
57e0dece4c86470d5a4c869149a4d47014888189de58b461f3d0cc95a3220f49,89abeb64405f24490b67c1f26a9a46e3de275a40899858b3fe5fc9084b88d24e,Tomato___Spider_mites Two-spotted_spider_mite/f4a12c44-b3a8-4419-b34e-ae6bdfa7d765___Com.G_SpM_FL 9521.JPG,Tomato___Target_Spot/10e35abb-b0a4-4aa2-a533-ab12c7fbe76a___Com.G_TgS_FL 8035.JPG,Tomato___Spider_mites Two-spotted_spider_mite,Tomato___Target_Spot,train,train,8,False
57f1bd4ad0e1b00346876993ba2294fed289ce9d3584f4b18c4edf01a1cf3dd5,69959673c5dad8b1f1efd2b5edf00b58e0606e8d7d360377386601ae4e049506,Tomato___Target_Spot/17cc92e0-8ca2-4917-8a55-1c4eb0e66182___Com.G_TgS_FL 9857.JPG,Tomato___Tomato_Yellow_Leaf_Curl_Virus/ad33c873-d846-4330-86f8-4cab39e7056c___YLCV_GCREC 2522.JPG,Tomato___Target_Spot,Tomato___Tomato_Yellow_Leaf_Curl_Virus,train,train,8,False
586256c78bd7adb83c53e011145827d60188e61b7a1ceea38b26d57bc7700a03,924dcefc4dd73fce6e35e89647ed48c932d9b8e09d50920fb7b55f7e59989067,Tomato___Target_Spot/76b4f612-9baa-4144-8e9d-e5702493f905___Com.G_TgS_FL 8247.JPG,Tomato___Tomato_Yellow_Leaf_Curl_Virus/8158deff-8ada-4bee-b730-10a9a90fc7bd___YLCV_NREC 0056.JPG,Tomato___Target_Spot,Tomato___Tomato_Yellow_Leaf_Curl_Virus,train,train,8,False
586ef049de913c71459ca470393ece183719d48b6f2ba025f9b9fb64b2892310,766c5489199df5791bd2d028fa245ca7701fbb18e191009009aea8e1a9c0339e,Tomato___Bacterial_spot/0ac8c80f-6d67-46ee-b662-8265d9df9183___GCREC_Bact.Sp 6115.JPG,Tomato___Tomato_Yellow_Leaf_Curl_Virus/20361a6f-2c6d-4b39-8acb-da0d888ccf47___YLCV_GCREC 2542.JPG,Tomato___Bacterial_spot,Tomato___Tomato_Yellow_Leaf_Curl_Virus,train,train,8,False
586ef049de913c71459ca470393ece183719d48b6f2ba025f9b9fb64b2892310,91c63445b600c8fd8b9db0f083374cb21f252d309a69613d11d4d71d22aeb5c9,Tomato___Bacterial_spot/0ac8c80f-6d67-46ee-b662-8265d9df9183___GCREC_Bact.Sp 6115.JPG,Tomato___Bacterial_spot/ef110350-8e1f-4eb2-a384-037eafaf1089___GCREC_Bact.Sp 5980.JPG,Tomato___Bacterial_spot,Tomato___Bacterial_spot,train,train,8,False
587ca3f3cf135cfac93b2e0494c9d5b7a711af39a2e89de57a43d7c91c568d04,01ea1b82a86cd6c3f840aa1d85d19f2e1fc6caaa8e8acc5983a480bf176a681e,Tomato___Bacterial_spot/a601d086-0999-4318-ac04-a4bbc7b64e5e___GCREC_Bact.Sp 2975.JPG,Tomato___Septoria_leaf_spot/64a036f7-fc57-4b8b-970d-d36889655b0f___Matt.S_CG 1637.JPG,Tomato___Bacterial_spot,Tomato___Septoria_leaf_spot,train,train,8,False
58861ada33e715a70ca93029623e50a62130c793244da0f0d6fafade3526c84a,46ccfc0cf7ee95afabb7710ff2dfd0dacc58d42e58ba0cf41f1218c90a997b6a,Tomato___Septoria_leaf_spot/9472f447-6fe5-40f2-a25a-847323e8ca6c___JR_Sept.L.S 2624.JPG,Tomato___Tomato_Yellow_Leaf_Curl_Virus/fe40e21d-3391-4c08-9fce-c78de4b4c366___YLCV_GCREC 2264.JPG,Tomato___Septoria_leaf_spot,Tomato___Tomato_Yellow_Leaf_Curl_Virus,train,train,8,False
58b81c93e7433717102d5b9290898b8490ac7660816d32b576de097691a307af,3503ffb6183094b3aff9366ee4d58cd19b951d603f22071a559b002320403823,Tomato___Tomato_Yellow_Leaf_Curl_Virus/43aae6d1-40ae-42f4-8b71-ae9351683a90___UF.GRC_YLCV_Lab 02661.JPG,Tomato___Tomato_Yellow_Leaf_Curl_Virus/cbb89fbc-4607-4166-a45e-6c1d232056c2___UF.GRC_YLCV_Lab 02660.JPG,Tomato___Tomato_Yellow_Leaf_Curl_Virus,Tomato___Tomato_Yellow_Leaf_Curl_Virus,train,train,8,False
596c6ab077f3349263e0f1e05b7f8c490bb6038ced9aea73d14f6ac8e224ce29,b465a36bbeba6988d054d7d3e8d389bfc2141e9c44edaacd8919302217603c9c,Tomato___Tomato_Yellow_Leaf_Curl_Virus/fe416f0e-d3f7-440d-a01f-9a076cfa0656___YLCV_GCREC 1931.JPG,Tomato___Bacterial_spot/fb703e38-2ea0-468f-9958-0f88be8e1fb0___GCREC_Bact.Sp 3126.JPG,Tomato___Tomato_Yellow_Leaf_Curl_Virus,Tomato___Bacterial_spot,test,val,8,True
59f0edf9b3178d4a1992f20b48b2d88f95f89e0b3854bef20f9c4cb2b58be9be,28502c31d9c372e8891ddc683fe8186fcb9dab38d17ca7b6185c68abfa93617f,Tomato___Late_blight/8938dd69-1d88-4885-8a20-b0db3ab84817___RS_Late.B 5417.JPG,Tomato___Septoria_leaf_spot/a45bce54-4c25-4d5d-a9a9-fbc76436844c___Matt.S_CG 6523.JPG,Tomato___Late_blight,Tomato___Septoria_leaf_spot,train,train,8,False
5a001b11cf7d4aeef25ed24ee3c66e46c8f30a77f8afdc40ec07dbbf68440f2e,940cd2185eae1b3766405d7453170512cd3ad68bb0e0142de468d158184de9ce,Tomato___Septoria_leaf_spot/f5a41539-9c22-470a-a851-e228c9815356___JR_Sept.L.S 2678.JPG,Tomato___Tomato_Yellow_Leaf_Curl_Virus/6e0e10b3-69f0-404e-839d-03213389aab0___UF.GRC_YLCV_Lab 01919.JPG,Tomato___Septoria_leaf_spot,Tomato___Tomato_Yellow_Leaf_Curl_Virus,train,train,8,False
5a2e0354e9869aa5e8109d5892d18c782343dca1f2fe0794e763867a429fec0f,03ac6ea0844fa6c8473de5ad2a125e5a951c5840a2c11afb80fe710fa7e628c2,Tomato___Tomato_Yellow_Leaf_Curl_Virus/d1cf89de-dd5e-42ed-98d8-42a8cc094a6f___YLCV_GCREC 2223.JPG,Tomato___Spider_mites Two-spotted_spider_mite/7aa0221d-b673-413d-a089-05fe33d9d78a___Com.G_SpM_FL 8714.JPG,Tomato___Tomato_Yellow_Leaf_Curl_Virus,Tomato___Spider_mites Two-spotted_spider_mite,train,val,8,True
5a4af27ade8712c846898c0d07d34b7b4c050a74185555b170a7e9f044483f21,04f4c88181144524ae192f1a31357053b9df6514da3952d7cd437921435e3a37,Tomato___Tomato_Yellow_Leaf_Curl_Virus/cedaba25-15e2-4451-8073-4a85bacf95ed___YLCV_NREC 2535.JPG,Tomato___Tomato_Yellow_Leaf_Curl_Virus/d708a0ae-b955-445f-9fd0-a4ca842cae1b___YLCV_NREC 2533.JPG,Tomato___Tomato_Yellow_Leaf_Curl_Virus,Tomato___Tomato_Yellow_Leaf_Curl_Virus,train,train,8,False
5a4e2c4913a6d37de7acde83d9b85712d92d4135156a14c887e1eb56f09c5bc5,52e9a66a1fec5c1b0a4b6f5d15f171c761657950dbf345b4c0c82645c36c1369,Tomato___Tomato_Yellow_Leaf_Curl_Virus/5a7f9fa3-bb94-4ff3-a53c-c0d89d1b22a8___UF.GRC_YLCV_Lab 01529.JPG,Tomato___Tomato_Yellow_Leaf_Curl_Virus/8d7689ca-7734-4c78-a006-659c8cd9d1df___UF.GRC_YLCV_Lab 01532.JPG,Tomato___Tomato_Yellow_Leaf_Curl_Virus,Tomato___Tomato_Yellow_Leaf_Curl_Virus,train,train,8,False
5ab8e65640d394d4a86bf06e6b9e94e57306538ae56af850fc474430a056faf3,3dae4e7edbc5f10bca0b2ffef18ac52dba239ed139d4a45f49e254030db17c4d,Tomato___Septoria_leaf_spot/86f5ea7a-75c7-4732-a71a-c7bc0717f847___Matt.S_CG 7604.JPG,Tomato___Septoria_leaf_spot/5189b4a5-9bdb-4cea-b746-6dbf65ee2b72___Matt.S_CG 6737.JPG,Tomato___Septoria_leaf_spot,Tomato___Septoria_leaf_spot,train,val,8,True
5ac4479759f2418e78ad21bd38516f595d1510bddce37740b857f3ac82317dea,35d1eaff86fc3a6c6d1e10939e463410a7ad21b2f34c67b1e3f1af581c5806a6,Tomato___Leaf_Mold/38ae943e-ebbd-44f9-9d58-ff760f357620___Crnl_L.Mold 6826.JPG,Tomato___Leaf_Mold/4505fb9f-e46f-4d8f-b63e-b7d389811dab___Crnl_L.Mold 6907.JPG,Tomato___Leaf_Mold,Tomato___Leaf_Mold,train,val,8,True
5b1712e8aba1ec7176a1ac8692c96bae42739daa7bff6e41dbf6623507e065d8,dcc734fd62c9ca7105f8a50c5a50bf4ea6e68f92b7366ab370a6722f1616cfb2,Tomato___Spider_mites Two-spotted_spider_mite/d2414051-ad35-4413-8305-9285c5acdc79___Com.G_SpM_FL 9524.JPG,Tomato___Target_Spot/44a9131e-6f2a-408d-ab7e-ccd0a935cdcc___Com.G_TgS_FL 9934.JPG,Tomato___Spider_mites Two-spotted_spider_mite,Tomato___Target_Spot,test,train,8,True
5b4900d998a6f31d1d16228dfaa811bea4e780efad9d103982231b3f06145572,a29ddf9185a49b406643096384be83b68a1ce5aded7c559f3b9e1cd23fc0fde4,Tomato___Spider_mites Two-spotted_spider_mite/207097b4-b76a-41dc-b80f-db4f2c9f2616___Com.G_SpM_FL 1408.JPG,Tomato___Spider_mites Two-spotted_spider_mite/72ea3559-17ea-4441-8188-bc561e66ff06___Com.G_SpM_FL 1400.JPG,Tomato___Spider_mites Two-spotted_spider_mite,Tomato___Spider_mites Two-spotted_spider_mite,train,train,8,False
5b4fe57475daf932b560bcf965b65eff387c09921a2dd6fa1f156a7d49c81535,4820019e1efe591c5fe982a8bbbba4fc9444b7747aadd43e9df1a2abaf485276,Tomato___Bacterial_spot/659908ff-205b-4fd1-af8b-5b2c11b56adf___GCREC_Bact.Sp 3139.JPG,Tomato___Bacterial_spot/f21dbfc9-1b65-4407-808b-55685784bd19___GCREC_Bact.Sp 3138.JPG,Tomato___Bacterial_spot,Tomato___Bacterial_spot,train,train,8,False
5b6cc3c031eb7fc944eb7e3e4ef72d602b274545c6970b2765c418045fdc5aff,8cdf807e48941299e82500a21a92c1e2526b003c51d9ef64789e89975389af05,Tomato___Early_blight/c87a666a-07bb-44cc-952a-33d69f075e14___RS_Erly.B 7631.JPG,Tomato___Spider_mites Two-spotted_spider_mite/2fd0efb7-d0fd-4c57-ba78-8e6a3fc5e149___Com.G_SpM_FL 8926.JPG,Tomato___Early_blight,Tomato___Spider_mites Two-spotted_spider_mite,train,train,8,False
5be9add6ba4714c905687f6158dac38859c4c7b045b0da7aca1175f865118ccb,89f2efbd68973e9d751ed059af165aed9b267a7a98ca46f250fd815d7f93ed1b,Tomato___Leaf_Mold/f78e3205-2a7f-43cf-988c-63aaf2179a5d___Crnl_L.Mold 6878.JPG,Tomato___Spider_mites Two-spotted_spider_mite/f078ec87-8af4-469c-bd7c-e8db6cd89e28___Com.G_SpM_FL 1742.JPG,Tomato___Leaf_Mold,Tomato___Spider_mites Two-spotted_spider_mite,train,train,8,False
5c51666cfb21f117514f2dd4bfdf21ff3530213756b525f4274462cffc9d9ac2,03d02312d8ec0b5f864cae0ebe8aa920cbee11ff2e3532fdcbaa23b1a26364df,Tomato___Spider_mites Two-spotted_spider_mite/d6a2b5de-e264-4038-bbee-18e64b5ee1a4___Com.G_SpM_FL 9382.JPG,Tomato___Tomato_Yellow_Leaf_Curl_Virus/20710d03-d6ae-4c16-92c4-d2ccb2a5afad___YLCV_GCREC 5508.JPG,Tomato___Spider_mites Two-spotted_spider_mite,Tomato___Tomato_Yellow_Leaf_Curl_Virus,test,test,8,False
5c66166214469d65f44aac03cf295be572084097a859b1173cb0aee9fee6b383,5d3e2b122a116f724938d3d1e5b27ec1504b2c6483832dfba637991fb17dd67e,Tomato___Tomato_Yellow_Leaf_Curl_Virus/2a32769b-1352-43fb-889d-612c4395848c___UF.GRC_YLCV_Lab 02713.JPG,Tomato___Tomato_Yellow_Leaf_Curl_Virus/e571b56f-b93b-4132-8265-5356bb0cb704___UF.GRC_YLCV_Lab 02712.JPG,Tomato___Tomato_Yellow_Leaf_Curl_Virus,Tomato___Tomato_Yellow_Leaf_Curl_Virus,train,val,8,True
5c9e92306b722afa58604c84aa4ee4b0571ea8614c45c310be324157a6dff35b,c46663ce218d22ce0bccb8a81f3a1cddfb49314b07715a54a4aed7ac0077dc19,Tomato___Bacterial_spot/1eb86f3d-7d18-41b8-b33c-807662b2d2df___GCREC_Bact.Sp 5555.JPG,Tomato___Bacterial_spot/dfe2d859-22bd-47f3-82f5-b9ea501ab897___GCREC_Bact.Sp 6331.JPG,Tomato___Bacterial_spot,Tomato___Bacterial_spot,train,train,8,False
5c9e92306b722afa58604c84aa4ee4b0571ea8614c45c310be324157a6dff35b,d00a4f076a0c793d89aed82c3fe7b11d13312480e963c6bbcf95066b2ca1f78b,Tomato___Bacterial_spot/1eb86f3d-7d18-41b8-b33c-807662b2d2df___GCREC_Bact.Sp 5555.JPG,Tomato___Bacterial_spot/f58a3d12-29e7-4f43-a189-fa80df8f8e72___GCREC_Bact.Sp 5691.JPG,Tomato___Bacterial_spot,Tomato___Bacterial_spot,train,train,8,False
5ccd25c67976ebab2eb50112eafebf626a960b8c6b3b254b158affc25d19bdfb,566bc8991e153a9ee4f60b2c590ad2ffc0b9e7fc96c1a363768eed222d68e9a8,Tomato___Tomato_Yellow_Leaf_Curl_Virus/b974d4bd-2eb4-4195-9ef3-e396fa51f085___UF.GRC_YLCV_Lab 01982.JPG,Tomato___healthy/5576cac9-71e4-4ec3-96bd-9b5cfa94fef4___GH_HL Leaf 267.JPG,Tomato___Tomato_Yellow_Leaf_Curl_Virus,Tomato___healthy,train,val,8,True
5cddf46f86b37252e72ff4465f1730cbc07481f0ba7cd5083544a284eb854276,4bfd4a3231fcb907b6a6f40d96a56843f1f110f1866fb60d23c8bfe343d204c5,Tomato___Tomato_Yellow_Leaf_Curl_Virus/2884e60c-aec0-4029-95fc-d445201992c1___UF.GRC_YLCV_Lab 01538.JPG,Tomato___Tomato_Yellow_Leaf_Curl_Virus/0aeac05f-804d-4e4c-a753-644ae6547d60___UF.GRC_YLCV_Lab 01539.JPG,Tomato___Tomato_Yellow_Leaf_Curl_Virus,Tomato___Tomato_Yellow_Leaf_Curl_Virus,train,val,8,True
5cddf46f86b37252e72ff4465f1730cbc07481f0ba7cd5083544a284eb854276,52e9a66a1fec5c1b0a4b6f5d15f171c761657950dbf345b4c0c82645c36c1369,Tomato___Tomato_Yellow_Leaf_Curl_Virus/2884e60c-aec0-4029-95fc-d445201992c1___UF.GRC_YLCV_Lab 01538.JPG,Tomato___Tomato_Yellow_Leaf_Curl_Virus/8d7689ca-7734-4c78-a006-659c8cd9d1df___UF.GRC_YLCV_Lab 01532.JPG,Tomato___Tomato_Yellow_Leaf_Curl_Virus,Tomato___Tomato_Yellow_Leaf_Curl_Virus,train,train,8,False
5d1bdf633c4007cc184d0d651ce58010ee886a19e395a428f4a4eb7ffb5764a6,be4b21b32800b4cdbc93f7d33e8613222f063d3f506a7dc2e105311937defaad,Tomato___Bacterial_spot/0f81cc91-5b9b-4061-a127-74105ebbcccf___GCREC_Bact.Sp 6305.JPG,Tomato___Tomato_Yellow_Leaf_Curl_Virus/9cf9a08e-9351-4899-90cc-0441f2654849___YLCV_NREC 0060.JPG,Tomato___Bacterial_spot,Tomato___Tomato_Yellow_Leaf_Curl_Virus,test,train,8,True
5d54b15559bf159adc9f690ba10d00e068a0440bc0203781d10394accef516fe,412422ce562bf6a992c01b20e89fd7ee15f1feaf6da7bfaee0da29105d0d8ab6,Tomato___Late_blight/dee4e35c-5c87-4922-9a1f-b97dcc40e7f1___GHLB2 Leaf 8690.JPG,Tomato___Late_blight/e2e89956-491c-42a0-9154-6b8ef41cd63b___GHLB2 Leaf 8689.JPG,Tomato___Late_blight,Tomato___Late_blight,train,train,8,False
5d67d7cf14267cfaa34dba0386c0f34cd98105fa5077b8edb4a82e33f9a134f4,3f52b059f7b7b58dcf087b4a61170809e09828bf703e9b6bea18fd152958e9e9,Tomato___Bacterial_spot/ceecc090-5ec1-4a73-b628-7d8bcfc55f45___GCREC_Bact.Sp 6354.JPG,Tomato___Early_blight/9249614a-4e74-49af-81ab-f8d0689fdc50___RS_Erly.B 7610.JPG,Tomato___Bacterial_spot,Tomato___Early_blight,train,train,8,False
5d70030e1513fa8fa48e2a432f4a4b487095a3fac4bab595d71bb7eb7740e1df,6c72c41c6241921b5f3991692f30ecc5254aac4d24487338c15c5f7517e458ae,Tomato___Early_blight/b6bdfe3b-7cb9-48e1-86b2-4ccaf3770af1___RS_Erly.B 9477.JPG,Tomato___Bacterial_spot/9fc3b924-71f1-40a6-8826-de89c9e34e52___GCREC_Bact.Sp 3050.JPG,Tomato___Early_blight,Tomato___Bacterial_spot,test,train,8,True
5deee6f2714638d2588e5be35717ad59ffe5afc66f38688f7056662cff996730,d5053f87d91b919281015a3896e33012523535955d1cf74eeec06d16b2348fa5,Tomato___Tomato_Yellow_Leaf_Curl_Virus/e30ef72f-3a20-44d2-92e2-4456fafd2b1d___UF.GRC_YLCV_Lab 01729.JPG,Tomato___Early_blight/809042e0-7587-4a45-93e8-e166c07a55ec___RS_Erly.B 7692.JPG,Tomato___Tomato_Yellow_Leaf_Curl_Virus,Tomato___Early_blight,test,val,8,True
5e3526ad43d831236b6a10d84ecf03827ee99295f387bd38ea7afb4c272c3d04,bd0c17f2e733da7adbfe938b7cf9620eef09a9d6a82e73c8e8ff73ae65bc1d17,Tomato___Bacterial_spot/3926a14d-ed26-4c2b-9dcc-a15370eae355___GCREC_Bact.Sp 5647.JPG,Tomato___Tomato_Yellow_Leaf_Curl_Virus/9e2e976b-ecec-47e7-933a-cdba00cb334d___YLCV_GCREC 2418.JPG,Tomato___Bacterial_spot,Tomato___Tomato_Yellow_Leaf_Curl_Virus,train,train,8,False
5e5d6229f30b3f52f0ebe66e8c2e58a6385fd38fab9b766c925830d1f79c9cac,7be03dfabf0eee11b44f75c4adadecaafa97b3b686988e847a77a0c83d0cf362,Tomato___Spider_mites Two-spotted_spider_mite/e1b32a63-c580-47e4-a2e9-d08d32923d9d___Com.G_SpM_FL 8420.JPG,Tomato___healthy/33a75eb9-0745-4159-8c6e-3c4e4e418992___RS_HL 9767.JPG,Tomato___Spider_mites Two-spotted_spider_mite,Tomato___healthy,train,train,8,False
5e8630a6d8bfdcc57a4aab5c9a9e04f9d0425c89113fa84a10abd36ee6939a98,0e54160863b41cbdcd748cf159a3cd2aaadd0d9377bdc2b00642c3cf421076b7,Tomato___Tomato_Yellow_Leaf_Curl_Virus/81b06de5-7a1a-40e5-8626-81004a3ed36f___YLCV_GCREC 2801.JPG,Tomato___Spider_mites Two-spotted_spider_mite/7513d5a2-ba48-4e0a-9d45-a6a37b645431___Com.G_SpM_FL 9387.JPG,Tomato___Tomato_Yellow_Leaf_Curl_Virus,Tomato___Spider_mites Two-spotted_spider_mite,test,train,8,True
5e8630a6d8bfdcc57a4aab5c9a9e04f9d0425c89113fa84a10abd36ee6939a98,cbfee62b1b44cedc02bf6a93a8e36c2e88d273d602b5d2ec6de89a2e90601095,Tomato___Tomato_Yellow_Leaf_Curl_Virus/81b06de5-7a1a-40e5-8626-81004a3ed36f___YLCV_GCREC 2801.JPG,Tomato___Spider_mites Two-spotted_spider_mite/1dde88ff-2897-4181-834f-e3629e3cd12c___Com.G_SpM_FL 9560.JPG,Tomato___Tomato_Yellow_Leaf_Curl_Virus,Tomato___Spider_mites Two-spotted_spider_mite,test,train,8,True
5e9b0c1073ce487d69cbfcc166b5f7bc18468d3884518af887d6f8456d0cff88,052db803ece2313b3fea33ef5da04949808e7cb1fd137fae95a5139c591f03dd,Tomato___Bacterial_spot/919da9f4-c9aa-4c11-a383-17fdc98876c0___GCREC_Bact.Sp 5809.JPG,Tomato___Late_blight/4378c0ca-ff9f-48f4-8311-e716e89b1a99___RS_Late.B 5087.JPG,Tomato___Bacterial_spot,Tomato___Late_blight,train,val,8,True
5e9b0c1073ce487d69cbfcc166b5f7bc18468d3884518af887d6f8456d0cff88,b778eec1d706671264219950c349e2f1264e7efb23dd578e0964ef8a5ebea399,Tomato___Bacterial_spot/919da9f4-c9aa-4c11-a383-17fdc98876c0___GCREC_Bact.Sp 5809.JPG,Tomato___Septoria_leaf_spot/f8f528ee-f9c3-47cb-b67f-a9265d86d9d1___Matt.S_CG 1446.JPG,Tomato___Bacterial_spot,Tomato___Septoria_leaf_spot,train,val,8,True
5e9b0c1073ce487d69cbfcc166b5f7bc18468d3884518af887d6f8456d0cff88,bb7d2560600226783077e80dec0dba1954db4acb9d8fe88db6de585e31d5bd51,Tomato___Bacterial_spot/919da9f4-c9aa-4c11-a383-17fdc98876c0___GCREC_Bact.Sp 5809.JPG,Tomato___Bacterial_spot/ef71eeaa-1a9c-41f6-8cbe-394a441b3f0c___GCREC_Bact.Sp 3507.JPG,Tomato___Bacterial_spot,Tomato___Bacterial_spot,train,val,8,True
5eba81e3a769844fa3353112424e767e86755db93862b4f713ffd405623173d5,8be3ac2d1fea885fc13a782e5af70e40daba397f9697395506f2efd58757d89b,Tomato___Tomato_Yellow_Leaf_Curl_Virus/a5e84295-fbcc-4353-af35-59aca809604f___UF.GRC_YLCV_Lab 01898.JPG,Tomato___Tomato_Yellow_Leaf_Curl_Virus/0ef08a25-e24e-4ac7-96b7-fbc28046ce34___UF.GRC_YLCV_Lab 02884.JPG,Tomato___Tomato_Yellow_Leaf_Curl_Virus,Tomato___Tomato_Yellow_Leaf_Curl_Virus,train,val,8,True
5ed4665e4f351c79ca428edcd66bcdeb0720bd66a396f132a465a9feaae78d1f,2de34742edd159cf8bce0608134d7975498dea89243bb1d0cedd1a033b27c3b7,Tomato___Spider_mites Two-spotted_spider_mite/bf36d28e-7feb-460c-a26d-75619b819157___Com.G_SpM_FL 8604.JPG,Tomato___Tomato_Yellow_Leaf_Curl_Virus/fc8d8c51-99a2-4dc2-8b2c-c304f793fb86___YLCV_NREC 2829.JPG,Tomato___Spider_mites Two-spotted_spider_mite,Tomato___Tomato_Yellow_Leaf_Curl_Virus,train,train,8,False
5ed4665e4f351c79ca428edcd66bcdeb0720bd66a396f132a465a9feaae78d1f,5f9232c011a94173087b49b406eb5cddfe6a6f63490f75a13990620caba54ea0,Tomato___Spider_mites Two-spotted_spider_mite/bf36d28e-7feb-460c-a26d-75619b819157___Com.G_SpM_FL 8604.JPG,Tomato___Tomato_Yellow_Leaf_Curl_Virus/4969b537-458d-482d-b83c-a0945f137dc4___YLCV_GCREC 5351.JPG,Tomato___Spider_mites Two-spotted_spider_mite,Tomato___Tomato_Yellow_Leaf_Curl_Virus,train,train,8,False
5ee1593f4962958ef2dceac307ee792e001705846677a904476b5068edabee27,b93e56d78b3f5efcc7547bd311a5348228acce16e75b95e30ea0163fee6fd85f,Tomato___Tomato_Yellow_Leaf_Curl_Virus/89ccb8de-2351-4894-805e-03d088eb7629___UF.GRC_YLCV_Lab 02189.JPG,Tomato___Tomato_Yellow_Leaf_Curl_Virus/96ed7022-a152-4f1d-b934-dca1949159d2___UF.GRC_YLCV_Lab 02183.JPG,Tomato___Tomato_Yellow_Leaf_Curl_Virus,Tomato___Tomato_Yellow_Leaf_Curl_Virus,train,train,8,False
5eeff3437b7541e58c9ff285ea30f23f3e9341e4b94fb31fe2b723f949d1a662,4670beb3da34e4883a65418eadc1cffea9b53b82283faa95abe5b53a387501c8,Tomato___Target_Spot/ee7d5b86-6015-4bea-b881-e2487eb85805___Com.G_TgS_FL 0041.JPG,Tomato___Tomato_Yellow_Leaf_Curl_Virus/79e6edeb-be80-4552-82fa-b9d5cc36ca41___YLCV_GCREC 5499.JPG,Tomato___Target_Spot,Tomato___Tomato_Yellow_Leaf_Curl_Virus,train,train,8,False
5eeff3437b7541e58c9ff285ea30f23f3e9341e4b94fb31fe2b723f949d1a662,7a7e5475a76b3d648c3a160749dc554739089313d05128b9e6a877465809cc13,Tomato___Target_Spot/ee7d5b86-6015-4bea-b881-e2487eb85805___Com.G_TgS_FL 0041.JPG,Tomato___Early_blight/07409e2c-a730-4b11-b25e-31025bd63a91___RS_Erly.B 9578.JPG,Tomato___Target_Spot,Tomato___Early_blight,train,val,8,True
5f207e28fcd65450f6b85345dd0fc040139d9bda05fcf77ffc3adfa0e23d4183,167d41859b8d459e403b23231a263535a8697e7639be63c5003f034fbd00b155,Tomato___Tomato_Yellow_Leaf_Curl_Virus/70734df3-e201-4660-bdc7-8728f3a47c0f___UF.GRC_YLCV_Lab 02596.JPG,Tomato___Tomato_Yellow_Leaf_Curl_Virus/065a4b60-c606-4dae-b255-144d3442221e___UF.GRC_YLCV_Lab 02597.JPG,Tomato___Tomato_Yellow_Leaf_Curl_Virus,Tomato___Tomato_Yellow_Leaf_Curl_Virus,test,train,8,True
5f43909ac440a1c1ff72630838ac76739879107573f5b5511eacea34d62887cb,ab8c2c98e7a67dd1839c1668e32163865f5cf320f7c1754971ebbbb2a88ef80c,Tomato___Tomato_Yellow_Leaf_Curl_Virus/684f5c4c-257b-496a-8efb-d8d563a2f531___UF.GRC_YLCV_Lab 02912.JPG,Tomato___Spider_mites Two-spotted_spider_mite/44755960-f542-4f8e-a1a0-94cf3cad8c21___Com.G_SpM_FL 1498.JPG,Tomato___Tomato_Yellow_Leaf_Curl_Virus,Tomato___Spider_mites Two-spotted_spider_mite,test,train,8,True
5f74feec6bbd2499e8073c7af3b1cf7ff5a5926522a73bc2757a2ee97fef75f8,03ac6ea0844fa6c8473de5ad2a125e5a951c5840a2c11afb80fe710fa7e628c2,Tomato___Bacterial_spot/841ea726-5c4a-4447-9f56-0eda38f002d2___GCREC_Bact.Sp 3388.JPG,Tomato___Spider_mites Two-spotted_spider_mite/7aa0221d-b673-413d-a089-05fe33d9d78a___Com.G_SpM_FL 8714.JPG,Tomato___Bacterial_spot,Tomato___Spider_mites Two-spotted_spider_mite,val,val,8,False
5f9232c011a94173087b49b406eb5cddfe6a6f63490f75a13990620caba54ea0,6bbf8afff19e079be0111db9137f84914ac3fcc0dad99f3617f8e082e7818c0f,Tomato___Tomato_Yellow_Leaf_Curl_Virus/4969b537-458d-482d-b83c-a0945f137dc4___YLCV_GCREC 5351.JPG,Tomato___Tomato_Yellow_Leaf_Curl_Virus/60d14bc3-b703-4b83-8bf9-f13124970145___YLCV_GCREC 2934.JPG,Tomato___Tomato_Yellow_Leaf_Curl_Virus,Tomato___Tomato_Yellow_Leaf_Curl_Virus,train,train,8,False
5fa4e283077131402d288ec1dd92c234813df7a8c64ccaf0116132557d3f4670,4dc3e9d61009b688b41e70cf9397b522e6e49d5f22d123622ad405e6a1258338,Tomato___Tomato_Yellow_Leaf_Curl_Virus/4f3cec1a-30dd-468f-96ed-3c46b72cbac2___YLCV_GCREC 2395.JPG,Tomato___Tomato_Yellow_Leaf_Curl_Virus/94e37653-feb5-4d5d-908c-f7ef3f03a774___YLCV_NREC 2906.JPG,Tomato___Tomato_Yellow_Leaf_Curl_Virus,Tomato___Tomato_Yellow_Leaf_Curl_Virus,train,train,8,False
5fb5cd9c725e5879b318c1d702d244b1511738c76d325705eb1d0453c46ea377,3c26d76822f94832dcbc5d91966f7707781223f07044236b59b2b6cf121959c8,Tomato___Spider_mites Two-spotted_spider_mite/1c4723cd-8ef6-483d-ae4e-8a3112fd9766___Com.G_SpM_FL 9506.JPG,Tomato___Target_Spot/8ce8a9a0-3f3a-4a42-b5b0-1b2221af3d2a___Com.G_TgS_FL 9811.JPG,Tomato___Spider_mites Two-spotted_spider_mite,Tomato___Target_Spot,train,train,8,False
5fb8ab66175d553dd2c9c12153114c388ffe94b3deaf4a7c2d621c8644c6c33b,91425b219772291b34d8e9df4687376d7d5ce204a4a07f8c3cc5f5eb61765815,Tomato___Tomato_Yellow_Leaf_Curl_Virus/a773a7f6-b969-498f-93ad-b14f3b84dbe8___UF.GRC_YLCV_Lab 02634.JPG,Tomato___Tomato_Yellow_Leaf_Curl_Virus/c7328a1e-ca49-4576-b106-0efe6a5409a6___UF.GRC_YLCV_Lab 02617.JPG,Tomato___Tomato_Yellow_Leaf_Curl_Virus,Tomato___Tomato_Yellow_Leaf_Curl_Virus,train,train,8,False
5fee14b259be7eed4c1a5a4ba99d5d5536ec7901f85aebb76aee46aab10ef736,dd663e70ca2c43b63015eed6b6c611f09d4e2603b7b73fa09b6cc495dca74855,Tomato___Spider_mites Two-spotted_spider_mite/e6f7952e-cf7e-4d1e-8dd5-4853d5fcc4ee___Com.G_SpM_FL 8543.JPG,Tomato___Spider_mites Two-spotted_spider_mite/86508eec-6019-4504-a97e-285e5e910dc7___Com.G_SpM_FL 8723.JPG,Tomato___Spider_mites Two-spotted_spider_mite,Tomato___Spider_mites Two-spotted_spider_mite,train,val,8,True
5ff2ab54e1ef05a7d220dca7041a711e2a8a1b962e329b8f85244685d6a7be09,511bcabe944d0872ef752900cbe0425d923cca3568bbe4bcd24c15c6d5d76170,Tomato___Tomato_Yellow_Leaf_Curl_Virus/44454000-a605-49cd-adbe-0686ab1f456f___YLCV_GCREC 5211.JPG,Tomato___Tomato_Yellow_Leaf_Curl_Virus/c1113e7c-1f38-46ce-bc06-0b7173efc271___YLCV_GCREC 2311.JPG,Tomato___Tomato_Yellow_Leaf_Curl_Virus,Tomato___Tomato_Yellow_Leaf_Curl_Virus,train,train,8,False
6011b6db2e9c94105891bcd2686e4cfbf90745b4c7cf5c9188856cefc8669390,197c4bae3421bb4e916142b7a9b24eaa8109ebd7ed0b5ad1c887790f2a899666,Tomato___Tomato_Yellow_Leaf_Curl_Virus/63850dfe-2c79-4728-8557-b1eb242e16f1___YLCV_GCREC 2298.JPG,Tomato___Bacterial_spot/7e423f77-2947-4e4e-9777-17a780996d39___GCREC_Bact.Sp 5600.JPG,Tomato___Tomato_Yellow_Leaf_Curl_Virus,Tomato___Bacterial_spot,train,val,8,True
608d8794cd994b6f1bfdef2f4124f964bdb646fb745979eb6d5daafc5bee5f2c,98f8f7d53a89fbaba012fc4687e4740c034b830f88435f23b6f58f2396aebe7a,Tomato___Leaf_Mold/119fca56-2a51-4c1f-9ba3-85977da1fd3b___Crnl_L.Mold 6898.JPG,Tomato___Leaf_Mold/b2ba5e8d-5cbd-472c-b736-84949fa2b8ad___Crnl_L.Mold 6744.JPG,Tomato___Leaf_Mold,Tomato___Leaf_Mold,train,train,8,False
60adbf2beb11327306d8e837fca08de88f89523f09c47cf341e0c90eebe73617,56f9d31c6aac6e46f02ddbd73f1541bd42d45530edd0a9d274c5a0c409f8cdd1,Tomato___Bacterial_spot/46c03e65-7398-4ecb-aca4-69c0edb3015b___GCREC_Bact.Sp 5724.JPG,Tomato___Tomato_Yellow_Leaf_Curl_Virus/d843af8e-bec8-4c55-bde4-f01beb1b6209___YLCV_GCREC 2274.JPG,Tomato___Bacterial_spot,Tomato___Tomato_Yellow_Leaf_Curl_Virus,train,train,8,False
61384950145696d345f17d85791d01b4fe6d96ae03fc656dd80096d90a0b54aa,0caf08b3286f4ca20b5bb52cafd4d0a74f9f1ac6237636e20ef3e53145692399,Tomato___Septoria_leaf_spot/e99b6e56-c1b9-42e0-94a8-8a2f0442a1fe___Matt.S_CG 0671.JPG,Tomato___Spider_mites Two-spotted_spider_mite/9bba8874-aadd-4b80-8e5c-dea2e4b6457d___Com.G_SpM_FL 1517.JPG,Tomato___Septoria_leaf_spot,Tomato___Spider_mites Two-spotted_spider_mite,train,train,8,False
61cb3ad6e22dab369d99569d01bf6accf38ae74b44e707650dbd4cca7d1352e7,064cd82319e45315319381ee5943d1d3581a971914b7a8d3cbbd237399f29af4,Tomato___Bacterial_spot/196be0af-51c3-4587-bd91-9a606631d4f3___GCREC_Bact.Sp 3453.JPG,Tomato___healthy/27ed6a35-3fb7-4d57-9cb4-b368c1f4f6eb___RS_HL 9665.JPG,Tomato___Bacterial_spot,Tomato___healthy,train,val,8,True
61cb3ad6e22dab369d99569d01bf6accf38ae74b44e707650dbd4cca7d1352e7,08e1a931dc3e60c1160d9f03fe1d3bee0a7acf680d6bb7a9e42563f0edad377a,Tomato___Bacterial_spot/196be0af-51c3-4587-bd91-9a606631d4f3___GCREC_Bact.Sp 3453.JPG,Tomato___Bacterial_spot/9f3bb55d-b52d-4be3-b89b-e7c8cbe8e131___GCREC_Bact.Sp 3112.JPG,Tomato___Bacterial_spot,Tomato___Bacterial_spot,train,val,8,True
61cb3ad6e22dab369d99569d01bf6accf38ae74b44e707650dbd4cca7d1352e7,77d1b54f17921713991c011b9f6609a370a3851b8c4d381e8f1bb14fed09d08c,Tomato___Bacterial_spot/196be0af-51c3-4587-bd91-9a606631d4f3___GCREC_Bact.Sp 3453.JPG,Tomato___Bacterial_spot/1d6494e5-d659-47f2-a854-95f7633f8018___GCREC_Bact.Sp 6102.JPG,Tomato___Bacterial_spot,Tomato___Bacterial_spot,train,train,8,False
61cb3ad6e22dab369d99569d01bf6accf38ae74b44e707650dbd4cca7d1352e7,dbc3830ed95be5706cfb3eedd2920a44f06350a9cc87804db25c81768e300720,Tomato___Bacterial_spot/196be0af-51c3-4587-bd91-9a606631d4f3___GCREC_Bact.Sp 3453.JPG,Tomato___Target_Spot/3f1e10c7-370d-4a8a-908a-b84eebf71050___Com.G_TgS_FL 8022.JPG,Tomato___Bacterial_spot,Tomato___Target_Spot,train,train,8,False
61cb3ad6e22dab369d99569d01bf6accf38ae74b44e707650dbd4cca7d1352e7,f4002c3b02fc0112eaf6179302913918c1e0550f6b8bf2f588dc323c1fdfc7f0,Tomato___Bacterial_spot/196be0af-51c3-4587-bd91-9a606631d4f3___GCREC_Bact.Sp 3453.JPG,Tomato___Bacterial_spot/a3f7725c-9df0-4bd0-9cad-7a209ed4a16d___GCREC_Bact.Sp 3465.JPG,Tomato___Bacterial_spot,Tomato___Bacterial_spot,train,train,8,False
61e5d6533e3947dc77f838118dfbbcdc567f859b23b51727c8d2877a782a76e9,10e2d14ac2c3d2c5b6b48c40c72bd119c6d906014128d98b303b90da20c869dd,Tomato___Bacterial_spot/99187376-a5c2-41a7-9eb5-73cc0b2e5c2d___GCREC_Bact.Sp 3137.JPG,Tomato___Tomato_Yellow_Leaf_Curl_Virus/2ba5c8db-ec68-4619-a6b6-b5b953ca96b6___YLCV_GCREC 2124.JPG,Tomato___Bacterial_spot,Tomato___Tomato_Yellow_Leaf_Curl_Virus,test,train,8,True
61f3907695a4a5573d8ff5b2221a0bfd5671867476bf1dc4ee0a227c0b241e8f,78dcd630af2c8631d0d2dd48d85acf2f851aca1b48a3220de75d6318ec99aa74,Tomato___Tomato_Yellow_Leaf_Curl_Virus/c449b3cd-3e89-4145-8e41-457e3418e685___UF.GRC_YLCV_Lab 02839.JPG,Tomato___Tomato_Yellow_Leaf_Curl_Virus/e7c80ace-56b0-4579-bec9-8fc7c0682fec___UF.GRC_YLCV_Lab 02834.JPG,Tomato___Tomato_Yellow_Leaf_Curl_Virus,Tomato___Tomato_Yellow_Leaf_Curl_Virus,test,train,8,True
61f3907695a4a5573d8ff5b2221a0bfd5671867476bf1dc4ee0a227c0b241e8f,bb78c2b7f1f3d69c5019ed889ea60733e22fe9e69c55cc187ddda2be78914ebd,Tomato___Tomato_Yellow_Leaf_Curl_Virus/c449b3cd-3e89-4145-8e41-457e3418e685___UF.GRC_YLCV_Lab 02839.JPG,Tomato___Tomato_Yellow_Leaf_Curl_Virus/12b2b901-0356-4460-ad3c-074bcd2f4ea2___UF.GRC_YLCV_Lab 02858.JPG,Tomato___Tomato_Yellow_Leaf_Curl_Virus,Tomato___Tomato_Yellow_Leaf_Curl_Virus,test,train,8,True
6236fecc335533927e86426481d899677fe4a30f27b7e853cbefe24211256cc4,c747d079127a4df7987ca02b8f3c185424dbd078ed3022bc7143f6a5f543baa3,Tomato___Bacterial_spot/2b77473d-c669-4e5e-bf26-c1d32c800001___GCREC_Bact.Sp 3005.JPG,Tomato___Bacterial_spot/305e943b-26f0-470a-83e1-3c2c05bac687___GCREC_Bact.Sp 5887.JPG,Tomato___Bacterial_spot,Tomato___Bacterial_spot,train,train,8,False
626e106f2806147d99ac8fd8b85160b7a4216b287ab96baacfba0b6f1fdce060,873cc932c2ae4243d6d63cc042ba823468f194ca0ad393280e8f357686a78c1b,Tomato___Septoria_leaf_spot/b7534867-a544-48de-a419-32b315e3b5d2___Matt.S_CG 7584.JPG,Tomato___Tomato_Yellow_Leaf_Curl_Virus/7933a69e-7e62-47c4-8c92-08e12752402d___YLCV_GCREC 2092.JPG,Tomato___Septoria_leaf_spot,Tomato___Tomato_Yellow_Leaf_Curl_Virus,train,train,8,False
629b053ca80461540fc6878d86a0dce1f147d796cf72d9b54416bf179f038c08,30b6255083bf14471dda37d1f5fd2cc256e48f17d61b7c7ee9ffb7316753c78f,Tomato___Late_blight/c5749d4c-332c-4017-bcb8-c22d5dbcc91e___GHLB2 Leaf 8803.JPG,Tomato___Late_blight/c0767cc9-acc8-4f4b-b9b5-1958899633ef___GHLB2 Leaf 8807.JPG,Tomato___Late_blight,Tomato___Late_blight,train,val,8,True
629ec7850314f94749606abd5e6d0b606a58b2278720eff30047999f11510bb2,420316c9a9fad65948abc0f237660a4a8f3a1df05f16b6faba9f0212ef973e41,Tomato___Tomato_Yellow_Leaf_Curl_Virus/f6ce32e5-da3a-40a9-a3b8-47c1325991f5___UF.GRC_YLCV_Lab 02878.JPG,Tomato___Tomato_Yellow_Leaf_Curl_Virus/6041f290-bdf5-425f-a38f-44f57a7548ba___UF.GRC_YLCV_Lab 02883.JPG,Tomato___Tomato_Yellow_Leaf_Curl_Virus,Tomato___Tomato_Yellow_Leaf_Curl_Virus,train,val,8,True
629ec7850314f94749606abd5e6d0b606a58b2278720eff30047999f11510bb2,a808397724e269f78745d5ba99836d1fbc424593661296179023aaf08dd612b2,Tomato___Tomato_Yellow_Leaf_Curl_Virus/f6ce32e5-da3a-40a9-a3b8-47c1325991f5___UF.GRC_YLCV_Lab 02878.JPG,Tomato___Tomato_Yellow_Leaf_Curl_Virus/feb4e0fa-e4e7-4eb9-8948-ea1bac27fa1e___UF.GRC_YLCV_Lab 02872.JPG,Tomato___Tomato_Yellow_Leaf_Curl_Virus,Tomato___Tomato_Yellow_Leaf_Curl_Virus,train,val,8,True
62e3f7e44408be00faebd9d95ae68e936ff248a04f61a5d4f6692da230de95fa,5243232c08f0722d1c968f4f4471a2dd1b5083ef74fdeb4959721eae82d8bd97,Tomato___Tomato_Yellow_Leaf_Curl_Virus/928083f9-28e8-4e9d-9437-bd6d72b851e1___UF.GRC_YLCV_Lab 02787.JPG,Tomato___Tomato_Yellow_Leaf_Curl_Virus/47b48180-43b8-42ea-bdc2-1fede43b8076___UF.GRC_YLCV_Lab 02790.JPG,Tomato___Tomato_Yellow_Leaf_Curl_Virus,Tomato___Tomato_Yellow_Leaf_Curl_Virus,train,val,8,True
63286e5ecc120b9cb6b05a2493fc61dfdb754bbe4457368295feb5cee5450b0c,f14549815244d4299303ba3eee3bd5483f5a46d3d20f6c604080f6fc0e10f544,Tomato___Leaf_Mold/333654c3-6429-4ac2-b648-23b80488a08f___Crnl_L.Mold 7171.JPG,Tomato___Septoria_leaf_spot/f9fca14e-8b3c-4f85-aaa9-e8e0e8c49aa9___Matt.S_CG 7684.JPG,Tomato___Leaf_Mold,Tomato___Septoria_leaf_spot,train,train,8,False
633213fdc2c975c6a3def83f23c9a28c6f92241fd3c65ac1a8ccc372bca6ad0e,6eb798e07aac592382745c738bbfc23f4bffc8017f320f65f497f37ea4e242c7,Tomato___Spider_mites Two-spotted_spider_mite/646aa524-ba89-4228-bd91-16d693ff1283___Com.G_SpM_FL 8835.JPG,Tomato___Spider_mites Two-spotted_spider_mite/bd686fc4-6f2b-4139-b1c9-ef58ad3542c8___Com.G_SpM_FL 8438.JPG,Tomato___Spider_mites Two-spotted_spider_mite,Tomato___Spider_mites Two-spotted_spider_mite,train,train,8,False
635e56168bfebe0bd18d78401c9308837d383995b1ee1c2dc58cbf5121fc500e,c679984ab1ccc65129b84b4d235b7d11d2c06ef7d32e4ae480165cfc70a624fd,Tomato___Septoria_leaf_spot/546a14dd-fe94-4651-82bb-012f6fbf53a7___Matt.S_CG 6675.JPG,Tomato___Late_blight/d6e1f9c1-f0f2-4370-8eb5-aba74edd815a___RS_Late.B 5209.JPG,Tomato___Septoria_leaf_spot,Tomato___Late_blight,test,val,8,True
6372475fb6cb1a68f1aaffbbb676e7baf2b2bc4315da28d37a0e1d6a5716e250,051e455ff4faa34e7f4605c2450508b8dcfc3bcb31015c28709d163473298fec,Tomato___Tomato_Yellow_Leaf_Curl_Virus/fa407285-32db-4ba4-98c3-e9b81675779e___UF.GRC_YLCV_Lab 01473.JPG,Tomato___Tomato_Yellow_Leaf_Curl_Virus/f9e6a633-a695-4239-9566-456473fdf474___UF.GRC_YLCV_Lab 01480.JPG,Tomato___Tomato_Yellow_Leaf_Curl_Virus,Tomato___Tomato_Yellow_Leaf_Curl_Virus,test,train,8,True
63b34ccd833c4d7d06c4303ec8cd9e8dc5e500ed33966e27091e38d0068ec878,87804d6ff429b99673d34299537084455b734fbd791a13230e67594021caa578,Tomato___Tomato_Yellow_Leaf_Curl_Virus/f61d3f58-ca3d-480e-b724-df5f85b4b720___YLCV_GCREC 5528.JPG,Tomato___Bacterial_spot/2a7b80f9-bd15-42cf-aab5-699232ee1506___GCREC_Bact.Sp 6317.JPG,Tomato___Tomato_Yellow_Leaf_Curl_Virus,Tomato___Bacterial_spot,test,train,8,True
63e7543b8668aac4a4156e46084129ad8208d06a6eda31a100b48088d4014c7e,bb6634cc39de27ca00d4fbb5dbdd70ff883050e1007494263af4033fbc557f55,Tomato___Late_blight/2cf091ac-156c-4e33-a66b-645439d084f3___GHLB2 Leaf 8896.JPG,Tomato___Late_blight/918d106d-a453-4c44-80b4-601be91a0896___GHLB2 Leaf 159.1.JPG,Tomato___Late_blight,Tomato___Late_blight,train,train,8,False
64270bd6d199d52087ff6ee3ffdda246f03a6e72be56febce33ba4359f71cf23,6bbe773a0deaf18874d8c9aa19d2cc774ff65dedde5d4cb0e52e5ca541fd01cf,Tomato___Bacterial_spot/afb75fca-bf21-4def-99aa-1fdf5455a95a___GCREC_Bact.Sp 3440.JPG,Tomato___Spider_mites Two-spotted_spider_mite/ae60fb8a-1774-422b-a141-869d27d74e22___Com.G_SpM_FL 9378.JPG,Tomato___Bacterial_spot,Tomato___Spider_mites Two-spotted_spider_mite,test,train,8,True
6465e651c35bb9f45f5c9f52498d19cb09f007b39523e35c09484e3327a7c8dc,768cc8f4433fb9c16e95bd3b9eb1e082cce702dea4a0be66c3c79f65db524fa7,Tomato___Bacterial_spot/02a0f70a-9e27-420e-93ff-6ed8105f41c1___GCREC_Bact.Sp 3570.JPG,Tomato___Bacterial_spot/e5ebe0ed-8be8-46c8-a209-32b00ad5f65e___GCREC_Bact.Sp 6033.JPG,Tomato___Bacterial_spot,Tomato___Bacterial_spot,train,val,8,True
6465e651c35bb9f45f5c9f52498d19cb09f007b39523e35c09484e3327a7c8dc,d9e0efe71f9935d4f2c68bf953b959af230fa76b1afd37aed8ceec8d2e568272,Tomato___Bacterial_spot/02a0f70a-9e27-420e-93ff-6ed8105f41c1___GCREC_Bact.Sp 3570.JPG,Tomato___Bacterial_spot/6a63c776-470d-41a4-b94d-3b90dfd12f0e___GCREC_Bact.Sp 3505.JPG,Tomato___Bacterial_spot,Tomato___Bacterial_spot,train,train,8,False
64687b8124464b59204e2b83ca4f4f0aeddf6f8c0905f36e4b06f56d471cd3f4,a3ae08222a54a853e9fdcad6dce5df5159dca1252d1bb354625969f98c7041ea,Tomato___Bacterial_spot/ec7b4f39-0aff-4fdb-96cd-5c8cbaf3bf34___GCREC_Bact.Sp 2963.JPG,Tomato___Bacterial_spot/a8fc7e5e-24c7-45f5-a794-29fab66dd122___GCREC_Bact.Sp 3726.JPG,Tomato___Bacterial_spot,Tomato___Bacterial_spot,train,val,8,True
64baf89d97e053c72e1de28c178259c905b0f737aaccf089f9159feacd4364ce,1c228bcbddf2af6f92348d748f9ab073a17123c7c8f737b3b94f1dc3dcd65bc0,Tomato___Bacterial_spot/d489099b-31cf-484f-a0d6-46f24e6875ab___GCREC_Bact.Sp 3523.JPG,Tomato___Target_Spot/9d04eab3-3ca0-4c04-aca6-6b63a5c0b491___Com.G_TgS_FL 0816.JPG,Tomato___Bacterial_spot,Tomato___Target_Spot,train,train,8,False
64baf89d97e053c72e1de28c178259c905b0f737aaccf089f9159feacd4364ce,89f6b68af289e560e535b4ade5bb65bd14c75a9d964ed3b5152cd6ffe3eb0595,Tomato___Bacterial_spot/d489099b-31cf-484f-a0d6-46f24e6875ab___GCREC_Bact.Sp 3523.JPG,Tomato___Leaf_Mold/a740fdd7-45f9-445f-a992-37005aa41d32___Crnl_L.Mold 6883.JPG,Tomato___Bacterial_spot,Tomato___Leaf_Mold,train,val,8,True
64baf89d97e053c72e1de28c178259c905b0f737aaccf089f9159feacd4364ce,b465a36bbeba6988d054d7d3e8d389bfc2141e9c44edaacd8919302217603c9c,Tomato___Bacterial_spot/d489099b-31cf-484f-a0d6-46f24e6875ab___GCREC_Bact.Sp 3523.JPG,Tomato___Bacterial_spot/fb703e38-2ea0-468f-9958-0f88be8e1fb0___GCREC_Bact.Sp 3126.JPG,Tomato___Bacterial_spot,Tomato___Bacterial_spot,train,val,8,True
655beb50e25e5be99dc9a0a2a26c12551d8a3f2a56bdf99b0c29b7fd04894897,05240a7876e006e9c03e5357782e986dfabb69d481894a43b2bc3504549ca895,Tomato___Target_Spot/c47c2e46-e1ec-4359-ae0b-5e8b89dbd32f___Com.G_TgS_FL 9795.JPG,Tomato___Bacterial_spot/e1fa4f5f-d166-4483-95c4-0c420ee2098e___GCREC_Bact.Sp 3458.JPG,Tomato___Target_Spot,Tomato___Bacterial_spot,test,val,8,True
655beb50e25e5be99dc9a0a2a26c12551d8a3f2a56bdf99b0c29b7fd04894897,3228ad671ab692acce626e1de3ff63dfba8b6cce38653aec3b648057dc88faa8,Tomato___Target_Spot/c47c2e46-e1ec-4359-ae0b-5e8b89dbd32f___Com.G_TgS_FL 9795.JPG,Tomato___Bacterial_spot/2279def6-9a9e-43cd-8f35-9111fa81ab13___GCREC_Bact.Sp 5952.JPG,Tomato___Target_Spot,Tomato___Bacterial_spot,test,train,8,True
655beb50e25e5be99dc9a0a2a26c12551d8a3f2a56bdf99b0c29b7fd04894897,7e923079f65ccfd273346458b95f14840191d187fc7d7b212623eb497854edda,Tomato___Target_Spot/c47c2e46-e1ec-4359-ae0b-5e8b89dbd32f___Com.G_TgS_FL 9795.JPG,Tomato___Bacterial_spot/3d997709-70ca-4845-a4df-02995c20f5f0___GCREC_Bact.Sp 2987.JPG,Tomato___Target_Spot,Tomato___Bacterial_spot,test,train,8,True
658559319f014a592049e1a660d4e5d95bfab9dabc87aeda46736ecba21eb6a2,fd048fb0d5434daf5529bc4b19724878bec041fefad64cd3abb7e28537a9e451,Tomato___Bacterial_spot/cb4644f6-9f79-4cad-96e8-08da62d43550___GCREC_Bact.Sp 5732.JPG,Tomato___Tomato_Yellow_Leaf_Curl_Virus/d1103cac-dfe3-41d1-9335-0e5a84c19bdb___UF.GRC_YLCV_Lab 01375.JPG,Tomato___Bacterial_spot,Tomato___Tomato_Yellow_Leaf_Curl_Virus,train,train,8,False
658fcfd7f026c26bde44218c26c05c85879aab327c67d727149e10996fd58b5c,ea0f8af261dc3d83398ea402a67617c8c90b659c4dee6c437bb9a796ab9c43ca,Tomato___Tomato_Yellow_Leaf_Curl_Virus/2c17e2dd-98aa-4416-b221-bb1f306f626c___YLCV_NREC 2088.JPG,Tomato___Tomato_Yellow_Leaf_Curl_Virus/cc3769bf-69f3-4ff3-b2bb-dc9ec504fbfb___YLCV_NREC 2609.JPG,Tomato___Tomato_Yellow_Leaf_Curl_Virus,Tomato___Tomato_Yellow_Leaf_Curl_Virus,train,train,8,False
65b5d491ee79ef95cc55d17180be7053cb7cb0bd9a7240af0d333430a5d88d21,47f869fbd1ad9d9909051c82768378a46fcb39696540decf2130d2c077cb8776,Tomato___Spider_mites Two-spotted_spider_mite/5b432300-9fe3-428a-8a4f-ae38a283f953___Com.G_SpM_FL 8792.JPG,Tomato___Target_Spot/da0e1f6d-8daa-4ca4-9776-08ce115d3d04___Com.G_TgS_FL 9680.JPG,Tomato___Spider_mites Two-spotted_spider_mite,Tomato___Target_Spot,train,train,8,False
65cc952f28575890dc9953e1abdb15076bb7f0ce81b09352d75bc6698411407e,236dfde3bb3d2a7171dc80018e7341ad683654e6f0bfe2778728ccab87b96cc3,Tomato___Spider_mites Two-spotted_spider_mite/79d0c780-0b2c-45c2-ba3d-dea493a936e6___Com.G_SpM_FL 1192.JPG,Tomato___Tomato_Yellow_Leaf_Curl_Virus/541ea831-f885-4526-892b-5aefe0cd4223___YLCV_NREC 2002.JPG,Tomato___Spider_mites Two-spotted_spider_mite,Tomato___Tomato_Yellow_Leaf_Curl_Virus,train,train,8,False
65d5841056acea4499c01d1de191528ee70ff957efe15a81ed33e984ae353acb,47f869fbd1ad9d9909051c82768378a46fcb39696540decf2130d2c077cb8776,Tomato___Spider_mites Two-spotted_spider_mite/e9b2e448-c8b7-4fde-b1f2-1ab86dce0b86___Com.G_SpM_FL 1330.JPG,Tomato___Target_Spot/da0e1f6d-8daa-4ca4-9776-08ce115d3d04___Com.G_TgS_FL 9680.JPG,Tomato___Spider_mites Two-spotted_spider_mite,Tomato___Target_Spot,train,train,8,False
65d5841056acea4499c01d1de191528ee70ff957efe15a81ed33e984ae353acb,a49bacf26a9ff07a961027100e611057cbacf33be06ce43229e955bd7ed82612,Tomato___Spider_mites Two-spotted_spider_mite/e9b2e448-c8b7-4fde-b1f2-1ab86dce0b86___Com.G_SpM_FL 1330.JPG,Tomato___Spider_mites Two-spotted_spider_mite/64338ca4-e33c-473a-86b5-58a4e76149a9___Com.G_SpM_FL 8632.JPG,Tomato___Spider_mites Two-spotted_spider_mite,Tomato___Spider_mites Two-spotted_spider_mite,train,val,8,True
65f1a00f1dfe4d9733c3aad81e105940e27bf3f14482d7c65b71791c1c324972,7ec75a4af274d18507580821e6c4e6e20e2cff7b04d2b229b0bf163ea8b6f7f3,Tomato___Septoria_leaf_spot/e09ba1ab-7952-4b09-a886-0025c4536d7c___Keller.St_CG 1936.JPG,Tomato___Septoria_leaf_spot/f67d781b-72a1-4e74-9a0b-770bf4b03882___Keller.St_CG 1944.JPG,Tomato___Septoria_leaf_spot,Tomato___Septoria_leaf_spot,test,train,8,True
6635ac48267f819281536681d90a350a9f2d1641f5cdbf54ddb3146a42a8c1e1,43ac1ffbfc7935b6fa2923a3f9b2769096ceca46e76c0f63bb609efdde0c9743,Tomato___Tomato_Yellow_Leaf_Curl_Virus/06718520-1ddc-40e0-ada1-37910bc41e36___UF.GRC_YLCV_Lab 01534.JPG,Tomato___Tomato_Yellow_Leaf_Curl_Virus/401ddcf1-6af4-4caf-a185-1d920167b214___UF.GRC_YLCV_Lab 01541.JPG,Tomato___Tomato_Yellow_Leaf_Curl_Virus,Tomato___Tomato_Yellow_Leaf_Curl_Virus,train,val,8,True
6714b2ba95d4f8322ff3c5216cabd726e0f74c38e30706c7c2d7154ed1bd391c,eb78e407b30bb4fad42784b2a7f0fcd5867a56645e43072e9e9696946c5f7f34,Tomato___Spider_mites Two-spotted_spider_mite/2ae5364f-20a9-46e9-8ca8-e47710c50446___Com.G_SpM_FL 1295.JPG,Tomato___Target_Spot/f9769c47-1f95-49f2-aed6-7b50d15bc9c3___Com.G_TgS_FL 0026.JPG,Tomato___Spider_mites Two-spotted_spider_mite,Tomato___Target_Spot,train,train,8,False
677aa5ac102537eb86ee782a6bea64ad8b6bab1eac0732e522988807f7e59c97,5df9d88064ec0a4e9e6bebede1be0d3d03b4004fca84e8f7681ed57c178a847d,Tomato___Leaf_Mold/176dba1d-32f5-4050-a475-7beb5ce39245___Crnl_L.Mold 6797.JPG,Tomato___Tomato_mosaic_virus/bd8c0b7d-08b5-422e-9043-4cbfcfa165e6___PSU_CG 2271.JPG,Tomato___Leaf_Mold,Tomato___Tomato_mosaic_virus,train,train,8,False
67cbafa42ceee87e199bfb589716a09e7357fbf81638fde356fb2309a1e4b8e0,068337271319b43afc9d30a7b1bcea37bd7b8b8f038e35e53545b60a24dc059b,Tomato___Bacterial_spot/4c8f178b-1d65-40ee-bc71-b78e95d9f200___GCREC_Bact.Sp 5835.JPG,Tomato___healthy/c30a18fe-8a24-4f0e-9c33-ed8632eead8e___RS_HL 9965.JPG,Tomato___Bacterial_spot,Tomato___healthy,train,train,8,False
67cbafa42ceee87e199bfb589716a09e7357fbf81638fde356fb2309a1e4b8e0,1f9d3e388f02c939b2a1b062ae2db7f21de6acc23c5de238473197d028b65a39,Tomato___Bacterial_spot/4c8f178b-1d65-40ee-bc71-b78e95d9f200___GCREC_Bact.Sp 5835.JPG,Tomato___Bacterial_spot/5c438fb1-fb2e-4672-b035-2a1581efa729___GCREC_Bact.Sp 5550.JPG,Tomato___Bacterial_spot,Tomato___Bacterial_spot,train,train,8,False
68bbe28aa1b2be242724dbaf68edc698fe273d379ef8d863e568dabceb60a0df,afc69ad7cb396db60b22cbc92ed8876757d1326aa3d672393817140771fed50b,Tomato___Early_blight/9d64c577-43dd-4409-b0ed-f5460bc01dc9___RS_Erly.B 7685.JPG,Tomato___Spider_mites Two-spotted_spider_mite/aea2ebb0-d066-451a-8f0c-efb78efb1028___Com.G_SpM_FL 1335.JPG,Tomato___Early_blight,Tomato___Spider_mites Two-spotted_spider_mite,train,train,8,False
68c827e18ac35fc8df87b549fd8b750c8c8fd6649f19a4fc8f8fb09c509af89f,1b1701e8bad3ce5dc1bd08d2689435d1107c36fc0edf348b94430d0a14cf4543,Tomato___Tomato_Yellow_Leaf_Curl_Virus/21401648-7356-4019-9781-516afa0ff7c4___UF.GRC_YLCV_Lab 02527.JPG,Tomato___Tomato_Yellow_Leaf_Curl_Virus/c6cb3a61-4f50-478f-9097-b21f470ce971___UF.GRC_YLCV_Lab 02536.JPG,Tomato___Tomato_Yellow_Leaf_Curl_Virus,Tomato___Tomato_Yellow_Leaf_Curl_Virus,train,val,8,True
68c827e18ac35fc8df87b549fd8b750c8c8fd6649f19a4fc8f8fb09c509af89f,c42ea5551ed991d64da5b581dd72c34ab2448a0f14aec256a4f8cd452028d375,Tomato___Tomato_Yellow_Leaf_Curl_Virus/21401648-7356-4019-9781-516afa0ff7c4___UF.GRC_YLCV_Lab 02527.JPG,Tomato___Tomato_Yellow_Leaf_Curl_Virus/6bc71828-8107-4cf7-9da1-54ac9f7c73da___UF.GRC_YLCV_Lab 02534.JPG,Tomato___Tomato_Yellow_Leaf_Curl_Virus,Tomato___Tomato_Yellow_Leaf_Curl_Virus,train,val,8,True
69447f620726b0dee08f5951ccd9b6ee98d8528a5ba153fc135a119e90d63578,ea71062e4861496b414e3a414f48ba8a9ce521fc8309ba3ba1ae1db4942b7955,Tomato___Bacterial_spot/116f4d08-405e-492c-a8b2-dd596b19b820___GCREC_Bact.Sp 3053.JPG,Tomato___Bacterial_spot/a9045c2f-df74-4d31-8e2f-f3ce3d6753e2___GCREC_Bact.Sp 3026.JPG,Tomato___Bacterial_spot,Tomato___Bacterial_spot,train,train,8,False
695ab1fcc6c74f2b85ae630be2200610b3c0d4c7a4189d7e19d4dec39768f46e,b2d2e40abcca73ef11da1d3edd11dde69a505671e6a2d791d12d1ad795c59310,Tomato___Bacterial_spot/e6167368-bc1b-4f68-a725-cbcee3d930fb___GCREC_Bact.Sp 3510.JPG,Tomato___Bacterial_spot/f8612abc-7408-451f-b6b8-89561d679bd0___GCREC_Bact.Sp 2997.JPG,Tomato___Bacterial_spot,Tomato___Bacterial_spot,train,train,8,False
6981a37e8cf0988f68c46c286e06c9b21a93d7f45bed8c2c6ea2cff18cb60ee7,c6d911ccc42fe7d337ebc4946f156c9918a70c6b75697ebab99b18f569873a84,Tomato___Septoria_leaf_spot/fd774721-5f04-4293-b462-8301952d140a___Matt.S_CG 6372.JPG,Tomato___Bacterial_spot/93425b8b-4f69-47ec-bbd7-15723bd9b563___GCREC_Bact.Sp 6004.JPG,Tomato___Septoria_leaf_spot,Tomato___Bacterial_spot,test,val,8,True
69a8b63294bc5758911fc4e99cac53bb6769d2e8255c2dfd1485e61145cf60bf,c273435eaf23a4a84f98d303059afeb357c4e3ff1b588b7f55540912fadfa4c3,Tomato___Spider_mites Two-spotted_spider_mite/a3cbf151-7473-40c5-b40f-fa27fe490b21___Com.G_SpM_FL 8722.JPG,Tomato___Tomato_Yellow_Leaf_Curl_Virus/b21db9f1-13df-4a1d-8ad5-b6f2edfc367c___YLCV_GCREC 2904.JPG,Tomato___Spider_mites Two-spotted_spider_mite,Tomato___Tomato_Yellow_Leaf_Curl_Virus,train,train,8,False
69c40df73788d43977b9a684e4cdd2bb702f307da1b0793ea483fe7c891dfd5a,cdfa0ccd045e7b6af782f91e5000383e09f56f18054e7d2d1cb59b19f7e9ca21,Tomato___Early_blight/503785a3-9eaa-4887-b832-2288f747624a___RS_Erly.B 7636.JPG,Tomato___Tomato_Yellow_Leaf_Curl_Virus/f6bfc52d-f4c7-410b-a867-04691d15df30___YLCV_NREC 2595.JPG,Tomato___Early_blight,Tomato___Tomato_Yellow_Leaf_Curl_Virus,test,train,8,True
69cabf9adc3c86d57ba58810148350cb72671cfa1297f2363f4ad1a3afb6968c,0332c97f512b08d7cf78bb69ad9ac48ea542a10115e7908017bdf7bdf7bcb5b3,Tomato___Septoria_leaf_spot/1a88e419-7d5c-45c7-a10f-4e1f80280cd2___Matt.S_CG 1584.JPG,Tomato___Tomato_Yellow_Leaf_Curl_Virus/69853336-0ccf-4fdc-8602-774279ecbce6___YLCV_GCREC 2836.JPG,Tomato___Septoria_leaf_spot,Tomato___Tomato_Yellow_Leaf_Curl_Virus,test,train,8,True
69cabf9adc3c86d57ba58810148350cb72671cfa1297f2363f4ad1a3afb6968c,d666dda5103919b608b2c659103e5d24d6433b8aa5099a52a01ad21b7dbd705b,Tomato___Septoria_leaf_spot/1a88e419-7d5c-45c7-a10f-4e1f80280cd2___Matt.S_CG 1584.JPG,Tomato___Spider_mites Two-spotted_spider_mite/bcca5917-17c5-4b38-ac89-233eec6a4ddb___Com.G_SpM_FL 9540.JPG,Tomato___Septoria_leaf_spot,Tomato___Spider_mites Two-spotted_spider_mite,test,train,8,True
6a76fa2fc8cbc6c062b605c77237e44c2f460a69c30c41c5cd960510a785ba74,3be4542eebdced7f6dbea0c5f86ca95d100d51c9dcd6c3df701918a8345f1a87,Tomato___Early_blight/be03b7aa-4c59-4ea9-b3cc-33a93a34b402___RS_Erly.B 7742.JPG,Tomato___Tomato_mosaic_virus/55117128-4dcf-4b3a-bde6-9f42a18d4b24___PSU_CG 2377.JPG,Tomato___Early_blight,Tomato___Tomato_mosaic_virus,train,train,8,False
6a860565e4dc99e6832e5bd58fc227d38cf95280b2650346f9b173d747f97b4e,c79782010dbf9bffddd25968e0f7a24ed0196ab4eb6ee3201150f4f8f5a18818,Tomato___Target_Spot/4dd67eba-381f-4733-9fde-2263b4da5dd0___Com.G_TgS_FL 9947.JPG,Tomato___Spider_mites Two-spotted_spider_mite/141ec6e2-9ff8-436c-9d18-9edb8b26d861___Com.G_SpM_FL 8644.JPG,Tomato___Target_Spot,Tomato___Spider_mites Two-spotted_spider_mite,test,val,8,True
6a923555aa7f549aca3908d04d7459b02ea5ec93494d2ea400af1a89c031c531,6036fc2351c0e1fc2400444009b71b9b7e1d566c2da7b95b601a83c1017163ec,Tomato___Tomato_Yellow_Leaf_Curl_Virus/4a14c563-0f0b-4c0c-9dff-66972521995a___UF.GRC_YLCV_Lab 02911.JPG,Tomato___Tomato_Yellow_Leaf_Curl_Virus/c423d43d-ba30-4d8d-978d-ae674a4aac4b___UF.GRC_YLCV_Lab 02916.JPG,Tomato___Tomato_Yellow_Leaf_Curl_Virus,Tomato___Tomato_Yellow_Leaf_Curl_Virus,train,train,8,False
6a9a8569aca118921a6a7055954fbd63676846b36b41637ba37be4bffcf8e1ad,b371106fbe243043b093f63a2231b528d24c96f2a2f683973ebac93579675dc3,Tomato___Late_blight/fabaa5c5-3180-49b7-b538-d1a31316afd8___GHLB2 Leaf 121.4.JPG,Tomato___Late_blight/231be16a-304a-48ce-a243-0b4d95c59681___GHLB2 Leaf 121.2.JPG,Tomato___Late_blight,Tomato___Late_blight,train,val,8,True
6b1688e05b6800a789b02fa08a1a583632c830a6d861df5bba2c1f81b9df19fd,6674d2740895af1b0e32213971fdc7c57156bb917dc7edfee5db20afd2aee182,Tomato___Bacterial_spot/c41baf9d-cf9e-4acb-a7a8-bb0c7e201621___GCREC_Bact.Sp 3492.JPG,Tomato___Bacterial_spot/ccfdfe87-72ec-4b17-bd86-9f0bb242dfd5___GCREC_Bact.Sp 3367.JPG,Tomato___Bacterial_spot,Tomato___Bacterial_spot,train,val,8,True
6b4a6678cd7c420a607635624ba7803d143bcf8627e327d37b13841f4a346222,4892b72abcccde700520d843f28eba3b45ac83e7ccdec0d55fa25e0cb6894e2f,Tomato___Target_Spot/72196eee-e109-4019-bb7a-4c272b460656___Com.G_TgS_FL 0712.JPG,Tomato___Tomato_Yellow_Leaf_Curl_Virus/8b8edbc8-52cf-456f-881c-6c4b98f138c4___YLCV_GCREC 2022.JPG,Tomato___Target_Spot,Tomato___Tomato_Yellow_Leaf_Curl_Virus,train,train,8,False
6b53f0c1a91b86b2993c79d8f74ec740e21cbe2ecd652d08275c3821969d15b7,067439d3cc099b8cf9536903443300a9aaef7475af83bc91adc58f824f5cf773,Tomato___Tomato_Yellow_Leaf_Curl_Virus/46476c84-3651-4706-af74-ccda9fb43719___UF.GRC_YLCV_Lab 08496.JPG,Tomato___Target_Spot/34edeb32-db7b-4885-b55f-5aeba556997c___Com.G_TgS_FL 0008.JPG,Tomato___Tomato_Yellow_Leaf_Curl_Virus,Tomato___Target_Spot,test,train,8,True
6b7ced49924dd149faed3f1abf3de1cfa080fba523802017c9c0e4ba5a1f7e56,dde406f26e9127d960acbbe91946728e87310a17977c2d8684dd7bd419f84699,Tomato___Bacterial_spot/5def221c-54e3-4322-ba12-327adcd50dee___GCREC_Bact.Sp 3014.JPG,Tomato___Tomato_Yellow_Leaf_Curl_Virus/60d9f783-3673-48ac-b23c-d2502ea2bdcb___YLCV_GCREC 2259.JPG,Tomato___Bacterial_spot,Tomato___Tomato_Yellow_Leaf_Curl_Virus,train,train,8,False
6b91dd1cfd69d39061915a99a5fc40570957360dc195d62c2e7216d8695a63d3,68c2a4c384b3ff0cb232ea18984bcf706edaad27dc9efb2cd91b52942287ac7a,Tomato___Early_blight/a86f36c6-2089-4367-ba3e-5b7c8b3c0084___RS_Erly.B 7492.JPG,Tomato___Tomato_Yellow_Leaf_Curl_Virus/9f1e41b6-c547-481b-9bfe-bbb62e0ebec5___YLCV_GCREC 5431.JPG,Tomato___Early_blight,Tomato___Tomato_Yellow_Leaf_Curl_Virus,train,train,8,False
6bbe773a0deaf18874d8c9aa19d2cc774ff65dedde5d4cb0e52e5ca541fd01cf,4c59daa8b974bb8c4d8d8912e02b0d85b1ab88f5b470aecdf4077f274e6cf12d,Tomato___Spider_mites Two-spotted_spider_mite/ae60fb8a-1774-422b-a141-869d27d74e22___Com.G_SpM_FL 9378.JPG,Tomato___Spider_mites Two-spotted_spider_mite/b7fb98ad-68d6-46b9-9f17-9d3f111b20fb___Com.G_SpM_FL 1676.JPG,Tomato___Spider_mites Two-spotted_spider_mite,Tomato___Spider_mites Two-spotted_spider_mite,train,train,8,False
6bbe773a0deaf18874d8c9aa19d2cc774ff65dedde5d4cb0e52e5ca541fd01cf,7eb7dde2c9681b36272f21d2b1d651c64d81d2058610818f014a8bc8b4097ffb,Tomato___Spider_mites Two-spotted_spider_mite/ae60fb8a-1774-422b-a141-869d27d74e22___Com.G_SpM_FL 9378.JPG,Tomato___Spider_mites Two-spotted_spider_mite/f581a55f-a154-4266-8306-aa00abd9ebe8___Com.G_SpM_FL 9301.JPG,Tomato___Spider_mites Two-spotted_spider_mite,Tomato___Spider_mites Two-spotted_spider_mite,train,train,8,False
6bd4bfc1ee8e866b584bdd9bba750ccd4368ae7f591ba6d60f1aa63a1c6f97b7,b97fbb58b33c2a7bdd43bdc1237285eacef36953063b9f161ef1290ef35d5a41,Tomato___Tomato_Yellow_Leaf_Curl_Virus/278114fd-a6b8-4c88-ba45-4346148a6654___UF.GRC_YLCV_Lab 01745.JPG,Tomato___Tomato_Yellow_Leaf_Curl_Virus/f9213e8e-6a76-48dc-903c-ab8a98439533___UF.GRC_YLCV_Lab 01744.JPG,Tomato___Tomato_Yellow_Leaf_Curl_Virus,Tomato___Tomato_Yellow_Leaf_Curl_Virus,train,train,8,False
6c72c41c6241921b5f3991692f30ecc5254aac4d24487338c15c5f7517e458ae,b325ad50c9739a976297d6bffde830f13896b3c411c332f5aac2784414660d03,Tomato___Bacterial_spot/9fc3b924-71f1-40a6-8826-de89c9e34e52___GCREC_Bact.Sp 3050.JPG,Tomato___Bacterial_spot/a129e8eb-e2b4-4a8a-a509-f6625da6b11c___GCREC_Bact.Sp 3002.JPG,Tomato___Bacterial_spot,Tomato___Bacterial_spot,train,train,8,False
6c8392bd65263e6528bda30e98715c17088f158b6ce387b36684ab0aeebff971,96c41ac0a97139024319b18f5bfbc84e0f0acabc164a63014d72a402ed29a0f4,Tomato___Spider_mites Two-spotted_spider_mite/93c217f5-43d5-454b-820a-e76a63993497___Com.G_SpM_FL 1181.JPG,Tomato___Spider_mites Two-spotted_spider_mite/c8ac701f-23a1-45e5-9a3e-455b19d65479___Com.G_SpM_FL 8744.JPG,Tomato___Spider_mites Two-spotted_spider_mite,Tomato___Spider_mites Two-spotted_spider_mite,train,train,8,False
6c916c431bec155add4894c27e29919f3a6ccf3290157b56bd691399b5354521,7100e69fc4e50dc40f3f7be92ba714015c79be0dd097d891d56a27371eead614,Tomato___Bacterial_spot/b7369ccc-8bb8-462f-a915-d0737d1c87c2___GCREC_Bact.Sp 5646.JPG,Tomato___Bacterial_spot/eaf64b81-ac2a-4c85-8c15-da1986a12b7a___GCREC_Bact.Sp 3683.JPG,Tomato___Bacterial_spot,Tomato___Bacterial_spot,train,train,8,False
6cb79ef8439f6eecabc077605d6e07ff4b27be5a74f9ea8df8d0b3a451908401,e6caed476c36301e338aab96bc9c29b113f879ff4aa7e74329e3dfdf540f2990,Tomato___Spider_mites Two-spotted_spider_mite/92ea86a5-eefd-480b-a00a-b4b791659e6f___Com.G_SpM_FL 9341.JPG,Tomato___Tomato_Yellow_Leaf_Curl_Virus/78b9c134-1e2b-4670-9bbe-afb27e1ee725___YLCV_NREC 0075.JPG,Tomato___Spider_mites Two-spotted_spider_mite,Tomato___Tomato_Yellow_Leaf_Curl_Virus,train,train,8,False
6d13db43508d0ac5d6d70674112d5c33be99ddecde785b1fc7c0de6ae887e889,2a08a12e29106e2dc830a17206db8c3c4bc3d41c7c1a49d2329b7d12a031190d,Tomato___Bacterial_spot/cdd68f49-20b8-4523-99cf-6479f85b8410___GCREC_Bact.Sp 5853.JPG,Tomato___Spider_mites Two-spotted_spider_mite/c632fc41-93b2-4655-abee-cfba25000d1b___Com.G_SpM_FL 1476.JPG,Tomato___Bacterial_spot,Tomato___Spider_mites Two-spotted_spider_mite,train,val,8,True
6d1720c657c807d3eaa0cfa88a66bfd992d8808544800cf6c17db6339893e5c1,76a30cd78da73428c0058c2291d7556fde48291106c50dfc027982e4d25611c4,Tomato___Spider_mites Two-spotted_spider_mite/be960347-691b-4378-b9a9-4fbbb456fc76___Com.G_SpM_FL 8858.JPG,Tomato___Spider_mites Two-spotted_spider_mite/f9725539-49f8-4152-9c67-cc018fca8c87___Com.G_SpM_FL 1477.JPG,Tomato___Spider_mites Two-spotted_spider_mite,Tomato___Spider_mites Two-spotted_spider_mite,train,train,8,False
6d2357eb821c0056b11a83c3887b47400d3671b8ffe4595bab7dfd2ffd40aabc,3c26d76822f94832dcbc5d91966f7707781223f07044236b59b2b6cf121959c8,Tomato___Bacterial_spot/2f9b712f-708a-4e10-b63e-5c1c2208081d___GCREC_Bact.Sp 2966.JPG,Tomato___Target_Spot/8ce8a9a0-3f3a-4a42-b5b0-1b2221af3d2a___Com.G_TgS_FL 9811.JPG,Tomato___Bacterial_spot,Tomato___Target_Spot,train,train,8,False
6d2357eb821c0056b11a83c3887b47400d3671b8ffe4595bab7dfd2ffd40aabc,fe47932cf2344abd3b88dcf3bcb753035bf82add79717e3eebe8ffdbc847c27c,Tomato___Bacterial_spot/2f9b712f-708a-4e10-b63e-5c1c2208081d___GCREC_Bact.Sp 2966.JPG,Tomato___Early_blight/0f111718-a749-42cf-9495-412f4b51acf0___RS_Erly.B 7482.JPG,Tomato___Bacterial_spot,Tomato___Early_blight,train,train,8,False
6d623f2da19eb044c68db66cfafe5f0ca47e68a294792913ce228eb971005139,ad2bd11901f301d51c7da6856123693a106b32790769a372f56a7844c60becc8,Tomato___Tomato_mosaic_virus/2d053972-2f30-414c-9de9-e37c98e44648___PSU_CG 2104.JPG,Tomato___Tomato_mosaic_virus/9c96bbe3-5599-4e31-996f-ae37d75872f5___PSU_CG 2215.JPG,Tomato___Tomato_mosaic_virus,Tomato___Tomato_mosaic_virus,test,train,8,True
6d640e84d1c32b3e7aaf3214109e344fd69df4663c469e8d2624a90cdb6cd0d0,3c26d76822f94832dcbc5d91966f7707781223f07044236b59b2b6cf121959c8,Tomato___Bacterial_spot/1f6a4e82-1d08-48d0-a488-1a787c854484___GCREC_Bact.Sp 5905.JPG,Tomato___Target_Spot/8ce8a9a0-3f3a-4a42-b5b0-1b2221af3d2a___Com.G_TgS_FL 9811.JPG,Tomato___Bacterial_spot,Tomato___Target_Spot,train,train,8,False
6d640e84d1c32b3e7aaf3214109e344fd69df4663c469e8d2624a90cdb6cd0d0,82dbec85668ed6132e30bdebbfeb757c57cad7556423fcc606e53649a663617e,Tomato___Bacterial_spot/1f6a4e82-1d08-48d0-a488-1a787c854484___GCREC_Bact.Sp 5905.JPG,Tomato___Tomato_Yellow_Leaf_Curl_Virus/dd14aa89-ee18-48e2-adcf-4f82777db8da___YLCV_GCREC 2770.JPG,Tomato___Bacterial_spot,Tomato___Tomato_Yellow_Leaf_Curl_Virus,train,train,8,False
6d8b1e503fd41e5cf5717a7e9b08fc7373ec8861c341916a76ecacfcaf1cc3f6,016cc3173064d1184a5ce5c9e97282611a71bded9a57ba4887b21ff7ee939876,Tomato___healthy/10a4a3bd-e4c3-4e1c-94bd-cd0cd4e2705b___GH_HL Leaf 526.JPG,Tomato___healthy/3e9a67e4-492b-4306-be1b-0a2624ea5c3e___GH_HL Leaf 175.JPG,Tomato___healthy,Tomato___healthy,train,train,8,False
6dcf7621f48bbc3035ee9b27cf7e6438d62aae22596360a2ff90dc05b73381f0,c50d42bed21cdceb9059e9ba678e90778facb8d13c5755b3c326c01a7f7a1732,Tomato___Spider_mites Two-spotted_spider_mite/7a01961e-dd28-460b-928c-a656a8a6d018___Com.G_SpM_FL 8569.JPG,Tomato___Spider_mites Two-spotted_spider_mite/5579b8b1-b67b-446a-96da-599e048979f5___Com.G_SpM_FL 8905.JPG,Tomato___Spider_mites Two-spotted_spider_mite,Tomato___Spider_mites Two-spotted_spider_mite,train,val,8,True
6dde2f23bc8c181a069823c6eaaef8ab9e13746ec45ad2c0b7df17b5e5cdf6dc,9fc8ae769298775dffa36873cb1fe9ab8a144d1357b71455c2304d16fee67122,Tomato___Bacterial_spot/a996d784-9bee-4715-b1ff-73e9df5b8666___GCREC_Bact.Sp 3257.JPG,Tomato___Tomato_Yellow_Leaf_Curl_Virus/73f2bb67-22de-4aff-b178-13cc018d5aa7___YLCV_GCREC 2457.JPG,Tomato___Bacterial_spot,Tomato___Tomato_Yellow_Leaf_Curl_Virus,train,train,8,False
6ea09b45029c67ed3adf11c8939664462d91e670c307062d25769fe39059d897,55c3326c7aa9feb3e74ce58fde8d7decb7804dd218c97ee9586086ca18220e73,Tomato___Bacterial_spot/87e80453-5c30-413b-b60f-673730e8e2d4___GCREC_Bact.Sp 3207.JPG,Tomato___Spider_mites Two-spotted_spider_mite/8316fb24-c884-4dc0-a1d5-e84d2e8ac6eb___Com.G_SpM_FL 1383.JPG,Tomato___Bacterial_spot,Tomato___Spider_mites Two-spotted_spider_mite,train,train,8,False
6ea09b45029c67ed3adf11c8939664462d91e670c307062d25769fe39059d897,c27c6dff8910d93f99c3904177b039810c047ee49b83c4186aa1d8b01c58b46d,Tomato___Bacterial_spot/87e80453-5c30-413b-b60f-673730e8e2d4___GCREC_Bact.Sp 3207.JPG,Tomato___Bacterial_spot/a75edffc-d484-41ea-adb2-8808748a53db___GCREC_Bact.Sp 5608.JPG,Tomato___Bacterial_spot,Tomato___Bacterial_spot,train,val,8,True
6eb11ddeeb88c432aa8a05db38596e08726be586cd21e98022fd028c9f86dc80,56f9d31c6aac6e46f02ddbd73f1541bd42d45530edd0a9d274c5a0c409f8cdd1,Tomato___Spider_mites Two-spotted_spider_mite/a56182d9-143a-45fc-a1be-946ba0d46935___Com.G_SpM_FL 9550.JPG,Tomato___Tomato_Yellow_Leaf_Curl_Virus/d843af8e-bec8-4c55-bde4-f01beb1b6209___YLCV_GCREC 2274.JPG,Tomato___Spider_mites Two-spotted_spider_mite,Tomato___Tomato_Yellow_Leaf_Curl_Virus,train,train,8,False
6eeb47203a7b34c763e543c8b114c739965f1569ace230465e318c6c2fde4dd8,9425349d1da7e958ee6db2f584cf567914942d5bc8b22a4e05d9d26631966722,Tomato___Bacterial_spot/669e40d9-4ef8-4f22-82c1-778bf0895ac6___GCREC_Bact.Sp 3166.JPG,Tomato___Tomato_Yellow_Leaf_Curl_Virus/e9688f99-9a4a-4d39-91c3-d4ea5a25e591___YLCV_GCREC 2919.JPG,Tomato___Bacterial_spot,Tomato___Tomato_Yellow_Leaf_Curl_Virus,train,val,8,True
6ef49a4c06a436905df68f00b96aae7a6ad1546759b3870600025f7f45164683,9b7b5866ad6c97228768c6f5108a69e65214a136ba60ba05057848f296c867f5,Tomato___Spider_mites Two-spotted_spider_mite/0b437fa8-c1c8-45f4-b608-bdc6f7e09f84___Com.G_SpM_FL 1137.JPG,Tomato___Spider_mites Two-spotted_spider_mite/92e113f7-cb96-47b7-a9a9-e03c29d0662c___Com.G_SpM_FL 1757.JPG,Tomato___Spider_mites Two-spotted_spider_mite,Tomato___Spider_mites Two-spotted_spider_mite,test,val,8,True
6f0b3fc0c3588055df94b043454da05836c1b9b0cf0af1e3cf3971b8d42149c1,36b882c68df244afa0661bc7caae791ab24d5f142b258856111b402fd1faecb0,Tomato___Septoria_leaf_spot/2f161206-d4aa-4e2a-a0a5-96213d42198d___JR_Sept.L.S 2589.JPG,Tomato___Septoria_leaf_spot/a7c9d081-6e31-4344-bfe4-6184a6b16df8___JR_Sept.L.S 2588.JPG,Tomato___Septoria_leaf_spot,Tomato___Septoria_leaf_spot,train,train,8,False
6f4f8abd0fae6f565315cc3468e390920b04ae6b46d72c02d631c001d7e08352,d59d8e1c5eae809ef157f9c28cde7dfb968a9eeab4537d995d3fabe317ddfdfe,Tomato___healthy/e283f6ea-c756-47ca-ac84-57a38138b571___GH_HL Leaf 343.JPG,Tomato___healthy/eab401a8-c014-4a63-98d4-b6144cfc7bc9___GH_HL Leaf 289.JPG,Tomato___healthy,Tomato___healthy,train,val,8,True
6f5f35a28858a323f02d46a79715549f40c12227ec53455f015253431818ffc3,cf893cf5ba5ac6a77e4840b771816f087a11d0adfdd4dd3095995ef02c26fb30,Tomato___Bacterial_spot/a9081e18-5a97-428a-af5d-6788d430d152___GCREC_Bact.Sp 3347.JPG,Tomato___healthy/13b114fe-22bf-498e-8534-4049123ef655___RS_HL 9775.JPG,Tomato___Bacterial_spot,Tomato___healthy,train,train,8,False
6f67a9b54ee47cd0127cc6f7cfbab14e08fa6544b4fb68b4adf8bb6a4c3a2f0e,87ae2d3db3fdc84f2d967e578171c38960541fb2a07dcdef92f4d39383850609,Tomato___Spider_mites Two-spotted_spider_mite/ddc184a0-ee42-44a4-80ee-ece8e67f1cc9___Com.G_SpM_FL 1231.JPG,Tomato___Target_Spot/d1c4acfe-82e8-4f48-b8c7-39074dfe6f9e___Com.G_TgS_FL 9784.JPG,Tomato___Spider_mites Two-spotted_spider_mite,Tomato___Target_Spot,train,train,8,False
6f9c120fb6f63398418241f3e943a71f3e4aa22e5fe6d2b3b9ad2de219e7f2cf,f922514e4cb386118f11972425330f81a33ed755b7f38ea5d84f0e2b4452f29c,Tomato___Target_Spot/87bd85f0-649b-4f89-8f86-35d15460520f___Com.G_TgS_FL 7933.JPG,Tomato___Target_Spot/a22aa3d8-3856-459b-8b96-f520c3969743___Com.G_TgS_FL 0951.JPG,Tomato___Target_Spot,Tomato___Target_Spot,train,train,8,False
6fb39f8be4ec20b55a984098b6f562d00bf3a1e5eedcb8602ba4a1a006ac787a,5d78e021ca6bd7a4988855778c441bdd06579bf4d9110d5e40cdf9c2c1f5c94b,Tomato___Spider_mites Two-spotted_spider_mite/b321a516-da4c-4e95-8239-a33b281e05d1___Com.G_SpM_FL 1755.JPG,Tomato___Spider_mites Two-spotted_spider_mite/2c2f7f98-8c5b-4981-bb74-f827c5f963fe___Com.G_SpM_FL 8734.JPG,Tomato___Spider_mites Two-spotted_spider_mite,Tomato___Spider_mites Two-spotted_spider_mite,test,val,8,True
6fb39f8be4ec20b55a984098b6f562d00bf3a1e5eedcb8602ba4a1a006ac787a,87ae2d3db3fdc84f2d967e578171c38960541fb2a07dcdef92f4d39383850609,Tomato___Spider_mites Two-spotted_spider_mite/b321a516-da4c-4e95-8239-a33b281e05d1___Com.G_SpM_FL 1755.JPG,Tomato___Target_Spot/d1c4acfe-82e8-4f48-b8c7-39074dfe6f9e___Com.G_TgS_FL 9784.JPG,Tomato___Spider_mites Two-spotted_spider_mite,Tomato___Target_Spot,test,train,8,True
6fcb48100393bb290e1d7ec71543ab6571e77e0e2a2caf2124aa091124530538,72d966777ee58e751a4a1069293a6a4e3c897dab235132671167e307c278f6bc,Tomato___Tomato_Yellow_Leaf_Curl_Virus/88d7f604-281a-492c-b7cf-0f4e3f151c4e___YLCV_NREC 2169.JPG,Tomato___Tomato_Yellow_Leaf_Curl_Virus/a1e1c763-0b15-46be-a205-8530232f0384___YLCV_NREC 2874.JPG,Tomato___Tomato_Yellow_Leaf_Curl_Virus,Tomato___Tomato_Yellow_Leaf_Curl_Virus,test,train,8,True
6fe7b9d06c7475abe42ad194ad27bda256c7bee7afe603610fc3bfd2e51e0387,9156c24a1ca1ba3451d8dddc0b50a279bf18a6efc1666288c1dafb44ae6a77b1,Tomato___Spider_mites Two-spotted_spider_mite/1f3c081d-ddf4-48f7-884b-08b3a5b3ae0a___Com.G_SpM_FL 1307.JPG,Tomato___Tomato_Yellow_Leaf_Curl_Virus/f527ed8b-e5c2-4412-948f-d940039d60d3___YLCV_GCREC 5168.JPG,Tomato___Spider_mites Two-spotted_spider_mite,Tomato___Tomato_Yellow_Leaf_Curl_Virus,train,train,8,False
6fe7b9d06c7475abe42ad194ad27bda256c7bee7afe603610fc3bfd2e51e0387,d3a8120b338a1bc07f2acf203f0a6fe124780f141e1ace20a7805edfc85aba48,Tomato___Spider_mites Two-spotted_spider_mite/1f3c081d-ddf4-48f7-884b-08b3a5b3ae0a___Com.G_SpM_FL 1307.JPG,Tomato___Spider_mites Two-spotted_spider_mite/e413f08a-f5dd-454a-b059-b81bb35c8509___Com.G_SpM_FL 8470.JPG,Tomato___Spider_mites Two-spotted_spider_mite,Tomato___Spider_mites Two-spotted_spider_mite,train,val,8,True
70551381b16a7c335c30a93b1120449256b952994a4404a5685789c0c2c148fb,73f28eb1e37cd67d678f109f972bd8ae468076bbb0806c961dc2f386f85566b0,Tomato___Spider_mites Two-spotted_spider_mite/416c7502-7038-43fb-a700-d11d8a54cafb___Com.G_SpM_FL 9025.JPG,Tomato___Spider_mites Two-spotted_spider_mite/c55448f3-e375-4b37-9b38-58ff1444b592___Com.G_SpM_FL 8509.JPG,Tomato___Spider_mites Two-spotted_spider_mite,Tomato___Spider_mites Two-spotted_spider_mite,test,train,8,True
70551381b16a7c335c30a93b1120449256b952994a4404a5685789c0c2c148fb,aba120368ae8e7021516d16bcc12845ca11974ca9a2f6f366c68613def3a7aa6,Tomato___Spider_mites Two-spotted_spider_mite/416c7502-7038-43fb-a700-d11d8a54cafb___Com.G_SpM_FL 9025.JPG,Tomato___healthy/4f5dde42-a6ac-4886-8b9e-a944568ace95___RS_HL 0080.JPG,Tomato___Spider_mites Two-spotted_spider_mite,Tomato___healthy,test,train,8,True
70edbb49ea131c85473481c6a3d3ff34b5a67d5a2d188ea73b069d65c4bb637c,220ffbed5c95b70231bb345411b538c03bb59aa9780c5b723e41b039e1b65aa5,Tomato___Target_Spot/05fa9fcd-ce4c-4c47-aabf-6d794ada4e1c___Com.G_TgS_FL 9802.JPG,Tomato___Tomato_Yellow_Leaf_Curl_Virus/9ca23fe4-e698-4cd4-ae7e-63c7777cfa65___YLCV_GCREC 2762.JPG,Tomato___Target_Spot,Tomato___Tomato_Yellow_Leaf_Curl_Virus,train,val,8,True
70f35a0dc9eccf3335bab5e97b59c6b519b5f487b70008280a0d5062e477351a,71f025543817f2c587aa7a54ae4b1890c2edb39e5d8927bfa4608e18b446fa95,Tomato___Spider_mites Two-spotted_spider_mite/8c849e11-f45e-4190-a5e7-d67a468a984c___Com.G_SpM_FL 9268.JPG,Tomato___Spider_mites Two-spotted_spider_mite/e136c0bb-0587-431b-b412-0abe8eea294a___Com.G_SpM_FL 8919.JPG,Tomato___Spider_mites Two-spotted_spider_mite,Tomato___Spider_mites Two-spotted_spider_mite,train,train,8,False
70f82590b60d406e8b09f9644375e1c51ceab9b3cc80969885dbda9ace801b91,8baec0377f6ede7121fb30dcd4be7396ad1c613fa9a4bb1fb9d59bad3366cc20,Tomato___Bacterial_spot/88a7028b-20f6-43c3-bc33-9b841a4ed9ce___GCREC_Bact.Sp 6334.JPG,Tomato___Tomato_Yellow_Leaf_Curl_Virus/044ac80b-046b-4571-a43b-7d179f1610bc___UF.GRC_YLCV_Lab 01310.JPG,Tomato___Bacterial_spot,Tomato___Tomato_Yellow_Leaf_Curl_Virus,train,train,8,False
7100e69fc4e50dc40f3f7be92ba714015c79be0dd097d891d56a27371eead614,9fc8ae769298775dffa36873cb1fe9ab8a144d1357b71455c2304d16fee67122,Tomato___Bacterial_spot/eaf64b81-ac2a-4c85-8c15-da1986a12b7a___GCREC_Bact.Sp 3683.JPG,Tomato___Tomato_Yellow_Leaf_Curl_Virus/73f2bb67-22de-4aff-b178-13cc018d5aa7___YLCV_GCREC 2457.JPG,Tomato___Bacterial_spot,Tomato___Tomato_Yellow_Leaf_Curl_Virus,train,train,8,False
7183ab82ce851ce7864f171783d623a01517a1d8eb8f0f7c72d38f61030f60b2,50396a1909c313a97b8471474f9314100ca4e2116326f0d70725c8527844798b,Tomato___Septoria_leaf_spot/2be16c12-1422-4ef0-a070-474085e4cef8___Matt.S_CG 6622.JPG,Tomato___Tomato_Yellow_Leaf_Curl_Virus/003bce78-28c9-4612-b148-f621e9a23bd4___YLCV_GCREC 5154.JPG,Tomato___Septoria_leaf_spot,Tomato___Tomato_Yellow_Leaf_Curl_Virus,train,train,8,False
71adb9c216cf53fc8dd613277a3816cfbdd1f301b4f654a049e68460203bfeae,7fd8efe3f7277361f5008dbfcd36b1853a6f8ec2609eadd0a4ace84db74c4c29,Tomato___Spider_mites Two-spotted_spider_mite/0e05cc2b-1209-4a5a-9ae1-26b3dd13204b___Com.G_SpM_FL 8428.JPG,Tomato___Spider_mites Two-spotted_spider_mite/dcfe0418-3991-4d0d-9722-dd14eb59f20e___Com.G_SpM_FL 8737.JPG,Tomato___Spider_mites Two-spotted_spider_mite,Tomato___Spider_mites Two-spotted_spider_mite,train,val,8,True
71adb9c216cf53fc8dd613277a3816cfbdd1f301b4f654a049e68460203bfeae,b336f37098f4eff37fbdd5df4f9c5d04e161550eedf46080ac9c66d447a48e0b,Tomato___Spider_mites Two-spotted_spider_mite/0e05cc2b-1209-4a5a-9ae1-26b3dd13204b___Com.G_SpM_FL 8428.JPG,Tomato___Spider_mites Two-spotted_spider_mite/e1cb3386-f090-4170-b8c1-d602d49583f8___Com.G_SpM_FL 1399.JPG,Tomato___Spider_mites Two-spotted_spider_mite,Tomato___Spider_mites Two-spotted_spider_mite,train,train,8,False
71c345a5436a0d0e1952a7ec815c2e628edcfc004b99008088f8a745b956dc5d,1b4b632570e8ea2672871cbbff704daec95d30feb79a1e81d9e7fea068451588,Tomato___Bacterial_spot/35797a1e-c933-4ae3-817f-abc07775075d___GCREC_Bact.Sp 3204.JPG,Tomato___Tomato_Yellow_Leaf_Curl_Virus/1f20e2cd-2171-48dd-9291-a7e6ab6d3b22___YLCV_GCREC 2476.JPG,Tomato___Bacterial_spot,Tomato___Tomato_Yellow_Leaf_Curl_Virus,train,train,8,False
7207a45a29550cfe4d20cc3255a98b061d4666138ce74d13f5ec2ad4f5c1efa4,8153c8913f71e99584a2e7ba8d79e397457e709ad0cfc7a2abf558b15876829b,Tomato___Early_blight/8a13da5b-4bc2-485a-962d-df8c6634ea00___RS_Erly.B 7519.JPG,Tomato___Bacterial_spot/744d7841-7130-4c98-b20f-0f6581115783___GCREC_Bact.Sp 5618.JPG,Tomato___Early_blight,Tomato___Bacterial_spot,train,val,8,True
721137ec4c6b5e2bac7af66d854069dbcb1c9220844469d65e695cc6cd4f3337,8616bed65cff45f3d48c4f19248d5814267f469da1e760ce35ef0f77ffbfd167,Tomato___Spider_mites Two-spotted_spider_mite/8d3bb7dc-a5fa-42c2-8bb0-f5703c9125de___Com.G_SpM_FL 1666.JPG,Tomato___Bacterial_spot/2cafa053-4dd6-4528-bb4f-53e4afeecefe___GCREC_Bact.Sp 2968.JPG,Tomato___Spider_mites Two-spotted_spider_mite,Tomato___Bacterial_spot,test,train,8,True
72d01bd971f2c650dde52da76c9e2ff31417b9a2015119cb1a05f385ad4a12bd,f8a12d80735e5544b6becae284b1a549461fdca8a53e8af6ec565d4bf90c8fa4,Tomato___Septoria_leaf_spot/e77fea03-e748-4903-bf0d-242af509ea7e___Matt.S_CG 2536.JPG,Tomato___Tomato_Yellow_Leaf_Curl_Virus/5c1d1466-a04e-4af3-9539-9da31467ddf7___YLCV_GCREC 2055.JPG,Tomato___Septoria_leaf_spot,Tomato___Tomato_Yellow_Leaf_Curl_Virus,train,val,8,True
72e2f46e0cea881b4af8cdad4b930aff80678f4dd940319d045b770c33d4e98a,3022f70e57cf2f5de6b3df842905efa02d0fde5c3dee6071da7b3364f944a9c1,Tomato___Bacterial_spot/ddfa387b-e1ba-4033-aea8-e6644c19b0fa___GCREC_Bact.Sp 3563.JPG,Tomato___Early_blight/d418610e-e676-4722-b84a-6de973499fa9___RS_Erly.B 9425.JPG,Tomato___Bacterial_spot,Tomato___Early_blight,test,train,8,True
72e3f7410da69d37750f2ef82f5e0b1df810de8ce50295f511ac82e668227d72,5bec6c84bbd47e19ebf5ca7bc4a6e83f362ef0ea2d68055363ced9d1f0eb81a4,Tomato___Tomato_Yellow_Leaf_Curl_Virus/166faaec-3a8a-4fcf-83d4-bf05c288b846___YLCV_NREC 2970.JPG,Tomato___Tomato_Yellow_Leaf_Curl_Virus/cd56435e-e2b2-4e1f-ab27-1c10ec29cf95___YLCV_NREC 2971.JPG,Tomato___Tomato_Yellow_Leaf_Curl_Virus,Tomato___Tomato_Yellow_Leaf_Curl_Virus,train,train,8,False
72e8e28a87e25f75942e30bbef7483d4143372978ba5d7cb5f8b54179524db22,0809d678bec5d0a1736c00c242518feca61b50d820c339ed3d635e89ca958bd3,Tomato___Leaf_Mold/51cb012e-4646-447c-b63f-9084a370b781___Crnl_L.Mold 6916.JPG,Tomato___Spider_mites Two-spotted_spider_mite/bafa7923-1efe-4e44-94b0-9427b6726bc1___Com.G_SpM_FL 9525.JPG,Tomato___Leaf_Mold,Tomato___Spider_mites Two-spotted_spider_mite,train,train,8,False
72e8e28a87e25f75942e30bbef7483d4143372978ba5d7cb5f8b54179524db22,19b42dc0c5106f61b466b60f316b2e395fc7202ae3999fc2b5d58bb42473d8e0,Tomato___Leaf_Mold/51cb012e-4646-447c-b63f-9084a370b781___Crnl_L.Mold 6916.JPG,Tomato___Spider_mites Two-spotted_spider_mite/2028bc26-062e-4113-923e-7e0f7b47ad6b___Com.G_SpM_FL 9461.JPG,Tomato___Leaf_Mold,Tomato___Spider_mites Two-spotted_spider_mite,train,train,8,False
72e8e28a87e25f75942e30bbef7483d4143372978ba5d7cb5f8b54179524db22,6d84f61cc826daf6fbf1f5fe1c56e0fd5e994415e26e17d0f96f79f1fca17c84,Tomato___Leaf_Mold/51cb012e-4646-447c-b63f-9084a370b781___Crnl_L.Mold 6916.JPG,Tomato___Tomato_Yellow_Leaf_Curl_Virus/31279c96-5380-4084-9568-4c2494bbe9ac___YLCV_GCREC 5380.JPG,Tomato___Leaf_Mold,Tomato___Tomato_Yellow_Leaf_Curl_Virus,train,train,8,False
7304903c6a9d010473ce1db990fe3ae2cb0c5fb252d5a2286708adb9de99112c,11befc09400ff8e210d621812c9a5290c315c217fdeac9bdf3be285b3f094b63,Tomato___Tomato_Yellow_Leaf_Curl_Virus/a193e214-3a19-410d-8467-63eafff67aea___UF.GRC_YLCV_Lab 01457.JPG,Tomato___Tomato_Yellow_Leaf_Curl_Virus/f5861559-57a0-4591-94c3-618f2ef1324e___UF.GRC_YLCV_Lab 01455.JPG,Tomato___Tomato_Yellow_Leaf_Curl_Virus,Tomato___Tomato_Yellow_Leaf_Curl_Virus,train,train,8,False
731fdce04f819cd22b1540051b27be24ee6b6fba2599724f77738ac04cb33831,0e23243892b782a6d9a4f0ad7e23cf4ddac879a1d2aa28b2c3af4a2b602d0502,Tomato___Bacterial_spot/03ca5883-e9d6-4f88-81d8-90176fcc5413___GCREC_Bact.Sp 3013.JPG,Tomato___Bacterial_spot/7b3ae7bd-0438-47a3-88ef-f8096e0fca60___GCREC_Bact.Sp 3229.JPG,Tomato___Bacterial_spot,Tomato___Bacterial_spot,train,train,8,False
7330becb2b1137b6bed0c67d1766425243fd6c5cb4a3b39366e57bab38ab3a98,487ff0c4f44753857559351da560a8c8df7eeecffa1132a2922db3cb8588f381,Tomato___Bacterial_spot/b39d9edd-bcee-456c-b078-e3e286171114___GCREC_Bact.Sp 3656.JPG,Tomato___Bacterial_spot/d7c6cfbf-059c-40b2-b920-8a1815c32374___GCREC_Bact.Sp 6063.JPG,Tomato___Bacterial_spot,Tomato___Bacterial_spot,test,train,8,True
7330becb2b1137b6bed0c67d1766425243fd6c5cb4a3b39366e57bab38ab3a98,766a3669e0a7f190145ff4e0b697d78d64aeca0625737b66c43376eeda92d466,Tomato___Bacterial_spot/b39d9edd-bcee-456c-b078-e3e286171114___GCREC_Bact.Sp 3656.JPG,Tomato___Target_Spot/8ef53996-d440-40b6-8665-2e3acf4f6b7b___Com.G_TgS_FL 9875.JPG,Tomato___Bacterial_spot,Tomato___Target_Spot,test,train,8,True
7330becb2b1137b6bed0c67d1766425243fd6c5cb4a3b39366e57bab38ab3a98,e8810c3a5bc6e033c56791c15d134092a07bbde485bd09d24c8b8dbf46acc331,Tomato___Bacterial_spot/b39d9edd-bcee-456c-b078-e3e286171114___GCREC_Bact.Sp 3656.JPG,Tomato___Bacterial_spot/805d07e6-2190-4c8a-9267-75b1c0477a04___GCREC_Bact.Sp 3010.JPG,Tomato___Bacterial_spot,Tomato___Bacterial_spot,test,train,8,True
7376bea2943c04f7d34b0307e2c2205b407ee40a5e038a5d1932a2795568077e,4886d81526e7f64e6bfffedbecdae028d84f70a1562f6e0604ea97b5b3ed1f16,Tomato___Tomato_Yellow_Leaf_Curl_Virus/2c7bfbfd-03a0-4a77-8e20-ba199809deb8___YLCV_GCREC 2790.JPG,Tomato___Septoria_leaf_spot/253ddc99-8132-4710-bb89-eb83ab271abc___Matt.S_CG 0698.JPG,Tomato___Tomato_Yellow_Leaf_Curl_Virus,Tomato___Septoria_leaf_spot,train,val,8,True
7385d72b5500246f2033d780a3de6bccbf3566621c7c941e74a2c15a3a4649aa,2214a4575039cebb6f5c6ce25714d3f7fe66bcbf12a771b4da04a154ba4189c3,Tomato___Bacterial_spot/f1cd9194-f7ea-41c0-bfba-9b9e30c52ec7___GCREC_Bact.Sp 5938.JPG,Tomato___Bacterial_spot/27ebdaaa-b432-4d4a-b404-a04e58a46f44___GCREC_Bact.Sp 6025.JPG,Tomato___Bacterial_spot,Tomato___Bacterial_spot,train,val,8,True
7385d72b5500246f2033d780a3de6bccbf3566621c7c941e74a2c15a3a4649aa,b2d2e40abcca73ef11da1d3edd11dde69a505671e6a2d791d12d1ad795c59310,Tomato___Bacterial_spot/f1cd9194-f7ea-41c0-bfba-9b9e30c52ec7___GCREC_Bact.Sp 5938.JPG,Tomato___Bacterial_spot/f8612abc-7408-451f-b6b8-89561d679bd0___GCREC_Bact.Sp 2997.JPG,Tomato___Bacterial_spot,Tomato___Bacterial_spot,train,train,8,False
73bfc138a7381fdc71334c62bfd1afcc4e9de554212d22ea6ac6164a36b16143,1dd2b2d27320e17b1428681a72b303aa31f90562cd7d114376b13e3bd082623e,Tomato___Leaf_Mold/0a9b3ff4-5343-4814-ac2c-fdb3613d4e4d___Crnl_L.Mold 6559.JPG,Tomato___Septoria_leaf_spot/badbd0d4-8e02-49bf-a042-87ae373ca66f___Matt.S_CG 6741.JPG,Tomato___Leaf_Mold,Tomato___Septoria_leaf_spot,train,train,8,False
73c32f85a1511226a3a287c58ded6ce784de93554bb73326f0804b6e00c0c966,ba005209df4eb3d0499894accc9c5a52c44ce983ccc69c22b28b8ddfbd63ff82,Tomato___Late_blight/4eca7d70-60ff-41cc-8884-e4844f23abeb___GHLB2 Leaf 8641.JPG,Tomato___Late_blight/64984183-009e-4dba-a25a-f769bab08080___GHLB2 Leaf 8637.JPG,Tomato___Late_blight,Tomato___Late_blight,train,train,8,False
73eb425ed2ddd0e7952d999ae43dfafdb100f0234bfdd3d6a713b844023869c9,9f975c0123368bdc4b7ec172a9bcc56b210d5f32a68139033a628fae2e23f3b4,Tomato___Spider_mites Two-spotted_spider_mite/45248234-50eb-465e-a7e1-7b80140db3d3___Com.G_SpM_FL 9509.JPG,Tomato___Spider_mites Two-spotted_spider_mite/4a6a93a5-d51c-4769-8669-12ec54d87ce6___Com.G_SpM_FL 9441.JPG,Tomato___Spider_mites Two-spotted_spider_mite,Tomato___Spider_mites Two-spotted_spider_mite,train,val,8,True
74cf565c5d02d1289e6b9779ddb9bd1dfb59327295956767f7e4f25ca9ad295d,15f65b136a95fd7be084d7af60ff1a3a8491797b163cf84a1d0e376d6c79966f,Tomato___Leaf_Mold/fcfc6758-32cd-4e18-8d56-e3ffde988921___Crnl_L.Mold 6591.JPG,Tomato___Tomato_Yellow_Leaf_Curl_Virus/65221a81-8b95-467c-a9d7-a37a7db8871e___UF.GRC_YLCV_Lab 02242.JPG,Tomato___Leaf_Mold,Tomato___Tomato_Yellow_Leaf_Curl_Virus,train,train,8,False
7556f1526d258ee51ff47d6fb01390b07f3654d5e718e6fb2b17b067a051904d,6d13db43508d0ac5d6d70674112d5c33be99ddecde785b1fc7c0de6ae887e889,Tomato___Target_Spot/63d1a91a-4deb-4f35-a7d9-07b69211494f___Com.G_TgS_FL 9839.JPG,Tomato___Bacterial_spot/cdd68f49-20b8-4523-99cf-6479f85b8410___GCREC_Bact.Sp 5853.JPG,Tomato___Target_Spot,Tomato___Bacterial_spot,test,train,8,True
761d3912c307b20fe6036712b1d8de39e0b9f0815c527f15dcfff55697b12ad8,fcef8defb1cf2f68916a337539272a86adea58a340f171536ab5d00ed6e2f27e,Tomato___Spider_mites Two-spotted_spider_mite/81b7c9e5-7041-4b93-b369-236093916a13___Com.G_SpM_FL 9440.JPG,Tomato___Target_Spot/21ed59ab-b900-4ba0-b32c-58a7963935c4___Com.G_TgS_FL 0040.JPG,Tomato___Spider_mites Two-spotted_spider_mite,Tomato___Target_Spot,train,train,8,False
762c775c257e8576b92c68d9ae7ae9b11847639cbcf75b2cb992e1726458e2e0,46fa3b9bcbd69274f2ee892787f26d6ad3e1d382951762db1320b0ec75a39136,Tomato___Bacterial_spot/e4404de4-7958-4e77-a7ed-664dd0d7f2c9___GCREC_Bact.Sp 5906.JPG,Tomato___Spider_mites Two-spotted_spider_mite/bdb1071d-586d-4cdf-a792-a15af76ed9cf___Com.G_SpM_FL 8670.JPG,Tomato___Bacterial_spot,Tomato___Spider_mites Two-spotted_spider_mite,test,train,8,True
762c775c257e8576b92c68d9ae7ae9b11847639cbcf75b2cb992e1726458e2e0,5016f3856b70147f50bc412bcf8e73c3d284cb06822c1f1a4b2d7f5ad3edbac8,Tomato___Bacterial_spot/e4404de4-7958-4e77-a7ed-664dd0d7f2c9___GCREC_Bact.Sp 5906.JPG,Tomato___Spider_mites Two-spotted_spider_mite/c2ad3c75-0f64-405a-832f-50f258c188ca___Com.G_SpM_FL 8581.JPG,Tomato___Bacterial_spot,Tomato___Spider_mites Two-spotted_spider_mite,test,val,8,True
762c775c257e8576b92c68d9ae7ae9b11847639cbcf75b2cb992e1726458e2e0,7cf5c86e55797af9be3385f191497a8c3ff5ee8a136de1c69946e07d225ab279,Tomato___Bacterial_spot/e4404de4-7958-4e77-a7ed-664dd0d7f2c9___GCREC_Bact.Sp 5906.JPG,Tomato___Target_Spot/e56c1e39-3815-4735-bf2b-2b3fa8747235___Com.G_TgS_FL 0012.JPG,Tomato___Bacterial_spot,Tomato___Target_Spot,test,train,8,True
762c775c257e8576b92c68d9ae7ae9b11847639cbcf75b2cb992e1726458e2e0,89f36c22de8b5c557463ab480229b73d75af88406aef1578da91167662e2242b,Tomato___Bacterial_spot/e4404de4-7958-4e77-a7ed-664dd0d7f2c9___GCREC_Bact.Sp 5906.JPG,Tomato___Bacterial_spot/f2ea99a2-3e21-45ff-adf0-b7cfdd955d68___GCREC_Bact.Sp 5959.JPG,Tomato___Bacterial_spot,Tomato___Bacterial_spot,test,train,8,True
762c775c257e8576b92c68d9ae7ae9b11847639cbcf75b2cb992e1726458e2e0,9470bc01dbf17b1a6adfcfe79312198eea7d56aae277c91af3d8d232dbe6fba2,Tomato___Bacterial_spot/e4404de4-7958-4e77-a7ed-664dd0d7f2c9___GCREC_Bact.Sp 5906.JPG,Tomato___Bacterial_spot/7b40e020-e33c-4e9f-8093-d7593b8340dc___GCREC_Bact.Sp 3348.JPG,Tomato___Bacterial_spot,Tomato___Bacterial_spot,test,train,8,True
762c775c257e8576b92c68d9ae7ae9b11847639cbcf75b2cb992e1726458e2e0,fb1451a848499a0467366ac204278ad03ff301fe89866c735d7c7f12c44d1fae,Tomato___Bacterial_spot/e4404de4-7958-4e77-a7ed-664dd0d7f2c9___GCREC_Bact.Sp 5906.JPG,Tomato___Bacterial_spot/b2e02801-9306-4703-b1cd-d9247fa17a11___GCREC_Bact.Sp 6296.JPG,Tomato___Bacterial_spot,Tomato___Bacterial_spot,test,train,8,True
765327f18e4b71da2f8c707ab25ba5da2f886f4a70a5d6afbbbb20e8609086c6,dea825eee23b020a71e112d34daa12e4b0e1f672d6e3fe7c0ac6c19c90fea01f,Tomato___Tomato_Yellow_Leaf_Curl_Virus/fe557172-ac9a-41ad-ab7d-3002103b3f71___UF.GRC_YLCV_Lab 01527.JPG,Tomato___Tomato_Yellow_Leaf_Curl_Virus/d2be9006-5f93-4260-9693-fe3beecbbcbf___UF.GRC_YLCV_Lab 01526.JPG,Tomato___Tomato_Yellow_Leaf_Curl_Virus,Tomato___Tomato_Yellow_Leaf_Curl_Virus,train,val,8,True
76a30cd78da73428c0058c2291d7556fde48291106c50dfc027982e4d25611c4,c566185f23822772d6b4308a3c661d5935dce28693330c43ffd3fd983c0a2111,Tomato___Spider_mites Two-spotted_spider_mite/f9725539-49f8-4152-9c67-cc018fca8c87___Com.G_SpM_FL 1477.JPG,Tomato___Bacterial_spot/8dbf81aa-7085-4707-9374-9be792a0fd4a___GCREC_Bact.Sp 3275.JPG,Tomato___Spider_mites Two-spotted_spider_mite,Tomato___Bacterial_spot,train,val,8,True
76a3d11cd631046bce68d6821f21bb18d565a7dc558b795b2d4397c1b3022c22,9e73e0361b2c9875f4ac48fac7f76ec53d3f6ae8ee4ebc0e6a1665c1d60b2a2d,Tomato___Bacterial_spot/3fb6cd38-45c6-4ea1-bbc0-00d5b76b289d___GCREC_Bact.Sp 6104.JPG,Tomato___Tomato_Yellow_Leaf_Curl_Virus/310bf2f3-bdf1-4d7b-9348-f457930067f1___YLCV_NREC 2084.JPG,Tomato___Bacterial_spot,Tomato___Tomato_Yellow_Leaf_Curl_Virus,train,train,8,False
76a3d11cd631046bce68d6821f21bb18d565a7dc558b795b2d4397c1b3022c22,bad1bef3c6ea4de2dbbb1d6fae65e457e100f4911da69005619de4bb38ad7cd9,Tomato___Bacterial_spot/3fb6cd38-45c6-4ea1-bbc0-00d5b76b289d___GCREC_Bact.Sp 6104.JPG,Tomato___Target_Spot/0982f241-41b3-4905-83b9-f8c6cf846688___Com.G_TgS_FL 0034.JPG,Tomato___Bacterial_spot,Tomato___Target_Spot,train,train,8,False
76a7363ba5ee8318c603933c081258a14054052f8d45586cf31ec4cd9fd5f660,d8ff17cb1a4d6b918f4791a45116d1ccab291374dd72e8a822e5cdb4d97fa9c9,Tomato___Target_Spot/d0c861e0-aae7-4847-84cc-880ecc5a8aa1___Com.G_TgS_FL 8005.JPG,Tomato___healthy/7beda862-3964-4839-9d08-b9b3fa27b028___RS_HL 9952.JPG,Tomato___Target_Spot,Tomato___healthy,train,val,8,True
76b0937e65a20c02cc8037d8f3d18b584bf24387156dbf625b89e5ccf8bfb436,64687b8124464b59204e2b83ca4f4f0aeddf6f8c0905f36e4b06f56d471cd3f4,Tomato___Bacterial_spot/dabf464f-af7f-4fdb-b598-ebc369968706___GCREC_Bact.Sp 3287.JPG,Tomato___Bacterial_spot/ec7b4f39-0aff-4fdb-96cd-5c8cbaf3bf34___GCREC_Bact.Sp 2963.JPG,Tomato___Bacterial_spot,Tomato___Bacterial_spot,test,train,8,True
76c6f72ab740bff6533020708532ec7444ba942fd26c8dcb800ab62ae1d10435,01ca70a58d4c2f17456142666a4e1eb2afcfc42ef871c54d57568d257c68645f,Tomato___Tomato_Yellow_Leaf_Curl_Virus/b207f179-2945-4eb7-883f-ca6b6610ecb2___YLCV_GCREC 2241.JPG,Tomato___Tomato_Yellow_Leaf_Curl_Virus/e03a6b15-f236-4b0a-a1bc-a61f02f959ed___UF.GRC_YLCV_Lab 01915.JPG,Tomato___Tomato_Yellow_Leaf_Curl_Virus,Tomato___Tomato_Yellow_Leaf_Curl_Virus,test,train,8,True
7715a3941fdbc194353c1b384d688c885ec7cb101d16808c126e767ca92cb6a2,7a2517d106db5e38c6acd13a5f4c5da9d0206b1c9e80af09b704dde22abbedf0,Tomato___Spider_mites Two-spotted_spider_mite/ad4a99a4-3dc7-4401-85d6-d803b9fcc70a___Com.G_SpM_FL 1762.JPG,Tomato___Spider_mites Two-spotted_spider_mite/d90a9ec7-89f8-4c31-855e-368a5b66be3d___Com.G_SpM_FL 1626.JPG,Tomato___Spider_mites Two-spotted_spider_mite,Tomato___Spider_mites Two-spotted_spider_mite,test,train,8,True
7715a3941fdbc194353c1b384d688c885ec7cb101d16808c126e767ca92cb6a2,9420cc1bab3684a9b021fd83d95d957b34a4f55c97c336dddb4825ec1e60ba6d,Tomato___Spider_mites Two-spotted_spider_mite/ad4a99a4-3dc7-4401-85d6-d803b9fcc70a___Com.G_SpM_FL 1762.JPG,Tomato___Spider_mites Two-spotted_spider_mite/45d0aca4-ce49-43cb-af35-99ac8d283930___Com.G_SpM_FL 1459.JPG,Tomato___Spider_mites Two-spotted_spider_mite,Tomato___Spider_mites Two-spotted_spider_mite,test,val,8,True
77183d6a182a5c058c63588c91da49718675a85f8cdd89d88fce71e8555b8a0d,ca0724af2cfaa410e621bd0c7ab1d6d32da0a9b3370032bf62c46616455330a0,Tomato___Target_Spot/bd11d819-0a1f-4bd2-a460-899c0357a182___Com.G_TgS_FL 8251.JPG,Tomato___Target_Spot/d6412b9a-8a7e-458b-bf28-d3b56d3d8972___Com.G_TgS_FL 0731.JPG,Tomato___Target_Spot,Tomato___Target_Spot,train,val,8,True
771b924dff6bd98df718cc7cb179b38a542ea4680e34bd6c9ff2a55443770b42,3d801a24d7e2b793f35ee0e616cf297a14ce891378c702fd93b0c5e1b403bb86,Tomato___Target_Spot/e262c75d-d82f-4168-941a-d583d08ece86___Com.G_TgS_FL 0747.JPG,Tomato___Target_Spot/b9c0a1d0-87ff-4b7a-99be-e9d9bc51927e___Com.G_TgS_FL 9687.JPG,Tomato___Target_Spot,Tomato___Target_Spot,test,train,8,True
776717b96b2ab9a6af8bc3d6bd57538a0df2274aa0bd0d293da18c4f1c037e97,81a23fed1c1d375c6059b492b5fa0a11f7df8f2fd92d8d66d8251398288075aa,Tomato___Tomato_Yellow_Leaf_Curl_Virus/e29ec2e5-6b23-4351-bd51-99d7e4d1316e___YLCV_NREC 2674.JPG,Tomato___Spider_mites Two-spotted_spider_mite/9bedf503-beca-40b4-b1d1-6c12e96343f3___Com.G_SpM_FL 1481.JPG,Tomato___Tomato_Yellow_Leaf_Curl_Virus,Tomato___Spider_mites Two-spotted_spider_mite,train,val,8,True
777a7c8e8b33248a0dc7890026db8f51853cb3280072c0abd2a9b0ccadfb39f6,c7bfed86800dc57c97d01a95db2eeb58a2524e30ea352e749887d74ea2b2ed66,Tomato___Bacterial_spot/ee6e4597-cc98-4966-a9e9-bd6a4a76ea97___GCREC_Bact.Sp 3491.JPG,Tomato___Tomato_Yellow_Leaf_Curl_Virus/31c09944-817c-4187-a9bb-809f90c25068___YLCV_GCREC 2714.JPG,Tomato___Bacterial_spot,Tomato___Tomato_Yellow_Leaf_Curl_Virus,train,train,8,False
779662933408938ae5cdb07e7a2d2678363fe9262e78a3f61cb4181375b217a5,11a50386f926d2a7fc622e3741b5981a1cbd42385f094514ff057f9a97a723cd,Tomato___Bacterial_spot/02fd4e60-db82-441c-87f6-08de768a4462___GCREC_Bact.Sp 5547.JPG,Tomato___Target_Spot/453d7ca2-7e73-4460-96e9-d49fe6512f1e___Com.G_TgS_FL 9749.JPG,Tomato___Bacterial_spot,Tomato___Target_Spot,train,train,8,False
77abe9a37718bf8177d7c89ea1f8d7b17e47205abb7065a595e325cf8da18aab,5ea8ee81f6112d17cb541083928d82a8f805601f5bbe5c3bec993d769041e834,Tomato___Spider_mites Two-spotted_spider_mite/c323c312-d6af-4c93-844b-b2ce389a2420___Com.G_SpM_FL 9477.JPG,Tomato___Spider_mites Two-spotted_spider_mite/e183beb7-febd-448b-83eb-2d92b88a8def___Com.G_SpM_FL 1531.JPG,Tomato___Spider_mites Two-spotted_spider_mite,Tomato___Spider_mites Two-spotted_spider_mite,train,train,8,False
77abe9a37718bf8177d7c89ea1f8d7b17e47205abb7065a595e325cf8da18aab,b8617b006c20709a8f82f80c1404c7a53c0e37715be4245ddeade1a0b59a4cde,Tomato___Spider_mites Two-spotted_spider_mite/c323c312-d6af-4c93-844b-b2ce389a2420___Com.G_SpM_FL 9477.JPG,Tomato___Tomato_Yellow_Leaf_Curl_Virus/f10b1eb4-e787-4a1d-98ff-0489fa7d8918___YLCV_NREC 2977.JPG,Tomato___Spider_mites Two-spotted_spider_mite,Tomato___Tomato_Yellow_Leaf_Curl_Virus,train,train,8,False
77d1b54f17921713991c011b9f6609a370a3851b8c4d381e8f1bb14fed09d08c,ab0c4fc39d4a806abe8fc03d3bba91873ca58b86075f43cb4620a8804896fd5a,Tomato___Bacterial_spot/1d6494e5-d659-47f2-a854-95f7633f8018___GCREC_Bact.Sp 6102.JPG,Tomato___Bacterial_spot/6d746b6c-52f8-4831-b541-c74d0984c130___GCREC_Bact.Sp 3169.JPG,Tomato___Bacterial_spot,Tomato___Bacterial_spot,train,train,8,False
77d1b65cfcf5b425c6fe30629903c53c3d440349d302cd8c1bc15b262e04f946,70d0487c7b495dbd1bab99573324582b1efea2144294008cea2e6d7b2d06881d,Tomato___Spider_mites Two-spotted_spider_mite/06c29099-98e3-46ae-88f9-7160c74dafea___Com.G_SpM_FL 9427.JPG,Tomato___Spider_mites Two-spotted_spider_mite/4aba5f7f-3081-4dbe-9009-f70d962622fa___Com.G_SpM_FL 1619.JPG,Tomato___Spider_mites Two-spotted_spider_mite,Tomato___Spider_mites Two-spotted_spider_mite,train,train,8,False
789ea17f2f1c1582ad5732886a360c96459ef283b59fee71a49e3aca7d3f9811,7fd8efe3f7277361f5008dbfcd36b1853a6f8ec2609eadd0a4ace84db74c4c29,Tomato___Target_Spot/4336ced4-0736-4225-961b-bee4e29ac60a___Com.G_TgS_FL 7915.JPG,Tomato___Spider_mites Two-spotted_spider_mite/dcfe0418-3991-4d0d-9722-dd14eb59f20e___Com.G_SpM_FL 8737.JPG,Tomato___Target_Spot,Tomato___Spider_mites Two-spotted_spider_mite,train,val,8,True
790f66c8814e0638b8f69ccf740711dff48d8fd41bcc930fb800b3cecd3d1009,534c8178a60eb5a1ffe05445781c5dbad2b0205bfa1a96ba7e90f0fdacf87f9d,Tomato___Bacterial_spot/9886ea69-5a4e-4fa4-9e41-e9f65884ba9e___GCREC_Bact.Sp 3199.JPG,Tomato___Bacterial_spot/6fea8e75-6d4e-4cbb-93bf-98ef33b57302___GCREC_Bact.Sp 3508.JPG,Tomato___Bacterial_spot,Tomato___Bacterial_spot,train,val,8,True
7948478c6077d167bd63ad9235b93ed3141936b353180a84a2e8be4cf9e70983,358f26aef1229d8cd4db1152b8d64d16d789f1615df07903866470c9cbb371c5,Tomato___Spider_mites Two-spotted_spider_mite/63a687b1-1d5f-4b5b-9a16-c4fb2e9b2c30___Com.G_SpM_FL 1723.JPG,Tomato___Tomato_Yellow_Leaf_Curl_Virus/821ab91a-6de6-45c7-85f1-0d1fe243e37c___YLCV_NREC 2153.JPG,Tomato___Spider_mites Two-spotted_spider_mite,Tomato___Tomato_Yellow_Leaf_Curl_Virus,train,train,8,False
7956e95c51b8468cff88134e7fd5d4e59bdc3d424267a3cc25ccfea0c83aaef8,ee36fec5db62afc8f36c72d501edf14fc75c43afe6dcd8c0ee94fc87372be905,Tomato___Septoria_leaf_spot/e89e0b29-12a9-4b88-9dbe-219721597994___JR_Sept.L.S 8490.JPG,Tomato___Spider_mites Two-spotted_spider_mite/ec674ddd-4f99-441f-a537-a78935cd454d___Com.G_SpM_FL 9575.JPG,Tomato___Septoria_leaf_spot,Tomato___Spider_mites Two-spotted_spider_mite,train,train,8,False
796c0d24955bfbf90a2df24a72cf79af700e48f2cfec6e451f000b467392a54e,c042907ae41ba05d629c6c7a8075f17cdcb0b79b004e87ee63985f590bbf2bcb,Tomato___Septoria_leaf_spot/42184af4-cb8b-4287-b000-04fa630a167f___Matt.S_CG 2424.JPG,Tomato___Bacterial_spot/6cb8d633-865d-4809-99ff-c826fbcbfb7d___GCREC_Bact.Sp 5707.JPG,Tomato___Septoria_leaf_spot,Tomato___Bacterial_spot,train,val,8,True
796c0d24955bfbf90a2df24a72cf79af700e48f2cfec6e451f000b467392a54e,e924331d943effce79a8d0e30fabf05aa6e5d69bdede803e69a0c69edec4d8f1,Tomato___Septoria_leaf_spot/42184af4-cb8b-4287-b000-04fa630a167f___Matt.S_CG 2424.JPG,Tomato___Bacterial_spot/d2cbc8f4-b632-47de-bc45-edeb4f0911f1___GCREC_Bact.Sp 5994.JPG,Tomato___Septoria_leaf_spot,Tomato___Bacterial_spot,train,val,8,True
796c0d24955bfbf90a2df24a72cf79af700e48f2cfec6e451f000b467392a54e,efb0b7965b94242d703334c533571aacb6b0ae2084303889f6ae9149c6b962ac,Tomato___Septoria_leaf_spot/42184af4-cb8b-4287-b000-04fa630a167f___Matt.S_CG 2424.JPG,Tomato___Tomato_Yellow_Leaf_Curl_Virus/ac593008-ed4e-496f-8785-6712cb39a858___YLCV_GCREC 2454.JPG,Tomato___Septoria_leaf_spot,Tomato___Tomato_Yellow_Leaf_Curl_Virus,train,train,8,False
799423f8e531a1ac759b7b9c1a93d91afd28716c8ffa7b9f18cae80376e25489,a02ada7c2b600ebb137e73806409c989978b258d5dafed8d7e39ec5408343166,Tomato___Leaf_Mold/1f5c3b37-5590-4db7-a702-0cd93db0c929___Crnl_L.Mold 6930.JPG,Tomato___Leaf_Mold/e4bc3bc6-794e-43c4-8938-e56ed74b5542___Crnl_L.Mold 6613.JPG,Tomato___Leaf_Mold,Tomato___Leaf_Mold,train,train,8,False
79979c918f7ff5591a0bf90a8034458e7859aab48c2ad220b8ad9759e2e0fc45,b1de9eedb6c5461ad3907786e46519a3470abcdc1287114acf4d78bc11d02a6c,Tomato___Target_Spot/9a03ff47-8285-478e-9e82-f4f51a7180a5___Com.G_TgS_FL 0010.JPG,Tomato___Bacterial_spot/8e0325d9-4504-4e3a-8013-a064b8c546f1___GCREC_Bact.Sp 3260.JPG,Tomato___Target_Spot,Tomato___Bacterial_spot,train,val,8,True
79b40d9950a0ba11627295f9d14f7e35ea0288aa6e341ee7aa6bb2abeb29f1c8,c1caa0a8a7f3790b243bbd20f916cd86aa57ffc8911e748977f172d0c3fc63e8,Tomato___Tomato_Yellow_Leaf_Curl_Virus/3b79073d-5c09-4d98-8b69-b93f94d44555___UF.GRC_YLCV_Lab 09435.JPG,Tomato___Tomato_Yellow_Leaf_Curl_Virus/7d596749-55cd-4d0f-b74c-b43e6501785f___UF.GRC_YLCV_Lab 09451.JPG,Tomato___Tomato_Yellow_Leaf_Curl_Virus,Tomato___Tomato_Yellow_Leaf_Curl_Virus,train,train,8,False
7a01a2924dbb73c1e63b0150bf06557cacc1834bc63af4537e9a5fad8c4a8c7a,ea33934b589d1707ad00c463d8ce8d4c03ea295780ab897211ba6643843c569d,Tomato___Tomato_Yellow_Leaf_Curl_Virus/d03292d0-0b5d-4b4c-b86d-1a0dad4842e8___YLCV_GCREC 1922.JPG,Tomato___Spider_mites Two-spotted_spider_mite/7c41b687-8858-4f41-985c-9318ae538bb5___Com.G_SpM_FL 9284.JPG,Tomato___Tomato_Yellow_Leaf_Curl_Virus,Tomato___Spider_mites Two-spotted_spider_mite,test,train,8,True
7a08a4bd9bb5f04882871848334595d1f974fc053c4eedb700dc72991740c218,90a603f10ab39f12624f18524f0a821a5506d39ff570110e191a8bf1e631278d,Tomato___Spider_mites Two-spotted_spider_mite/52082f00-79c2-4043-8af8-7cd8e10e7625___Com.G_SpM_FL 9615.JPG,Tomato___Spider_mites Two-spotted_spider_mite/8f46dd1e-a67f-4e94-87c2-8a405b9e3f49___Com.G_SpM_FL 9639.JPG,Tomato___Spider_mites Two-spotted_spider_mite,Tomato___Spider_mites Two-spotted_spider_mite,train,train,8,False
7a08a4bd9bb5f04882871848334595d1f974fc053c4eedb700dc72991740c218,aa8438ed6fc042371f7db8b455b4326ab959c41635e9a8aa70ff9cba5ee435a5,Tomato___Spider_mites Two-spotted_spider_mite/52082f00-79c2-4043-8af8-7cd8e10e7625___Com.G_SpM_FL 9615.JPG,Tomato___Spider_mites Two-spotted_spider_mite/67a8503d-b717-4285-9dd5-f62381491526___Com.G_SpM_FL 1516.JPG,Tomato___Spider_mites Two-spotted_spider_mite,Tomato___Spider_mites Two-spotted_spider_mite,train,train,8,False
7a08a4bd9bb5f04882871848334595d1f974fc053c4eedb700dc72991740c218,bcd6566abf76f0c86bf91873223435110249516ddd2e0f06d9bffd142ddc9d2e,Tomato___Spider_mites Two-spotted_spider_mite/52082f00-79c2-4043-8af8-7cd8e10e7625___Com.G_SpM_FL 9615.JPG,Tomato___Tomato_Yellow_Leaf_Curl_Virus/3c6bd94d-921c-4860-b355-9cc8f4e0f8cc___YLCV_GCREC 2378.JPG,Tomato___Spider_mites Two-spotted_spider_mite,Tomato___Tomato_Yellow_Leaf_Curl_Virus,train,train,8,False
7a51cfc85b128c59289e335a4b1f5c31d3ba9bec7acea6279cd6a44ed7784f39,bd8425b0da0ca9b4edc6f7a28787b4dfd507549dd787afdddfaba35fc0691c99,Tomato___Tomato_Yellow_Leaf_Curl_Virus/f8af66c9-8c33-45fb-a18a-1f32766b8531___UF.GRC_YLCV_Lab 02335.JPG,Tomato___Tomato_Yellow_Leaf_Curl_Virus/baeaac37-43ab-48fe-9cfd-10467463912a___UF.GRC_YLCV_Lab 02347.JPG,Tomato___Tomato_Yellow_Leaf_Curl_Virus,Tomato___Tomato_Yellow_Leaf_Curl_Virus,test,train,8,True
7a6158e5a7a6a80896ea4572b1f4eb73ef0f8c34e7205ed0b465ce105ca80764,ae8b57eb5c5f15b54cc0b65e19cd244b8d667acfd741d0906a1011e65c22e4bb,Tomato___healthy/0d3691ab-5413-4313-870e-9e5d2faf33ea___RS_HL 9958.JPG,Tomato___healthy/d0d0643e-c7f1-4cf3-8399-cfd8a73d1af3___RS_HL 9650.JPG,Tomato___healthy,Tomato___healthy,train,train,8,False
7a624826cb49faecb35e2fd579a53d12cc24b6a5e13dd88156c39cf8a7045c60,5ffe93d5916f2bd88a1d914ef579b929e3b7d48de1239c15764d49cf11228aa8,Tomato___Tomato_Yellow_Leaf_Curl_Virus/486aa71a-ddcc-40a4-9f64-3efac8e31be0___YLCV_GCREC 2850.JPG,Tomato___Tomato_mosaic_virus/7a6e4837-d63d-465a-abae-ef857bf43e2d___PSU_CG 2117.JPG,Tomato___Tomato_Yellow_Leaf_Curl_Virus,Tomato___Tomato_mosaic_virus,train,train,8,False
7a7323940b97f8e36f80aa68046d71064dfd59fd1dced466bfeda4483c542a6b,0c8aba5d8918d33203d34971f3370308010406b6e517a4c86a223341a7e06cf3,Tomato___Septoria_leaf_spot/0a76257e-6a78-459b-8f51-a266805121eb___Matt.S_CG 2527.JPG,Tomato___Septoria_leaf_spot/57628952-daac-46fc-950e-f57e3b418703___Matt.S_CG 7653.JPG,Tomato___Septoria_leaf_spot,Tomato___Septoria_leaf_spot,train,train,8,False
7a7ada17863dcfa3a6c17e27278b8b0473e8118c3e554c8e186a476b505c044d,f647219553f652400ac2648874a10649840aed51c7245bfa1f7c887cbcb75f45,Tomato___Spider_mites Two-spotted_spider_mite/8a247db8-8b37-48a7-8ea4-fa6fa1483e5a___Com.G_SpM_FL 8976.JPG,Tomato___Spider_mites Two-spotted_spider_mite/a3e550eb-e6e8-4ec5-a2c3-9e7f34fb6292___Com.G_SpM_FL 8540.JPG,Tomato___Spider_mites Two-spotted_spider_mite,Tomato___Spider_mites Two-spotted_spider_mite,train,train,8,False
7a897bfe0d7377adb31bff14f7088054c58ac7b29264e888a02f6317254f948c,20e0b37c9c387a6d0971bdedcd28e9be98a5b67539ecaac25849d410ca16ac45,Tomato___Bacterial_spot/5e1bc867-05f6-4749-af57-60a73435bba2___GCREC_Bact.Sp 6027.JPG,Tomato___Bacterial_spot/4850260f-50f5-4f6a-a0ab-1b5b744bdd13___GCREC_Bact.Sp 3346.JPG,Tomato___Bacterial_spot,Tomato___Bacterial_spot,test,train,8,True
7b2561bf38b0d15ccb302bc35fce6ad98c1db90be54850cca93cd719e17b3052,fffc49b21b96a824538d48b496bc2b68671e6057b700c04ef09996f814f3cdfc,Tomato___Target_Spot/55760340-3a3e-4155-99c4-ba680f52b359___Com.G_TgS_FL 8335.JPG,Tomato___Bacterial_spot/dea314b1-624c-492d-9eb0-965a34bf89c7___GCREC_Bact.Sp 3462.JPG,Tomato___Target_Spot,Tomato___Bacterial_spot,test,train,8,True
7c04170310d9cac42e0ddfce4450491f9960ce3c52f20a17dab86849341bcb34,56a00426bbc77faf49323840b7a504bee5d11ee265a3801046f0f6d3d524e813,Tomato___Leaf_Mold/a9bfbf7a-3669-4b5e-a5c7-ac8fcd03fd48___Crnl_L.Mold 7094.JPG,Tomato___Tomato_Yellow_Leaf_Curl_Virus/53788a56-dfa1-4761-a4d7-0ae813a0b18b___YLCV_NREC 0118.JPG,Tomato___Leaf_Mold,Tomato___Tomato_Yellow_Leaf_Curl_Virus,train,train,8,False
7c4dcd8bca4647f58189be8a023633126c169036e118f97e0d8625d3a652dff9,6f67a9b54ee47cd0127cc6f7cfbab14e08fa6544b4fb68b4adf8bb6a4c3a2f0e,Tomato___Spider_mites Two-spotted_spider_mite/3a54bf13-626b-4d55-b445-127cc82a52a6___Com.G_SpM_FL 1243.JPG,Tomato___Spider_mites Two-spotted_spider_mite/ddc184a0-ee42-44a4-80ee-ece8e67f1cc9___Com.G_SpM_FL 1231.JPG,Tomato___Spider_mites Two-spotted_spider_mite,Tomato___Spider_mites Two-spotted_spider_mite,train,train,8,False
7c4dcd8bca4647f58189be8a023633126c169036e118f97e0d8625d3a652dff9,a1178f20d67b653083a8df426faa78524996401bc8dd68973c2c059252ed5c9d,Tomato___Spider_mites Two-spotted_spider_mite/3a54bf13-626b-4d55-b445-127cc82a52a6___Com.G_SpM_FL 1243.JPG,Tomato___Spider_mites Two-spotted_spider_mite/8d0dffc7-aecb-4583-b3a3-1027fb4fd3d1___Com.G_SpM_FL 9567.JPG,Tomato___Spider_mites Two-spotted_spider_mite,Tomato___Spider_mites Two-spotted_spider_mite,train,val,8,True
7c4dcd8bca4647f58189be8a023633126c169036e118f97e0d8625d3a652dff9,cdcfd1f886165e62616cb2ada8dea542a73d4a699a220883803f596094ee4ea7,Tomato___Spider_mites Two-spotted_spider_mite/3a54bf13-626b-4d55-b445-127cc82a52a6___Com.G_SpM_FL 1243.JPG,Tomato___Spider_mites Two-spotted_spider_mite/82e7ae32-dee2-4e83-aeb3-aab7a4bdf04f___Com.G_SpM_FL 9263.JPG,Tomato___Spider_mites Two-spotted_spider_mite,Tomato___Spider_mites Two-spotted_spider_mite,train,train,8,False
7c4dcd8bca4647f58189be8a023633126c169036e118f97e0d8625d3a652dff9,ef95aa58b1cac001b2a0e3db867f7a873267ad813cc092aab64ddc26c993a544,Tomato___Spider_mites Two-spotted_spider_mite/3a54bf13-626b-4d55-b445-127cc82a52a6___Com.G_SpM_FL 1243.JPG,Tomato___Spider_mites Two-spotted_spider_mite/628a9d6d-982d-4424-9a7d-e8e0219818fe___Com.G_SpM_FL 9321.JPG,Tomato___Spider_mites Two-spotted_spider_mite,Tomato___Spider_mites Two-spotted_spider_mite,train,train,8,False
7c8afbfdff2ab7288a614ea11d573a5555d9e219ad0d8f75bfbfeaf2694a35a2,4c83dc357ea8a43b5d2d3de28611b12115d34f315c5bc442d27b7daa82ec0bbb,Tomato___Tomato_Yellow_Leaf_Curl_Virus/8131b829-6d50-4c6a-934f-1287650a3d2a___UF.GRC_YLCV_Lab 02456.JPG,Tomato___Tomato_Yellow_Leaf_Curl_Virus/d8e17186-6eb0-42ec-aef8-609b5a52ff55___YLCV_NREC 2352.JPG,Tomato___Tomato_Yellow_Leaf_Curl_Virus,Tomato___Tomato_Yellow_Leaf_Curl_Virus,train,train,8,False
7c92e80df933da908ec76144b7fa82cfd1d113b57a48da5327241ac7e3da1626,a199fe5fd8330eeb1960103311b3dda8d02554793b7ddde9d3d85f22dcd8acfb,Tomato___Early_blight/b8b9300b-f085-49ce-a052-5c003e493f7e___RS_Erly.B 7507.JPG,Tomato___Target_Spot/2b2c841a-f3e8-4861-83d4-c00eaace0049___Com.G_TgS_FL 9897.JPG,Tomato___Early_blight,Tomato___Target_Spot,train,train,8,False
7ca7fbbdcfab38b5722557e7846e6c270ea84c4a9c5c6249bfceed87663d61e5,cd2766d0c8b412dd25b405e6d13b27731702998d00394f7958f82efd50de32a8,Tomato___Spider_mites Two-spotted_spider_mite/246bf675-01a0-4da1-90ab-a1b44d3768dd___Com.G_SpM_FL 8635.JPG,Tomato___Spider_mites Two-spotted_spider_mite/4d794f1e-199b-4689-bade-d6dca0160883___Com.G_SpM_FL 8483.JPG,Tomato___Spider_mites Two-spotted_spider_mite,Tomato___Spider_mites Two-spotted_spider_mite,train,train,8,False
7cce126bb1949048eb55d31fb193acc197d2778480763b1976b5308eae42e359,6546d7cd82815052e539cc4ac951b7a1038ef9ff7496bc134e026fa4139853e1,Tomato___Tomato_Yellow_Leaf_Curl_Virus/059cfdda-02f3-4f6a-9ab9-d87638de50b0___YLCV_NREC 2582.JPG,Tomato___Bacterial_spot/8bae19e3-0db1-423f-a588-665eb7f08eb9___GCREC_Bact.Sp 6355.JPG,Tomato___Tomato_Yellow_Leaf_Curl_Virus,Tomato___Bacterial_spot,test,train,8,True
7cdf9650c544824d639a9a7aa6647dd96430d33321d8fe463f448d87fbe60220,e4d47714d4637f5c349ae9bd2a0f41598c436fe61ac28455c45ef5b3cd0c550a,Tomato___Tomato_Yellow_Leaf_Curl_Virus/808b6996-655a-44e8-a730-7ca4c2f0df75___YLCV_NREC 0085.JPG,Tomato___Tomato_mosaic_virus/1b9dc07a-40ab-45bc-a873-1ad4212e35a3___PSU_CG 2289.JPG,Tomato___Tomato_Yellow_Leaf_Curl_Virus,Tomato___Tomato_mosaic_virus,train,train,8,False
7cf5c86e55797af9be3385f191497a8c3ff5ee8a136de1c69946e07d225ab279,8afe0346cda347cb9fbd135a669f2c71f52efce35aa6e917b415f2681e7400e5,Tomato___Target_Spot/e56c1e39-3815-4735-bf2b-2b3fa8747235___Com.G_TgS_FL 0012.JPG,Tomato___Target_Spot/8fa4b03e-7abe-456e-a84e-2b490ada8b0f___Com.G_TgS_FL 9709.JPG,Tomato___Target_Spot,Tomato___Target_Spot,train,val,8,True
7d1ee4fdb5af730bb32fdbb4875544338b25916f474b72d42ef738c0125882ee,05edbad2d276284336927d38e8ed233f75eec63cc61fdf156336e91de624aa4b,Tomato___Tomato_Yellow_Leaf_Curl_Virus/6159812d-5f51-4c3e-b3b6-cddf626893a3___UF.GRC_YLCV_Lab 02640.JPG,Tomato___Tomato_Yellow_Leaf_Curl_Virus/8c4a2a09-d478-47d6-a0ae-90e30578e943___UF.GRC_YLCV_Lab 02623.JPG,Tomato___Tomato_Yellow_Leaf_Curl_Virus,Tomato___Tomato_Yellow_Leaf_Curl_Virus,train,train,8,False
7d4253f97faaffec665e995fd7310899784581f524a3f08e7ea6201172f629c2,7f31e5f7df6d77094d11cd6a404e3893fd32618d5dbc9fd2e5696b560b13b954,Tomato___Bacterial_spot/8c556686-072a-4d3a-aad6-4e5534611f03___GCREC_Bact.Sp 5825.JPG,Tomato___Target_Spot/21979570-bcc3-481e-bde0-ca5e108d3844___Com.G_TgS_FL 8388.JPG,Tomato___Bacterial_spot,Tomato___Target_Spot,train,train,8,False
7dc02504f1100ed20feb7428ea70a946c6638e8c5d752f08498b762d2bbffd6a,7827c1aecf188aeac7067a0c9be0b07ded1fff544d038963c078fa8a6075d700,Tomato___Tomato_Yellow_Leaf_Curl_Virus/67b7c85c-f6e2-419f-b3a7-20bcae8c3afa___UF.GRC_YLCV_Lab 01429.JPG,Tomato___Tomato_Yellow_Leaf_Curl_Virus/853a1beb-80b1-4fcd-87c6-1668bfa0c92d___UF.GRC_YLCV_Lab 01428.JPG,Tomato___Tomato_Yellow_Leaf_Curl_Virus,Tomato___Tomato_Yellow_Leaf_Curl_Virus,train,train,8,False
7de72cea1ae8267ced08689ee2c4aba468e1c4a8b56f0bd09f333d0670ae289f,a657716b365a122b163603b0e1765643f85c61b2bec1f6f0a04d983968ae002b,Tomato___Septoria_leaf_spot/459318c1-ddb2-4f9c-b497-6280e1e82b96___JR_Sept.L.S 2635.JPG,Tomato___Septoria_leaf_spot/98da1654-e91d-48d7-931c-9642d46a9f77___JR_Sept.L.S 2634.JPG,Tomato___Septoria_leaf_spot,Tomato___Septoria_leaf_spot,train,val,8,True
7e407e4c701f199c586cdea65c061131ec4e51e6e628b2e277136b68f6aaf0bf,d4bcbefc66629e8b9b174409b042878f1e12a80229485bf99e39831ea6398aaf,Tomato___Spider_mites Two-spotted_spider_mite/151b5158-4ae7-42b7-bfa0-fcd68bb2167d___Com.G_SpM_FL 1524.JPG,Tomato___Tomato_Yellow_Leaf_Curl_Virus/84d2d48e-a7c8-4a71-93a4-6e06784362eb___YLCV_NREC 0155.JPG,Tomato___Spider_mites Two-spotted_spider_mite,Tomato___Tomato_Yellow_Leaf_Curl_Virus,train,train,8,False
7e46b3c4e9bff1554dcebd27b2200bdb1b3d0fc72aedcb30e559a6b019b23bbb,32b0fc4efe55aa559cb30c214d1ff442289f927659923cf058ff3daba38064eb,Tomato___Spider_mites Two-spotted_spider_mite/c4888a9c-836d-4024-a44e-7e451470388d___Com.G_SpM_FL 9447.JPG,Tomato___Tomato_Yellow_Leaf_Curl_Virus/adc3a730-4492-412b-b282-23a43f68a516___YLCV_NREC 0304.JPG,Tomato___Spider_mites Two-spotted_spider_mite,Tomato___Tomato_Yellow_Leaf_Curl_Virus,test,train,8,True
7e5d7ad34c5f34f55dc4106a04bad272d5eb6cdb2377212cacc8dad2cdbe444c,b607136f04be9cf163d878c7e2161c389d9e188fc1a592194c4f75758cda0ec5,Tomato___Late_blight/537465e6-a88a-44d9-aa89-4e3877cee904___RS_Late.B 5433.JPG,Tomato___Leaf_Mold/3d203bd1-7814-4d66-a2eb-cf97193c1fbb___Crnl_L.Mold 8960.JPG,Tomato___Late_blight,Tomato___Leaf_Mold,train,train,8,False
7ed2b81a2b8ee04ede332319617324f45239d4343a1bf3207e63774bf51cf2d9,15e70fb1b49e61c41c78cd0e29fe524c00e09e1d71c9ec7de14605792aa161aa,Tomato___Early_blight/17a09abf-ee69-4d46-ac80-f8608d799b19___RS_Erly.B 7451.JPG,Tomato___Spider_mites Two-spotted_spider_mite/b4734f01-4373-4566-ab26-535b4883d443___Com.G_SpM_FL 8816.JPG,Tomato___Early_blight,Tomato___Spider_mites Two-spotted_spider_mite,test,train,8,True
7f0d49aed4cb8e0fc0bc28f6d2ec7877f256008646ddaa72ce7b0110d5753b58,04983afd4ccd2a6ba0fe432244d8d58eace4cb43a508040968c1610757aafb57,Tomato___Leaf_Mold/b0f88a05-dfca-4814-9080-fb0a3fa0ee0c___Crnl_L.Mold 6978.JPG,Tomato___Tomato_Yellow_Leaf_Curl_Virus/114aede5-a632-4623-8c0e-5517a4a207e7___YLCV_GCREC 2702.JPG,Tomato___Leaf_Mold,Tomato___Tomato_Yellow_Leaf_Curl_Virus,train,val,8,True
7f0d49aed4cb8e0fc0bc28f6d2ec7877f256008646ddaa72ce7b0110d5753b58,9b7b5866ad6c97228768c6f5108a69e65214a136ba60ba05057848f296c867f5,Tomato___Leaf_Mold/b0f88a05-dfca-4814-9080-fb0a3fa0ee0c___Crnl_L.Mold 6978.JPG,Tomato___Spider_mites Two-spotted_spider_mite/92e113f7-cb96-47b7-a9a9-e03c29d0662c___Com.G_SpM_FL 1757.JPG,Tomato___Leaf_Mold,Tomato___Spider_mites Two-spotted_spider_mite,train,val,8,True
7f594db55a909ff4ec82d5c1afad77ec65b2144e8749d6879e2550490c9fee86,0c8aba5d8918d33203d34971f3370308010406b6e517a4c86a223341a7e06cf3,Tomato___Bacterial_spot/ea4ddb4b-216a-4ec2-85bc-06314c7de145___GCREC_Bact.Sp 3022.JPG,Tomato___Septoria_leaf_spot/57628952-daac-46fc-950e-f57e3b418703___Matt.S_CG 7653.JPG,Tomato___Bacterial_spot,Tomato___Septoria_leaf_spot,test,train,8,True
7f594db55a909ff4ec82d5c1afad77ec65b2144e8749d6879e2550490c9fee86,122aa3b0ac374bdc4c356feaa74175cd8a72704ac9ab0aaf99023e5434f1e334,Tomato___Bacterial_spot/ea4ddb4b-216a-4ec2-85bc-06314c7de145___GCREC_Bact.Sp 3022.JPG,Tomato___Target_Spot/225b37a6-449f-4436-92be-ae3299f968a4___Com.G_TgS_FL 8197.JPG,Tomato___Bacterial_spot,Tomato___Target_Spot,test,train,8,True
7f594db55a909ff4ec82d5c1afad77ec65b2144e8749d6879e2550490c9fee86,539548aa08f2ada5508901653077b0460d1758aa8e6a1ec22e5b96ba069bdebb,Tomato___Bacterial_spot/ea4ddb4b-216a-4ec2-85bc-06314c7de145___GCREC_Bact.Sp 3022.JPG,Tomato___Spider_mites Two-spotted_spider_mite/fe1c35cf-8f9d-4986-b8b3-6d116bc8b388___Com.G_SpM_FL 8633.JPG,Tomato___Bacterial_spot,Tomato___Spider_mites Two-spotted_spider_mite,test,train,8,True
7f594db55a909ff4ec82d5c1afad77ec65b2144e8749d6879e2550490c9fee86,58030925de75de720225e2284aa9c036ea7414a557e2ebe1fca56c85e513d7ee,Tomato___Bacterial_spot/ea4ddb4b-216a-4ec2-85bc-06314c7de145___GCREC_Bact.Sp 3022.JPG,Tomato___Target_Spot/eb278265-e24b-4628-8941-c0b7b167cb27___Com.G_TgS_FL 0783.JPG,Tomato___Bacterial_spot,Tomato___Target_Spot,test,train,8,True
7f594db55a909ff4ec82d5c1afad77ec65b2144e8749d6879e2550490c9fee86,ba5de53f59194cbedaeed80ec5c7fb0d811bdbc9cb63385aa8681968e75b19d6,Tomato___Bacterial_spot/ea4ddb4b-216a-4ec2-85bc-06314c7de145___GCREC_Bact.Sp 3022.JPG,Tomato___Bacterial_spot/0b233197-cd35-4031-80c2-610e7e3a046b___GCREC_Bact.Sp 6095.JPG,Tomato___Bacterial_spot,Tomato___Bacterial_spot,test,train,8,True
7f594db55a909ff4ec82d5c1afad77ec65b2144e8749d6879e2550490c9fee86,cf1e90aa1f8061e079631c9e20b2d0d409df8fe93ceb839b3d5d7c838cfe7852,Tomato___Bacterial_spot/ea4ddb4b-216a-4ec2-85bc-06314c7de145___GCREC_Bact.Sp 3022.JPG,Tomato___Bacterial_spot/122e4db5-bfc6-44b2-b7c5-bf05d040ca79___GCREC_Bact.Sp 5782.JPG,Tomato___Bacterial_spot,Tomato___Bacterial_spot,test,train,8,True
7f594db55a909ff4ec82d5c1afad77ec65b2144e8749d6879e2550490c9fee86,d0ef87a5c8032599134bd37dbc5c90c73032d0ff68f579f0fb110a7f0af71de6,Tomato___Bacterial_spot/ea4ddb4b-216a-4ec2-85bc-06314c7de145___GCREC_Bact.Sp 3022.JPG,Tomato___Tomato_Yellow_Leaf_Curl_Virus/5082c000-323f-4002-86e1-d446e94be8f7___YLCV_GCREC 2670.JPG,Tomato___Bacterial_spot,Tomato___Tomato_Yellow_Leaf_Curl_Virus,test,train,8,True
7f594db55a909ff4ec82d5c1afad77ec65b2144e8749d6879e2550490c9fee86,d1364092ed8461de1162734e9c5eefe48799ff99cca212c0a5f81dea023ffd01,Tomato___Bacterial_spot/ea4ddb4b-216a-4ec2-85bc-06314c7de145___GCREC_Bact.Sp 3022.JPG,Tomato___Bacterial_spot/6a4ce1e3-a768-4f6e-96cf-3590df10fdc5___GCREC_Bact.Sp 3608.JPG,Tomato___Bacterial_spot,Tomato___Bacterial_spot,test,train,8,True
7f594db55a909ff4ec82d5c1afad77ec65b2144e8749d6879e2550490c9fee86,eacd66681479fc9c3c02be9f51e347388f7baffbaf82a093e0334fdb9aa38e31,Tomato___Bacterial_spot/ea4ddb4b-216a-4ec2-85bc-06314c7de145___GCREC_Bact.Sp 3022.JPG,Tomato___Early_blight/0f12e22b-49a9-4d9a-84bc-76bb86ed2a14___RS_Erly.B 9572.JPG,Tomato___Bacterial_spot,Tomato___Early_blight,test,train,8,True
7f875d2133a91b71f83b845142a340b5c4a64ba0d7ab233bdbed8b42cdb81033,e69bf390131b31e1b5531ed48967c9ce290616696f71693874f57192edc21913,Tomato___Target_Spot/c5cb8013-ec71-43a0-9d9c-9c2545740bb4___Com.G_TgS_FL 9931.JPG,Tomato___Tomato_mosaic_virus/0dae2780-43e7-40ac-ae45-95e5318c8f32___PSU_CG 2290.JPG,Tomato___Target_Spot,Tomato___Tomato_mosaic_virus,train,train,8,False
7f981d57aad382b5e45513f5111ceec99497cc4d3b05d3dd0c1bca8d4dda4d02,b0ffb83a2b0431439e1195eb8b1d3f03d3bb610333ec5f283d1dcdb0a5202aec,Tomato___Bacterial_spot/1c78d892-4190-488d-b8d3-cf1c63c658f0___GCREC_Bact.Sp 3006.JPG,Tomato___Septoria_leaf_spot/c1b56e67-0402-4f5a-8b7d-a0aec49b875a___Matt.S_CG 2580.JPG,Tomato___Bacterial_spot,Tomato___Septoria_leaf_spot,test,test,8,False
8017aa4589df69e92bf24c7cc72c8fa5917e033869189e3b2bae1590fd3a6df3,f339d181b67f2e61b23db5e4b29cfa264eb6c5af718a7dc5071f5a4b5fb242de,Tomato___Bacterial_spot/23642d88-83e5-491d-b9f2-7ddac809975b___GCREC_Bact.Sp 6186.JPG,Tomato___Spider_mites Two-spotted_spider_mite/c344dfa1-ea48-45d4-a470-22627ad1d43d___Com.G_SpM_FL 8640.JPG,Tomato___Bacterial_spot,Tomato___Spider_mites Two-spotted_spider_mite,train,train,8,False
804b72556d6bb87b9df22eec8b4c3076285e623a7b2e340eba8e219f909f18e7,51c8db919a9e86b73d94a4872e10ac99fcb22202b15358bfdfb3cbc3453c9b47,Tomato___Late_blight/934cc025-d086-441c-8d0d-71050ab956aa___RS_Late.B 6740.JPG,Tomato___Septoria_leaf_spot/fdbf1c22-520c-4537-9f20-76f52fd4ae35___Matt.S_CG 6550.JPG,Tomato___Late_blight,Tomato___Septoria_leaf_spot,train,train,8,False
8083b70dd1bf22f5b6c3dda825a86ed483836cfb5980fe548c5cb17a42f92213,064cd82319e45315319381ee5943d1d3581a971914b7a8d3cbbd237399f29af4,Tomato___Bacterial_spot/17ee90d7-f733-4026-a83e-c5c87ad88e67___GCREC_Bact.Sp 5623.JPG,Tomato___healthy/27ed6a35-3fb7-4d57-9cb4-b368c1f4f6eb___RS_HL 9665.JPG,Tomato___Bacterial_spot,Tomato___healthy,train,val,8,True
8083b70dd1bf22f5b6c3dda825a86ed483836cfb5980fe548c5cb17a42f92213,315be968b346ef0710f2f7ffe74d5d3205307ef91b6b306c99496cb2d67406b2,Tomato___Bacterial_spot/17ee90d7-f733-4026-a83e-c5c87ad88e67___GCREC_Bact.Sp 5623.JPG,Tomato___Late_blight/24364b4f-3f9f-4166-860d-34a938d3d630___RS_Late.B 4986.JPG,Tomato___Bacterial_spot,Tomato___Late_blight,train,train,8,False
8083b70dd1bf22f5b6c3dda825a86ed483836cfb5980fe548c5cb17a42f92213,9567156624c937bc7c855a980bf35539e7f05a6001db43cd328767f6084f0f77,Tomato___Bacterial_spot/17ee90d7-f733-4026-a83e-c5c87ad88e67___GCREC_Bact.Sp 5623.JPG,Tomato___Bacterial_spot/eb3d387f-a7b3-48a3-a925-41d7fc6e98e9___GCREC_Bact.Sp 3423.JPG,Tomato___Bacterial_spot,Tomato___Bacterial_spot,train,train,8,False
8083b70dd1bf22f5b6c3dda825a86ed483836cfb5980fe548c5cb17a42f92213,cdb6a45fcdc94ef4e1ec80e9a2a718d6d39a02c25fc1e07ffbc8631ba340b70f,Tomato___Bacterial_spot/17ee90d7-f733-4026-a83e-c5c87ad88e67___GCREC_Bact.Sp 5623.JPG,Tomato___Target_Spot/92d6e053-7bed-4d98-9fb8-070325e8cf60___Com.G_TgS_FL 1129.JPG,Tomato___Bacterial_spot,Tomato___Target_Spot,train,train,8,False
80a328a175aa799c3c3cd97d2f8309075669ec552b899fb7994317fc721c4298,0f7a1c7de8d4f42761cdb2deae14e6b943784274f10188f6dd5084492eada0d0,Tomato___Spider_mites Two-spotted_spider_mite/fee1de1c-c369-4535-baec-d6104df9a05d___Com.G_SpM_FL 9396.JPG,Tomato___Target_Spot/722e5aaa-dce9-4962-879d-6f23992e58d0___Com.G_TgS_FL 9769.JPG,Tomato___Spider_mites Two-spotted_spider_mite,Tomato___Target_Spot,train,train,8,False
80de3914ff7334e555f48ee4c1d3aea17aba612d99e201d171749ea80bfb2e73,6a84c949c64e01d1f343b55fe7f9805d6041fb81a848a58514cf409f53ceb3a6,Tomato___Tomato_Yellow_Leaf_Curl_Virus/57b31c9e-51bb-49c9-8950-91a4e27eca5f___YLCV_GCREC 2764.JPG,Tomato___Tomato_Yellow_Leaf_Curl_Virus/05fcb411-6673-4c9a-a028-6cf70a8033a6___YLCV_NREC 0197.JPG,Tomato___Tomato_Yellow_Leaf_Curl_Virus,Tomato___Tomato_Yellow_Leaf_Curl_Virus,test,train,8,True
80e91eeb7a0221d286debcfd05ae535dc0d5822985f1c61d1b22f89a5ace6df2,f98a76f853582387983553d7b700bb9653ae5647bd981234229602383b6e8be6,Tomato___Bacterial_spot/2dce98fb-99da-4f38-8ade-2a9c2dfe6599___GCREC_Bact.Sp 3482.JPG,Tomato___Bacterial_spot/f3590208-3be1-4b32-accd-464e58950119___GCREC_Bact.Sp 3481.JPG,Tomato___Bacterial_spot,Tomato___Bacterial_spot,train,train,8,False
80f01969dff761c54105ae8728bf659645fc14274a27f8f6067d90aeb6808af6,c279f18e3de3d9d263b659da31b5b4cd576cb6e45447af54f550c24d35403109,Tomato___Bacterial_spot/877bc01d-0ab2-4a8f-bbd8-44646bdb84d7___UF.GRC_BS_Lab Leaf 0529.JPG,Tomato___Bacterial_spot/8e01eb47-11f6-4e93-ac8f-09db0a9854dd___UF.GRC_BS_Lab Leaf 0519.JPG,Tomato___Bacterial_spot,Tomato___Bacterial_spot,train,train,8,False
81048fc4d35d98be987926ba560f883a42d830890f98b122164af7e84dbf351f,1bc7d651f77a15d3650f0697caa43ecff10a22fb99aa6d4b752a4371fa1856da,Tomato___Bacterial_spot/2300bcf2-b682-4be7-a101-e4517c15a32b___GCREC_Bact.Sp 2980.JPG,Tomato___Bacterial_spot/f790b5c0-15b7-4adc-916f-fd4add9a72dd___GCREC_Bact.Sp 3128.JPG,Tomato___Bacterial_spot,Tomato___Bacterial_spot,train,train,8,False
815541a3ca7625d53f2d506d22eda944aa51006f8205aafb7b4eb1325377594e,89abeb64405f24490b67c1f26a9a46e3de275a40899858b3fe5fc9084b88d24e,Tomato___Tomato_Yellow_Leaf_Curl_Virus/99360874-81da-4658-ad04-3f454f15bc9f___YLCV_NREC 2524.JPG,Tomato___Target_Spot/10e35abb-b0a4-4aa2-a533-ab12c7fbe76a___Com.G_TgS_FL 8035.JPG,Tomato___Tomato_Yellow_Leaf_Curl_Virus,Tomato___Target_Spot,test,train,8,True
815e6093dbb508dd80b69b0278a2bcdfc2e365a19df454a8af91cfdae36230f8,487ff0c4f44753857559351da560a8c8df7eeecffa1132a2922db3cb8588f381,Tomato___Bacterial_spot/8a5ddf5c-d342-4729-95cc-e846494d37ed___GCREC_Bact.Sp 3130.JPG,Tomato___Bacterial_spot/d7c6cfbf-059c-40b2-b920-8a1815c32374___GCREC_Bact.Sp 6063.JPG,Tomato___Bacterial_spot,Tomato___Bacterial_spot,train,train,8,False
815e6093dbb508dd80b69b0278a2bcdfc2e365a19df454a8af91cfdae36230f8,6d25d0926a3c23302b07672e50d8b3835b4e2946d2d21d4a0285d330fce68866,Tomato___Bacterial_spot/8a5ddf5c-d342-4729-95cc-e846494d37ed___GCREC_Bact.Sp 3130.JPG,Tomato___Bacterial_spot/1a83cb1d-6e47-4caf-931f-61ecad37dca4___GCREC_Bact.Sp 6167.JPG,Tomato___Bacterial_spot,Tomato___Bacterial_spot,train,val,8,True
815e6093dbb508dd80b69b0278a2bcdfc2e365a19df454a8af91cfdae36230f8,9447443cb0b6641ddf71c2f70288090b8b80194fbec5473d97a4cae042249c76,Tomato___Bacterial_spot/8a5ddf5c-d342-4729-95cc-e846494d37ed___GCREC_Bact.Sp 3130.JPG,Tomato___Tomato_Yellow_Leaf_Curl_Virus/4c91c53b-4c37-4029-974b-97daae68f9ab___UF.GRC_YLCV_Lab 01360.JPG,Tomato___Bacterial_spot,Tomato___Tomato_Yellow_Leaf_Curl_Virus,train,val,8,True
815e6093dbb508dd80b69b0278a2bcdfc2e365a19df454a8af91cfdae36230f8,eaa20d7f80321102bb6324edd0857dd70bfd39cd473a28ced132fbdf5100fd88,Tomato___Bacterial_spot/8a5ddf5c-d342-4729-95cc-e846494d37ed___GCREC_Bact.Sp 3130.JPG,Tomato___Septoria_leaf_spot/1d3dc5a7-5c0a-4852-8210-b06eede5d40a___Matt.S_CG 6071.JPG,Tomato___Bacterial_spot,Tomato___Septoria_leaf_spot,train,train,8,False
81aea847927dedad0663090a9def087211a675c6b126c205ea32d00ad42c7e16,8a4e2da95bbb492c37f58e3d7409d0cc2f1220fa2051db517b75337159759061,Tomato___Septoria_leaf_spot/b06c3d4e-04cf-4eff-82fa-4553264a21e0___JR_Sept.L.S 2615.JPG,Tomato___Target_Spot/d10a8e5b-bf53-45de-adbe-ea42f9bcb937___Com.G_TgS_FL 9910.JPG,Tomato___Septoria_leaf_spot,Tomato___Target_Spot,test,train,8,True
81be7f4a16241cd55460c9ee116f1f253b113c7f5db8584ca430b091dc64f5ae,08e1a931dc3e60c1160d9f03fe1d3bee0a7acf680d6bb7a9e42563f0edad377a,Tomato___Early_blight/a3611dae-1359-41af-b506-0b012c37a451___RS_Erly.B 7368.JPG,Tomato___Bacterial_spot/9f3bb55d-b52d-4be3-b89b-e7c8cbe8e131___GCREC_Bact.Sp 3112.JPG,Tomato___Early_blight,Tomato___Bacterial_spot,test,val,8,True
81be7f4a16241cd55460c9ee116f1f253b113c7f5db8584ca430b091dc64f5ae,658559319f014a592049e1a660d4e5d95bfab9dabc87aeda46736ecba21eb6a2,Tomato___Early_blight/a3611dae-1359-41af-b506-0b012c37a451___RS_Erly.B 7368.JPG,Tomato___Bacterial_spot/cb4644f6-9f79-4cad-96e8-08da62d43550___GCREC_Bact.Sp 5732.JPG,Tomato___Early_blight,Tomato___Bacterial_spot,test,train,8,True
81be7f4a16241cd55460c9ee116f1f253b113c7f5db8584ca430b091dc64f5ae,69b596318aed2824a4dec9327ec4bd708f53248a733f139d019a16c2131ffd1d,Tomato___Early_blight/a3611dae-1359-41af-b506-0b012c37a451___RS_Erly.B 7368.JPG,Tomato___Bacterial_spot/19a19d0b-373f-497a-89bf-ea941ff5e12b___GCREC_Bact.Sp 3124.JPG,Tomato___Early_blight,Tomato___Bacterial_spot,test,train,8,True
81be7f4a16241cd55460c9ee116f1f253b113c7f5db8584ca430b091dc64f5ae,9470bc01dbf17b1a6adfcfe79312198eea7d56aae277c91af3d8d232dbe6fba2,Tomato___Early_blight/a3611dae-1359-41af-b506-0b012c37a451___RS_Erly.B 7368.JPG,Tomato___Bacterial_spot/7b40e020-e33c-4e9f-8093-d7593b8340dc___GCREC_Bact.Sp 3348.JPG,Tomato___Early_blight,Tomato___Bacterial_spot,test,train,8,True
825481295775035bb3b7e67a2c59cba99d27b694b7f2e5420e5779c68efb3ecc,b656e271493fd5a11717962ce50cff7d3034b8850b6ce42acc46b00220758f30,Tomato___Bacterial_spot/e2061420-56a2-4612-9ba9-1d9c40e7fd13___GCREC_Bact.Sp 5824.JPG,Tomato___Tomato_Yellow_Leaf_Curl_Virus/9a10d739-932c-47ff-af5d-196d5f615e21___YLCV_NREC 0057.JPG,Tomato___Bacterial_spot,Tomato___Tomato_Yellow_Leaf_Curl_Virus,train,train,8,False
825481295775035bb3b7e67a2c59cba99d27b694b7f2e5420e5779c68efb3ecc,b74f563bab64cb6217ced8e5859ee54945b618a21a4bef967175befd993446cd,Tomato___Bacterial_spot/e2061420-56a2-4612-9ba9-1d9c40e7fd13___GCREC_Bact.Sp 5824.JPG,Tomato___Tomato_Yellow_Leaf_Curl_Virus/3d6a1a02-ca2e-41d9-96b2-668293efc55d___YLCV_GCREC 2582.JPG,Tomato___Bacterial_spot,Tomato___Tomato_Yellow_Leaf_Curl_Virus,train,train,8,False
825481295775035bb3b7e67a2c59cba99d27b694b7f2e5420e5779c68efb3ecc,c3078153e84aa4bbb141b1fd5afc8c452bb9366b125dbb1a92f565bc5721454b,Tomato___Bacterial_spot/e2061420-56a2-4612-9ba9-1d9c40e7fd13___GCREC_Bact.Sp 5824.JPG,Tomato___Bacterial_spot/e601dd19-754a-4db4-926b-5e71609f628e___GCREC_Bact.Sp 3342.JPG,Tomato___Bacterial_spot,Tomato___Bacterial_spot,train,train,8,False
825481295775035bb3b7e67a2c59cba99d27b694b7f2e5420e5779c68efb3ecc,e25c183981e4a15fbb643cc02186279e895a2ddc76517a1ce63534c618bc0630,Tomato___Bacterial_spot/e2061420-56a2-4612-9ba9-1d9c40e7fd13___GCREC_Bact.Sp 5824.JPG,Tomato___Spider_mites Two-spotted_spider_mite/0cee18fc-bbbd-40dd-8d73-93df072c09ea___Com.G_SpM_FL 8904.JPG,Tomato___Bacterial_spot,Tomato___Spider_mites Two-spotted_spider_mite,train,train,8,False
826f615931c6914581becd12065dd79e439487d8c82fc6ebcee9696c6b15c429,0f1d8cb3c7e8340edcb061148d03aa309a13eb8aa8bc49d7fd47b909f86de66a,Tomato___Tomato_Yellow_Leaf_Curl_Virus/4adc46cc-60dd-48a7-8d4c-f6394577a14a___UF.GRC_YLCV_Lab 01543.JPG,Tomato___Tomato_Yellow_Leaf_Curl_Virus/c18b880c-02c4-4d89-8004-29dd5213fc29___UF.GRC_YLCV_Lab 01542.JPG,Tomato___Tomato_Yellow_Leaf_Curl_Virus,Tomato___Tomato_Yellow_Leaf_Curl_Virus,train,train,8,False
82a42b5a047ed5db06bbca6a183345cf5c25a4107e31d719640795c4bd8c132f,5a19db59466e795ff19d5ca09fac62af8e924e07572f1412abd6a672213bc6be,Tomato___Leaf_Mold/19fc6cfd-7430-4695-a4e1-5c947193ab46___Crnl_L.Mold 6922.JPG,Tomato___Leaf_Mold/f53d879a-6033-4317-8524-e108b10e7656___Crnl_L.Mold 7140.JPG,Tomato___Leaf_Mold,Tomato___Leaf_Mold,train,train,8,False
82b85062d2103f192fc301bb31ce586a53d198546cfe4a84e2bba726e4f1ccc7,8abb0239b8dd964361b270e03540b04991ec239d704b34cfc18831fdaf5aacf6,Tomato___Spider_mites Two-spotted_spider_mite/a75666ed-91d1-4f47-bcf2-554c8a5a3fd5___Com.G_SpM_FL 9551.JPG,Tomato___Spider_mites Two-spotted_spider_mite/0d956449-8243-4229-b293-124461cc4940___Com.G_SpM_FL 9325.JPG,Tomato___Spider_mites Two-spotted_spider_mite,Tomato___Spider_mites Two-spotted_spider_mite,train,val,8,True
82b85062d2103f192fc301bb31ce586a53d198546cfe4a84e2bba726e4f1ccc7,93b7c95efdb9bababb5aca7728b4e7b31527694979e08d1a7d53bf2c7cae6bb8,Tomato___Spider_mites Two-spotted_spider_mite/a75666ed-91d1-4f47-bcf2-554c8a5a3fd5___Com.G_SpM_FL 9551.JPG,Tomato___Spider_mites Two-spotted_spider_mite/d60456fc-4596-45b6-97bf-ea1c5855297e___Com.G_SpM_FL 9555.JPG,Tomato___Spider_mites Two-spotted_spider_mite,Tomato___Spider_mites Two-spotted_spider_mite,train,val,8,True
82b85062d2103f192fc301bb31ce586a53d198546cfe4a84e2bba726e4f1ccc7,c273435eaf23a4a84f98d303059afeb357c4e3ff1b588b7f55540912fadfa4c3,Tomato___Spider_mites Two-spotted_spider_mite/a75666ed-91d1-4f47-bcf2-554c8a5a3fd5___Com.G_SpM_FL 9551.JPG,Tomato___Tomato_Yellow_Leaf_Curl_Virus/b21db9f1-13df-4a1d-8ad5-b6f2edfc367c___YLCV_GCREC 2904.JPG,Tomato___Spider_mites Two-spotted_spider_mite,Tomato___Tomato_Yellow_Leaf_Curl_Virus,train,train,8,False
82c7a69e54a0202cbf841cb3c3197aab21ab2150194a635fdfa7dbeb84ddfd10,608d8794cd994b6f1bfdef2f4124f964bdb646fb745979eb6d5daafc5bee5f2c,Tomato___Late_blight/bd5b09dc-ca07-455b-9ff4-e02a5c7e8a42___RS_Late.B 6202.JPG,Tomato___Leaf_Mold/119fca56-2a51-4c1f-9ba3-85977da1fd3b___Crnl_L.Mold 6898.JPG,Tomato___Late_blight,Tomato___Leaf_Mold,train,train,8,False
82c7a69e54a0202cbf841cb3c3197aab21ab2150194a635fdfa7dbeb84ddfd10,a92d1ddc87e5753668cbc7fb87aad41be8c8511d4d1c639ad0b6d065c13a167f,Tomato___Late_blight/bd5b09dc-ca07-455b-9ff4-e02a5c7e8a42___RS_Late.B 6202.JPG,Tomato___Leaf_Mold/9a1244ad-a278-41bb-99e7-f7d2fcff0b98___Crnl_L.Mold 7029.JPG,Tomato___Late_blight,Tomato___Leaf_Mold,train,train,8,False
82dc9f3f193f3088eae7e0e360b80b2e6b662c168f8d751295207105f8996699,4c34e82e2f8f81a923fd9677ad91eaa4ad9772f7afde5015cf85403d4fa39be6,Tomato___Bacterial_spot/eabc7def-52d6-4383-8d81-ffbe7beedce8___GCREC_Bact.Sp 5572.JPG,Tomato___Bacterial_spot/31549f17-8b3c-4a16-9775-d3c50db39fb8___GCREC_Bact.Sp 5968.JPG,Tomato___Bacterial_spot,Tomato___Bacterial_spot,train,val,8,True
83197d247b5a3252a56154fd6d97d41fd3b6067c73fb905cd4c7d1a3c375b606,acaa1c0a130101a87c1f9829bd013358609d55689b23f57d37fa60feba009dd3,Tomato___Tomato_Yellow_Leaf_Curl_Virus/8bd55b06-6ef9-44eb-94c3-99e679e6021b___UF.GRC_YLCV_Lab 02659.JPG,Tomato___Tomato_Yellow_Leaf_Curl_Virus/87f03c98-0901-4f4d-8a31-41c9260ff9b1___UF.GRC_YLCV_Lab 02658.JPG,Tomato___Tomato_Yellow_Leaf_Curl_Virus,Tomato___Tomato_Yellow_Leaf_Curl_Virus,test,train,8,True
8385bfc4348171788ff9fc6d073e8d183718a22e8b93bdd1549ef28b2aec85e3,03fb8fc138e3ba6f971a5f5959262d4fc1b5a07a1b646ac8406aa42addfd89b1,Tomato___Spider_mites Two-spotted_spider_mite/edfb0fe5-a10c-469d-9346-802e68dfcd58___Com.G_SpM_FL 9390.JPG,Tomato___Spider_mites Two-spotted_spider_mite/851ea0ae-63c2-4f43-825e-e5e60b636ec0___Com.G_SpM_FL 1747.JPG,Tomato___Spider_mites Two-spotted_spider_mite,Tomato___Spider_mites Two-spotted_spider_mite,test,train,8,True
8385bfc4348171788ff9fc6d073e8d183718a22e8b93bdd1549ef28b2aec85e3,23e7c0f6e9345cb2ef138f7365355b172557a243d3992cb9eb1dd1cbfdcfa9f1,Tomato___Spider_mites Two-spotted_spider_mite/edfb0fe5-a10c-469d-9346-802e68dfcd58___Com.G_SpM_FL 9390.JPG,Tomato___Tomato_Yellow_Leaf_Curl_Virus/9a7ed46b-c399-44d6-bfde-43593776f56e___YLCV_GCREC 2452.JPG,Tomato___Spider_mites Two-spotted_spider_mite,Tomato___Tomato_Yellow_Leaf_Curl_Virus,test,val,8,True
8385bfc4348171788ff9fc6d073e8d183718a22e8b93bdd1549ef28b2aec85e3,52d570f983633cd9890b4aaca95f399c74a4f2ee97ef49c2914a2ad0de3103f1,Tomato___Spider_mites Two-spotted_spider_mite/edfb0fe5-a10c-469d-9346-802e68dfcd58___Com.G_SpM_FL 9390.JPG,Tomato___Spider_mites Two-spotted_spider_mite/1ff30221-d082-4dd3-ab7b-0028ecf897db___Com.G_SpM_FL 9608.JPG,Tomato___Spider_mites Two-spotted_spider_mite,Tomato___Spider_mites Two-spotted_spider_mite,test,train,8,True
8385bfc4348171788ff9fc6d073e8d183718a22e8b93bdd1549ef28b2aec85e3,82b85062d2103f192fc301bb31ce586a53d198546cfe4a84e2bba726e4f1ccc7,Tomato___Spider_mites Two-spotted_spider_mite/edfb0fe5-a10c-469d-9346-802e68dfcd58___Com.G_SpM_FL 9390.JPG,Tomato___Spider_mites Two-spotted_spider_mite/a75666ed-91d1-4f47-bcf2-554c8a5a3fd5___Com.G_SpM_FL 9551.JPG,Tomato___Spider_mites Two-spotted_spider_mite,Tomato___Spider_mites Two-spotted_spider_mite,test,train,8,True
8385bfc4348171788ff9fc6d073e8d183718a22e8b93bdd1549ef28b2aec85e3,a1178f20d67b653083a8df426faa78524996401bc8dd68973c2c059252ed5c9d,Tomato___Spider_mites Two-spotted_spider_mite/edfb0fe5-a10c-469d-9346-802e68dfcd58___Com.G_SpM_FL 9390.JPG,Tomato___Spider_mites Two-spotted_spider_mite/8d0dffc7-aecb-4583-b3a3-1027fb4fd3d1___Com.G_SpM_FL 9567.JPG,Tomato___Spider_mites Two-spotted_spider_mite,Tomato___Spider_mites Two-spotted_spider_mite,test,val,8,True
8385bfc4348171788ff9fc6d073e8d183718a22e8b93bdd1549ef28b2aec85e3,bcc1087f1e34b8dbad24e44ee969456502be09cd4aa415ff06e011e6e7b57237,Tomato___Spider_mites Two-spotted_spider_mite/edfb0fe5-a10c-469d-9346-802e68dfcd58___Com.G_SpM_FL 9390.JPG,Tomato___Spider_mites Two-spotted_spider_mite/f7b7b4c8-1420-4ffe-ba64-97be026edeb4___Com.G_SpM_FL 8978.JPG,Tomato___Spider_mites Two-spotted_spider_mite,Tomato___Spider_mites Two-spotted_spider_mite,test,train,8,True
8385bfc4348171788ff9fc6d073e8d183718a22e8b93bdd1549ef28b2aec85e3,faa7b43c1847ee8cbd18dc3ee691ba0e1eea5705a75879a047a7289c2b92bf32,Tomato___Spider_mites Two-spotted_spider_mite/edfb0fe5-a10c-469d-9346-802e68dfcd58___Com.G_SpM_FL 9390.JPG,Tomato___Spider_mites Two-spotted_spider_mite/12a4f265-5ed5-4818-be8a-5225f8043446___Com.G_SpM_FL 1554.JPG,Tomato___Spider_mites Two-spotted_spider_mite,Tomato___Spider_mites Two-spotted_spider_mite,test,train,8,True
83903a7444c6fa27f4d4462363b2330c0e0938e57b12c30efcc1749dc671e64c,5f74feec6bbd2499e8073c7af3b1cf7ff5a5926522a73bc2757a2ee97fef75f8,Tomato___Septoria_leaf_spot/70ee4f41-ddc6-4626-9a67-44c3a072e509___Matt.S_CG 6680.JPG,Tomato___Bacterial_spot/841ea726-5c4a-4447-9f56-0eda38f002d2___GCREC_Bact.Sp 3388.JPG,Tomato___Septoria_leaf_spot,Tomato___Bacterial_spot,train,val,8,True
83b1fe8b624a27f4388bb645d35831245bda2c0e55f4405188811ebba55b620a,147658694c3b20f405ed031c301bf5a0f49d668d4595d84f103bdb20bfec6c26,Tomato___Bacterial_spot/f675726b-1569-4147-9af2-23ac17a555ec___GCREC_Bact.Sp 3150.JPG,Tomato___healthy/ce303601-b655-483c-9778-3cbd317606be___RS_HL 0163.JPG,Tomato___Bacterial_spot,Tomato___healthy,train,train,8,False
83d74c10b08108fb519e64616d3fc5e1f271dff5ec71d4247b516f572c8c6678,ef2f151cd870aff92bdc1c2ecd97926d59cf6191123e0a0b13ca19e10ef424b3,Tomato___Tomato_Yellow_Leaf_Curl_Virus/7c466e1e-fab1-49ad-8886-f91308c5a1ab___UF.GRC_YLCV_Lab 02184.JPG,Tomato___Tomato_Yellow_Leaf_Curl_Virus/78026401-90de-477b-8c6d-e9bde6f41f41___UF.GRC_YLCV_Lab 02185.JPG,Tomato___Tomato_Yellow_Leaf_Curl_Virus,Tomato___Tomato_Yellow_Leaf_Curl_Virus,train,val,8,True
8438a6d5284bb2bdc4f6f7a43b6683a40392dc0824afe5da8cfd2b097f00f675,69959673c5dad8b1f1efd2b5edf00b58e0606e8d7d360377386601ae4e049506,Tomato___Spider_mites Two-spotted_spider_mite/f41b78aa-281c-416f-9d9b-4a5a3d9f20fc___Com.G_SpM_FL 9012.JPG,Tomato___Tomato_Yellow_Leaf_Curl_Virus/ad33c873-d846-4330-86f8-4cab39e7056c___YLCV_GCREC 2522.JPG,Tomato___Spider_mites Two-spotted_spider_mite,Tomato___Tomato_Yellow_Leaf_Curl_Virus,train,train,8,False
8438a6d5284bb2bdc4f6f7a43b6683a40392dc0824afe5da8cfd2b097f00f675,9f975c0123368bdc4b7ec172a9bcc56b210d5f32a68139033a628fae2e23f3b4,Tomato___Spider_mites Two-spotted_spider_mite/f41b78aa-281c-416f-9d9b-4a5a3d9f20fc___Com.G_SpM_FL 9012.JPG,Tomato___Spider_mites Two-spotted_spider_mite/4a6a93a5-d51c-4769-8669-12ec54d87ce6___Com.G_SpM_FL 9441.JPG,Tomato___Spider_mites Two-spotted_spider_mite,Tomato___Spider_mites Two-spotted_spider_mite,train,val,8,True
846ddf6bafdedcea7d0c71eac1ff112daa715955ad2be021030a95a84298d755,4782c01c026ee103acfde838441fcb9315d0bd25af89474a673a82ecf362c5c9,Tomato___Tomato_Yellow_Leaf_Curl_Virus/c7cae581-0ef1-4e2f-8b45-36fb037fdbc7___UF.GRC_YLCV_Lab 02374.JPG,Tomato___Tomato_Yellow_Leaf_Curl_Virus/5a3f63fd-717e-442a-8fa4-a904ec2dfe2f___UF.GRC_YLCV_Lab 02362.JPG,Tomato___Tomato_Yellow_Leaf_Curl_Virus,Tomato___Tomato_Yellow_Leaf_Curl_Virus,test,train,8,True
846ddf6bafdedcea7d0c71eac1ff112daa715955ad2be021030a95a84298d755,a747cc4dc4f1b4f9a344ceed404565c1005d70056d67edffc24c1a778cf74108,Tomato___Tomato_Yellow_Leaf_Curl_Virus/c7cae581-0ef1-4e2f-8b45-36fb037fdbc7___UF.GRC_YLCV_Lab 02374.JPG,Tomato___healthy/66534b5a-a6b7-46bb-bc09-a6bba9d9a61a___GH_HL Leaf 225.2.JPG,Tomato___Tomato_Yellow_Leaf_Curl_Virus,Tomato___healthy,test,test,8,False
854cf6214acc48727240a645794221b701a5f448e92b4e86887c2645483e586d,e4d47714d4637f5c349ae9bd2a0f41598c436fe61ac28455c45ef5b3cd0c550a,Tomato___Spider_mites Two-spotted_spider_mite/35d2a711-e171-495c-b030-369f556b6db5___Com.G_SpM_FL 1450.JPG,Tomato___Tomato_mosaic_virus/1b9dc07a-40ab-45bc-a873-1ad4212e35a3___PSU_CG 2289.JPG,Tomato___Spider_mites Two-spotted_spider_mite,Tomato___Tomato_mosaic_virus,train,train,8,False
856960946febc5e0bbf1acd4862fb3d21c5c839e66391d5a1e1db4a8935589a3,2e577a9542c0a34d2873670cd3b5f3416272ba063626154d7283fc3afe7d4a4d,Tomato___Bacterial_spot/51cb7cc6-9562-4d43-9b6d-0bf168ea8ddd___GCREC_Bact.Sp 5854.JPG,Tomato___Bacterial_spot/e14b7ae8-96ff-47e0-8b35-aa7203dc49d5___GCREC_Bact.Sp 3020.JPG,Tomato___Bacterial_spot,Tomato___Bacterial_spot,train,val,8,True
856960946febc5e0bbf1acd4862fb3d21c5c839e66391d5a1e1db4a8935589a3,a86b90df25e9048f27bd6e0f5380e276810d8a5dd31fed5c88c9ad2cd301e68a,Tomato___Bacterial_spot/51cb7cc6-9562-4d43-9b6d-0bf168ea8ddd___GCREC_Bact.Sp 5854.JPG,Tomato___Bacterial_spot/c8875e15-728e-4c47-829f-c194fee60ae5___GCREC_Bact.Sp 3296.JPG,Tomato___Bacterial_spot,Tomato___Bacterial_spot,train,train,8,False
856960946febc5e0bbf1acd4862fb3d21c5c839e66391d5a1e1db4a8935589a3,f0813658453d54467aa5c00c037388ec6472823079342b0dbd7d36f15d9bcb8f,Tomato___Bacterial_spot/51cb7cc6-9562-4d43-9b6d-0bf168ea8ddd___GCREC_Bact.Sp 5854.JPG,Tomato___Bacterial_spot/e98fdfc0-1871-4b7d-b32a-35731e973289___GCREC_Bact.Sp 5834.JPG,Tomato___Bacterial_spot,Tomato___Bacterial_spot,train,train,8,False
85a026b5db9889af608ba91f359c228e9afc4dc1bc987367ea118e761ac18044,90488c14daba89488221ffcbbadfde2f3cbd23d5edf33c4677349d5a3837efe8,Tomato___Tomato_Yellow_Leaf_Curl_Virus/1018b818-a803-4bd9-9551-a85a410b03a1___YLCV_GCREC 5419.JPG,Tomato___Tomato_Yellow_Leaf_Curl_Virus/c1fd6c41-2c00-498d-bb46-0ebb172b02e6___YLCV_NREC 2364.JPG,Tomato___Tomato_Yellow_Leaf_Curl_Virus,Tomato___Tomato_Yellow_Leaf_Curl_Virus,test,test,8,False
85a63eb5a30b083b9642cabe75d9a85071ec135fa872971573b79dfa205f3546,4e0e9de562fedf9003301ce343a8ef9bc46c9abb2a8f3209650391df265ffd3b,Tomato___Tomato_Yellow_Leaf_Curl_Virus/9908a907-4143-4f88-b37f-5a37ef538bf0___UF.GRC_YLCV_Lab 02138.JPG,Tomato___Tomato_Yellow_Leaf_Curl_Virus/a059d5b2-7c04-486f-9a92-7fd6e9199c3a___UF.GRC_YLCV_Lab 02139.JPG,Tomato___Tomato_Yellow_Leaf_Curl_Virus,Tomato___Tomato_Yellow_Leaf_Curl_Virus,train,train,8,False
85c70a43d0d7b074a98bc8421baa3a94cea6dc957d4b32a116a300df3ecfba95,3160b9f54130ab10b158f89d91c10fa7a61e14a849da6c40ed73f5bdba3fcbd6,Tomato___Spider_mites Two-spotted_spider_mite/8745069c-b83d-4672-8f04-03d33e276cd7___Com.G_SpM_FL 9028.JPG,Tomato___Spider_mites Two-spotted_spider_mite/c5b6b543-1fe9-4607-94c2-3342dcc92043___Com.G_SpM_FL 1289.JPG,Tomato___Spider_mites Two-spotted_spider_mite,Tomato___Spider_mites Two-spotted_spider_mite,train,train,8,False
85c70a43d0d7b074a98bc8421baa3a94cea6dc957d4b32a116a300df3ecfba95,5dfa19207cf9016ac936c5e5ee322f3e9a8535eb5a2572dbc7d01aa7c1d9fec2,Tomato___Spider_mites Two-spotted_spider_mite/8745069c-b83d-4672-8f04-03d33e276cd7___Com.G_SpM_FL 9028.JPG,Tomato___Spider_mites Two-spotted_spider_mite/7c8a88f4-1182-4813-b6b8-4b69a862afaf___Com.G_SpM_FL 1301.JPG,Tomato___Spider_mites Two-spotted_spider_mite,Tomato___Spider_mites Two-spotted_spider_mite,train,val,8,True
860f53431053f015aee7cd1b056bed5179fa8e917e8dbcae646ba0214805465c,8e2ffefd6663b2474b03c99b11a57d878f11fcf8394fa2aaca36e26c76434b66,Tomato___Target_Spot/b2bf7586-9182-403a-b639-2eb26a2440b4___Com.G_TgS_FL 9688.JPG,Tomato___Target_Spot/e34619bf-28f8-408c-9eda-5975feabaf43___Com.G_TgS_FL 9672.JPG,Tomato___Target_Spot,Tomato___Target_Spot,train,val,8,True
8616bed65cff45f3d48c4f19248d5814267f469da1e760ce35ef0f77ffbfd167,4e023fb714e0c20386fff3d03e7b1e47a101b3b07d56587652c0f4849f9e74f8,Tomato___Bacterial_spot/2cafa053-4dd6-4528-bb4f-53e4afeecefe___GCREC_Bact.Sp 2968.JPG,Tomato___Bacterial_spot/e277b59d-2e55-4117-92c7-93996599ef02___GCREC_Bact.Sp 3168.JPG,Tomato___Bacterial_spot,Tomato___Bacterial_spot,train,train,8,False
8616bed65cff45f3d48c4f19248d5814267f469da1e760ce35ef0f77ffbfd167,5f74feec6bbd2499e8073c7af3b1cf7ff5a5926522a73bc2757a2ee97fef75f8,Tomato___Bacterial_spot/2cafa053-4dd6-4528-bb4f-53e4afeecefe___GCREC_Bact.Sp 2968.JPG,Tomato___Bacterial_spot/841ea726-5c4a-4447-9f56-0eda38f002d2___GCREC_Bact.Sp 3388.JPG,Tomato___Bacterial_spot,Tomato___Bacterial_spot,train,val,8,True
8616bed65cff45f3d48c4f19248d5814267f469da1e760ce35ef0f77ffbfd167,6eb11ddeeb88c432aa8a05db38596e08726be586cd21e98022fd028c9f86dc80,Tomato___Bacterial_spot/2cafa053-4dd6-4528-bb4f-53e4afeecefe___GCREC_Bact.Sp 2968.JPG,Tomato___Spider_mites Two-spotted_spider_mite/a56182d9-143a-45fc-a1be-946ba0d46935___Com.G_SpM_FL 9550.JPG,Tomato___Bacterial_spot,Tomato___Spider_mites Two-spotted_spider_mite,train,train,8,False
8616bed65cff45f3d48c4f19248d5814267f469da1e760ce35ef0f77ffbfd167,89f36c22de8b5c557463ab480229b73d75af88406aef1578da91167662e2242b,Tomato___Bacterial_spot/2cafa053-4dd6-4528-bb4f-53e4afeecefe___GCREC_Bact.Sp 2968.JPG,Tomato___Bacterial_spot/f2ea99a2-3e21-45ff-adf0-b7cfdd955d68___GCREC_Bact.Sp 5959.JPG,Tomato___Bacterial_spot,Tomato___Bacterial_spot,train,train,8,False
8616bed65cff45f3d48c4f19248d5814267f469da1e760ce35ef0f77ffbfd167,afb737536df274f95056b28482bb12169f42392d356adb89b9a257bf8f41ff3e,Tomato___Bacterial_spot/2cafa053-4dd6-4528-bb4f-53e4afeecefe___GCREC_Bact.Sp 2968.JPG,Tomato___Bacterial_spot/e2941eab-3c1c-43a2-aa6d-5f3926da0568___GCREC_Bact.Sp 3495.JPG,Tomato___Bacterial_spot,Tomato___Bacterial_spot,train,train,8,False
861eeeea768999d97c454d368ec94432856dc3a362a2a984db207493d58d1e80,5ff2ab54e1ef05a7d220dca7041a711e2a8a1b962e329b8f85244685d6a7be09,Tomato___Tomato_Yellow_Leaf_Curl_Virus/4216d51d-afb3-4b53-9d16-45d29d8c708a___YLCV_GCREC 2171.JPG,Tomato___Tomato_Yellow_Leaf_Curl_Virus/44454000-a605-49cd-adbe-0686ab1f456f___YLCV_GCREC 5211.JPG,Tomato___Tomato_Yellow_Leaf_Curl_Virus,Tomato___Tomato_Yellow_Leaf_Curl_Virus,train,train,8,False
86879566ed80d7b15c082936c1617b47dcf195aacbd34befa26a7a90616dd59c,cde81737c4f94f8e148f0fcc5a72ccec890e8ea679791caa9c3421efaa147a1c,Tomato___Tomato_Yellow_Leaf_Curl_Virus/a9171c0c-e224-4f8b-b84f-1caba2c3c989___UF.GRC_YLCV_Lab 01935.JPG,Tomato___Tomato_Yellow_Leaf_Curl_Virus/b14fe696-06f6-4aef-a1bc-d5b1b0997633___UF.GRC_YLCV_Lab 01932.JPG,Tomato___Tomato_Yellow_Leaf_Curl_Virus,Tomato___Tomato_Yellow_Leaf_Curl_Virus,train,train,8,False
8689444ab4825bbbe1148e47939ba31dbce85e3d5ab8e65933a3b9376cb4cc5b,ee5532b2c14ea7f1659a066912c98827dc2521fd85187d25f87d730138a75378,Tomato___Septoria_leaf_spot/c091c138-173c-4c3d-8156-ef8c55e03e60___Matt.S_CG 1522.JPG,Tomato___Spider_mites Two-spotted_spider_mite/d83e3292-0be8-43b9-8215-4705a452a08a___Com.G_SpM_FL 1642.JPG,Tomato___Septoria_leaf_spot,Tomato___Spider_mites Two-spotted_spider_mite,train,train,8,False
86946bf8dcb48a3148ef3680429af7f6f8bdd83e92c8e8d0f9e548a6e118c83d,3b4f3c1fdbe32d4ee6a123ef0f28ad86c5baa2150fac430113c006c371dd8cc6,Tomato___Target_Spot/39c2047a-9d7b-489e-b790-45bf9340ee97___Com.G_TgS_FL 8331.JPG,Tomato___Target_Spot/0d15f8d7-a777-4c3b-b5e4-5b1d31661e89___Com.G_TgS_FL 1094.JPG,Tomato___Target_Spot,Tomato___Target_Spot,test,train,8,True
871b6320313498b19134f8cd104b167a981edeb6628db9cebe67edbddb8714ea,b6497189e01a02517b548c99c897a54e9deca6835c5378c7c269378b676479ec,Tomato___Late_blight/1a9a2cbf-75f3-4dd9-93ef-3d3c58e97d06___GHLB2 Leaf 8666.JPG,Tomato___Late_blight/40ad58d9-f6ab-4487-a150-e2da47f733f1___GHLB2 Leaf 8665.JPG,Tomato___Late_blight,Tomato___Late_blight,train,train,8,False
871d77f8fc2554ff3c2b4554c7a0b93af3500866dcbf323d311988223605311f,0b8fa96415cce5f450f2e6ec8767226dcc58002154da3e862ec2ea0e457dc810,Tomato___Bacterial_spot/9a1850b9-2300-4845-a52f-73420ea76617___GCREC_Bact.Sp 3114.JPG,Tomato___Bacterial_spot/f5142872-5e4b-4038-b4fd-b38c4097e5aa___GCREC_Bact.Sp 5679.JPG,Tomato___Bacterial_spot,Tomato___Bacterial_spot,train,train,8,False
873a1979f4cf9038a78459a131289266e9a020e2463bf11272ecd6d7ff0bf4a7,9420cc1bab3684a9b021fd83d95d957b34a4f55c97c336dddb4825ec1e60ba6d,Tomato___Spider_mites Two-spotted_spider_mite/25245f74-df2c-442d-8146-bdf161cc18f2___Com.G_SpM_FL 1419.JPG,Tomato___Spider_mites Two-spotted_spider_mite/45d0aca4-ce49-43cb-af35-99ac8d283930___Com.G_SpM_FL 1459.JPG,Tomato___Spider_mites Two-spotted_spider_mite,Tomato___Spider_mites Two-spotted_spider_mite,test,val,8,True
873a1979f4cf9038a78459a131289266e9a020e2463bf11272ecd6d7ff0bf4a7,97ddeeef9416dc27130839beebf387ff9f51b45d070b468742c7f29faa64ad2f,Tomato___Spider_mites Two-spotted_spider_mite/25245f74-df2c-442d-8146-bdf161cc18f2___Com.G_SpM_FL 1419.JPG,Tomato___Septoria_leaf_spot/12703385-4e74-4e56-b90a-fede2827fbf2___Matt.S_CG 6039.JPG,Tomato___Spider_mites Two-spotted_spider_mite,Tomato___Septoria_leaf_spot,test,train,8,True
873a1979f4cf9038a78459a131289266e9a020e2463bf11272ecd6d7ff0bf4a7,b826cfa4068aab3df187a84157372589307e1420d969b7cb46bf3cb97e1efa6b,Tomato___Spider_mites Two-spotted_spider_mite/25245f74-df2c-442d-8146-bdf161cc18f2___Com.G_SpM_FL 1419.JPG,Tomato___Septoria_leaf_spot/969a199c-8cf8-4a0a-94ef-d7a23569417b___Matt.S_CG 1586.JPG,Tomato___Spider_mites Two-spotted_spider_mite,Tomato___Septoria_leaf_spot,test,val,8,True
873a1979f4cf9038a78459a131289266e9a020e2463bf11272ecd6d7ff0bf4a7,cba0f8f908c86049657f052fdc9d2ac25587c137ee184f00d419b7a3a0c8e888,Tomato___Spider_mites Two-spotted_spider_mite/25245f74-df2c-442d-8146-bdf161cc18f2___Com.G_SpM_FL 1419.JPG,Tomato___Spider_mites Two-spotted_spider_mite/c71a53bd-045e-48a2-a7a3-2032688619af___Com.G_SpM_FL 1549.JPG,Tomato___Spider_mites Two-spotted_spider_mite,Tomato___Spider_mites Two-spotted_spider_mite,test,test,8,False
873a1979f4cf9038a78459a131289266e9a020e2463bf11272ecd6d7ff0bf4a7,da1bd9ed8288fe80fbc7a11457e8040fb80defb8fa0091f98d39552e77b16a28,Tomato___Spider_mites Two-spotted_spider_mite/25245f74-df2c-442d-8146-bdf161cc18f2___Com.G_SpM_FL 1419.JPG,Tomato___Tomato_Yellow_Leaf_Curl_Virus/ee229d8e-8c1e-47a0-8e99-3f2bedf06da3___YLCV_NREC 2853.JPG,Tomato___Spider_mites Two-spotted_spider_mite,Tomato___Tomato_Yellow_Leaf_Curl_Virus,test,test,8,False
873a1979f4cf9038a78459a131289266e9a020e2463bf11272ecd6d7ff0bf4a7,e25c183981e4a15fbb643cc02186279e895a2ddc76517a1ce63534c618bc0630,Tomato___Spider_mites Two-spotted_spider_mite/25245f74-df2c-442d-8146-bdf161cc18f2___Com.G_SpM_FL 1419.JPG,Tomato___Spider_mites Two-spotted_spider_mite/0cee18fc-bbbd-40dd-8d73-93df072c09ea___Com.G_SpM_FL 8904.JPG,Tomato___Spider_mites Two-spotted_spider_mite,Tomato___Spider_mites Two-spotted_spider_mite,test,train,8,True
873a1979f4cf9038a78459a131289266e9a020e2463bf11272ecd6d7ff0bf4a7,efb44fa8ea7b49a2958304b53e254752bf114bf400fd5acf643f1deaf6678785,Tomato___Spider_mites Two-spotted_spider_mite/25245f74-df2c-442d-8146-bdf161cc18f2___Com.G_SpM_FL 1419.JPG,Tomato___Bacterial_spot/7c95cf7e-17c8-43c5-93ad-4934f2574120___GCREC_Bact.Sp 6279.JPG,Tomato___Spider_mites Two-spotted_spider_mite,Tomato___Bacterial_spot,test,val,8,True
873a1979f4cf9038a78459a131289266e9a020e2463bf11272ecd6d7ff0bf4a7,f683bdb79adfae84424c6d5e860fefc6266526d9165992d6fdb50c0d9603cb5e,Tomato___Spider_mites Two-spotted_spider_mite/25245f74-df2c-442d-8146-bdf161cc18f2___Com.G_SpM_FL 1419.JPG,Tomato___Spider_mites Two-spotted_spider_mite/e1b3535e-675c-4021-a14f-75da349d6127___Com.G_SpM_FL 8757.JPG,Tomato___Spider_mites Two-spotted_spider_mite,Tomato___Spider_mites Two-spotted_spider_mite,test,train,8,True
874628b6eef0be2a0f8a1977184b07506659076123fd284ad0dea1b9c4658327,8a4dbbaf85a0ba88156092a5ef263da26c755aad0753f1cbf5cfa97dcf871b86,Tomato___Bacterial_spot/d42b50b2-4178-4b79-8d97-309587703ae0___GCREC_Bact.Sp 5756.JPG,Tomato___Tomato_Yellow_Leaf_Curl_Virus/124aa215-3f93-4819-a474-d462728a709b___YLCV_GCREC 2455.JPG,Tomato___Bacterial_spot,Tomato___Tomato_Yellow_Leaf_Curl_Virus,train,train,8,False
87ae2d3db3fdc84f2d967e578171c38960541fb2a07dcdef92f4d39383850609,5d78e021ca6bd7a4988855778c441bdd06579bf4d9110d5e40cdf9c2c1f5c94b,Tomato___Target_Spot/d1c4acfe-82e8-4f48-b8c7-39074dfe6f9e___Com.G_TgS_FL 9784.JPG,Tomato___Spider_mites Two-spotted_spider_mite/2c2f7f98-8c5b-4981-bb74-f827c5f963fe___Com.G_SpM_FL 8734.JPG,Tomato___Target_Spot,Tomato___Spider_mites Two-spotted_spider_mite,train,val,8,True
88064c3fc81071403f66192b08847c14bfc83d3eb58b1770bed02dee19e1be0f,1f01fddc725275286daefdeaaab84eb62bb545007024155957c1b9e9263277e7,Tomato___Spider_mites Two-spotted_spider_mite/92984828-1f93-49c5-89d4-039c434c5737___Com.G_SpM_FL 8500.JPG,Tomato___Spider_mites Two-spotted_spider_mite/b922a594-89b4-417f-ba52-b38eda920525___Com.G_SpM_FL 1398.JPG,Tomato___Spider_mites Two-spotted_spider_mite,Tomato___Spider_mites Two-spotted_spider_mite,val,val,8,False
884c3642b5f69f71ce7d844828e3aa1d3021984b8c699304b782c4d60ede6a9a,18e8dedd5c2959994a5894e30207d78c10ae4a2ad07d8385e6f328b1a304ee45,Tomato___Bacterial_spot/3bed8328-2a32-49f3-b887-a083b1757259___GCREC_Bact.Sp 6171.JPG,Tomato___Bacterial_spot/59738947-4377-41ba-8a10-0335fdc27ab7___GCREC_Bact.Sp 3734.JPG,Tomato___Bacterial_spot,Tomato___Bacterial_spot,test,train,8,True
8862bb167b54cf85309444d9a88952d2e5c0442f44dc4ab7fe9648bbab1c7c9b,b3d1edf84834d4cdcb9353147755f7f8159ff2c96743a3bd1a29be231d174373,Tomato___Early_blight/b7294a44-e1fd-4eab-97ac-ed6669c58d8f___RS_Erly.B 7514.JPG,Tomato___Bacterial_spot/e45ae43b-3111-47af-8da4-65dc05595a7f___GCREC_Bact.Sp 5973.JPG,Tomato___Early_blight,Tomato___Bacterial_spot,test,train,8,True
88cfb946db4efc96d2aeee651d3b7ce57e4141bc94eff3289ed0c4795019acf8,f337d8e71b495d77394d2fe76e34796199bce4604aacd2bf3c64ce732da95615,Tomato___Bacterial_spot/1cdfa566-3dc1-4be4-8ec9-91fd300ac06d___GCREC_Bact.Sp 3468.JPG,Tomato___Tomato_Yellow_Leaf_Curl_Virus/4bfdcf96-dd24-499f-94aa-07d04ce8d930___YLCV_GCREC 2121.JPG,Tomato___Bacterial_spot,Tomato___Tomato_Yellow_Leaf_Curl_Virus,train,train,8,False
88e0bfd24b428c603aa9131e0b3ae8c69176910cba178147853371d0d0841a04,0ece06f6aad1f32aed614778f9f29bf1f48a220c9bf74cfd69293a431e73aa89,Tomato___Late_blight/cb3bd866-dd84-4f7e-9226-b4a2a2c7f2ae___GH_HL Leaf 173.2.JPG,Tomato___healthy/5c51ad21-b0e9-4b61-8980-d5e7a225b594___GH_HL Leaf 485.JPG,Tomato___Late_blight,Tomato___healthy,train,train,8,False
88e0bfd24b428c603aa9131e0b3ae8c69176910cba178147853371d0d0841a04,737be0c9881b413db8bc1394fb4220d97af02788eb5a35fbb928651e8455d614,Tomato___Late_blight/cb3bd866-dd84-4f7e-9226-b4a2a2c7f2ae___GH_HL Leaf 173.2.JPG,Tomato___healthy/1479f22a-c0d6-4dac-a752-578f575f276d___GH_HL Leaf 173.5.JPG,Tomato___Late_blight,Tomato___healthy,train,train,8,False
8954edf421e9b8a3968d314f24ad96125f4e5181b465695098258b2aa7b2efe9,55c4604f502aa3439895ddfb54cdf4ca0ab4b0a5978002ad6441df2414a1ccf1,Tomato___Spider_mites Two-spotted_spider_mite/4bc9b750-ac19-4da1-88cc-bf8dd46e2272___Com.G_SpM_FL 1387.JPG,Tomato___Spider_mites Two-spotted_spider_mite/d0cd0d30-a825-4ddb-9df6-c767b101735c___Com.G_SpM_FL 1630.JPG,Tomato___Spider_mites Two-spotted_spider_mite,Tomato___Spider_mites Two-spotted_spider_mite,train,train,8,False
897cf57d8744333d89a97e11036a5563f334bddc61b1112ee5f94c20c29b8cd9,e091065b0d3a1f1a090e4071a80e3a4744366b6a0346727cf4c4ab2e53554418,Tomato___Bacterial_spot/b7abb659-e26e-42a0-a9d3-ddee98526b8f___GCREC_Bact.Sp 5748.JPG,Tomato___Bacterial_spot/cc4ae662-c07c-4aae-8868-f4711ae5d158___GCREC_Bact.Sp 3852.JPG,Tomato___Bacterial_spot,Tomato___Bacterial_spot,train,train,8,False
897cf57d8744333d89a97e11036a5563f334bddc61b1112ee5f94c20c29b8cd9,e10681c79751d1489aad8dd577d86eadcf9d473e91e38dc248f4fefa2f72817d,Tomato___Bacterial_spot/b7abb659-e26e-42a0-a9d3-ddee98526b8f___GCREC_Bact.Sp 5748.JPG,Tomato___Bacterial_spot/e813e60a-25a6-4444-8fb6-eeab328d9ccc___GCREC_Bact.Sp 3573.JPG,Tomato___Bacterial_spot,Tomato___Bacterial_spot,train,val,8,True
89a263096fab647168fb5a2a3ef15a17b0a13d27e15cddb11552a46eaa3429bb,248c637e601f81e71ff3c24ecad96be95db26e3bb0746cd5183a0bd961cdb591,Tomato___Tomato_Yellow_Leaf_Curl_Virus/ce145bc2-c0fa-40b5-8622-38a7a88a1823___UF.GRC_YLCV_Lab 02441.JPG,Tomato___Tomato_Yellow_Leaf_Curl_Virus/b086e7d4-52fe-4779-b2a5-5927aec3e636___UF.GRC_YLCV_Lab 02437.JPG,Tomato___Tomato_Yellow_Leaf_Curl_Virus,Tomato___Tomato_Yellow_Leaf_Curl_Virus,train,val,8,True
89abeb64405f24490b67c1f26a9a46e3de275a40899858b3fe5fc9084b88d24e,24ccbc7fb5db13c1f27a24bac50060b2b84d932b164a9181313574fb15248fed,Tomato___Target_Spot/10e35abb-b0a4-4aa2-a533-ab12c7fbe76a___Com.G_TgS_FL 8035.JPG,Tomato___Tomato_Yellow_Leaf_Curl_Virus/02b8b54b-bcb2-4da9-8af3-14ca4c4223d0___YLCV_GCREC 5126.JPG,Tomato___Target_Spot,Tomato___Tomato_Yellow_Leaf_Curl_Virus,train,train,8,False
89d3bc1569f30c6756197cc163d06e939955f2c4309ce9d86dad681b0752cb96,8e02a57c8c197c2f269a68b83e2a4cc1f6cd7097fd62817c22ac800c95c51c22,Tomato___Tomato_Yellow_Leaf_Curl_Virus/54c543f1-5d0e-4d0f-b65e-e42fec4a82b9___UF.GRC_YLCV_Lab 03112.JPG,Tomato___Tomato_Yellow_Leaf_Curl_Virus/6c1e8199-bd36-498f-a722-1317d08e6805___UF.GRC_YLCV_Lab 03113.JPG,Tomato___Tomato_Yellow_Leaf_Curl_Virus,Tomato___Tomato_Yellow_Leaf_Curl_Virus,train,train,8,False
89e9b761e2ad1a1b9056875495f35ac19d2c8f655b143148c05bc922cb82db6b,40a0a7c451bbdf6cc4dbba8c8d6dc99d3ce154f99fcd0e9fda84074221d305e2,Tomato___Bacterial_spot/1e0582c9-3b55-4aaf-b63b-f223c13eac86___GCREC_Bact.Sp 5571.JPG,Tomato___Septoria_leaf_spot/8bf151ef-d3ca-47f9-b2d0-685ba9c5f229___Matt.S_CG 1453.JPG,Tomato___Bacterial_spot,Tomato___Septoria_leaf_spot,train,train,8,False
89f14afd4140eab3a07f63cf2361c35306b6aa763fab4d2fe411fb8da3255816,7fd406ee2bcd7dd5449c2b449ce848cfefe5e9817540c3309bae4f26d3f11e0c,Tomato___Target_Spot/896ad268-fc74-45f5-b80b-ebf70336ef65___Com.G_TgS_FL 7994.JPG,Tomato___Target_Spot/d7b51750-838a-4abb-9d0a-d56bc5a64df2___Com.G_TgS_FL 0021.JPG,Tomato___Target_Spot,Tomato___Target_Spot,test,train,8,True
89f36c22de8b5c557463ab480229b73d75af88406aef1578da91167662e2242b,7cf5c86e55797af9be3385f191497a8c3ff5ee8a136de1c69946e07d225ab279,Tomato___Bacterial_spot/f2ea99a2-3e21-45ff-adf0-b7cfdd955d68___GCREC_Bact.Sp 5959.JPG,Tomato___Target_Spot/e56c1e39-3815-4735-bf2b-2b3fa8747235___Com.G_TgS_FL 0012.JPG,Tomato___Bacterial_spot,Tomato___Target_Spot,train,train,8,False
89f36c22de8b5c557463ab480229b73d75af88406aef1578da91167662e2242b,82dbec85668ed6132e30bdebbfeb757c57cad7556423fcc606e53649a663617e,Tomato___Bacterial_spot/f2ea99a2-3e21-45ff-adf0-b7cfdd955d68___GCREC_Bact.Sp 5959.JPG,Tomato___Tomato_Yellow_Leaf_Curl_Virus/dd14aa89-ee18-48e2-adcf-4f82777db8da___YLCV_GCREC 2770.JPG,Tomato___Bacterial_spot,Tomato___Tomato_Yellow_Leaf_Curl_Virus,train,train,8,False
89f6b68af289e560e535b4ade5bb65bd14c75a9d964ed3b5152cd6ffe3eb0595,17e07bd1ad7cfcf065aae8b9d4f63d65ebf82b58fc00e758b957d3e7dcf3d254,Tomato___Leaf_Mold/a740fdd7-45f9-445f-a992-37005aa41d32___Crnl_L.Mold 6883.JPG,Tomato___Tomato_Yellow_Leaf_Curl_Virus/c38d09ad-afb9-4f8e-86cd-990dec5d6dbb___YLCV_GCREC 2734.JPG,Tomato___Leaf_Mold,Tomato___Tomato_Yellow_Leaf_Curl_Virus,val,val,8,False
8a16912ca01781ab734a76cd2f3cba9f0b517980d1df3a202f85ea7f1950b11b,72b420af080db372574e64946f78e2ed80cb9017c789c4ea148178f3c77a567b,Tomato___Leaf_Mold/e40291b5-6b55-4c56-a044-3971e70eda1e___Crnl_L.Mold 7164.JPG,Tomato___Leaf_Mold/8f4781c0-53fa-4056-839e-400915d8aa5e___Crnl_L.Mold 6683.JPG,Tomato___Leaf_Mold,Tomato___Leaf_Mold,test,train,8,True
8a2fb9fade98c440d74ab1b8c8a3d92e309ff2c48572e30330355f8b1d02bc51,531afc26537ce0f5f0b940ca4785b315d8d3fe0ed700f3ca3edd8c356a128ecb,Tomato___Bacterial_spot/e28da6e4-81ad-42ff-ad15-b7a60d9546f2___GCREC_Bact.Sp 6363.JPG,Tomato___Tomato_Yellow_Leaf_Curl_Virus/57101a39-d46f-406c-911a-70d74d9d1537___YLCV_NREC 2277.JPG,Tomato___Bacterial_spot,Tomato___Tomato_Yellow_Leaf_Curl_Virus,train,train,8,False
8a42aa868adb512cc6f479745b6dcfd419aca13b2cb8c9b6b6b68b8b50e0ff51,a5f6cbebd36e5bce98183da632d551066bfacaa1fde956af426dcc5c7de3a031,Tomato___Bacterial_spot/235073b6-d329-4ebe-9e1d-015108760d6f___GCREC_Bact.Sp 5907.JPG,Tomato___Spider_mites Two-spotted_spider_mite/f5eec0e2-699a-484e-91dd-c91f6c03a2c5___Com.G_SpM_FL 8547.JPG,Tomato___Bacterial_spot,Tomato___Spider_mites Two-spotted_spider_mite,train,train,8,False
8a4e2da95bbb492c37f58e3d7409d0cc2f1220fa2051db517b75337159759061,285b4d9fc0d4c2870b03fb2fe7bc4653ad631636794cea037f9c49d3a6a72347,Tomato___Target_Spot/d10a8e5b-bf53-45de-adbe-ea42f9bcb937___Com.G_TgS_FL 9910.JPG,Tomato___Target_Spot/11d94c10-2699-48ee-b3fb-27d4ac60aeaf___Com.G_TgS_FL 9894.JPG,Tomato___Target_Spot,Tomato___Target_Spot,train,val,8,True
8a4e2da95bbb492c37f58e3d7409d0cc2f1220fa2051db517b75337159759061,75471bf99f33e596129530cd14f4a5dcf2e399e299c2b2731956ec966d1a2563,Tomato___Target_Spot/d10a8e5b-bf53-45de-adbe-ea42f9bcb937___Com.G_TgS_FL 9910.JPG,Tomato___Tomato_Yellow_Leaf_Curl_Virus/8c6810c8-6bf8-4631-afc6-66a80e209694___YLCV_NREC 2195.JPG,Tomato___Target_Spot,Tomato___Tomato_Yellow_Leaf_Curl_Virus,train,train,8,False
8a65a0d709ede51b559d262d86aaa66ca832194322e7c5e90cabd4a369307798,c9be9bb9c06a2195f2cfd5eb0c8446891687f313cadbf0e5973b1bdf5669c38f,Tomato___Tomato_Yellow_Leaf_Curl_Virus/fafa446d-bbd4-4fe2-a0a8-72472392548e___UF.GRC_YLCV_Lab 03233.JPG,Tomato___Tomato_Yellow_Leaf_Curl_Virus/57faea2c-eb21-4af3-95f9-87ccef203c42___UF.GRC_YLCV_Lab 03232.JPG,Tomato___Tomato_Yellow_Leaf_Curl_Virus,Tomato___Tomato_Yellow_Leaf_Curl_Virus,test,train,8,True
8a86c38f7bdea7bd0edf0c00835896e563adbf348c976552d99c406c8bfd706e,fbefaeecf433f0e5d87c7e292719cd27de4362ce308768c77694dc1e2c42f393,Tomato___Tomato_Yellow_Leaf_Curl_Virus/4e31c6ed-e785-4c65-8694-89ef2b4a1b0d___UF.GRC_YLCV_Lab 02507.JPG,Tomato___Tomato_Yellow_Leaf_Curl_Virus/de775839-7363-47c7-bc42-7bff83af822a___UF.GRC_YLCV_Lab 02513.JPG,Tomato___Tomato_Yellow_Leaf_Curl_Virus,Tomato___Tomato_Yellow_Leaf_Curl_Virus,train,train,8,False
8a86dcfd16ddb9e7fcb704f4f54618e3fb6ffd54b426590e3ab8b059f5d6d7e7,c04a2dfcefe7fa754d891c9e6acf1bbb991764ff01c9bfc8081df472b16dbd8c,Tomato___Target_Spot/a5f763b2-2034-4df0-a69e-69e4e9137be9___Com.G_TgS_FL 0872.JPG,Tomato___Tomato_Yellow_Leaf_Curl_Virus/1cc5fa35-fde4-4b2d-b543-f0b7e6f5eb79___UF.GRC_YLCV_Lab 02152.JPG,Tomato___Target_Spot,Tomato___Tomato_Yellow_Leaf_Curl_Virus,train,train,8,False
8a873d5586d4cb6f99828ee1ee54c3e7ba4f0c93df204952d10349cc155cb0b4,d06c4f54ccc08bb835e01d60b5808b88e286cb97b8ebe813afb362e391740ad8,Tomato___Spider_mites Two-spotted_spider_mite/11ba6d63-4c6e-4a3f-acd9-18567bab6ab9___Com.G_SpM_FL 1728.JPG,Tomato___Tomato_Yellow_Leaf_Curl_Virus/56168a73-18cf-47ac-af01-26f425c5a12b___YLCV_NREC 0216.JPG,Tomato___Spider_mites Two-spotted_spider_mite,Tomato___Tomato_Yellow_Leaf_Curl_Virus,val,val,8,False
8a8d2ba40ac984e72f0c4b20ee9c397e1eb02e21a3ad2dcc04c1611680e541fd,28502c31d9c372e8891ddc683fe8186fcb9dab38d17ca7b6185c68abfa93617f,Tomato___Late_blight/d989b5d3-715f-4d85-8475-0a2ec3beaa98___RS_Late.B 5022.JPG,Tomato___Septoria_leaf_spot/a45bce54-4c25-4d5d-a9a9-fbc76436844c___Matt.S_CG 6523.JPG,Tomato___Late_blight,Tomato___Septoria_leaf_spot,train,train,8,False
8aead6d0d3067832ee340bbf977e45279224f7cea1558bf78fd8407922b0f710,17a6834f915c5f987e0c9496dc8170fbb6af8a0878872051f29bd4987d149f68,Tomato___Spider_mites Two-spotted_spider_mite/2141c98c-1ff5-405e-9fe7-06dd14099edc___Com.G_SpM_FL 8984.JPG,Tomato___Spider_mites Two-spotted_spider_mite/717bd952-0dc6-4e7c-96b1-d0c30f208c58___Com.G_SpM_FL 9568.JPG,Tomato___Spider_mites Two-spotted_spider_mite,Tomato___Spider_mites Two-spotted_spider_mite,train,train,8,False
8aead6d0d3067832ee340bbf977e45279224f7cea1558bf78fd8407922b0f710,cdfa0ccd045e7b6af782f91e5000383e09f56f18054e7d2d1cb59b19f7e9ca21,Tomato___Spider_mites Two-spotted_spider_mite/2141c98c-1ff5-405e-9fe7-06dd14099edc___Com.G_SpM_FL 8984.JPG,Tomato___Tomato_Yellow_Leaf_Curl_Virus/f6bfc52d-f4c7-410b-a867-04691d15df30___YLCV_NREC 2595.JPG,Tomato___Spider_mites Two-spotted_spider_mite,Tomato___Tomato_Yellow_Leaf_Curl_Virus,train,train,8,False
8b42acde7ad10790a5f250c835813f2239a08df2e687e718c746621f40a2dda9,c96c60df66ea2e88da27e3bbbb7bd5272533478614c00d424d0694594632f06a,Tomato___Spider_mites Two-spotted_spider_mite/a1182087-7d2d-439f-917f-26c63fc7ee3d___Com.G_SpM_FL 9473.JPG,Tomato___Tomato_mosaic_virus/bba77afa-234e-40c9-9d2e-6770ac1789e4___PSU_CG 2082.JPG,Tomato___Spider_mites Two-spotted_spider_mite,Tomato___Tomato_mosaic_virus,train,train,8,False
8b4625d6098719808072f4a4f008c6fe55b957e34ef046b718be28ce5f3d2d69,12de894d72a0556cd2ed5b1a4e7a1b1d0499143ff3199d3443d758d4fa0d41b6,Tomato___Target_Spot/7fd4f12e-758d-4965-a98f-c59bb9983e31___Com.G_TgS_FL 8211.JPG,Tomato___Tomato_Yellow_Leaf_Curl_Virus/40d9f5a1-0215-4707-bdd9-96b089f44415___YLCV_GCREC 2574.JPG,Tomato___Target_Spot,Tomato___Tomato_Yellow_Leaf_Curl_Virus,train,train,8,False
8b52448cbbc06b6a25e747edf6fafa150a63975582fd2db5a6c2fbc33cf845b0,ba005209df4eb3d0499894accc9c5a52c44ce983ccc69c22b28b8ddfbd63ff82,Tomato___Late_blight/3ac52b85-d4a3-4958-9e68-399b919cf7b0___GHLB2 Leaf 8638.JPG,Tomato___Late_blight/64984183-009e-4dba-a25a-f769bab08080___GHLB2 Leaf 8637.JPG,Tomato___Late_blight,Tomato___Late_blight,train,train,8,False
8c51e1aecae6d9d80597fd4fe2dd459af3e4dc66351a0d043bbd76fea161c55a,18799ef90c8cc35fb07937f504d1a4859a382737af49fc0a4323f3b943ca0c19,Tomato___Bacterial_spot/284bcfac-0f71-4911-b5af-4f9e2a28a452___GCREC_Bact.Sp 6257.JPG,Tomato___Tomato_Yellow_Leaf_Curl_Virus/c438b6b2-d243-429a-b06b-9ef7e1557fb2___YLCV_GCREC 2482.JPG,Tomato___Bacterial_spot,Tomato___Tomato_Yellow_Leaf_Curl_Virus,train,train,8,False
8c51e1aecae6d9d80597fd4fe2dd459af3e4dc66351a0d043bbd76fea161c55a,363d8ddfdccf1935f85f8c2642b5963d81f4ecb7de8d3e10e7b68bde22b2c094,Tomato___Bacterial_spot/284bcfac-0f71-4911-b5af-4f9e2a28a452___GCREC_Bact.Sp 6257.JPG,Tomato___Bacterial_spot/a19a6fda-96bc-4ae1-821e-765518e86d00___GCREC_Bact.Sp 5844.JPG,Tomato___Bacterial_spot,Tomato___Bacterial_spot,train,train,8,False
8c51e1aecae6d9d80597fd4fe2dd459af3e4dc66351a0d043bbd76fea161c55a,9c3183f0fd4dc913d13dca6fe61bed6adc10d23c24520637ac0e0c8960c2ff23,Tomato___Bacterial_spot/284bcfac-0f71-4911-b5af-4f9e2a28a452___GCREC_Bact.Sp 6257.JPG,Tomato___healthy/f81def4f-22a7-4036-bfab-51b245f4a2ab___RS_HL 0055.JPG,Tomato___Bacterial_spot,Tomato___healthy,train,train,8,False
8c51e1aecae6d9d80597fd4fe2dd459af3e4dc66351a0d043bbd76fea161c55a,a6bef3f454c35d7f69887b510c97dea11a98904c7f3b1b74a907e108c51bb83e,Tomato___Bacterial_spot/284bcfac-0f71-4911-b5af-4f9e2a28a452___GCREC_Bact.Sp 6257.JPG,Tomato___Bacterial_spot/484ce1a5-f249-43ed-afb7-9cd7c2173e29___GCREC_Bact.Sp 3596.JPG,Tomato___Bacterial_spot,Tomato___Bacterial_spot,train,train,8,False
8c51e1aecae6d9d80597fd4fe2dd459af3e4dc66351a0d043bbd76fea161c55a,bd0c17f2e733da7adbfe938b7cf9620eef09a9d6a82e73c8e8ff73ae65bc1d17,Tomato___Bacterial_spot/284bcfac-0f71-4911-b5af-4f9e2a28a452___GCREC_Bact.Sp 6257.JPG,Tomato___Tomato_Yellow_Leaf_Curl_Virus/9e2e976b-ecec-47e7-933a-cdba00cb334d___YLCV_GCREC 2418.JPG,Tomato___Bacterial_spot,Tomato___Tomato_Yellow_Leaf_Curl_Virus,train,train,8,False
8c51e1aecae6d9d80597fd4fe2dd459af3e4dc66351a0d043bbd76fea161c55a,ecd338fce3516bb81e428335432cb9e3391c0a1bcb03a5fa22bbd7a96bb36ad9,Tomato___Bacterial_spot/284bcfac-0f71-4911-b5af-4f9e2a28a452___GCREC_Bact.Sp 6257.JPG,Tomato___healthy/1bd9f661-9b9c-4faf-80ab-86a8a64a8bc2___RS_HL 0271.JPG,Tomato___Bacterial_spot,Tomato___healthy,train,train,8,False
8cc87d0a0b4a4b70ac74a906c2c7f67e3763683ca490951aa880527c22f2305a,46fa3b9bcbd69274f2ee892787f26d6ad3e1d382951762db1320b0ec75a39136,Tomato___Bacterial_spot/e82d7b9f-9e5a-4d2c-9094-4b3961a062bd___GCREC_Bact.Sp 2976.JPG,Tomato___Spider_mites Two-spotted_spider_mite/bdb1071d-586d-4cdf-a792-a15af76ed9cf___Com.G_SpM_FL 8670.JPG,Tomato___Bacterial_spot,Tomato___Spider_mites Two-spotted_spider_mite,train,train,8,False
8cc87d0a0b4a4b70ac74a906c2c7f67e3763683ca490951aa880527c22f2305a,91c63445b600c8fd8b9db0f083374cb21f252d309a69613d11d4d71d22aeb5c9,Tomato___Bacterial_spot/e82d7b9f-9e5a-4d2c-9094-4b3961a062bd___GCREC_Bact.Sp 2976.JPG,Tomato___Bacterial_spot/ef110350-8e1f-4eb2-a384-037eafaf1089___GCREC_Bact.Sp 5980.JPG,Tomato___Bacterial_spot,Tomato___Bacterial_spot,train,train,8,False
8cc87d0a0b4a4b70ac74a906c2c7f67e3763683ca490951aa880527c22f2305a,9a8df682a27a5ff51307ea45c072c7d1227e91c1e4684a16e3edca7323607e3f,Tomato___Bacterial_spot/e82d7b9f-9e5a-4d2c-9094-4b3961a062bd___GCREC_Bact.Sp 2976.JPG,Tomato___Bacterial_spot/27a806fe-06f2-48fb-92cf-32d44d545606___GCREC_Bact.Sp 3052.JPG,Tomato___Bacterial_spot,Tomato___Bacterial_spot,train,val,8,True
8cc87d0a0b4a4b70ac74a906c2c7f67e3763683ca490951aa880527c22f2305a,cb16dc73f1c1b43c4d388e1850e7cc14e1aa66f9cc2e19a7441fa10582dcebf5,Tomato___Bacterial_spot/e82d7b9f-9e5a-4d2c-9094-4b3961a062bd___GCREC_Bact.Sp 2976.JPG,Tomato___Target_Spot/5294d092-ad0f-4b6c-908d-36a09d76afff___Com.G_TgS_FL 8024.JPG,Tomato___Bacterial_spot,Tomato___Target_Spot,train,train,8,False
8cc87d0a0b4a4b70ac74a906c2c7f67e3763683ca490951aa880527c22f2305a,e38752b3eb03c5793d5a362bcb46bf28073d8adaf03bdcc0aba4744476ea1ba0,Tomato___Bacterial_spot/e82d7b9f-9e5a-4d2c-9094-4b3961a062bd___GCREC_Bact.Sp 2976.JPG,Tomato___Bacterial_spot/a6d6640b-c086-44f5-a53f-8cb59f72a7b4___GCREC_Bact.Sp 5886.JPG,Tomato___Bacterial_spot,Tomato___Bacterial_spot,train,val,8,True
8cd8e1e5d669a480a60ec04ca9a559d40ff78715c5097b1435e5d36fda5945fd,c4f18d5c35b9a1f3e056c6517fe517d63104229dd9d96fc1ee05a022649c4bf5,Tomato___Bacterial_spot/68a2eeb4-4fbd-43bc-ba7f-1721c3a544e3___GCREC_Bact.Sp 5713.JPG,Tomato___Septoria_leaf_spot/7b1b944d-0f5a-4b64-96cc-5eacfe0776ac___Matt.S_CG 6725.JPG,Tomato___Bacterial_spot,Tomato___Septoria_leaf_spot,train,train,8,False
8cdf807e48941299e82500a21a92c1e2526b003c51d9ef64789e89975389af05,70ab1259cac8a01a8ea89b35134bdd1f172032e232978800a3c024caf1050794,Tomato___Spider_mites Two-spotted_spider_mite/2fd0efb7-d0fd-4c57-ba78-8e6a3fc5e149___Com.G_SpM_FL 8926.JPG,Tomato___Spider_mites Two-spotted_spider_mite/f82052fb-163c-4ef6-acf0-49543f500f72___Com.G_SpM_FL 8494.JPG,Tomato___Spider_mites Two-spotted_spider_mite,Tomato___Spider_mites Two-spotted_spider_mite,train,train,8,False
8dbd43bfa4f1ceb51ec04f138f6b6d0fffcfefd0669a63ac165306ee12e3a47f,e1f608d40dcdfadc23218c98a23e88bfaa99e4b1e7ba6a7d8899f16b14c4bc52,Tomato___Late_blight/c1f3a153-7738-4cdc-a8a2-003e7221001a___GHLB2 Leaf 9013.JPG,Tomato___Late_blight/da40dbcb-5ed7-428a-9c64-34c0b6ab7219___GHLB2 Leaf 9009.JPG,Tomato___Late_blight,Tomato___Late_blight,test,train,8,True
8e0a612cafd37fcc5444375b75e5311274b3f2413bf9fdcf42b62484b844c2a0,48d2b9639dd396582de5077fa614b10cff63b73925bb608dc62e6363150f1f64,Tomato___Bacterial_spot/8a4441e3-8f4f-4f3c-9746-3014cf12337e___GCREC_Bact.Sp 5565.JPG,Tomato___Bacterial_spot/b0827469-6ac0-4a9e-baca-ac4763b00f95___GCREC_Bact.Sp 5866.JPG,Tomato___Bacterial_spot,Tomato___Bacterial_spot,train,train,8,False
8e2ffefd6663b2474b03c99b11a57d878f11fcf8394fa2aaca36e26c76434b66,04983afd4ccd2a6ba0fe432244d8d58eace4cb43a508040968c1610757aafb57,Tomato___Target_Spot/e34619bf-28f8-408c-9eda-5975feabaf43___Com.G_TgS_FL 9672.JPG,Tomato___Tomato_Yellow_Leaf_Curl_Virus/114aede5-a632-4623-8c0e-5517a4a207e7___YLCV_GCREC 2702.JPG,Tomato___Target_Spot,Tomato___Tomato_Yellow_Leaf_Curl_Virus,val,val,8,False
8e61016f9605cb6228c24e2733197397a5e55bb1a8313cb6995ed3d8f8c48f81,97aae9d0bad912b52603f21e4d8b83a342aa1ad85b66ae93e69b88c0fd307364,Tomato___Early_blight/e6645f63-afc8-416a-a4cb-0f5c719476ae___RS_Erly.B 6419.JPG,Tomato___healthy/1457ca6a-4907-4c97-83f8-a0fa22135a27___RS_HL 0441.JPG,Tomato___Early_blight,Tomato___healthy,train,train,8,False
8e61016f9605cb6228c24e2733197397a5e55bb1a8313cb6995ed3d8f8c48f81,daf96da20d0bb4e0e22a5e956b2037516317d05facb798e961ca3e9086c47c18,Tomato___Early_blight/e6645f63-afc8-416a-a4cb-0f5c719476ae___RS_Erly.B 6419.JPG,Tomato___Leaf_Mold/9332f136-9cb8-4b78-b6fa-507b03fc6d6a___Crnl_L.Mold 6764.JPG,Tomato___Early_blight,Tomato___Leaf_Mold,train,val,8,True
8e91b38eac69094bf0529e0c53213249cb0e4cd8891910377010c36c25a49ecb,cf8f9c056e5cecaec001c9c7e08ff67800d44ba034026eaab6bc0ce4a87216b2,Tomato___Tomato_Yellow_Leaf_Curl_Virus/468471e7-ec57-4eee-afe4-320701441e95___UF.GRC_YLCV_Lab 02058.JPG,Tomato___Tomato_Yellow_Leaf_Curl_Virus/95f6eefd-e3f9-40ee-a6bd-7189b60c7fca___UF.GRC_YLCV_Lab 02069.JPG,Tomato___Tomato_Yellow_Leaf_Curl_Virus,Tomato___Tomato_Yellow_Leaf_Curl_Virus,train,train,8,False
8e98ff6d066c9ca76eda76885dedf4384aa3fcbfb59520e500e9c92af9db5ca8,315be968b346ef0710f2f7ffe74d5d3205307ef91b6b306c99496cb2d67406b2,Tomato___Bacterial_spot/01f13167-f508-4ef2-8720-4e973438f8fc___GCREC_Bact.Sp 5892.JPG,Tomato___Late_blight/24364b4f-3f9f-4166-860d-34a938d3d630___RS_Late.B 4986.JPG,Tomato___Bacterial_spot,Tomato___Late_blight,train,train,8,False
8e98ff6d066c9ca76eda76885dedf4384aa3fcbfb59520e500e9c92af9db5ca8,8083b70dd1bf22f5b6c3dda825a86ed483836cfb5980fe548c5cb17a42f92213,Tomato___Bacterial_spot/01f13167-f508-4ef2-8720-4e973438f8fc___GCREC_Bact.Sp 5892.JPG,Tomato___Bacterial_spot/17ee90d7-f733-4026-a83e-c5c87ad88e67___GCREC_Bact.Sp 5623.JPG,Tomato___Bacterial_spot,Tomato___Bacterial_spot,train,train,8,False
8e98ff6d066c9ca76eda76885dedf4384aa3fcbfb59520e500e9c92af9db5ca8,825481295775035bb3b7e67a2c59cba99d27b694b7f2e5420e5779c68efb3ecc,Tomato___Bacterial_spot/01f13167-f508-4ef2-8720-4e973438f8fc___GCREC_Bact.Sp 5892.JPG,Tomato___Bacterial_spot/e2061420-56a2-4612-9ba9-1d9c40e7fd13___GCREC_Bact.Sp 5824.JPG,Tomato___Bacterial_spot,Tomato___Bacterial_spot,train,train,8,False
8e9daf35a08a088b12c4e7b43f1cb155200b8cd8f98b3dc47c923e3e0bb0124e,a57b2b8368604732d699bbc777a4207b98e840b924acb1f12f8145c7ecfe6b38,Tomato___Spider_mites Two-spotted_spider_mite/5dfe90b9-9c33-4d29-bc96-c08dd5cf5d05___Com.G_SpM_FL 1185.JPG,Tomato___Tomato_Yellow_Leaf_Curl_Virus/0a9560c4-1430-4514-93c4-7036f6fee43d___UF.GRC_YLCV_Lab 01280.JPG,Tomato___Spider_mites Two-spotted_spider_mite,Tomato___Tomato_Yellow_Leaf_Curl_Virus,test,train,8,True
8eaae9c6ca75e78a2148b01c533a09fc791332f2bbf5cfabb3abf53c6d095bfa,75f72b41f12ef69c66bef0dc0a42645ef7da13249d6342c41b67f348343c2306,Tomato___Tomato_Yellow_Leaf_Curl_Virus/cb218ef1-81fb-4eb4-82c5-bc90ebe0ea86___YLCV_NREC 2979.JPG,Tomato___Tomato_Yellow_Leaf_Curl_Virus/d6e25d33-64d0-43b5-af16-5f6e16f00e09___YLCV_GCREC 5449.JPG,Tomato___Tomato_Yellow_Leaf_Curl_Virus,Tomato___Tomato_Yellow_Leaf_Curl_Virus,train,train,8,False
8ec36ebde3d85015d07f4b056a4a91e9bcf827445ca0fef276738171a4b5df8b,e07be16dac469477559f4b50ed8cd5245d2b448f5c23ea91d56c129c9fc55fe8,Tomato___Tomato_Yellow_Leaf_Curl_Virus/b8b58a05-6206-452c-82a6-1dc7f0bf0b69___UF.GRC_YLCV_Lab 02298.JPG,Tomato___Tomato_Yellow_Leaf_Curl_Virus/f01b88f7-45ec-4e6c-b298-6af3f3652436___UF.GRC_YLCV_Lab 02299.JPG,Tomato___Tomato_Yellow_Leaf_Curl_Virus,Tomato___Tomato_Yellow_Leaf_Curl_Virus,train,train,8,False
8edc01a0d5c3812d652ab6a924b0b39367fd9d0b9351a4920a704bf07b837203,d91bfff18d7bdc7cc1b06b971b00d1859528641ba55f43e88fff2e8645356a9e,Tomato___Tomato_Yellow_Leaf_Curl_Virus/b3481eef-aed0-41cf-a27b-ffbcff8b7928___UF.GRC_YLCV_Lab 02464.JPG,Tomato___Tomato_Yellow_Leaf_Curl_Virus/6f7f519d-9af2-4532-80c0-7a06311d776e___UF.GRC_YLCV_Lab 02465.JPG,Tomato___Tomato_Yellow_Leaf_Curl_Virus,Tomato___Tomato_Yellow_Leaf_Curl_Virus,train,val,8,True
8edc3bd09cd70cb63d47045b37fde4f5e3e66d50b0771baf67d1914a41a9b12e,348d9db94ef547c1512bc8a7a1097d18acd36c379e0ba91ab75e71fb125ef0f7,Tomato___Spider_mites Two-spotted_spider_mite/085cdef7-8892-4873-a0e7-5715082762d0___Com.G_SpM_FL 8650.JPG,Tomato___Spider_mites Two-spotted_spider_mite/14c0db1b-b549-4b15-82ae-9f88fe857365___Com.G_SpM_FL 9650.JPG,Tomato___Spider_mites Two-spotted_spider_mite,Tomato___Spider_mites Two-spotted_spider_mite,train,train,8,False
8edc3bd09cd70cb63d47045b37fde4f5e3e66d50b0771baf67d1914a41a9b12e,c65814fab933860265ebfb71a256a81921299f349b637916aafbcf6e9488dcfa,Tomato___Spider_mites Two-spotted_spider_mite/085cdef7-8892-4873-a0e7-5715082762d0___Com.G_SpM_FL 8650.JPG,Tomato___Spider_mites Two-spotted_spider_mite/b743d419-9344-464f-94af-8a3135ee0a2f___Com.G_SpM_FL 9539.JPG,Tomato___Spider_mites Two-spotted_spider_mite,Tomato___Spider_mites Two-spotted_spider_mite,train,train,8,False
8f7d78c2c30addd6f1d81ebd98a5c9c845e372f32d82d030679cf538dc9c736d,d99a357e9f39affbb1dc642d7981107e83b1b1f3266aa55db4b28c88bc3a317c,Tomato___Bacterial_spot/2359d490-4be7-4328-97bf-860b2f78bc19___GCREC_Bact.Sp 6113.JPG,Tomato___Bacterial_spot/50950fff-ebce-4985-bf46-713a0cdae29c___GCREC_Bact.Sp 5589.JPG,Tomato___Bacterial_spot,Tomato___Bacterial_spot,train,val,8,True
8f98f99ee8db452bf37b87a3c56df705290b91a754f8bc3fb12637e223b4984d,5e5d6229f30b3f52f0ebe66e8c2e58a6385fd38fab9b766c925830d1f79c9cac,Tomato___Tomato_Yellow_Leaf_Curl_Virus/98a26c39-bf0a-44ca-9856-b855c8a96bd1___YLCV_GCREC 5273.JPG,Tomato___Spider_mites Two-spotted_spider_mite/e1b32a63-c580-47e4-a2e9-d08d32923d9d___Com.G_SpM_FL 8420.JPG,Tomato___Tomato_Yellow_Leaf_Curl_Virus,Tomato___Spider_mites Two-spotted_spider_mite,test,train,8,True
8f98f99ee8db452bf37b87a3c56df705290b91a754f8bc3fb12637e223b4984d,f2ab2b689d438ddbed304725d13220dad4030c46725c9c81e12d0ee9b9701229,Tomato___Tomato_Yellow_Leaf_Curl_Virus/98a26c39-bf0a-44ca-9856-b855c8a96bd1___YLCV_GCREC 5273.JPG,Tomato___Tomato_Yellow_Leaf_Curl_Virus/403386c4-fd8e-4456-a769-b338bc992ea0___YLCV_NREC 2305.JPG,Tomato___Tomato_Yellow_Leaf_Curl_Virus,Tomato___Tomato_Yellow_Leaf_Curl_Virus,test,train,8,True
8fbbaf0d0638f90edac1f26ef267e1b3e2f3fe493842eecec34a92f43e1b2e4e,b2cdd831ef3edbf3ca88acc8a03f0bb95704c54db5fb222f9b39638fe777834e,Tomato___Spider_mites Two-spotted_spider_mite/27b8928e-4fd2-4e84-bdb9-670a431477e0___Com.G_SpM_FL 8707.JPG,Tomato___Target_Spot/71a27bcf-67b2-48c8-b9a2-20d9be14e605___Com.G_TgS_FL 7921.JPG,Tomato___Spider_mites Two-spotted_spider_mite,Tomato___Target_Spot,train,train,8,False
90011455dc32d80d19ca3cd6c7b5e0ee673208943d3ffb621713d0158a3e8efb,f8a12d80735e5544b6becae284b1a549461fdca8a53e8af6ec565d4bf90c8fa4,Tomato___Tomato_Yellow_Leaf_Curl_Virus/52cacd46-28dc-4604-b1b9-19bc2c89b124___YLCV_GCREC 2474.JPG,Tomato___Tomato_Yellow_Leaf_Curl_Virus/5c1d1466-a04e-4af3-9539-9da31467ddf7___YLCV_GCREC 2055.JPG,Tomato___Tomato_Yellow_Leaf_Curl_Virus,Tomato___Tomato_Yellow_Leaf_Curl_Virus,train,val,8,True
902daf3e28e9994ee9de8d006d669a60c05d666abf68e9ac2ea183501ef50e9c,ae32f2524f71583ee6667e3bd720ce0a9f1cd66d04ab1c7e3ed2bfec7a04a693,Tomato___Tomato_Yellow_Leaf_Curl_Virus/a66ea3a5-e259-45fa-a4c1-9c1022bec963___UF.GRC_YLCV_Lab 09620.JPG,Tomato___Tomato_Yellow_Leaf_Curl_Virus/a6b1e8c1-ee33-4aad-b176-59eaf40df011___UF.GRC_YLCV_Lab 09622.JPG,Tomato___Tomato_Yellow_Leaf_Curl_Virus,Tomato___Tomato_Yellow_Leaf_Curl_Virus,train,train,8,False
90488c14daba89488221ffcbbadfde2f3cbd23d5edf33c4677349d5a3837efe8,ae722ce35a2d44941607ca2a3562b63a275dae7b1d302c9fd2c5f961c93ab40f,Tomato___Tomato_Yellow_Leaf_Curl_Virus/c1fd6c41-2c00-498d-bb46-0ebb172b02e6___YLCV_NREC 2364.JPG,Tomato___Tomato_Yellow_Leaf_Curl_Virus/9bf28103-50ef-4fdc-a06c-86b61d34e8ae___YLCV_NREC 2865.JPG,Tomato___Tomato_Yellow_Leaf_Curl_Virus,Tomato___Tomato_Yellow_Leaf_Curl_Virus,test,train,8,True
90574df5106a85e77eb305ab1d871392ce1e6fccf677f0c319050e3cf0542f5a,dad41282f1cb9ac72840ca47076a3f84a1f9fd1a572d3f086dec96968dded63b,Tomato___Bacterial_spot/b74c5fcf-390e-4fd1-abfc-a78f5c36c631___GCREC_Bact.Sp 3504.JPG,Tomato___Septoria_leaf_spot/1db21865-b74f-40ab-9a9b-ac7c0e512058___Matt.S_CG 2428.JPG,Tomato___Bacterial_spot,Tomato___Septoria_leaf_spot,train,train,8,False
907d4ebfbc0c8df6e54130119eb16248e7b36053e8e5b6427f0a9f48ecbd7e99,35adc110a29a5e0e106d4333c329dd4555bc0d14ee40e4ea67a0bae1d425b8b4,Tomato___Bacterial_spot/e6a975f7-b2f0-4dec-b360-c944abd984da___GCREC_Bact.Sp 3249.JPG,Tomato___Bacterial_spot/6a56a429-b241-428d-9fb7-7ea0b84d2b12___GCREC_Bact.Sp 3246.JPG,Tomato___Bacterial_spot,Tomato___Bacterial_spot,test,train,8,True
90a603f10ab39f12624f18524f0a821a5506d39ff570110e191a8bf1e631278d,1ee7bdc2ff3c2d3ce48ee5d006f5965ddc380c2ca26114b01ec8dbd280e43928,Tomato___Spider_mites Two-spotted_spider_mite/8f46dd1e-a67f-4e94-87c2-8a405b9e3f49___Com.G_SpM_FL 9639.JPG,Tomato___Spider_mites Two-spotted_spider_mite/95ed6d10-20c2-4b45-9d3e-73b7bea122dc___Com.G_SpM_FL 8423.JPG,Tomato___Spider_mites Two-spotted_spider_mite,Tomato___Spider_mites Two-spotted_spider_mite,train,val,8,True
90a603f10ab39f12624f18524f0a821a5506d39ff570110e191a8bf1e631278d,9156c24a1ca1ba3451d8dddc0b50a279bf18a6efc1666288c1dafb44ae6a77b1,Tomato___Spider_mites Two-spotted_spider_mite/8f46dd1e-a67f-4e94-87c2-8a405b9e3f49___Com.G_SpM_FL 9639.JPG,Tomato___Tomato_Yellow_Leaf_Curl_Virus/f527ed8b-e5c2-4412-948f-d940039d60d3___YLCV_GCREC 5168.JPG,Tomato___Spider_mites Two-spotted_spider_mite,Tomato___Tomato_Yellow_Leaf_Curl_Virus,train,train,8,False
90a603f10ab39f12624f18524f0a821a5506d39ff570110e191a8bf1e631278d,fa8bcfa8360264a5348f8911160195473291a804ec9d291fa22b84bda07348ca,Tomato___Spider_mites Two-spotted_spider_mite/8f46dd1e-a67f-4e94-87c2-8a405b9e3f49___Com.G_SpM_FL 9639.JPG,Tomato___Spider_mites Two-spotted_spider_mite/1e0e0b1b-bc70-486b-9d85-f6e3ca348516___Com.G_SpM_FL 1285.JPG,Tomato___Spider_mites Two-spotted_spider_mite,Tomato___Spider_mites Two-spotted_spider_mite,train,val,8,True
90bc52b9c47e468cc13582e4ded7a4ba9a1b0fa8663f4d004f23f0c6fcfa1e16,2e99e30ff1cd326c00b2f2bee0e6a49aa511e6fb1aefc621423f58ea45684040,Tomato___Target_Spot/1cc31c92-0fbd-488a-b0a2-ef25f985bf13___Com.G_TgS_FL 9840.JPG,Tomato___Spider_mites Two-spotted_spider_mite/d2184d36-c149-4bab-bc07-66c9afce4567___Com.G_SpM_FL 9507.JPG,Tomato___Target_Spot,Tomato___Spider_mites Two-spotted_spider_mite,test,train,8,True
90db2111bc87466be4cf1f3cf9db95b254661bc18c4cf3ab606a51e44562fb02,62c6fd42c3603c43fea8984e05052abc7d67fa42880a645ce413439a86540217,Tomato___Tomato_Yellow_Leaf_Curl_Virus/1f3cf528-4e4e-4df7-936f-10c527a549da___UF.GRC_YLCV_Lab 01559.JPG,Tomato___Tomato_Yellow_Leaf_Curl_Virus/2db24fcd-55de-469e-8591-ff19e791146a___UF.GRC_YLCV_Lab 01563.JPG,Tomato___Tomato_Yellow_Leaf_Curl_Virus,Tomato___Tomato_Yellow_Leaf_Curl_Virus,test,train,8,True
90eec81db1a458ec78e5cc71b87de22ff507145905891511297d231030f498cf,79742a4a0c3b1810c751d7a32d704fe9483d7104a26b45980dc1e81a34b1c782,Tomato___Tomato_Yellow_Leaf_Curl_Virus/628a1db2-79a4-43c4-a51a-3dba32d1af01___UF.GRC_YLCV_Lab 09358.JPG,Tomato___Tomato_Yellow_Leaf_Curl_Virus/c2dccdaf-9ab9-4489-9b06-22d49ed1e2fa___UF.GRC_YLCV_Lab 09354.JPG,Tomato___Tomato_Yellow_Leaf_Curl_Virus,Tomato___Tomato_Yellow_Leaf_Curl_Virus,test,test,8,False
90ef517a249a9aa511112033d77c33b3db311507f99fe5ffadd09b178d422afc,6c28840ec2f8395d8836a5a1f8f917ad566548dc47547847bf1e5f06eade84d5,Tomato___Bacterial_spot/7410937a-85f8-48ae-bebf-eed37eddf361___GCREC_Bact.Sp 5858.JPG,Tomato___Early_blight/13c87a78-0a62-4aff-b6f3-fcbf1a8323e6___RS_Erly.B 9612.JPG,Tomato___Bacterial_spot,Tomato___Early_blight,train,train,8,False
90f8832c3e7a5df03e3d7586aeef3308656cb3e2007bacec4d67ac6dcc0b864b,bb4d15df105b042207182df1884c75bed31470121525eccbf6aea506ba032a3b,Tomato___Spider_mites Two-spotted_spider_mite/2e41d72c-c68b-44f1-8380-ece84ab98bfd___Com.G_SpM_FL 1727.JPG,Tomato___Spider_mites Two-spotted_spider_mite/338b9a2f-bdba-40e5-a861-b354fbf3e468___Com.G_SpM_FL 8630.JPG,Tomato___Spider_mites Two-spotted_spider_mite,Tomato___Spider_mites Two-spotted_spider_mite,test,train,8,True
90fe052fb209070e1d22a02ebbb713ab4766fcb6aa77816cbf1710c740d09573,ea33934b589d1707ad00c463d8ce8d4c03ea295780ab897211ba6643843c569d,Tomato___Septoria_leaf_spot/bae6002f-a8f1-4229-aaf3-024feb50c7d8___Matt.S_CG 6674.JPG,Tomato___Spider_mites Two-spotted_spider_mite/7c41b687-8858-4f41-985c-9318ae538bb5___Com.G_SpM_FL 9284.JPG,Tomato___Septoria_leaf_spot,Tomato___Spider_mites Two-spotted_spider_mite,train,train,8,False
9140564081d61f023adf29b9e1d46a98f110a6ceff2a5e6975ad6e59c858fdd0,a57f692c06f1f002d5f3d77ddaba11017cee5dd5c8b90e3aef92afd7d818aad8,Tomato___Tomato_Yellow_Leaf_Curl_Virus/403d44e4-8670-43a4-8d77-cebc53d1a08d___YLCV_NREC 2468.JPG,Tomato___Spider_mites Two-spotted_spider_mite/eac6b680-4e8b-48bf-b85b-c2296d7c1853___Com.G_SpM_FL 9565.JPG,Tomato___Tomato_Yellow_Leaf_Curl_Virus,Tomato___Spider_mites Two-spotted_spider_mite,train,val,8,True
9140564081d61f023adf29b9e1d46a98f110a6ceff2a5e6975ad6e59c858fdd0,e44695c9c752ca88a34772d7a3b8a945967391dbc7f2fe511cdc5f5f2b3774b6,Tomato___Tomato_Yellow_Leaf_Curl_Virus/403d44e4-8670-43a4-8d77-cebc53d1a08d___YLCV_NREC 2468.JPG,Tomato___Tomato_Yellow_Leaf_Curl_Virus/a8b4ad62-2cbc-46a7-a323-d99ccd9ffbdc___YLCV_NREC 2106.JPG,Tomato___Tomato_Yellow_Leaf_Curl_Virus,Tomato___Tomato_Yellow_Leaf_Curl_Virus,train,train,8,False
9156c24a1ca1ba3451d8dddc0b50a279bf18a6efc1666288c1dafb44ae6a77b1,79c73c7060b94f57ac4fcb2703aa1deab232894baab8cf0df53d0ff3bdaf64ab,Tomato___Tomato_Yellow_Leaf_Curl_Virus/f527ed8b-e5c2-4412-948f-d940039d60d3___YLCV_GCREC 5168.JPG,Tomato___Spider_mites Two-spotted_spider_mite/d8a1b62d-7ea5-417c-aceb-b466f7822690___Com.G_SpM_FL 9487.JPG,Tomato___Tomato_Yellow_Leaf_Curl_Virus,Tomato___Spider_mites Two-spotted_spider_mite,train,val,8,True
91953beb881ada3220f4d28a82bebad65548f42598dab9f5a45e9fe7deee582e,651f1eabe3a1651755ed214bec1bb88446914940be08ec427204fc0d6f6a2439,Tomato___Early_blight/efd88799-7fbc-4638-b66b-4e49c7bf7b9f___RS_Erly.B 9390.JPG,Tomato___Tomato_Yellow_Leaf_Curl_Virus/98235a1a-fe41-4d86-b5b3-8e4dc1794b43___YLCV_GCREC 2325.JPG,Tomato___Early_blight,Tomato___Tomato_Yellow_Leaf_Curl_Virus,train,train,8,False
91bc8042ac008322de8a41fbc2980011eb9225653c7eebf3a525cc896010b0f1,27b7c0b1c147346a0c15d51f660a1bc8348506eb0da13fa99d08f1423f0e12ce,Tomato___Tomato_Yellow_Leaf_Curl_Virus/a04cd262-ad83-468f-94c1-6142da11a28c___UF.GRC_YLCV_Lab 02876.JPG,Tomato___Tomato_Yellow_Leaf_Curl_Virus/8cde28ca-3f7c-4641-81a7-0d5f0e7fabc7___UF.GRC_YLCV_Lab 02887.JPG,Tomato___Tomato_Yellow_Leaf_Curl_Virus,Tomato___Tomato_Yellow_Leaf_Curl_Virus,train,val,8,True
91c63445b600c8fd8b9db0f083374cb21f252d309a69613d11d4d71d22aeb5c9,766c5489199df5791bd2d028fa245ca7701fbb18e191009009aea8e1a9c0339e,Tomato___Bacterial_spot/ef110350-8e1f-4eb2-a384-037eafaf1089___GCREC_Bact.Sp 5980.JPG,Tomato___Tomato_Yellow_Leaf_Curl_Virus/20361a6f-2c6d-4b39-8acb-da0d888ccf47___YLCV_GCREC 2542.JPG,Tomato___Bacterial_spot,Tomato___Tomato_Yellow_Leaf_Curl_Virus,train,train,8,False
91ebac3a2677bd1415d3f56b025a72a84005c4d28eff2aec3570b701ac983da3,5b424f08150a727cc41fdcea3ac5e28a20c85faf4b4b1a3971864561a7107054,Tomato___Tomato_Yellow_Leaf_Curl_Virus/61f1fdf9-4a44-4bfa-9762-fe39eef02552___YLCV_GCREC 2742.JPG,Tomato___Bacterial_spot/97135339-c428-4fec-9805-718d83ef7fcf___GCREC_Bact.Sp 5722.JPG,Tomato___Tomato_Yellow_Leaf_Curl_Virus,Tomato___Bacterial_spot,test,train,8,True
920739dd7b3a16208a6ac87d0c1e9bbd165d3963322e645a0184210cdb7f7c4d,603049c4939ad3fda90ed6e5cb50d06f2ed1077e1346ac1a9172f1f3d89c1036,Tomato___Tomato_Yellow_Leaf_Curl_Virus/1007b891-4d3c-481a-9142-093905d2d02c___UF.GRC_YLCV_Lab 02743.JPG,Tomato___Tomato_Yellow_Leaf_Curl_Virus/347557a0-5c33-449b-8a84-2b56bc8758ae___UF.GRC_YLCV_Lab 02744.JPG,Tomato___Tomato_Yellow_Leaf_Curl_Virus,Tomato___Tomato_Yellow_Leaf_Curl_Virus,train,train,8,False
920ddba82c973b9d162a82ab54c5f709cdb0f243c3aea292ff507b905cd95ef4,e70f0f3a6bf0e1524b7f9356d7575d88089b0a291fdec5fbe12d782cbe5e66f0,Tomato___Tomato_Yellow_Leaf_Curl_Virus/5f2cfdd5-f41d-47b4-99ea-520a20c2e9b6___UF.GRC_YLCV_Lab 01491.JPG,Tomato___Tomato_Yellow_Leaf_Curl_Virus/d0631a5a-5206-4544-96eb-eddcf6d9be5a___UF.GRC_YLCV_Lab 01490.JPG,Tomato___Tomato_Yellow_Leaf_Curl_Virus,Tomato___Tomato_Yellow_Leaf_Curl_Virus,test,train,8,True
931ab162cb32c4a39df67312b5afc05f4b7faaf4b5d596fee9d9f743541e57e2,fc2f0f7e0231015c8bdaa4b0585332eb846270c3e5c5a5149792946c83c7b61a,Tomato___Bacterial_spot/3f03db8d-6db0-45c0-ab1f-ca69db013041___GCREC_Bact.Sp 5729.JPG,Tomato___Spider_mites Two-spotted_spider_mite/9a99ec55-8f08-425c-b3c5-e0d0b6636ef5___Com.G_SpM_FL 1776.JPG,Tomato___Bacterial_spot,Tomato___Spider_mites Two-spotted_spider_mite,train,train,8,False
9354aa00bc2ce685b88ed746a76648c7ea2fc307f60d2bf7311fdef80dde718a,11a50386f926d2a7fc622e3741b5981a1cbd42385f094514ff057f9a97a723cd,Tomato___Spider_mites Two-spotted_spider_mite/ac5ba358-529e-41f3-a289-b85be6ae405f___Com.G_SpM_FL 9258.JPG,Tomato___Target_Spot/453d7ca2-7e73-4460-96e9-d49fe6512f1e___Com.G_TgS_FL 9749.JPG,Tomato___Spider_mites Two-spotted_spider_mite,Tomato___Target_Spot,train,train,8,False
9354aa00bc2ce685b88ed746a76648c7ea2fc307f60d2bf7311fdef80dde718a,b6feead808fbaf42d2cc690015b8928530f6635a2f0f07ee9796dacdf90bfa85,Tomato___Spider_mites Two-spotted_spider_mite/ac5ba358-529e-41f3-a289-b85be6ae405f___Com.G_SpM_FL 9258.JPG,Tomato___Spider_mites Two-spotted_spider_mite/afd11a59-5ed8-4f8d-8e6e-280f6a4deced___Com.G_SpM_FL 8989.JPG,Tomato___Spider_mites Two-spotted_spider_mite,Tomato___Spider_mites Two-spotted_spider_mite,train,val,8,True
936681ea484222fba9cb138117992ade8817d63a071b1aa7f203a1c029e84e9b,3dfc033ce26319fddc99f6198e84c02c86741d7445abb2ea930eb6ecf6d5e999,Tomato___Early_blight/e9adf635-754d-4bc3-af3d-4b3e1bd81812___RS_Erly.B 9438.JPG,Tomato___Tomato_Yellow_Leaf_Curl_Virus/6b16dfb4-ff6a-4282-b782-384292055321___YLCV_GCREC 2912.JPG,Tomato___Early_blight,Tomato___Tomato_Yellow_Leaf_Curl_Virus,train,train,8,False
93730e63ca8e866e09c0ce6f57ccfc0122bdee2189c6f6b539bbae1e00ddab34,04d733820f4cd0200149a853e865a8e5ab38565e9d755e1fa95eb41a5eef2dad,Tomato___Tomato_Yellow_Leaf_Curl_Virus/751c6198-2c36-42c9-b233-b45b5e147d5b___YLCV_GCREC 5209.JPG,Tomato___Leaf_Mold/c02f3863-3012-4f3a-873e-8003d73a54f9___Crnl_L.Mold 6520.JPG,Tomato___Tomato_Yellow_Leaf_Curl_Virus,Tomato___Leaf_Mold,test,train,8,True
93730e63ca8e866e09c0ce6f57ccfc0122bdee2189c6f6b539bbae1e00ddab34,3312058e249ff6de8a0c582d481dde8495fe6a721ba7d0bb2247f9e9b7ee2143,Tomato___Tomato_Yellow_Leaf_Curl_Virus/751c6198-2c36-42c9-b233-b45b5e147d5b___YLCV_GCREC 5209.JPG,Tomato___Tomato_Yellow_Leaf_Curl_Virus/5dfc9f5a-e6ba-443c-a875-458aa4b973cb___YLCV_GCREC 2561.JPG,Tomato___Tomato_Yellow_Leaf_Curl_Virus,Tomato___Tomato_Yellow_Leaf_Curl_Virus,test,val,8,True
93730e63ca8e866e09c0ce6f57ccfc0122bdee2189c6f6b539bbae1e00ddab34,6aae761671c1a0d72f6be9845f14f5cf657e8979c37faf14311aa147d8e11a8e,Tomato___Tomato_Yellow_Leaf_Curl_Virus/751c6198-2c36-42c9-b233-b45b5e147d5b___YLCV_GCREC 5209.JPG,Tomato___Spider_mites Two-spotted_spider_mite/53465364-cf45-422d-89f7-fa8fb1ce2bfe___Com.G_SpM_FL 9270.JPG,Tomato___Tomato_Yellow_Leaf_Curl_Virus,Tomato___Spider_mites Two-spotted_spider_mite,test,train,8,True
93730e63ca8e866e09c0ce6f57ccfc0122bdee2189c6f6b539bbae1e00ddab34,89f6b68af289e560e535b4ade5bb65bd14c75a9d964ed3b5152cd6ffe3eb0595,Tomato___Tomato_Yellow_Leaf_Curl_Virus/751c6198-2c36-42c9-b233-b45b5e147d5b___YLCV_GCREC 5209.JPG,Tomato___Leaf_Mold/a740fdd7-45f9-445f-a992-37005aa41d32___Crnl_L.Mold 6883.JPG,Tomato___Tomato_Yellow_Leaf_Curl_Virus,Tomato___Leaf_Mold,test,val,8,True
93b8a219d2edc88722fd7a8bbe3c41d233770e79989c14354e431e02e8ab5664,65a116549e8a47c35d185b7209a3699d765ff377acc8c722b85905784f7be8e9,Tomato___Spider_mites Two-spotted_spider_mite/d3efedb8-26f6-426f-87d8-f73f3534b5b7___Com.G_SpM_FL 9659.JPG,Tomato___Tomato_Yellow_Leaf_Curl_Virus/8f01fd22-4bcb-4ee9-8874-02008b0f8c88___UF.GRC_YLCV_Lab 02568.JPG,Tomato___Spider_mites Two-spotted_spider_mite,Tomato___Tomato_Yellow_Leaf_Curl_Virus,train,train,8,False
940cd2185eae1b3766405d7453170512cd3ad68bb0e0142de468d158184de9ce,dcc08009c3c7ab0c2b5d5ebbc8dbdb3ad1f306d1d7c07f6963da5dea6e3c8f2b,Tomato___Tomato_Yellow_Leaf_Curl_Virus/6e0e10b3-69f0-404e-839d-03213389aab0___UF.GRC_YLCV_Lab 01919.JPG,Tomato___Tomato_Yellow_Leaf_Curl_Virus/cf4df483-23cf-4cff-9ff5-14d3edae4282___UF.GRC_YLCV_Lab 01927.JPG,Tomato___Tomato_Yellow_Leaf_Curl_Virus,Tomato___Tomato_Yellow_Leaf_Curl_Virus,train,train,8,False
942e00ac60882ffd6e8650c0e57c285756da7c789c65e53f025655f7b127a96e,777ecaafed7c0fc51314ce7ee58a478539a0198251421a44526ee9d3d64b0f8d,Tomato___Tomato_Yellow_Leaf_Curl_Virus/00b41556-fe22-41fb-93aa-76b0c45d923a___UF.GRC_YLCV_Lab 02644.JPG,Tomato___Tomato_Yellow_Leaf_Curl_Virus/0fe8e176-9806-44bb-9dbd-394e47305776___UF.GRC_YLCV_Lab 02654.JPG,Tomato___Tomato_Yellow_Leaf_Curl_Virus,Tomato___Tomato_Yellow_Leaf_Curl_Virus,test,train,8,True
946f73cab7ab5cb2cea3cc928bf550f9ff80fb659d6da64a38c2c7999e1b9a79,cb787bf52c75141fb97b6d34c583aee161a231cc27c25e380940ffd0000b0735,Tomato___Leaf_Mold/2d6f98ac-7545-4ea6-97f7-51374d16adc2___Crnl_L.Mold 7005.JPG,Tomato___Leaf_Mold/86bcc70f-66dd-40ec-8bf5-d260f58cb25d___Crnl_L.Mold 7004.JPG,Tomato___Leaf_Mold,Tomato___Leaf_Mold,test,train,8,True
9470bc01dbf17b1a6adfcfe79312198eea7d56aae277c91af3d8d232dbe6fba2,08e1a931dc3e60c1160d9f03fe1d3bee0a7acf680d6bb7a9e42563f0edad377a,Tomato___Bacterial_spot/7b40e020-e33c-4e9f-8093-d7593b8340dc___GCREC_Bact.Sp 3348.JPG,Tomato___Bacterial_spot/9f3bb55d-b52d-4be3-b89b-e7c8cbe8e131___GCREC_Bact.Sp 3112.JPG,Tomato___Bacterial_spot,Tomato___Bacterial_spot,train,val,8,True
9470bc01dbf17b1a6adfcfe79312198eea7d56aae277c91af3d8d232dbe6fba2,4e023fb714e0c20386fff3d03e7b1e47a101b3b07d56587652c0f4849f9e74f8,Tomato___Bacterial_spot/7b40e020-e33c-4e9f-8093-d7593b8340dc___GCREC_Bact.Sp 3348.JPG,Tomato___Bacterial_spot/e277b59d-2e55-4117-92c7-93996599ef02___GCREC_Bact.Sp 3168.JPG,Tomato___Bacterial_spot,Tomato___Bacterial_spot,train,train,8,False
9470bc01dbf17b1a6adfcfe79312198eea7d56aae277c91af3d8d232dbe6fba2,4ebe9b78190e0dbcad47b06105369d7703a91ce4ef33fef82690ce8f0b6ebdc9,Tomato___Bacterial_spot/7b40e020-e33c-4e9f-8093-d7593b8340dc___GCREC_Bact.Sp 3348.JPG,Tomato___Bacterial_spot/885267b9-f4e5-4005-97f4-2f527accb859___GCREC_Bact.Sp 3217.JPG,Tomato___Bacterial_spot,Tomato___Bacterial_spot,train,train,8,False
948ee73900c25f382c118a0d60da90ba4d4befd13bc1fa61fbca875dd7e990ec,46fa3b9bcbd69274f2ee892787f26d6ad3e1d382951762db1320b0ec75a39136,Tomato___Bacterial_spot/32d7007e-5830-4675-8e03-06b60287652f___GCREC_Bact.Sp 3344.JPG,Tomato___Spider_mites Two-spotted_spider_mite/bdb1071d-586d-4cdf-a792-a15af76ed9cf___Com.G_SpM_FL 8670.JPG,Tomato___Bacterial_spot,Tomato___Spider_mites Two-spotted_spider_mite,train,train,8,False
948ee73900c25f382c118a0d60da90ba4d4befd13bc1fa61fbca875dd7e990ec,b8263d2f142f91f6aec08b1975049ff892233a7ee77d829acc25ddaf27467703,Tomato___Bacterial_spot/32d7007e-5830-4675-8e03-06b60287652f___GCREC_Bact.Sp 3344.JPG,Tomato___Bacterial_spot/43b71f8a-175a-4847-a2c8-69c7d2f59f10___GCREC_Bact.Sp 3476.JPG,Tomato___Bacterial_spot,Tomato___Bacterial_spot,train,train,8,False
94a9a4aa860b99dc51fb8e0e17bea857493b8201b74d977f96775db3c1983992,fcdf9da815daabb4984530a94f434d228a813ebdfcccfc8390de81180004fb22,Tomato___Spider_mites Two-spotted_spider_mite/29be21be-a2ed-4ffd-b76a-7c078a9fc017___Com.G_SpM_FL 1446.JPG,Tomato___Spider_mites Two-spotted_spider_mite/ae12c3dc-3dd3-4741-bf9a-55904738086d___Com.G_SpM_FL 1265.JPG,Tomato___Spider_mites Two-spotted_spider_mite,Tomato___Spider_mites Two-spotted_spider_mite,train,train,8,False
94aa8b3fbd54dcb889004b821628d774ed8a5c96d866266de10dab0396276e59,1be8965df3eda115305d4b87b87930d93c9dd4104228a324829437c0c3d7cc31,Tomato___Spider_mites Two-spotted_spider_mite/c8d652a6-a7a7-496b-9535-7015e3f67c95___Com.G_SpM_FL 8492.JPG,Tomato___Spider_mites Two-spotted_spider_mite/ea1958cc-ff91-4651-966b-e85e4c7c7abe___Com.G_SpM_FL 8488.JPG,Tomato___Spider_mites Two-spotted_spider_mite,Tomato___Spider_mites Two-spotted_spider_mite,train,train,8,False
94aa8b3fbd54dcb889004b821628d774ed8a5c96d866266de10dab0396276e59,65d5841056acea4499c01d1de191528ee70ff957efe15a81ed33e984ae353acb,Tomato___Spider_mites Two-spotted_spider_mite/c8d652a6-a7a7-496b-9535-7015e3f67c95___Com.G_SpM_FL 8492.JPG,Tomato___Spider_mites Two-spotted_spider_mite/e9b2e448-c8b7-4fde-b1f2-1ab86dce0b86___Com.G_SpM_FL 1330.JPG,Tomato___Spider_mites Two-spotted_spider_mite,Tomato___Spider_mites Two-spotted_spider_mite,train,train,8,False
94aa8b3fbd54dcb889004b821628d774ed8a5c96d866266de10dab0396276e59,a49bacf26a9ff07a961027100e611057cbacf33be06ce43229e955bd7ed82612,Tomato___Spider_mites Two-spotted_spider_mite/c8d652a6-a7a7-496b-9535-7015e3f67c95___Com.G_SpM_FL 8492.JPG,Tomato___Spider_mites Two-spotted_spider_mite/64338ca4-e33c-473a-86b5-58a4e76149a9___Com.G_SpM_FL 8632.JPG,Tomato___Spider_mites Two-spotted_spider_mite,Tomato___Spider_mites Two-spotted_spider_mite,train,val,8,True
94aa8b3fbd54dcb889004b821628d774ed8a5c96d866266de10dab0396276e59,e22731d7f21e87aa43b703b1a8cef3cb94e25fd6d4f6f48e071ec161b17794b1,Tomato___Spider_mites Two-spotted_spider_mite/c8d652a6-a7a7-496b-9535-7015e3f67c95___Com.G_SpM_FL 8492.JPG,Tomato___Spider_mites Two-spotted_spider_mite/d64bb364-65c3-401d-b9b9-56fad8fbfdd8___Com.G_SpM_FL 8804.JPG,Tomato___Spider_mites Two-spotted_spider_mite,Tomato___Spider_mites Two-spotted_spider_mite,train,train,8,False
94c2783859fddcb9d989a0a1c9a7082c921b8cb4794b98ffc7d6625e203f310e,8bc59ea25f37822188501a93922e9c2e444e802381fa0676fbbe0eba1b5f8725,Tomato___Bacterial_spot/5882470e-77e6-46da-b63c-b804ce311df1___GCREC_Bact.Sp 3040.JPG,Tomato___Target_Spot/b969f29a-d7bd-4be8-a048-62eee7a5405b___Com.G_TgS_FL 7977.JPG,Tomato___Bacterial_spot,Tomato___Target_Spot,train,train,8,False
950af6feef1fb7e10dc95adf12319c4b25ff9b0d98e621f50d24baf638ad0c4d,bca5b959e3637f1cfd092d8b0c0309ad9316d5d832af76f9be281484954a924d,Tomato___Spider_mites Two-spotted_spider_mite/09dce947-bb58-46cc-bd33-5a5e75ee07f4___Com.G_SpM_FL 9019.JPG,Tomato___Spider_mites Two-spotted_spider_mite/a5aabead-d8cd-4739-b094-a16d94b57738___Com.G_SpM_FL 8683.JPG,Tomato___Spider_mites Two-spotted_spider_mite,Tomato___Spider_mites Two-spotted_spider_mite,train,train,8,False
95101d6661c9c0459a32b2a3afa91548c3ff5b5ff2b3af04c5d6f4eed7eb4259,8a8f2dc3817706c47f5b7e6bbb274d26b4e16d925c97c2ad3903064c681b1a97,Tomato___Septoria_leaf_spot/cffae6ca-ff80-4c1f-9fbf-451d39a94a80___JR_Sept.L.S 8518.JPG,Tomato___Spider_mites Two-spotted_spider_mite/86f49ade-7fe5-4434-a5d6-c671a0ed2f6d___Com.G_SpM_FL 8508.JPG,Tomato___Septoria_leaf_spot,Tomato___Spider_mites Two-spotted_spider_mite,train,train,8,False
95101d6661c9c0459a32b2a3afa91548c3ff5b5ff2b3af04c5d6f4eed7eb4259,ded93e4daa0556093ba5ef8968d7405be95559c92886d7c7bb40e3217018179a,Tomato___Septoria_leaf_spot/cffae6ca-ff80-4c1f-9fbf-451d39a94a80___JR_Sept.L.S 8518.JPG,Tomato___Septoria_leaf_spot/e6de79a8-a9d1-4e78-a978-7d5628957576___JR_Sept.L.S 8366.JPG,Tomato___Septoria_leaf_spot,Tomato___Septoria_leaf_spot,train,val,8,True
9521880c4027386a58eb568701117c68beecb65b3629427d592484f659dbfec9,8e10cbdfa005951a4bab3c8b12175adbae4c9570f3dce21cd6c107545c0316e7,Tomato___Leaf_Mold/4459390d-64ca-42d2-977b-afb0ed667701___Crnl_L.Mold 6714.JPG,Tomato___Septoria_leaf_spot/c66d82d9-a895-42ae-a7fb-a93917e3f10d___Matt.S_CG 6813.JPG,Tomato___Leaf_Mold,Tomato___Septoria_leaf_spot,test,train,8,True
9521880c4027386a58eb568701117c68beecb65b3629427d592484f659dbfec9,9be45d8b39dac24c706176c7e1877d9df0c590e322295c8ad57cffa49061756d,Tomato___Leaf_Mold/4459390d-64ca-42d2-977b-afb0ed667701___Crnl_L.Mold 6714.JPG,Tomato___Septoria_leaf_spot/e4a8819b-a2c9-48ab-9873-4d198b51bbd9___JR_Sept.L.S 2626.JPG,Tomato___Leaf_Mold,Tomato___Septoria_leaf_spot,test,train,8,True
9521880c4027386a58eb568701117c68beecb65b3629427d592484f659dbfec9,c5efa99cef9ed49989098b288e4ab371e9e6921afa078fa0f8006a2bf56522cc,Tomato___Leaf_Mold/4459390d-64ca-42d2-977b-afb0ed667701___Crnl_L.Mold 6714.JPG,Tomato___Early_blight/a28eb895-ef7c-49cc-bc0f-5e01498e5ca2___RS_Erly.B 6463.JPG,Tomato___Leaf_Mold,Tomato___Early_blight,test,train,8,True
95578b397700d209b527c1de0e7c9967af8a83a7cca0a22cbe6edfb8dc36fb00,10ac2e62163cd36368cc227ec57607ed9ab01c09163957ed0ece50407e023e08,Tomato___Late_blight/3d9cca85-96cf-4186-b863-933bbbbc8075___GHLB2 Leaf 117.4.JPG,Tomato___Late_blight/fc0cec90-4a1e-4cdc-95cf-a34abc1dc8c9___GHLB2 Leaf 117.2.JPG,Tomato___Late_blight,Tomato___Late_blight,train,train,8,False
95597ed7597da68504f1becce36c140e6ec84039d34c5bba4de59e337b397684,2042fca47765a1f2a54741fccde34d1c739925a234d39756c5d22c9ee923984c,Tomato___Spider_mites Two-spotted_spider_mite/d28089d2-6e51-4b8d-866c-88ecaf0239ac___Com.G_SpM_FL 9422.JPG,Tomato___Target_Spot/280c585c-d0d6-4558-87ff-04c5f67a1d56___Com.G_TgS_FL 8027.JPG,Tomato___Spider_mites Two-spotted_spider_mite,Tomato___Target_Spot,test,train,8,True
95597ed7597da68504f1becce36c140e6ec84039d34c5bba4de59e337b397684,3c16a8b027982bb69ade4d6b2e56498e25d2f2896ad7e855a3c8154025cf91d5,Tomato___Spider_mites Two-spotted_spider_mite/d28089d2-6e51-4b8d-866c-88ecaf0239ac___Com.G_SpM_FL 9422.JPG,Tomato___Spider_mites Two-spotted_spider_mite/348aec86-49bc-4e2d-8ca7-66545421cc06___Com.G_SpM_FL 1746.JPG,Tomato___Spider_mites Two-spotted_spider_mite,Tomato___Spider_mites Two-spotted_spider_mite,test,train,8,True
95597ed7597da68504f1becce36c140e6ec84039d34c5bba4de59e337b397684,514450f7d562cc4284cc56b8d9a78b225c4569b41b2626a7cf2c6a5d78095875,Tomato___Spider_mites Two-spotted_spider_mite/d28089d2-6e51-4b8d-866c-88ecaf0239ac___Com.G_SpM_FL 9422.JPG,Tomato___Tomato_Yellow_Leaf_Curl_Virus/6c74c99f-0377-4870-ac98-c1ad619d8a7a___YLCV_GCREC 2623.JPG,Tomato___Spider_mites Two-spotted_spider_mite,Tomato___Tomato_Yellow_Leaf_Curl_Virus,test,val,8,True
95597ed7597da68504f1becce36c140e6ec84039d34c5bba4de59e337b397684,e00fc85bd36571370a503c3eb95e27de2fffede6ccd945ed074b740316a500ce,Tomato___Spider_mites Two-spotted_spider_mite/d28089d2-6e51-4b8d-866c-88ecaf0239ac___Com.G_SpM_FL 9422.JPG,Tomato___Septoria_leaf_spot/f4640d91-2fa7-4eb1-9d0c-45b8bc42eda2___Matt.S_CG 6117.JPG,Tomato___Spider_mites Two-spotted_spider_mite,Tomato___Septoria_leaf_spot,test,train,8,True
9560935049e8ad6039f4ebf635e01591d9861e7a347fd0f42b1ff91b2e129dd5,9354aa00bc2ce685b88ed746a76648c7ea2fc307f60d2bf7311fdef80dde718a,Tomato___Leaf_Mold/41836b15-e96b-4d31-98c5-f9078970dd21___Crnl_L.Mold 6530.JPG,Tomato___Spider_mites Two-spotted_spider_mite/ac5ba358-529e-41f3-a289-b85be6ae405f___Com.G_SpM_FL 9258.JPG,Tomato___Leaf_Mold,Tomato___Spider_mites Two-spotted_spider_mite,train,train,8,False
9568e2992de6a86271e62f1805ca928310a7f90189d184abcfbb36ee1024b916,a2dd5ffbdbded8926163a79e0fb2ae4e684e7b95e58ebb2f8dd28021c7054162,Tomato___Bacterial_spot/38ef51e1-c793-4a6c-b17d-e066bcd533c8___GCREC_Bact.Sp 5639.JPG,Tomato___Spider_mites Two-spotted_spider_mite/fbabfa17-0b7e-4c83-bb10-ebcf80515ce7___Com.G_SpM_FL 8741.JPG,Tomato___Bacterial_spot,Tomato___Spider_mites Two-spotted_spider_mite,test,train,8,True
9572308d799c5c2b464093572a1ab05b62389faa9010202bc334f5a827a818d9,cf893cf5ba5ac6a77e4840b771816f087a11d0adfdd4dd3095995ef02c26fb30,Tomato___Target_Spot/371b7ff8-6031-437b-b0c5-5fc10e2317d1___Com.G_TgS_FL 9944.JPG,Tomato___healthy/13b114fe-22bf-498e-8534-4049123ef655___RS_HL 9775.JPG,Tomato___Target_Spot,Tomato___healthy,train,train,8,False
95fd37945bd6978a3b79dc7dd67430a48ef1ea61841c7bb003002a4ede2a8542,ac371c01d883f959ecc069ca2ddb322f3ec701633622d5f742509d01db54c38c,Tomato___Tomato_Yellow_Leaf_Curl_Virus/aba9fc82-47a2-4536-baeb-16a74b394a15___UF.GRC_YLCV_Lab 02470.JPG,Tomato___Tomato_Yellow_Leaf_Curl_Virus/b7b2732c-4481-4cbf-8dd0-8256642baf51___UF.GRC_YLCV_Lab 02455.JPG,Tomato___Tomato_Yellow_Leaf_Curl_Virus,Tomato___Tomato_Yellow_Leaf_Curl_Virus,train,train,8,False
9616c5e4489a53f45cb2d39591dca73243da3f6c8e15714e4d0827b43e0aedda,130e7943f635a65ccb7372968781f8ebb41639de90d4cddc4ba3639cbdc5a64f,Tomato___Tomato_Yellow_Leaf_Curl_Virus/236e4e95-a170-4b9e-b599-2d201dea485d___YLCV_GCREC 2739.JPG,Tomato___Tomato_Yellow_Leaf_Curl_Virus/d66fb42f-1d82-4f2c-b491-e7aea563f1f9___YLCV_GCREC 5489.JPG,Tomato___Tomato_Yellow_Leaf_Curl_Virus,Tomato___Tomato_Yellow_Leaf_Curl_Virus,train,train,8,False
963ffebd1f8753d9be60e3463ed721016e1d324c4c33daeda2054f8eefb6ff5f,e334d51b2681267c25d5573bae59740dcb6581a72aef584bf32c994796d6bde1,Tomato___Leaf_Mold/7a8f225e-a87c-47ca-a49d-27b620951a4e___Crnl_L.Mold 6497.JPG,Tomato___Tomato_Yellow_Leaf_Curl_Virus/43b2be62-cb86-46f4-9049-92e77d4f335b___YLCV_NREC 0074.JPG,Tomato___Leaf_Mold,Tomato___Tomato_Yellow_Leaf_Curl_Virus,test,train,8,True
96c41ac0a97139024319b18f5bfbc84e0f0acabc164a63014d72a402ed29a0f4,2e99e30ff1cd326c00b2f2bee0e6a49aa511e6fb1aefc621423f58ea45684040,Tomato___Spider_mites Two-spotted_spider_mite/c8ac701f-23a1-45e5-9a3e-455b19d65479___Com.G_SpM_FL 8744.JPG,Tomato___Spider_mites Two-spotted_spider_mite/d2184d36-c149-4bab-bc07-66c9afce4567___Com.G_SpM_FL 9507.JPG,Tomato___Spider_mites Two-spotted_spider_mite,Tomato___Spider_mites Two-spotted_spider_mite,train,train,8,False
96e1946d3ade89337ba67d76a6728cf9ffc095fdedbe1ec5a787a846125e3edc,d3ab2976299cbe4018300f8a5653625c1fd57acacc221e9cbd675b8e85e44579,Tomato___Tomato_Yellow_Leaf_Curl_Virus/b5246ed2-d8c4-49dd-b1ef-b9608829b4ba___UF.GRC_YLCV_Lab 02227.JPG,Tomato___Tomato_Yellow_Leaf_Curl_Virus/cac80ecc-8d5d-46d4-a408-37327cb68fc3___UF.GRC_YLCV_Lab 02228.JPG,Tomato___Tomato_Yellow_Leaf_Curl_Virus,Tomato___Tomato_Yellow_Leaf_Curl_Virus,train,train,8,False
96f1c5174fe411263a4e91f9758a01ee646c63ceffc604a3e12d1924ccdbfcfb,de2cc54ebc633d5f24d1ff7ac9b93c1e165b925557426a9fabaac272f366b350,Tomato___Spider_mites Two-spotted_spider_mite/ab58e633-4e84-48f1-a412-c8210940345d___Com.G_SpM_FL 1191.JPG,Tomato___Spider_mites Two-spotted_spider_mite/80a63b1a-cee1-46c3-90c7-4d3d234a2552___Com.G_SpM_FL 1751.JPG,Tomato___Spider_mites Two-spotted_spider_mite,Tomato___Spider_mites Two-spotted_spider_mite,train,val,8,True
96fa2251fb09d4ced7a3a4d22ef2627f5b61fa199716b82188eb7123d6397658,f305b44014eb2872a9eedd74d06d96538f53f72ff1b53066d914ec0b660f686a,Tomato___Septoria_leaf_spot/8e394ac6-15a5-4b49-ad6c-52b3d146457e___Matt.S_CG 1531.JPG,Tomato___Septoria_leaf_spot/e99379ba-b894-4930-bd39-49298c466fec___Matt.S_CG 7492.JPG,Tomato___Septoria_leaf_spot,Tomato___Septoria_leaf_spot,train,train,8,False
9720f494ae9ff79717390e4709df5d6293dd2ce50fd7a38d51cdead7a06fd586,258da4563bc249ae10fa2d401a1e7d8b3af0023699419a8605a50e44f5c4de41,Tomato___Bacterial_spot/01a46cb5-d354-4f59-868e-e56186701541___GCREC_Bact.Sp 5638.JPG,Tomato___Bacterial_spot/88cc038d-6215-45de-a0e7-26cb701e96e2___GCREC_Bact.Sp 3494.JPG,Tomato___Bacterial_spot,Tomato___Bacterial_spot,train,train,8,False
9720f494ae9ff79717390e4709df5d6293dd2ce50fd7a38d51cdead7a06fd586,4b136d56263d245a20fd1a8cdf89f33b348c34e1492249b1bb0b34adaeedd433,Tomato___Bacterial_spot/01a46cb5-d354-4f59-868e-e56186701541___GCREC_Bact.Sp 5638.JPG,Tomato___Bacterial_spot/0893cbc5-7c6f-4ed2-863a-78f0bdb31ba0___GCREC_Bact.Sp 6174.JPG,Tomato___Bacterial_spot,Tomato___Bacterial_spot,train,train,8,False
9790344d299ea5a371140172da45fed9d5fd45de89aa791e1dd597369caabdfb,b656e271493fd5a11717962ce50cff7d3034b8850b6ce42acc46b00220758f30,Tomato___Leaf_Mold/55c2cd78-8c7c-4102-801f-c87d2284b874___Crnl_L.Mold 7069.JPG,Tomato___Tomato_Yellow_Leaf_Curl_Virus/9a10d739-932c-47ff-af5d-196d5f615e21___YLCV_NREC 0057.JPG,Tomato___Leaf_Mold,Tomato___Tomato_Yellow_Leaf_Curl_Virus,train,train,8,False
9790344d299ea5a371140172da45fed9d5fd45de89aa791e1dd597369caabdfb,b826cfa4068aab3df187a84157372589307e1420d969b7cb46bf3cb97e1efa6b,Tomato___Leaf_Mold/55c2cd78-8c7c-4102-801f-c87d2284b874___Crnl_L.Mold 7069.JPG,Tomato___Septoria_leaf_spot/969a199c-8cf8-4a0a-94ef-d7a23569417b___Matt.S_CG 1586.JPG,Tomato___Leaf_Mold,Tomato___Septoria_leaf_spot,train,val,8,True
97aae9d0bad912b52603f21e4d8b83a342aa1ad85b66ae93e69b88c0fd307364,b58e61e1399f726cb5bad59136e2a5942f14faf5236639630007f939612ea9fd,Tomato___healthy/1457ca6a-4907-4c97-83f8-a0fa22135a27___RS_HL 0441.JPG,Tomato___healthy/2aeb668a-251a-4f68-b52f-aadeb3376d55___RS_HL 9744.JPG,Tomato___healthy,Tomato___healthy,train,train,8,False
97b7e1d36e58ff8b67a7abff53ec2b0622c02ac9bbc35b2c0501683463bf78e8,176054fdc429e0fb3a5efa47308992bf3976e2a82844f77e5d2bc07572d5ccdd,Tomato___Late_blight/dbd66146-54e6-4621-870d-24208b99e254___RS_Late.B 7051.JPG,Tomato___Septoria_leaf_spot/d45a2219-7d01-49fc-a545-e7917596f35d___Matt.S_CG 7517.JPG,Tomato___Late_blight,Tomato___Septoria_leaf_spot,train,train,8,False
97ddeeef9416dc27130839beebf387ff9f51b45d070b468742c7f29faa64ad2f,220ffbed5c95b70231bb345411b538c03bb59aa9780c5b723e41b039e1b65aa5,Tomato___Septoria_leaf_spot/12703385-4e74-4e56-b90a-fede2827fbf2___Matt.S_CG 6039.JPG,Tomato___Tomato_Yellow_Leaf_Curl_Virus/9ca23fe4-e698-4cd4-ae7e-63c7777cfa65___YLCV_GCREC 2762.JPG,Tomato___Septoria_leaf_spot,Tomato___Tomato_Yellow_Leaf_Curl_Virus,train,val,8,True
97ddeeef9416dc27130839beebf387ff9f51b45d070b468742c7f29faa64ad2f,b656e271493fd5a11717962ce50cff7d3034b8850b6ce42acc46b00220758f30,Tomato___Septoria_leaf_spot/12703385-4e74-4e56-b90a-fede2827fbf2___Matt.S_CG 6039.JPG,Tomato___Tomato_Yellow_Leaf_Curl_Virus/9a10d739-932c-47ff-af5d-196d5f615e21___YLCV_NREC 0057.JPG,Tomato___Septoria_leaf_spot,Tomato___Tomato_Yellow_Leaf_Curl_Virus,train,train,8,False
9884ee0733a189ba957c3460e027e3e4b9c2eccfcbc1c00118feecfd548ff327,e27521b3c42dc7c596b0129760f28f4d30e06c077145b3c6456a9444f8b5a034,Tomato___Early_blight/2a5367b1-6732-4213-b095-5953251324ee___RS_Erly.B 7585.JPG,Tomato___Spider_mites Two-spotted_spider_mite/16d4c4ec-274a-4b5e-bfa3-6a40f90b46da___Com.G_SpM_FL 9465.JPG,Tomato___Early_blight,Tomato___Spider_mites Two-spotted_spider_mite,train,train,8,False
98f8f7d53a89fbaba012fc4687e4740c034b830f88435f23b6f58f2396aebe7a,c9a2e95a4fd1c10a10604c7d2f994ae2c14f65133fbbca2644db2741b6a0cc77,Tomato___Leaf_Mold/b2ba5e8d-5cbd-472c-b736-84949fa2b8ad___Crnl_L.Mold 6744.JPG,Tomato___Leaf_Mold/0f1ce7cf-da72-4ddb-9bdb-a1af620537c6___Crnl_L.Mold 6840.JPG,Tomato___Leaf_Mold,Tomato___Leaf_Mold,train,val,8,True
98fc3b47c9c121764f8b47cd3e6a2a6073e489fcf7cad88c6afbcf35994db47b,0b8fa96415cce5f450f2e6ec8767226dcc58002154da3e862ec2ea0e457dc810,Tomato___Bacterial_spot/7e7479df-7aac-4b5f-9724-db28ca442a74___GCREC_Bact.Sp 3215.JPG,Tomato___Bacterial_spot/f5142872-5e4b-4038-b4fd-b38c4097e5aa___GCREC_Bact.Sp 5679.JPG,Tomato___Bacterial_spot,Tomato___Bacterial_spot,train,train,8,False
99215b29226849e948d4aa97476ff6171e930cf4d1b5a30d719cc4c6702b89a5,5376fabf82b3b4c0cecc33e053e7656caf1bda4632cc4d410d77bc7f3085ec9f,Tomato___Early_blight/51708fa7-4619-4957-bfc6-8e422ee23a99___RS_Erly.B 7630.JPG,Tomato___Leaf_Mold/f7a5605e-ac92-4352-9ae7-1338aa77e8d1___Crnl_L.Mold 6630.JPG,Tomato___Early_blight,Tomato___Leaf_Mold,train,train,8,False
9a0c98d4fc281a9a8a93035409b5eedc2d1cd0339b8586ec56363a1640493e61,b91bfb0a10910a155cff1992965f1252833cd7037473fcac37ffc938810a217e,Tomato___Late_blight/1510bf70-ab9e-43df-b5d9-9b5e4352e66b___GHLB2 Leaf 118.JPG,Tomato___Late_blight/f3c203d3-4246-4af5-adfd-37452f637024___GHLB2 Leaf 118.1.JPG,Tomato___Late_blight,Tomato___Late_blight,train,train,8,False
9a140f37c379a3143b1876dbc89df776de7be4ebff58a9d82e934f2717cce1c6,7cf5c86e55797af9be3385f191497a8c3ff5ee8a136de1c69946e07d225ab279,Tomato___Early_blight/0c221e01-a85e-4794-b45b-3a91e349a8d2___RS_Erly.B 6425.JPG,Tomato___Target_Spot/e56c1e39-3815-4735-bf2b-2b3fa8747235___Com.G_TgS_FL 0012.JPG,Tomato___Early_blight,Tomato___Target_Spot,train,train,8,False
9a37621546799c54de218f03732c3abb500ad3c56695db46dad1bdb6196c3183,220ffbed5c95b70231bb345411b538c03bb59aa9780c5b723e41b039e1b65aa5,Tomato___Spider_mites Two-spotted_spider_mite/789cd918-1324-45be-a616-e38f9ab50a48___Com.G_SpM_FL 1189.JPG,Tomato___Tomato_Yellow_Leaf_Curl_Virus/9ca23fe4-e698-4cd4-ae7e-63c7777cfa65___YLCV_GCREC 2762.JPG,Tomato___Spider_mites Two-spotted_spider_mite,Tomato___Tomato_Yellow_Leaf_Curl_Virus,train,val,8,True
9a40cb9e06051b372dee55d9922c45c2658031c674dbb4aa050c8c964da03674,2dbc7718589f26927ab1089d34f08e1d87a9bd74aff5cb39f664bef731763944,Tomato___Spider_mites Two-spotted_spider_mite/54461621-21aa-4ae7-92e1-800c74162441___Com.G_SpM_FL 1721.JPG,Tomato___Spider_mites Two-spotted_spider_mite/9fd01a9c-be59-4d02-aca8-7d28170ea727___Com.G_SpM_FL 1588.JPG,Tomato___Spider_mites Two-spotted_spider_mite,Tomato___Spider_mites Two-spotted_spider_mite,test,train,8,True
9a40cb9e06051b372dee55d9922c45c2658031c674dbb4aa050c8c964da03674,52fa3efa8110ad7e615cb6ecffa9a27601e299c749c46c566830dc006a198111,Tomato___Spider_mites Two-spotted_spider_mite/54461621-21aa-4ae7-92e1-800c74162441___Com.G_SpM_FL 1721.JPG,Tomato___Early_blight/1a8bd88f-309f-4392-b387-7cb423ef0ab6___RS_Erly.B 7366.JPG,Tomato___Spider_mites Two-spotted_spider_mite,Tomato___Early_blight,test,train,8,True
9a40cb9e06051b372dee55d9922c45c2658031c674dbb4aa050c8c964da03674,a49bacf26a9ff07a961027100e611057cbacf33be06ce43229e955bd7ed82612,Tomato___Spider_mites Two-spotted_spider_mite/54461621-21aa-4ae7-92e1-800c74162441___Com.G_SpM_FL 1721.JPG,Tomato___Spider_mites Two-spotted_spider_mite/64338ca4-e33c-473a-86b5-58a4e76149a9___Com.G_SpM_FL 8632.JPG,Tomato___Spider_mites Two-spotted_spider_mite,Tomato___Spider_mites Two-spotted_spider_mite,test,val,8,True
9a5f5cf6918d4ed78a50cf23efbb2cba82d6969c6f5adca062259d2cf487a49f,4bfd4a3231fcb907b6a6f40d96a56843f1f110f1866fb60d23c8bfe343d204c5,Tomato___Spider_mites Two-spotted_spider_mite/674cafe0-472c-4ae9-85e6-f1a750677837___Com.G_SpM_FL 9632.JPG,Tomato___Tomato_Yellow_Leaf_Curl_Virus/0aeac05f-804d-4e4c-a753-644ae6547d60___UF.GRC_YLCV_Lab 01539.JPG,Tomato___Spider_mites Two-spotted_spider_mite,Tomato___Tomato_Yellow_Leaf_Curl_Virus,train,val,8,True
9a5f5cf6918d4ed78a50cf23efbb2cba82d6969c6f5adca062259d2cf487a49f,ebd17adc47fb995802721423c2ced0ad5114299140dd7bdba8a1acb6823a15e4,Tomato___Spider_mites Two-spotted_spider_mite/674cafe0-472c-4ae9-85e6-f1a750677837___Com.G_SpM_FL 9632.JPG,Tomato___Tomato_Yellow_Leaf_Curl_Virus/313f3d16-02bf-4333-91da-beefc4ef1afb___UF.GRC_YLCV_Lab 01533.JPG,Tomato___Spider_mites Two-spotted_spider_mite,Tomato___Tomato_Yellow_Leaf_Curl_Virus,train,train,8,False
9a69d35b159ad344bdeafca07b9ab646a9db5576098aec5207e273cad8f7b611,5ffe93d5916f2bd88a1d914ef579b929e3b7d48de1239c15764d49cf11228aa8,Tomato___Spider_mites Two-spotted_spider_mite/ff6346ca-227b-4cb4-a350-0941048744fa___Com.G_SpM_FL 9338.JPG,Tomato___Tomato_mosaic_virus/7a6e4837-d63d-465a-abae-ef857bf43e2d___PSU_CG 2117.JPG,Tomato___Spider_mites Two-spotted_spider_mite,Tomato___Tomato_mosaic_virus,train,train,8,False
9a9bb157f17739a26fb49c9458460752855594151b4c29d704aebdf102b465e0,08e1a931dc3e60c1160d9f03fe1d3bee0a7acf680d6bb7a9e42563f0edad377a,Tomato___Bacterial_spot/3dd61e20-fb5a-486e-b579-763312c9cf27___GCREC_Bact.Sp 3116.JPG,Tomato___Bacterial_spot/9f3bb55d-b52d-4be3-b89b-e7c8cbe8e131___GCREC_Bact.Sp 3112.JPG,Tomato___Bacterial_spot,Tomato___Bacterial_spot,test,val,8,True
9a9bb157f17739a26fb49c9458460752855594151b4c29d704aebdf102b465e0,224a7ff2f41cc06246228ba7031f339f4ef5967c26c408802b59fac6b85c6fe3,Tomato___Bacterial_spot/3dd61e20-fb5a-486e-b579-763312c9cf27___GCREC_Bact.Sp 3116.JPG,Tomato___Bacterial_spot/3a08d08d-9820-492b-a99f-eb19147724b7___GCREC_Bact.Sp 3288.JPG,Tomato___Bacterial_spot,Tomato___Bacterial_spot,test,train,8,True
9a9bb157f17739a26fb49c9458460752855594151b4c29d704aebdf102b465e0,5708f4dbd2fb6d590adf6e6b8e965e2835a2d4c9d1a25c3b417828191718fea6,Tomato___Bacterial_spot/3dd61e20-fb5a-486e-b579-763312c9cf27___GCREC_Bact.Sp 3116.JPG,Tomato___Target_Spot/8284cba7-30b7-401d-923d-65f7786d7aae___Com.G_TgS_FL 8333.JPG,Tomato___Bacterial_spot,Tomato___Target_Spot,test,train,8,True
9a9bb157f17739a26fb49c9458460752855594151b4c29d704aebdf102b465e0,81be7f4a16241cd55460c9ee116f1f253b113c7f5db8584ca430b091dc64f5ae,Tomato___Bacterial_spot/3dd61e20-fb5a-486e-b579-763312c9cf27___GCREC_Bact.Sp 3116.JPG,Tomato___Early_blight/a3611dae-1359-41af-b506-0b012c37a451___RS_Erly.B 7368.JPG,Tomato___Bacterial_spot,Tomato___Early_blight,test,test,8,False
9a9bb157f17739a26fb49c9458460752855594151b4c29d704aebdf102b465e0,91c3fff5d79783c7e38a2cd1a045093ad6e69e337fb78e800b2c152496998a34,Tomato___Bacterial_spot/3dd61e20-fb5a-486e-b579-763312c9cf27___GCREC_Bact.Sp 3116.JPG,Tomato___Bacterial_spot/638774fe-d7e6-4920-a8d9-e39b9c308474___GCREC_Bact.Sp 5806.JPG,Tomato___Bacterial_spot,Tomato___Bacterial_spot,test,train,8,True
9a9bb157f17739a26fb49c9458460752855594151b4c29d704aebdf102b465e0,9470bc01dbf17b1a6adfcfe79312198eea7d56aae277c91af3d8d232dbe6fba2,Tomato___Bacterial_spot/3dd61e20-fb5a-486e-b579-763312c9cf27___GCREC_Bact.Sp 3116.JPG,Tomato___Bacterial_spot/7b40e020-e33c-4e9f-8093-d7593b8340dc___GCREC_Bact.Sp 3348.JPG,Tomato___Bacterial_spot,Tomato___Bacterial_spot,test,train,8,True
9a9bb157f17739a26fb49c9458460752855594151b4c29d704aebdf102b465e0,fc2f0f7e0231015c8bdaa4b0585332eb846270c3e5c5a5149792946c83c7b61a,Tomato___Bacterial_spot/3dd61e20-fb5a-486e-b579-763312c9cf27___GCREC_Bact.Sp 3116.JPG,Tomato___Spider_mites Two-spotted_spider_mite/9a99ec55-8f08-425c-b3c5-e0d0b6636ef5___Com.G_SpM_FL 1776.JPG,Tomato___Bacterial_spot,Tomato___Spider_mites Two-spotted_spider_mite,test,train,8,True
9aa0442c174bbca960bb3d57cadec911ae206a46e78e2fd844484ae14c512ef7,db8a82680c022952727a5e6a429e1d68194eac1ad7b51f2f6b64d509246c1533,Tomato___Spider_mites Two-spotted_spider_mite/9c82d063-388e-4747-bdd5-c369b1b80972___Com.G_SpM_FL 9648.JPG,Tomato___healthy/167247af-fd67-4b70-a72e-052dc5ea863b___GH_HL Leaf 388.1.JPG,Tomato___Spider_mites Two-spotted_spider_mite,Tomato___healthy,train,train,8,False
9ab567a908b2e650b4073258d1c030be33fac8d21480658dbc5f85d69c3903e2,9156c24a1ca1ba3451d8dddc0b50a279bf18a6efc1666288c1dafb44ae6a77b1,Tomato___Septoria_leaf_spot/5c1e834e-f555-4ca5-b67b-330027937e1d___Matt.S_CG 1405.JPG,Tomato___Tomato_Yellow_Leaf_Curl_Virus/f527ed8b-e5c2-4412-948f-d940039d60d3___YLCV_GCREC 5168.JPG,Tomato___Septoria_leaf_spot,Tomato___Tomato_Yellow_Leaf_Curl_Virus,train,train,8,False
9acb58702dd01707248e2778d0d6b5a7f9c8c52fbddd6b07c6d9f7e1d0acd5ee,0ef19544e61332c1251b6c71047a31daa173d5c45b0addd0f8e8a01120e36cf7,Tomato___Bacterial_spot/98d7bfb4-4200-453f-8ebb-98019900a55c___GCREC_Bact.Sp 6201.JPG,Tomato___Bacterial_spot/2fa6fe6b-a7dc-471e-a878-b8d8e0121126___GCREC_Bact.Sp 3159.JPG,Tomato___Bacterial_spot,Tomato___Bacterial_spot,test,train,8,True
9ad5554a050ab53b934297ed612e0577e7b2a1789e5a3fd9974c7ae05cd49017,ef0ff5d66edeeb10f937c28a8136535251ae5d7d44a36430d5a2e2b5d7a4871c,Tomato___Spider_mites Two-spotted_spider_mite/4ab2b9cc-67cd-417c-934c-5e76a4f9fa49___Com.G_SpM_FL 8845.JPG,Tomato___Target_Spot/87794f12-b113-4064-bdf5-19c79a8077a0___Com.G_TgS_FL 8015.JPG,Tomato___Spider_mites Two-spotted_spider_mite,Tomato___Target_Spot,test,train,8,True
9af4073c17175b99b36515585bb48b41557ede086858b658c9cf702d7afc9580,584a3f0b8946a9d98cc51d77715c67138629af51b5ef7278f67ec9d7c30d0b32,Tomato___Leaf_Mold/4c11a95e-122b-4e5e-a90c-cb550f8f6bb2___Crnl_L.Mold 7176.JPG,Tomato___Leaf_Mold/88deb0c4-49bf-47aa-a91c-bf099f830940___Crnl_L.Mold 9169.JPG,Tomato___Leaf_Mold,Tomato___Leaf_Mold,test,train,8,True
9b08003211d4d3da0c556ca3be7cb04d3c02d8779302652daaf62fb1c037663b,aaadf021bc9e70627aafd4a06b16b6ad81ff80d4deff6e6ca9f8910733f59a99,Tomato___Tomato_Yellow_Leaf_Curl_Virus/672966d2-c86a-41a4-af87-8007ac47398c___YLCV_NREC 2087.JPG,Tomato___Spider_mites Two-spotted_spider_mite/0ade19e4-c48b-4e58-bddf-153d44d48c3e___Com.G_SpM_FL 9449.JPG,Tomato___Tomato_Yellow_Leaf_Curl_Virus,Tomato___Spider_mites Two-spotted_spider_mite,train,val,8,True
9b7846c1ca35a0a36ffd46e18f93af4e0a859683eff802a2e299349e5bcf95d8,c3dff8c2d3db0ce53754a7d39ce861665f651b323fe8454493ba9ac8185aeaaa,Tomato___Tomato_Yellow_Leaf_Curl_Virus/700b2b34-d31d-436f-9a7c-59491dbe908e___UF.GRC_YLCV_Lab 03314.JPG,Tomato___Tomato_Yellow_Leaf_Curl_Virus/cf7105a7-3ba3-4676-af9b-131e89655464___UF.GRC_YLCV_Lab 03318.JPG,Tomato___Tomato_Yellow_Leaf_Curl_Virus,Tomato___Tomato_Yellow_Leaf_Curl_Virus,test,train,8,True
9b79c293770953f5a0e83d44e1f294a6ed38fde8e1a396ee488066f26d5b439d,2bc1a62092976bdd80c797e3b309c8d33225dd3a3ec3a5ed3048a3322e1cf6ae,Tomato___Bacterial_spot/02dfe58f-0ad1-4bf6-838a-e145978b1eed___GCREC_Bact.Sp 5841.JPG,Tomato___Spider_mites Two-spotted_spider_mite/f6d125d8-795a-40ac-91d7-142f6cf023eb___Com.G_SpM_FL 9262.JPG,Tomato___Bacterial_spot,Tomato___Spider_mites Two-spotted_spider_mite,train,train,8,False
9b79c293770953f5a0e83d44e1f294a6ed38fde8e1a396ee488066f26d5b439d,b34caa5f963e39158e2ff9a48db1fb1fbfeec68ba2f838164bab1a12bbcc5c00,Tomato___Bacterial_spot/02dfe58f-0ad1-4bf6-838a-e145978b1eed___GCREC_Bact.Sp 5841.JPG,Tomato___Bacterial_spot/ed72f0b8-cd69-41fd-99a8-ae792c6fa16f___GCREC_Bact.Sp 3186.JPG,Tomato___Bacterial_spot,Tomato___Bacterial_spot,train,train,8,False
9bfa818e52df71f621f4e83475040cb65b6d36ed20d7b6892c6099084aaf32ff,3757d9b11b838a49bd5315aebeb4a4f34d7304c350d4b577d8d40d3b7ba120a5,Tomato___Bacterial_spot/76bf0511-84d8-4609-94e6-248bea3d1465___GCREC_Bact.Sp 6032.JPG,Tomato___Bacterial_spot/efd6193d-7d5b-4207-999d-2aeb08cd64e2___GCREC_Bact.Sp 5739.JPG,Tomato___Bacterial_spot,Tomato___Bacterial_spot,train,train,8,False
9bfa818e52df71f621f4e83475040cb65b6d36ed20d7b6892c6099084aaf32ff,ccc38f6f9c456bf6b00b0cc4502a516291c07c813eca5831ab689e871a1369cc,Tomato___Bacterial_spot/76bf0511-84d8-4609-94e6-248bea3d1465___GCREC_Bact.Sp 6032.JPG,Tomato___Target_Spot/6b66d5e4-aacb-405a-aea0-bbc9e842822a___Com.G_TgS_FL 9726.JPG,Tomato___Bacterial_spot,Tomato___Target_Spot,train,val,8,True
9c15f1ab17f56ccccc78ebdcebd4ef597bbfc06cdc8a4372b5f95c7c618948bf,8d4feb60f8dc60e54b488413becde0ca1f946207fc2f93bfe3651ba617e95cd2,Tomato___healthy/2f9e1c60-06fc-41e9-af7d-a91c4a5e9f3d___GH_HL Leaf 504.1.JPG,Tomato___healthy/598606b2-3e32-4d1d-b86e-042a14cd24d0___GH_HL Leaf 504.2.JPG,Tomato___healthy,Tomato___healthy,train,train,8,False
9c8b07aed00abbe72616074ffc447e943cc099de5fcd4d7f2e66e33d9e1503b5,7a2d41da737e2f95fe0a8bbf1fa71a4dd83fb1081845f5a4eced78cba135da50,Tomato___Tomato_Yellow_Leaf_Curl_Virus/4d9ea47e-7afd-49f6-b8d2-01b8fc47b7ca___UF.GRC_YLCV_Lab 01570.JPG,Tomato___Tomato_Yellow_Leaf_Curl_Virus/8ae297ec-545c-467f-89f2-910b293fb9d0___UF.GRC_YLCV_Lab 01567.JPG,Tomato___Tomato_Yellow_Leaf_Curl_Virus,Tomato___Tomato_Yellow_Leaf_Curl_Virus,train,train,8,False
9cf3a985a6aead4d7049eea6ed15f0a6d928627b7b3b6147b469fe37436d9c30,cda7289b8c225c9300211b066a9f1d8dde1b2560ae403b6265c389be7f5638cd,Tomato___Bacterial_spot/b179b3d0-80cf-4dbf-9e88-b3e9b4a93b3b___GCREC_Bact.Sp 3659.JPG,Tomato___Bacterial_spot/3dbc84e0-27f1-421f-8978-82881bf846fd___GCREC_Bact.Sp 3514.JPG,Tomato___Bacterial_spot,Tomato___Bacterial_spot,train,val,8,True
9d4526bac6ccc2988935421a715db3d812ad102475d3b286a9051544723c32aa,347da076cb76a0fd6fe4df7cec24cfcb4913f3b981fd02751c24fd57cd954bff,Tomato___Early_blight/e803b217-d9a9-4b0d-9ea1-679145625159___RS_Erly.B 9571.JPG,Tomato___Septoria_leaf_spot/7cff434d-4e2f-4cda-a447-3439bbff4f89___Matt.S_CG 0805.JPG,Tomato___Early_blight,Tomato___Septoria_leaf_spot,test,test,8,False
9d4526bac6ccc2988935421a715db3d812ad102475d3b286a9051544723c32aa,790f66c8814e0638b8f69ccf740711dff48d8fd41bcc930fb800b3cecd3d1009,Tomato___Early_blight/e803b217-d9a9-4b0d-9ea1-679145625159___RS_Erly.B 9571.JPG,Tomato___Bacterial_spot/9886ea69-5a4e-4fa4-9e41-e9f65884ba9e___GCREC_Bact.Sp 3199.JPG,Tomato___Early_blight,Tomato___Bacterial_spot,test,train,8,True
9da945c155c246181fdb4e68d1099eb13af4a3c993dc83f7579438aba1075ca9,7a7ada17863dcfa3a6c17e27278b8b0473e8118c3e554c8e186a476b505c044d,Tomato___Spider_mites Two-spotted_spider_mite/4ac9c932-72ee-45a7-8602-8fc1923e9e8e___Com.G_SpM_FL 9265.JPG,Tomato___Spider_mites Two-spotted_spider_mite/8a247db8-8b37-48a7-8ea4-fa6fa1483e5a___Com.G_SpM_FL 8976.JPG,Tomato___Spider_mites Two-spotted_spider_mite,Tomato___Spider_mites Two-spotted_spider_mite,train,train,8,False
9de3431292d944f4a7681fbeb9110457cbcf10093f5c3c5761d778460130ac6a,addfd3aee4b6bd1ff2247e35f7564c55bf326a55ebaaa36dcfdefe2c5f4136a7,Tomato___Target_Spot/b786b59f-af70-454c-9818-abac52be2904___Com.G_TgS_FL 8063.JPG,Tomato___healthy/da36e4f1-58c4-456d-8ee3-b450e6619b2d___RS_HL 0475.JPG,Tomato___Target_Spot,Tomato___healthy,test,test,8,False
9e48537687159897e55ddd42f52bfb3316a51b909abf9b79f72be0d78b6b563c,9b08003211d4d3da0c556ca3be7cb04d3c02d8779302652daaf62fb1c037663b,Tomato___Target_Spot/7a911998-4bc2-4949-93a1-050d7cedca01___Com.G_TgS_FL 0768.JPG,Tomato___Tomato_Yellow_Leaf_Curl_Virus/672966d2-c86a-41a4-af87-8007ac47398c___YLCV_NREC 2087.JPG,Tomato___Target_Spot,Tomato___Tomato_Yellow_Leaf_Curl_Virus,train,train,8,False
9e9bf1d7626cb9ab57be92870e35cff4d2251bd4c04e5247d2cf016381d66871,82f7334e80b92560612baa26e2175156817e5eafb3ccc0495b659a0cb73e4ff9,Tomato___Bacterial_spot/a3085acc-b437-4987-997b-a2be5b5e9c0d___GCREC_Bact.Sp 3680.JPG,Tomato___Early_blight/b0f9d534-0c29-4185-bdd1-43b83dc586f8___RS_Erly.B 6453.JPG,Tomato___Bacterial_spot,Tomato___Early_blight,train,train,8,False
9e9bf1d7626cb9ab57be92870e35cff4d2251bd4c04e5247d2cf016381d66871,ee280033db998bafea2ac6d4bc068f9e690a864f5b9a9fcedef1f294c8906420,Tomato___Bacterial_spot/a3085acc-b437-4987-997b-a2be5b5e9c0d___GCREC_Bact.Sp 3680.JPG,Tomato___Bacterial_spot/e2286f6d-1e30-4528-ab51-84c18a16b7e1___GCREC_Bact.Sp 3503.JPG,Tomato___Bacterial_spot,Tomato___Bacterial_spot,train,train,8,False
9ed9766ef5b9e2273fb6b4f175abd5f73b30a24897147b88c3e01b6cd94f6a35,487ff0c4f44753857559351da560a8c8df7eeecffa1132a2922db3cb8588f381,Tomato___Bacterial_spot/879bb942-2577-425e-8781-9dfb540d98ac___GCREC_Bact.Sp 6072.JPG,Tomato___Bacterial_spot/d7c6cfbf-059c-40b2-b920-8a1815c32374___GCREC_Bact.Sp 6063.JPG,Tomato___Bacterial_spot,Tomato___Bacterial_spot,train,train,8,False
9ef1b3b3a44d9c6e79e65cd18be7d03f70cdbdadf07ba80296b79ac6eb1f7e30,2d5f630d723c20183ccd89b1e8c430ab4677a749ad3a34785790efe04a5528df,Tomato___healthy/b4a648b8-4132-4bfa-9a7d-13c1a8696c9b___GH_HL Leaf 295.1.JPG,Tomato___healthy/d3997d9d-f607-44f2-9473-b41db6b1116b___GH_HL Leaf 473.JPG,Tomato___healthy,Tomato___healthy,train,train,8,False
9ef1b3b3a44d9c6e79e65cd18be7d03f70cdbdadf07ba80296b79ac6eb1f7e30,a8df9fb891e5d7b310ae73d1aef0d686c596936c346cbdd0a86e30a47322f62a,Tomato___healthy/b4a648b8-4132-4bfa-9a7d-13c1a8696c9b___GH_HL Leaf 295.1.JPG,Tomato___healthy/dca7fa13-14bd-4d24-abbf-1fe2e02eac7e___GH_HL Leaf 295.JPG,Tomato___healthy,Tomato___healthy,train,train,8,False
9efbb1b097a6f3572f1f7d68fb4e9ac9d9e43305ca7927eeaf6eb06a8943b936,89e552e061467d532121de05b07b571a3918228dedf2291dee3ffa43b8680bf4,Tomato___Spider_mites Two-spotted_spider_mite/bb1743d4-c84b-4945-93cf-705eead70b21___Com.G_SpM_FL 8491.JPG,Tomato___Target_Spot/3ae1f4b2-dc70-40c5-87e1-af9461ffac5a___Com.G_TgS_FL 0658.JPG,Tomato___Spider_mites Two-spotted_spider_mite,Tomato___Target_Spot,train,val,8,True
9f0e3fc372b77e9c1ddd4b849ed6a33a9302b3c0f968ad7b5b870048f3a91da9,483d24d630476a0cf3c9096339024671b9a699004cd80cd0253265e99f1e188e,Tomato___Early_blight/db228bdf-309f-4dd5-a3c7-d77af0acadb8___RS_Erly.B 7584.JPG,Tomato___Bacterial_spot/e8d5ea0b-2943-4529-9238-b0f7d087250b___GCREC_Bact.Sp 3056.JPG,Tomato___Early_blight,Tomato___Bacterial_spot,test,train,8,True
9f0e3fc372b77e9c1ddd4b849ed6a33a9302b3c0f968ad7b5b870048f3a91da9,4b136d56263d245a20fd1a8cdf89f33b348c34e1492249b1bb0b34adaeedd433,Tomato___Early_blight/db228bdf-309f-4dd5-a3c7-d77af0acadb8___RS_Erly.B 7584.JPG,Tomato___Bacterial_spot/0893cbc5-7c6f-4ed2-863a-78f0bdb31ba0___GCREC_Bact.Sp 6174.JPG,Tomato___Early_blight,Tomato___Bacterial_spot,test,train,8,True
9f0e3fc372b77e9c1ddd4b849ed6a33a9302b3c0f968ad7b5b870048f3a91da9,892a18d1929c2c9e22ca5332c777a89c91e345d21c0a6079b21081e808b36762,Tomato___Early_blight/db228bdf-309f-4dd5-a3c7-d77af0acadb8___RS_Erly.B 7584.JPG,Tomato___Spider_mites Two-spotted_spider_mite/5c0e506b-b1cb-49a7-b764-b80b73d4244e___Com.G_SpM_FL 1196.JPG,Tomato___Early_blight,Tomato___Spider_mites Two-spotted_spider_mite,test,train,8,True
9f35d405330989f6a1a265aa7ed3989a689a5244fe46f9e690819bd2d0f896f4,3a9aa91bf401fda86dae81a73254c18ac83a3e64001fbf61afa01685332f9237,Tomato___Tomato_Yellow_Leaf_Curl_Virus/7659846e-0003-42bc-ba6f-d553ea1971b3___UF.GRC_YLCV_Lab 01644.JPG,Tomato___Tomato_mosaic_virus/ba31b5ca-1a78-46f9-a76a-c203d81077d4___PSU_CG 2401.JPG,Tomato___Tomato_Yellow_Leaf_Curl_Virus,Tomato___Tomato_mosaic_virus,train,train,8,False
9f3df4ced93b8bd2f21b3d97e03164754b2e85be1dfea0189cac49788675225f,89f36c22de8b5c557463ab480229b73d75af88406aef1578da91167662e2242b,Tomato___Septoria_leaf_spot/b06560a7-6ad1-438a-8ea2-badfe58a5f1e___Matt.S_CG 1250.JPG,Tomato___Bacterial_spot/f2ea99a2-3e21-45ff-adf0-b7cfdd955d68___GCREC_Bact.Sp 5959.JPG,Tomato___Septoria_leaf_spot,Tomato___Bacterial_spot,test,train,8,True
9fe93c506b968186d3c2e5bb12dd8fd3b625e09add297ba8618170113be772a6,ab3ab7dc66f4e4267db204ef99094af319bb4fb6970dd258739956f078804bfe,Tomato___Target_Spot/c83ff0f8-5747-4a29-a562-63fd4c21385a___Com.G_TgS_FL 9951.JPG,Tomato___Tomato_Yellow_Leaf_Curl_Virus/7656252f-8a0a-4e98-af75-b28de427afe2___YLCV_NREC 2344.JPG,Tomato___Target_Spot,Tomato___Tomato_Yellow_Leaf_Curl_Virus,train,train,8,False
9ffc36a696ff3e466679bb584010b1dd6503e045146fe5271c2a4abc2325f4c1,4886d81526e7f64e6bfffedbecdae028d84f70a1562f6e0604ea97b5b3ed1f16,Tomato___Tomato_Yellow_Leaf_Curl_Virus/40583125-415e-441b-bb55-90f417bf9c5f___YLCV_GCREC 5432.JPG,Tomato___Septoria_leaf_spot/253ddc99-8132-4710-bb89-eb83ab271abc___Matt.S_CG 0698.JPG,Tomato___Tomato_Yellow_Leaf_Curl_Virus,Tomato___Septoria_leaf_spot,test,val,8,True
9fffaab3e78da9765107c4f8cd105c51cd1f87a871e4a5a62a53dc6d3b6af9f9,2ec56142c349060de807b9554f3d57306a0d8bbc532c743c495ae1590a751a69,Tomato___Spider_mites Two-spotted_spider_mite/83d3d054-0ca6-41bd-9b65-ae5d27f9605d___Com.G_SpM_FL 1384.JPG,Tomato___Tomato_Yellow_Leaf_Curl_Virus/27772570-6dbb-40ae-b8a3-3234246b3aae___YLCV_GCREC 5167.JPG,Tomato___Spider_mites Two-spotted_spider_mite,Tomato___Tomato_Yellow_Leaf_Curl_Virus,val,val,8,False
a0039e4e8c2209edce25991b1bc21a5f4afd3f42d0d8084a08be32ae5e4e0bf5,440ccb702cb96e9f31cf3cbebf5e8174a2c48c922680d62e165c0a9376397386,Tomato___Septoria_leaf_spot/4b712088-62f3-43ff-8358-6f07279f0b8c___Keller.St_CG 1961.JPG,Tomato___Septoria_leaf_spot/e55e5031-3f13-4784-b8fc-6663323fc073___Keller.St_CG 1877.JPG,Tomato___Septoria_leaf_spot,Tomato___Septoria_leaf_spot,train,train,8,False
a038960f244a2959c1168587800e10002d9c85c4682f112fb64eb9bd1a69a867,98f3e466aaebee37f1266ea71dd5d0ab30c0d1d90342dc33422b2bad96ab6a35,Tomato___Spider_mites Two-spotted_spider_mite/df77b9e2-1bbe-416d-bb88-51ff56bc823d___Com.G_SpM_FL 1177.JPG,Tomato___Spider_mites Two-spotted_spider_mite/d626d9d0-24e6-4a85-a13d-6c40f9895e23___Com.G_SpM_FL 1334.JPG,Tomato___Spider_mites Two-spotted_spider_mite,Tomato___Spider_mites Two-spotted_spider_mite,test,train,8,True
a038960f244a2959c1168587800e10002d9c85c4682f112fb64eb9bd1a69a867,9f5da83c7ee9c9b89b1c8cf46609f7103501c52f37e5e3302554aa0747e45c01,Tomato___Spider_mites Two-spotted_spider_mite/df77b9e2-1bbe-416d-bb88-51ff56bc823d___Com.G_SpM_FL 1177.JPG,Tomato___Spider_mites Two-spotted_spider_mite/8cfb09a9-81f5-4d7f-b5d2-459ae2cead76___Com.G_SpM_FL 8536.JPG,Tomato___Spider_mites Two-spotted_spider_mite,Tomato___Spider_mites Two-spotted_spider_mite,test,val,8,True
a05b4462e711a3046d25cb40293a5e3f6af402d01d9174e63ebea91bb47d2aa9,e40bbc51f11963b3dff56443e349b66645d53bb6727879fe38bde13604032163,Tomato___Spider_mites Two-spotted_spider_mite/ae992747-4345-47c6-8499-3146eb18e4b1___Com.G_SpM_FL 9298.JPG,Tomato___Tomato_Yellow_Leaf_Curl_Virus/29a24215-3d90-4919-80cc-be0a0093011a___YLCV_GCREC 5244.JPG,Tomato___Spider_mites Two-spotted_spider_mite,Tomato___Tomato_Yellow_Leaf_Curl_Virus,train,train,8,False
a1178f20d67b653083a8df426faa78524996401bc8dd68973c2c059252ed5c9d,93b7c95efdb9bababb5aca7728b4e7b31527694979e08d1a7d53bf2c7cae6bb8,Tomato___Spider_mites Two-spotted_spider_mite/8d0dffc7-aecb-4583-b3a3-1027fb4fd3d1___Com.G_SpM_FL 9567.JPG,Tomato___Spider_mites Two-spotted_spider_mite/d60456fc-4596-45b6-97bf-ea1c5855297e___Com.G_SpM_FL 9555.JPG,Tomato___Spider_mites Two-spotted_spider_mite,Tomato___Spider_mites Two-spotted_spider_mite,val,val,8,False
a1214f9f785334c6b78a9e38c52ee45e043fa8b7d9d901344b7529b01a3fe707,9f658f448737e201341e1d245087a3c1b2e561e49dc7dfc5274a181cc9b332e8,Tomato___Tomato_Yellow_Leaf_Curl_Virus/bdba2e33-7a1d-4886-a654-bdc78fe9cacd___UF.GRC_YLCV_Lab 02201.JPG,Tomato___Tomato_Yellow_Leaf_Curl_Virus/db5a401d-fc3a-435e-86db-c3902dc0db84___UF.GRC_YLCV_Lab 02202.JPG,Tomato___Tomato_Yellow_Leaf_Curl_Virus,Tomato___Tomato_Yellow_Leaf_Curl_Virus,train,val,8,True
a14c6851075246aeb9f81d346af1ff70cb20051f4fdc2f7e9f566d37628acb1a,a86b90df25e9048f27bd6e0f5380e276810d8a5dd31fed5c88c9ad2cd301e68a,Tomato___Bacterial_spot/62398423-ef8e-4a9f-a1d0-1ebee08faafc___GCREC_Bact.Sp 3521.JPG,Tomato___Bacterial_spot/c8875e15-728e-4c47-829f-c194fee60ae5___GCREC_Bact.Sp 3296.JPG,Tomato___Bacterial_spot,Tomato___Bacterial_spot,train,train,8,False
a199fe5fd8330eeb1960103311b3dda8d02554793b7ddde9d3d85f22dcd8acfb,5fd4a4a829b9e42121600a9f61e2722e68b626912043f34c65d14e485a243a7a,Tomato___Target_Spot/2b2c841a-f3e8-4861-83d4-c00eaace0049___Com.G_TgS_FL 9897.JPG,Tomato___Target_Spot/f54e11db-832e-42a0-a872-54f315b72814___Com.G_TgS_FL 9747.JPG,Tomato___Target_Spot,Tomato___Target_Spot,train,train,8,False
a1d34cb42e896e1205b7e861cdfe8bf89796c4053a1b651b262fa23e9f518e46,97d24b185079e9afff55f7280c33dcd6f554bd674f71b8da761c7b738a275b16,Tomato___Septoria_leaf_spot/0751ddb1-c3ee-46ee-bee1-46c24c567dc2___Matt.S_CG 6116.JPG,Tomato___Tomato_Yellow_Leaf_Curl_Virus/9f5ef8de-d896-4d9d-a824-080e4238850f___UF.GRC_YLCV_Lab 02089.JPG,Tomato___Septoria_leaf_spot,Tomato___Tomato_Yellow_Leaf_Curl_Virus,test,train,8,True
a1d34cb42e896e1205b7e861cdfe8bf89796c4053a1b651b262fa23e9f518e46,e22731d7f21e87aa43b703b1a8cef3cb94e25fd6d4f6f48e071ec161b17794b1,Tomato___Septoria_leaf_spot/0751ddb1-c3ee-46ee-bee1-46c24c567dc2___Matt.S_CG 6116.JPG,Tomato___Spider_mites Two-spotted_spider_mite/d64bb364-65c3-401d-b9b9-56fad8fbfdd8___Com.G_SpM_FL 8804.JPG,Tomato___Septoria_leaf_spot,Tomato___Spider_mites Two-spotted_spider_mite,test,train,8,True
a240f281e56d100d9b99a74ed7bc2daa8f779a87f9b2c1936df9a03ae565c515,bcd6566abf76f0c86bf91873223435110249516ddd2e0f06d9bffd142ddc9d2e,Tomato___Spider_mites Two-spotted_spider_mite/77659538-6771-4e5d-95a5-be6c55c8f308___Com.G_SpM_FL 9614.JPG,Tomato___Tomato_Yellow_Leaf_Curl_Virus/3c6bd94d-921c-4860-b355-9cc8f4e0f8cc___YLCV_GCREC 2378.JPG,Tomato___Spider_mites Two-spotted_spider_mite,Tomato___Tomato_Yellow_Leaf_Curl_Virus,test,train,8,True
a240f281e56d100d9b99a74ed7bc2daa8f779a87f9b2c1936df9a03ae565c515,dc5999f33407ea2a8500f3feeabaa030eff8faa8d5c02518914235e5ba92046a,Tomato___Spider_mites Two-spotted_spider_mite/77659538-6771-4e5d-95a5-be6c55c8f308___Com.G_SpM_FL 9614.JPG,Tomato___Spider_mites Two-spotted_spider_mite/2cd8d4c9-6eb7-4ed2-808f-df3ae1aedf7a___Com.G_SpM_FL 9621.JPG,Tomato___Spider_mites Two-spotted_spider_mite,Tomato___Spider_mites Two-spotted_spider_mite,test,train,8,True
a29ddf9185a49b406643096384be83b68a1ce5aded7c559f3b9e1cd23fc0fde4,f6ec579d4f1c72f71ffb6933ebd90fc62c3fca65f571ac3fc0c6097550c6921e,Tomato___Spider_mites Two-spotted_spider_mite/72ea3559-17ea-4441-8188-bc561e66ff06___Com.G_SpM_FL 1400.JPG,Tomato___Spider_mites Two-spotted_spider_mite/b9323ad5-caaf-4c56-8cd8-1a638c11f79d___Com.G_SpM_FL 8594.JPG,Tomato___Spider_mites Two-spotted_spider_mite,Tomato___Spider_mites Two-spotted_spider_mite,train,train,8,False
a2a680eb0f36cb47a9757ce296438f2f9f1b912f79e72a58e1e8bab4865d9580,fb1b1f14efe4142bf9e0299191937e7e839bbb07f986e05b8ded1220f81b9262,Tomato___Tomato_Yellow_Leaf_Curl_Virus/3c05bb5b-6671-49aa-88b7-246f2bfd9996___YLCV_GCREC 2846.JPG,Tomato___Spider_mites Two-spotted_spider_mite/9e86198b-55c7-45b2-821f-42e0ca05312c___Com.G_SpM_FL 9417.JPG,Tomato___Tomato_Yellow_Leaf_Curl_Virus,Tomato___Spider_mites Two-spotted_spider_mite,test,train,8,True
a2b2963c89e94d094201de8b0b70312b18a8904f89e167013565286d8d2bfb9a,2dbc7718589f26927ab1089d34f08e1d87a9bd74aff5cb39f664bef731763944,Tomato___Spider_mites Two-spotted_spider_mite/36c530f3-b5e1-414b-ab82-198e8d66ebab___Com.G_SpM_FL 8460.JPG,Tomato___Spider_mites Two-spotted_spider_mite/9fd01a9c-be59-4d02-aca8-7d28170ea727___Com.G_SpM_FL 1588.JPG,Tomato___Spider_mites Two-spotted_spider_mite,Tomato___Spider_mites Two-spotted_spider_mite,train,train,8,False
a2b3f8a329ca2124928ce887cea80c7e38948b4109a25078c0dda33a94741fc2,87dc3cd210111b8ec5878a96dcdabb9db6635a260dbeb7a9c2f79c965cb03875,Tomato___Early_blight/8647963f-aacb-44f3-82bc-fa749bc65694___RS_Erly.B 6391.JPG,Tomato___Septoria_leaf_spot/caa74798-7dab-43f3-8ed0-f53d79cb31db___JR_Sept.L.S 8397.JPG,Tomato___Early_blight,Tomato___Septoria_leaf_spot,train,train,8,False
a3961b19668857969cca0ddb9a6dadbcd4a54ef18ed1305275feb41be9a33f64,163d84561b7bdcb3b530d3142596ef64c468e409f268b6e678a552b79039ccc6,Tomato___Tomato_Yellow_Leaf_Curl_Virus/e55470c7-4232-4271-b3e4-be5ecc9974b3___YLCV_GCREC 1976.JPG,Tomato___Septoria_leaf_spot/de5db2f2-c55f-4f1f-9d7e-2c9bf41b1abb___Matt.S_CG 0782.JPG,Tomato___Tomato_Yellow_Leaf_Curl_Virus,Tomato___Septoria_leaf_spot,test,train,8,True
a3961b19668857969cca0ddb9a6dadbcd4a54ef18ed1305275feb41be9a33f64,a1810c8057fbc3e6dfc947e6eeb9bf452fd242641b3f1742c3fd7bed5d327d80,Tomato___Tomato_Yellow_Leaf_Curl_Virus/e55470c7-4232-4271-b3e4-be5ecc9974b3___YLCV_GCREC 1976.JPG,Tomato___Tomato_Yellow_Leaf_Curl_Virus/1c28ac78-ae5c-4e33-81bb-c2311ded2d8d___YLCV_GCREC 2560.JPG,Tomato___Tomato_Yellow_Leaf_Curl_Virus,Tomato___Tomato_Yellow_Leaf_Curl_Virus,test,val,8,True
a3961b19668857969cca0ddb9a6dadbcd4a54ef18ed1305275feb41be9a33f64,b3070a8dba2b117258c05b7a62d13fc0ccc93b113b8a5259dcc968e4ae8cd4dc,Tomato___Tomato_Yellow_Leaf_Curl_Virus/e55470c7-4232-4271-b3e4-be5ecc9974b3___YLCV_GCREC 1976.JPG,Tomato___Bacterial_spot/86bcf005-a793-4d1f-a767-99548b4c3aa6___GCREC_Bact.Sp 3131.JPG,Tomato___Tomato_Yellow_Leaf_Curl_Virus,Tomato___Bacterial_spot,test,val,8,True
a3a88ae4580b2134bf122124f7da8b6423e29581f66bd2c1d9826b269ec1c964,e5c63d76e755245ef7dd273224ad960a65eace34786cb02ed5c0fc4ee3a4cfc5,Tomato___Tomato_Yellow_Leaf_Curl_Virus/41b73fb7-4f01-4519-8876-afb3c716fbe1___UF.GRC_YLCV_Lab 02120.JPG,Tomato___Tomato_Yellow_Leaf_Curl_Virus/cd37cbce-e141-40a5-8af6-8fa6790c7ed3___UF.GRC_YLCV_Lab 02128.JPG,Tomato___Tomato_Yellow_Leaf_Curl_Virus,Tomato___Tomato_Yellow_Leaf_Curl_Virus,train,val,8,True
a3a88ae4580b2134bf122124f7da8b6423e29581f66bd2c1d9826b269ec1c964,e8404857080cc2ede4001c6451eee1de288a11d5f20152cec583dfa04a491c07,Tomato___Tomato_Yellow_Leaf_Curl_Virus/41b73fb7-4f01-4519-8876-afb3c716fbe1___UF.GRC_YLCV_Lab 02120.JPG,Tomato___Tomato_Yellow_Leaf_Curl_Virus/de18b33c-5efe-4b8f-89f0-d7a280898cfe___UF.GRC_YLCV_Lab 02121.JPG,Tomato___Tomato_Yellow_Leaf_Curl_Virus,Tomato___Tomato_Yellow_Leaf_Curl_Virus,train,val,8,True
a441dd3345a0c53f0b8a5b5ac8844f1d0c547206fe647844c07b98f970fe401c,1d2818cb1f800e7ec0c32908a8e059ae390c5d8076a3e909e1ef87ab47e71c2d,Tomato___Tomato_Yellow_Leaf_Curl_Virus/3f2be9e5-4587-4559-8b49-7cad446c4d98___YLCV_GCREC 2733.JPG,Tomato___Tomato_Yellow_Leaf_Curl_Virus/d250bc4b-6d82-4294-9659-419b0e6775c1___YLCV_GCREC 2549.JPG,Tomato___Tomato_Yellow_Leaf_Curl_Virus,Tomato___Tomato_Yellow_Leaf_Curl_Virus,train,val,8,True
a476784014ebf56c111a136af2aa9d1522563bed5fcc90ee8b9b71b7bc06f6c1,8bf783da0f66cdc90edc4c60b3a78af3a018e8b87112a7c6c023f68111bda963,Tomato___Tomato_Yellow_Leaf_Curl_Virus/2f8099f2-6966-44f7-a938-227e08a79c80___YLCV_NREC 2375.JPG,Tomato___Septoria_leaf_spot/17c7e5bd-f44e-4dbd-9cd0-f0dbcc654306___JR_Sept.L.S 8557.JPG,Tomato___Tomato_Yellow_Leaf_Curl_Virus,Tomato___Septoria_leaf_spot,test,train,8,True
a4c43f799cabbecfc8e3fcb247b565165b6956951bb89709fe4124673e0fd826,9a140f37c379a3143b1876dbc89df776de7be4ebff58a9d82e934f2717cce1c6,Tomato___Septoria_leaf_spot/224c7002-2660-42fb-9be0-f55f7fa49e14___Matt.S_CG 7647.JPG,Tomato___Early_blight/0c221e01-a85e-4794-b45b-3a91e349a8d2___RS_Erly.B 6425.JPG,Tomato___Septoria_leaf_spot,Tomato___Early_blight,test,train,8,True
a4ccaa5fb875c7f933c41f504f7f5ef785486cf1d0f293cb2a35c08cec90e51a,f6755df8fe141ee594875cedcf29e614978bccc94ed9f3b2d51ab580f8a6fd7a,Tomato___Bacterial_spot/dfc16b5b-67c4-4725-982f-c7282f514b38___GCREC_Bact.Sp 3100.JPG,Tomato___Septoria_leaf_spot/f5914b3e-63c9-45bb-8c7c-e9919ee09018___Matt.S_CG 0738.JPG,Tomato___Bacterial_spot,Tomato___Septoria_leaf_spot,train,train,8,False
a4cec199fd8c1b7dc43d344456558650b2fe67498f5a6c388e4145c56d4ed675,0b26d2017a6da767fb6199d89c7f01d5bdc06def83d0dc7e948c131e7c64cc62,Tomato___Tomato_Yellow_Leaf_Curl_Virus/2a276c6e-c072-4cc8-a1ff-8de64e4b8548___UF.GRC_YLCV_Lab 01361.JPG,Tomato___Bacterial_spot/a75e41ac-5944-4698-876b-1d0716934982___GCREC_Bact.Sp 5970.JPG,Tomato___Tomato_Yellow_Leaf_Curl_Virus,Tomato___Bacterial_spot,train,val,8,True
a55c20bca9502fa505c9764c67529383d42faf88df7594797a9002c8a6b8f0fc,6c61ce49665e001e6c1c1fb222f3c7956ead6089dcae20a9ef96e4e51d366bbc,Tomato___Bacterial_spot/c9a8b799-6159-415d-a82d-8aeb4db76d87___GCREC_Bact.Sp 3701.JPG,Tomato___Bacterial_spot/e2c80b64-2520-49c4-bedc-a604355be09b___GCREC_Bact.Sp 3609.JPG,Tomato___Bacterial_spot,Tomato___Bacterial_spot,train,val,8,True
a58a75b962eb0a28d704f7d22dc6fdcbfc88d30c2e066190c15bf3bca1e1e3f3,cc22b307deb22bd846d681dee95a6f4eec30dfa97484aee20873e2bbf3a937e6,Tomato___healthy/6890c333-c7d2-4d50-8734-f70b61cef213___GH_HL Leaf 447.1.JPG,Tomato___healthy/d76f5b4a-9205-4a14-9181-5d3add326231___GH_HL Leaf 447.JPG,Tomato___healthy,Tomato___healthy,train,val,8,True
a5e9e9d959528a3825ba3dc9a0c2f39002b11fa670d07f6f071eacb9386cb5e5,398358d5f248c1a902d6d30e4f8653f8828591d2912d932914ebd2263791f5d5,Tomato___Bacterial_spot/1a017b74-a549-433b-979b-3e3ace67b50d___GCREC_Bact.Sp 5715.JPG,Tomato___Bacterial_spot/5b2bff7b-208c-4ec6-adfd-b60b081916c1___GCREC_Bact.Sp 5955.JPG,Tomato___Bacterial_spot,Tomato___Bacterial_spot,test,train,8,True
a5f6cbebd36e5bce98183da632d551066bfacaa1fde956af426dcc5c7de3a031,79e3405b93570e56b421dc2d4fda845cc98d9772685d18daf76fb6949e495368,Tomato___Spider_mites Two-spotted_spider_mite/f5eec0e2-699a-484e-91dd-c91f6c03a2c5___Com.G_SpM_FL 8547.JPG,Tomato___Tomato_Yellow_Leaf_Curl_Virus/3e3324fe-c455-4fd7-9373-0d9af52a13a0___YLCV_GCREC 2221.JPG,Tomato___Spider_mites Two-spotted_spider_mite,Tomato___Tomato_Yellow_Leaf_Curl_Virus,train,val,8,True
a5f6cbebd36e5bce98183da632d551066bfacaa1fde956af426dcc5c7de3a031,b778357c8bd2c4bec5c857e88cc58eb8f4e87fc2e29c80a6addcf5e351ca459e,Tomato___Spider_mites Two-spotted_spider_mite/f5eec0e2-699a-484e-91dd-c91f6c03a2c5___Com.G_SpM_FL 8547.JPG,Tomato___Tomato_Yellow_Leaf_Curl_Virus/fd5f95ea-6266-4b62-ac18-4773b178daf3___YLCV_NREC 0129.JPG,Tomato___Spider_mites Two-spotted_spider_mite,Tomato___Tomato_Yellow_Leaf_Curl_Virus,train,val,8,True
a616d9037d30a815f17a2d375e9ad9d216e804579797f9dd1f0424121c5e1e1e,77ea32a420c5d3b24d20d0ed19af2cc7c8a109a5add81e443cbe8803027afc6e,Tomato___Bacterial_spot/55dae2a7-f763-4fc0-be79-d658090aab1d___GCREC_Bact.Sp 5698.JPG,Tomato___Bacterial_spot/7684341d-0c30-4bc4-98c5-e09a96483692___GCREC_Bact.Sp 5695.JPG,Tomato___Bacterial_spot,Tomato___Bacterial_spot,train,train,8,False
a616d9037d30a815f17a2d375e9ad9d216e804579797f9dd1f0424121c5e1e1e,b778eec1d706671264219950c349e2f1264e7efb23dd578e0964ef8a5ebea399,Tomato___Bacterial_spot/55dae2a7-f763-4fc0-be79-d658090aab1d___GCREC_Bact.Sp 5698.JPG,Tomato___Septoria_leaf_spot/f8f528ee-f9c3-47cb-b67f-a9265d86d9d1___Matt.S_CG 1446.JPG,Tomato___Bacterial_spot,Tomato___Septoria_leaf_spot,train,val,8,True
a61d186606a13b3904ac02da89b0f07b2d0270653e434222aba3000c08d08ec1,9f36446fe4a2e0bc0fd5b2a0f606bbf14442c57295bfd7e52e56c638effc5343,Tomato___Tomato_Yellow_Leaf_Curl_Virus/e90bbe3d-2036-47be-99e9-359839e4a710___UF.GRC_YLCV_Lab 02160.JPG,Tomato___Tomato_Yellow_Leaf_Curl_Virus/5cc16f74-0be9-4661-9f7a-c9ea665d2f8f___UF.GRC_YLCV_Lab 02173.JPG,Tomato___Tomato_Yellow_Leaf_Curl_Virus,Tomato___Tomato_Yellow_Leaf_Curl_Virus,train,val,8,True
a6781d0d51a3c1ff0ebe69d1b41c3fc391f8c315f0a85d905d68898e255d84c0,27d78934af369a9202c948254faf4eab6f6ea69a3fcf6a8042706e3bf87e60ac,Tomato___Bacterial_spot/ba2bdb7a-35c7-4842-a8e0-af3eac603cad___GCREC_Bact.Sp 6034.JPG,Tomato___Bacterial_spot/cefc70ed-e035-44fb-afaf-32401833a800___GCREC_Bact.Sp 3583.JPG,Tomato___Bacterial_spot,Tomato___Bacterial_spot,train,train,8,False
a6781d0d51a3c1ff0ebe69d1b41c3fc391f8c315f0a85d905d68898e255d84c0,7207a45a29550cfe4d20cc3255a98b061d4666138ce74d13f5ec2ad4f5c1efa4,Tomato___Bacterial_spot/ba2bdb7a-35c7-4842-a8e0-af3eac603cad___GCREC_Bact.Sp 6034.JPG,Tomato___Early_blight/8a13da5b-4bc2-485a-962d-df8c6634ea00___RS_Erly.B 7519.JPG,Tomato___Bacterial_spot,Tomato___Early_blight,train,train,8,False
a69df4ee6bc18925450e126d53ac0be468a1f793058a79b7b6d78ad385b77fc7,18799ef90c8cc35fb07937f504d1a4859a382737af49fc0a4323f3b943ca0c19,Tomato___Septoria_leaf_spot/3ddb7094-9ee7-473d-8a01-b48ce8eda506___Matt.S_CG 6719.JPG,Tomato___Tomato_Yellow_Leaf_Curl_Virus/c438b6b2-d243-429a-b06b-9ef7e1557fb2___YLCV_GCREC 2482.JPG,Tomato___Septoria_leaf_spot,Tomato___Tomato_Yellow_Leaf_Curl_Virus,train,train,8,False
a6bef3f454c35d7f69887b510c97dea11a98904c7f3b1b74a907e108c51bb83e,bd0c17f2e733da7adbfe938b7cf9620eef09a9d6a82e73c8e8ff73ae65bc1d17,Tomato___Bacterial_spot/484ce1a5-f249-43ed-afb7-9cd7c2173e29___GCREC_Bact.Sp 3596.JPG,Tomato___Tomato_Yellow_Leaf_Curl_Virus/9e2e976b-ecec-47e7-933a-cdba00cb334d___YLCV_GCREC 2418.JPG,Tomato___Bacterial_spot,Tomato___Tomato_Yellow_Leaf_Curl_Virus,train,train,8,False
a6e0e7519cc76dac7e596119ac0a57bae3877115cf3fe57a635bc8558afc4399,9887f333a50691d88b614faf7d42da41f254f59ebf94aeed8700dd4e54f24f75,Tomato___Septoria_leaf_spot/9b24d726-394f-4db4-b87d-a87a4def7b85___JR_Sept.L.S 2594.JPG,Tomato___Bacterial_spot/6c3b5a9c-61fa-4818-ba3b-176cd83e2b19___GCREC_Bact.Sp 5605.JPG,Tomato___Septoria_leaf_spot,Tomato___Bacterial_spot,test,train,8,True
a6e0e7519cc76dac7e596119ac0a57bae3877115cf3fe57a635bc8558afc4399,e38752b3eb03c5793d5a362bcb46bf28073d8adaf03bdcc0aba4744476ea1ba0,Tomato___Septoria_leaf_spot/9b24d726-394f-4db4-b87d-a87a4def7b85___JR_Sept.L.S 2594.JPG,Tomato___Bacterial_spot/a6d6640b-c086-44f5-a53f-8cb59f72a7b4___GCREC_Bact.Sp 5886.JPG,Tomato___Septoria_leaf_spot,Tomato___Bacterial_spot,test,val,8,True
a720c35eb81dce10a823503b0eb3c87e352e20c76dd714ea5b99bb80327f2083,8e4acf98d93903dfc03e85ae99e7cc746d9b7307b129d5328cab07d3afe9debb,Tomato___Late_blight/902aed86-4d96-4a9b-9742-f01ae845c22c___GHLB2 Leaf 9037.JPG,Tomato___Late_blight/a1df42a3-9ea0-491b-a075-14b6ae8068dd___GHLB2 Leaf 8664.JPG,Tomato___Late_blight,Tomato___Late_blight,train,train,8,False
a774efa4df2b00fa0e78b740a872f1824a71a9f55c294ba5549693d500eca156,0809d678bec5d0a1736c00c242518feca61b50d820c339ed3d635e89ca958bd3,Tomato___Spider_mites Two-spotted_spider_mite/f702e4c1-fe56-41c5-9ee8-ccb06d8dce13___Com.G_SpM_FL 9528.JPG,Tomato___Spider_mites Two-spotted_spider_mite/bafa7923-1efe-4e44-94b0-9427b6726bc1___Com.G_SpM_FL 9525.JPG,Tomato___Spider_mites Two-spotted_spider_mite,Tomato___Spider_mites Two-spotted_spider_mite,test,train,8,True
a774efa4df2b00fa0e78b740a872f1824a71a9f55c294ba5549693d500eca156,19b42dc0c5106f61b466b60f316b2e395fc7202ae3999fc2b5d58bb42473d8e0,Tomato___Spider_mites Two-spotted_spider_mite/f702e4c1-fe56-41c5-9ee8-ccb06d8dce13___Com.G_SpM_FL 9528.JPG,Tomato___Spider_mites Two-spotted_spider_mite/2028bc26-062e-4113-923e-7e0f7b47ad6b___Com.G_SpM_FL 9461.JPG,Tomato___Spider_mites Two-spotted_spider_mite,Tomato___Spider_mites Two-spotted_spider_mite,test,train,8,True
a774efa4df2b00fa0e78b740a872f1824a71a9f55c294ba5549693d500eca156,9788e5a401196d3d3069669c9832f50a1256b00f5b8520c14f0d13d630de820a,Tomato___Spider_mites Two-spotted_spider_mite/f702e4c1-fe56-41c5-9ee8-ccb06d8dce13___Com.G_SpM_FL 9528.JPG,Tomato___Tomato_Yellow_Leaf_Curl_Virus/5133c1b3-8a52-44a9-9c34-b9c4ea54b301___YLCV_GCREC 5347.JPG,Tomato___Spider_mites Two-spotted_spider_mite,Tomato___Tomato_Yellow_Leaf_Curl_Virus,test,val,8,True
a774efa4df2b00fa0e78b740a872f1824a71a9f55c294ba5549693d500eca156,db8a82680c022952727a5e6a429e1d68194eac1ad7b51f2f6b64d509246c1533,Tomato___Spider_mites Two-spotted_spider_mite/f702e4c1-fe56-41c5-9ee8-ccb06d8dce13___Com.G_SpM_FL 9528.JPG,Tomato___healthy/167247af-fd67-4b70-a72e-052dc5ea863b___GH_HL Leaf 388.1.JPG,Tomato___Spider_mites Two-spotted_spider_mite,Tomato___healthy,test,train,8,True
a7ffa1c3426c98d7915e97388130764b448520953a79d3fb27e55841b7e72933,b465a36bbeba6988d054d7d3e8d389bfc2141e9c44edaacd8919302217603c9c,Tomato___Bacterial_spot/6b463262-379a-4694-affa-1030a9f4c087___GCREC_Bact.Sp 3366.JPG,Tomato___Bacterial_spot/fb703e38-2ea0-468f-9958-0f88be8e1fb0___GCREC_Bact.Sp 3126.JPG,Tomato___Bacterial_spot,Tomato___Bacterial_spot,train,val,8,True
a865492c60d380e17c0576c27a48cca9c252bd4d56876e78fa4aa375223fcd92,b5792db8fb511bade57dbb94aae3b750bc157f8a8fe8a3462b73c6d02bbda41f,Tomato___Spider_mites Two-spotted_spider_mite/db803ddd-cb31-4a25-8ba0-b4134d677ca9___Com.G_SpM_FL 8487.JPG,Tomato___Target_Spot/8c034f61-0b93-4b14-b5d6-5ed385cb93b1___Com.G_TgS_FL 7892.JPG,Tomato___Spider_mites Two-spotted_spider_mite,Tomato___Target_Spot,test,train,8,True
a86737791f45e4eeda9ce71ae317568abca857fb68727bbabac844a8fd045403,4c81ab09460709468609d759ed8db0d348ccd92b136fc4d8bd614c4571d0d61f,Tomato___Tomato_Yellow_Leaf_Curl_Virus/a27029a9-c2c5-4e04-b25e-ef96524d6c35___UF.GRC_YLCV_Lab 02618.JPG,Tomato___Tomato_Yellow_Leaf_Curl_Virus/720c12e4-f0ee-4e1d-8505-e615df06bbef___UF.GRC_YLCV_Lab 02624.JPG,Tomato___Tomato_Yellow_Leaf_Curl_Virus,Tomato___Tomato_Yellow_Leaf_Curl_Virus,test,train,8,True
a86737791f45e4eeda9ce71ae317568abca857fb68727bbabac844a8fd045403,833a593e91b1db3f9f3e6bfaeb83e2378107c2ac9f86f01c61b04fe56798b1a8,Tomato___Tomato_Yellow_Leaf_Curl_Virus/a27029a9-c2c5-4e04-b25e-ef96524d6c35___UF.GRC_YLCV_Lab 02618.JPG,Tomato___Tomato_Yellow_Leaf_Curl_Virus/bb292b2e-4447-4433-bab9-d8e1e29c7d5b___UF.GRC_YLCV_Lab 02635.JPG,Tomato___Tomato_Yellow_Leaf_Curl_Virus,Tomato___Tomato_Yellow_Leaf_Curl_Virus,test,train,8,True
a86b90df25e9048f27bd6e0f5380e276810d8a5dd31fed5c88c9ad2cd301e68a,f0813658453d54467aa5c00c037388ec6472823079342b0dbd7d36f15d9bcb8f,Tomato___Bacterial_spot/c8875e15-728e-4c47-829f-c194fee60ae5___GCREC_Bact.Sp 3296.JPG,Tomato___Bacterial_spot/e98fdfc0-1871-4b7d-b32a-35731e973289___GCREC_Bact.Sp 5834.JPG,Tomato___Bacterial_spot,Tomato___Bacterial_spot,train,train,8,False
a8c9b5201c343aca24f64ed345e0a065e9c8af32b3418ad2bbb487e407b85553,a3b75f68beaf82ff94c5cfec0733ae26c76a61a23980cf0bc7b72dfea1bd6a16,Tomato___Tomato_Yellow_Leaf_Curl_Virus/aed8ece7-c19f-4fa6-b831-89c36e33adb3___UF.GRC_YLCV_Lab 02396.JPG,Tomato___Late_blight/e2da8dd8-6170-4106-8aa2-5b45d7aa2ff2___RS_Late.B 6159.JPG,Tomato___Tomato_Yellow_Leaf_Curl_Virus,Tomato___Late_blight,train,val,8,True
a9192896b91ea2de4d0437bbc35c1bf0d68e529c8a0a0e91ce5be9581e48d8ff,381e377bf7f6f64a6b618e4bd1bbb54a442d3c2b127b429b9a35273de5baad45,Tomato___Spider_mites Two-spotted_spider_mite/3ca50b98-7e7c-4164-b53f-abf3c28b513f___Com.G_SpM_FL 1740.JPG,Tomato___Spider_mites Two-spotted_spider_mite/52d800b0-dd7d-45a7-b696-5204fb0964d8___Com.G_SpM_FL 1760.JPG,Tomato___Spider_mites Two-spotted_spider_mite,Tomato___Spider_mites Two-spotted_spider_mite,train,train,8,False
a98caa358e393205c60e807d505ede86713e903c3347ee671e0b2f79ec76d81f,8b2344e87d4ceab18719b291698b4e26fd6920b6309a2b731959fc57f54f1d44,Tomato___Tomato_Yellow_Leaf_Curl_Virus/5dbf5b6b-fd4a-4731-bb30-05b8841cddd3___UF.GRC_YLCV_Lab 02495.JPG,Tomato___Tomato_Yellow_Leaf_Curl_Virus/66ea6db9-ceb3-4be0-a4ae-ecf319b6897c___UF.GRC_YLCV_Lab 02505.JPG,Tomato___Tomato_Yellow_Leaf_Curl_Virus,Tomato___Tomato_Yellow_Leaf_Curl_Virus,train,train,8,False
a9b79887053530b961879099d6b339d9e0a5072cc68d5012917b52430719e74c,4516367a833352c8c3393de4e16d45dea1405e64988121645b7e27232db38cc0,Tomato___Late_blight/117a7f38-eaa6-4f88-b892-33e2a66d77d5___RS_Late.B 5129.JPG,Tomato___Septoria_leaf_spot/d2d13290-3e84-4c25-adcf-aa68bc6d70ba___Matt.S_CG 7630.JPG,Tomato___Late_blight,Tomato___Septoria_leaf_spot,test,train,8,True
a9ca7074c2dd5fad8dad1d3460d070b851f5c9ae5a3bfe9e831c7b8e495e0138,ff9829a9b2432ba0ad8d95aab1e113a5d3b008713ccdbaddffe1c3b12280ba21,Tomato___Late_blight/5689609d-1132-425a-96d3-070900666ffc___RS_Late.B 5455.JPG,Tomato___Late_blight/ac89de10-2de8-40a4-8f6e-f0a37e97cd57___RS_Late.B 5126.JPG,Tomato___Late_blight,Tomato___Late_blight,train,train,8,False
aa2d6dda8a66617617a890e53ae5477ae499f94248c3e9177246b8dbceb1573e,2e99e30ff1cd326c00b2f2bee0e6a49aa511e6fb1aefc621423f58ea45684040,Tomato___Spider_mites Two-spotted_spider_mite/75ff9553-3292-4a04-b856-2268da814f68___Com.G_SpM_FL 8548.JPG,Tomato___Spider_mites Two-spotted_spider_mite/d2184d36-c149-4bab-bc07-66c9afce4567___Com.G_SpM_FL 9507.JPG,Tomato___Spider_mites Two-spotted_spider_mite,Tomato___Spider_mites Two-spotted_spider_mite,train,train,8,False
aa418d06af875d47c65b0eaff5744a630b88d7b9f0bd1af6eb4624f106e21c6e,212829c4c40f799562927ce53b931280ada333e531f89c32a0089b330beba4d2,Tomato___Leaf_Mold/81ea3777-2cc4-473a-bbeb-062bd1b09224___Crnl_L.Mold 6893.JPG,Tomato___Septoria_leaf_spot/c363173e-e72f-4aeb-937b-29f60598736d___JR_Sept.L.S 8563.JPG,Tomato___Leaf_Mold,Tomato___Septoria_leaf_spot,train,train,8,False
aa6b1e3a972bb8b00d797c8d40b32cf50f65374930588f634035d5955be1f555,0665e163c96931e2b6bfc409a265cc8cd8d4143792597beb39738d64f3834c4c,Tomato___Bacterial_spot/c37d3b8a-fecc-488a-ab78-c00f5240283c___GCREC_Bact.Sp 3343.JPG,Tomato___Spider_mites Two-spotted_spider_mite/b3ff8412-603f-47c7-855f-3670ffb84ee5___Com.G_SpM_FL 9266.JPG,Tomato___Bacterial_spot,Tomato___Spider_mites Two-spotted_spider_mite,train,train,8,False
aa6b1e3a972bb8b00d797c8d40b32cf50f65374930588f634035d5955be1f555,911a7be54932f8f6236c221b83dd09dcea65912970a514a1968f339b3f6fa453,Tomato___Bacterial_spot/c37d3b8a-fecc-488a-ab78-c00f5240283c___GCREC_Bact.Sp 3343.JPG,Tomato___Bacterial_spot/ef3bf2b8-ec6f-43ca-9153-c96444337dfa___GCREC_Bact.Sp 3418.JPG,Tomato___Bacterial_spot,Tomato___Bacterial_spot,train,train,8,False
aa9532a944fdfe13f338062738482f796f046f4401aeaa069099a47ef8e2cdea,d7264fd0a4e1da33e71c367fa8c384966277af9140e8d9fbee5e736ec26ec932,Tomato___Early_blight/fbe86131-6873-460e-880a-6ee8576b6bc9___RS_Erly.B 7551.JPG,Tomato___Tomato_Yellow_Leaf_Curl_Virus/3943bfd9-6db3-4f82-b298-0f807f2c6e69___YLCV_GCREC 5250.JPG,Tomato___Early_blight,Tomato___Tomato_Yellow_Leaf_Curl_Virus,train,train,8,False
aa9646a274fcdad74d5b25599e02900fa79da0e8e6abf1464b483e9d1762dafe,89f36c22de8b5c557463ab480229b73d75af88406aef1578da91167662e2242b,Tomato___Bacterial_spot/9bfadeb9-dc2c-45fb-b687-7ae6f3dcc906___UF.GRC_BS_Lab Leaf 8789.JPG,Tomato___Bacterial_spot/f2ea99a2-3e21-45ff-adf0-b7cfdd955d68___GCREC_Bact.Sp 5959.JPG,Tomato___Bacterial_spot,Tomato___Bacterial_spot,train,train,8,False
aa9a099dcbb8b0da9597e1beedd4aabf4b2240f20a6a5b8464c58a3f3ff98cbc,295dbb25339ca599cbbf6b5741878c62662b37da150d401f4a04f19c24835263,Tomato___Bacterial_spot/a7af4903-9aae-45be-990d-adfca4510cfa___GCREC_Bact.Sp 5872.JPG,Tomato___Septoria_leaf_spot/fab1ca61-1ab4-4e27-9c15-a48eeacd2959___JR_Sept.L.S 2617.JPG,Tomato___Bacterial_spot,Tomato___Septoria_leaf_spot,train,train,8,False
aa9a099dcbb8b0da9597e1beedd4aabf4b2240f20a6a5b8464c58a3f3ff98cbc,6178c924a426862332b4c772ae6a489a4d7a6ce1bfe92089208ab74c4f473d8c,Tomato___Bacterial_spot/a7af4903-9aae-45be-990d-adfca4510cfa___GCREC_Bact.Sp 5872.JPG,Tomato___Tomato_Yellow_Leaf_Curl_Virus/075ab58c-8001-4e5e-a9d2-5dbf218ee100___YLCV_NREC 2052.JPG,Tomato___Bacterial_spot,Tomato___Tomato_Yellow_Leaf_Curl_Virus,train,train,8,False
aa9a099dcbb8b0da9597e1beedd4aabf4b2240f20a6a5b8464c58a3f3ff98cbc,6674d2740895af1b0e32213971fdc7c57156bb917dc7edfee5db20afd2aee182,Tomato___Bacterial_spot/a7af4903-9aae-45be-990d-adfca4510cfa___GCREC_Bact.Sp 5872.JPG,Tomato___Bacterial_spot/ccfdfe87-72ec-4b17-bd86-9f0bb242dfd5___GCREC_Bact.Sp 3367.JPG,Tomato___Bacterial_spot,Tomato___Bacterial_spot,train,val,8,True
aa9a099dcbb8b0da9597e1beedd4aabf4b2240f20a6a5b8464c58a3f3ff98cbc,b2483e217f6613b3b34c41b99140d72cb3f342c4e4bae0bf746d28d26652d294,Tomato___Bacterial_spot/a7af4903-9aae-45be-990d-adfca4510cfa___GCREC_Bact.Sp 5872.JPG,Tomato___Tomato_Yellow_Leaf_Curl_Virus/d9a67b32-d238-4277-a1d9-b32fef751762___YLCV_GCREC 2145.JPG,Tomato___Bacterial_spot,Tomato___Tomato_Yellow_Leaf_Curl_Virus,train,train,8,False
aab8a53c12d317e6bb3528626a93c3089109e79a00ccf71b565940ad035e0f82,a92d5bca8f8cced4fda553f435680f1ed3ff795aef8d61865de4dbdadd5b3c42,Tomato___Tomato_Yellow_Leaf_Curl_Virus/b49abc5b-8416-446e-aa66-f1ae1eb1679b___UF.GRC_YLCV_Lab 02204.JPG,Tomato___Tomato_Yellow_Leaf_Curl_Virus/ba1232d4-0334-41c3-a4ce-ff0827d008cf___UF.GRC_YLCV_Lab 02194.JPG,Tomato___Tomato_Yellow_Leaf_Curl_Virus,Tomato___Tomato_Yellow_Leaf_Curl_Virus,train,train,8,False
aafa8b26b895916f1bc2731ecf40d9d2dc80a95c7c5f13e00e9d1a492696506f,973ab6ae3c7bb1765b75e88ca175459043ea9a57f9909b1f4cf7890e8591c663,Tomato___Tomato_Yellow_Leaf_Curl_Virus/cfb78471-bb1f-4ff1-8770-31471af27d37___UF.GRC_YLCV_Lab 03360.JPG,Tomato___Tomato_Yellow_Leaf_Curl_Virus/2d3999dd-3b1a-4c6c-80bd-1deadf491737___UF.GRC_YLCV_Lab 03361.JPG,Tomato___Tomato_Yellow_Leaf_Curl_Virus,Tomato___Tomato_Yellow_Leaf_Curl_Virus,test,train,8,True
ab56b4ca6498f61d8371544657c4e11d59466f0ee96583fe9fb3dd29f3833e0c,2f92bc03cc3599abd7818b2abaca0bff80d41c64d9e21ad0bd64dea75f07f409,Tomato___Target_Spot/e90c87fc-7b4d-45a0-9934-51a8d91317f1___Com.G_TgS_FL 8384.JPG,Tomato___Septoria_leaf_spot/48bad913-fbef-4845-bc2d-dbc06f0c2bcc___Matt.S_CG 7790.JPG,Tomato___Target_Spot,Tomato___Septoria_leaf_spot,train,val,8,True
ac7546a770c326926897b9c8d7b9d8f2e16c5107c2816c91daa77b0518a00a41,907c16f403b5b35f12540d457869ae27581829ca26b453c39d2dcb09863de61e,Tomato___Spider_mites Two-spotted_spider_mite/5112f2dc-2115-47f7-9f08-45e8bf55416f___Com.G_SpM_FL 8457.JPG,Tomato___Spider_mites Two-spotted_spider_mite/8979cbcd-62c9-4891-a428-f01bd2d177fa___Com.G_SpM_FL 9259.JPG,Tomato___Spider_mites Two-spotted_spider_mite,Tomato___Spider_mites Two-spotted_spider_mite,train,train,8,False
ac7546a770c326926897b9c8d7b9d8f2e16c5107c2816c91daa77b0518a00a41,fb021a6b73fb56707c6822f0a3590dc388d2c8e50e8e47e38e19088e02879903,Tomato___Spider_mites Two-spotted_spider_mite/5112f2dc-2115-47f7-9f08-45e8bf55416f___Com.G_SpM_FL 8457.JPG,Tomato___Tomato_Yellow_Leaf_Curl_Virus/75d9abec-c992-4519-be73-75786e745a2e___YLCV_NREC 2194.JPG,Tomato___Spider_mites Two-spotted_spider_mite,Tomato___Tomato_Yellow_Leaf_Curl_Virus,train,train,8,False
ac7a540940dc7557fe731a4869fa982195e82edc9e0ed4122fb88f4d1dfda611,8be3ac2d1fea885fc13a782e5af70e40daba397f9697395506f2efd58757d89b,Tomato___Tomato_Yellow_Leaf_Curl_Virus/0efaf7db-e814-4528-bfd9-eeda31d69d13___UF.GRC_YLCV_Lab 02888.JPG,Tomato___Tomato_Yellow_Leaf_Curl_Virus/0ef08a25-e24e-4ac7-96b7-fbc28046ce34___UF.GRC_YLCV_Lab 02884.JPG,Tomato___Tomato_Yellow_Leaf_Curl_Virus,Tomato___Tomato_Yellow_Leaf_Curl_Virus,train,val,8,True
aceef1875124523597a88969f9f623450f072895b7e0feb31139a0ac2fb2ca8e,a6ae85edff3c2f111f5c711231ad430df040d6e61c3c9076890f990d7c9125fb,Tomato___Spider_mites Two-spotted_spider_mite/1001f133-ff3e-48de-b288-5a3802d9f3e1___Com.G_SpM_FL 8621.JPG,Tomato___Early_blight/62ce29f9-81ea-4616-8562-22a5830b3286___RS_Erly.B 7436.JPG,Tomato___Spider_mites Two-spotted_spider_mite,Tomato___Early_blight,test,train,8,True
acf6a45b8aa64629cfeef84dae8fe453c699876d79fd5b26636993fe865f3e29,adf409411bad653537fe98436bff603943b5c3908df29dbe416bd88b92a6cb7a,Tomato___healthy/c3dcca18-f12f-4a4d-a90c-563ded6c7df8___RS_HL 9691.JPG,Tomato___Early_blight/397ffe67-e784-44d5-ae1a-d1e2990c041b___RS_Erly.B 7637.JPG,Tomato___healthy,Tomato___Early_blight,test,train,8,True
ad7ebafed02ef3a8a316e4fffeb5ab912974993f619b0dbf7cd173ca523ad2d1,b4aeaac188a7d8b06ec75dd82c32fbfc30e5943f6e43dce2b18cc827ce21a059,Tomato___Late_blight/29f85d31-a9c2-404a-b7bc-9a5b9cd7aa88___RS_Late.B 5541.JPG,Tomato___Late_blight/cdeb7f9d-c0de-4fbd-95a5-fbaaa51460dd___RS_Late.B 5571.JPG,Tomato___Late_blight,Tomato___Late_blight,test,train,8,True
ad7ebafed02ef3a8a316e4fffeb5ab912974993f619b0dbf7cd173ca523ad2d1,ccc171324ba26b09bc189ff4a8b09d6580914d8e32b129961842effd01d1384c,Tomato___Late_blight/29f85d31-a9c2-404a-b7bc-9a5b9cd7aa88___RS_Late.B 5541.JPG,Tomato___Septoria_leaf_spot/c72f9244-eda7-4aa5-9fda-4d572f1999de___Matt.S_CG 6701.JPG,Tomato___Late_blight,Tomato___Septoria_leaf_spot,test,train,8,True
ad8404703129c68c79bf2dbcdb4aae84739e564e425a3ab4deaf0ca329837456,9fc8ae769298775dffa36873cb1fe9ab8a144d1357b71455c2304d16fee67122,Tomato___Bacterial_spot/4fba56f7-8e4d-4d30-bbdd-3db1ed111f61___GCREC_Bact.Sp 6062.JPG,Tomato___Tomato_Yellow_Leaf_Curl_Virus/73f2bb67-22de-4aff-b178-13cc018d5aa7___YLCV_GCREC 2457.JPG,Tomato___Bacterial_spot,Tomato___Tomato_Yellow_Leaf_Curl_Virus,train,train,8,False
ad8404703129c68c79bf2dbcdb4aae84739e564e425a3ab4deaf0ca329837456,e0c3c622f898fcb652973f222637ed7ca6b350c0b89a1dda3f956ac5c7c6ab0e,Tomato___Bacterial_spot/4fba56f7-8e4d-4d30-bbdd-3db1ed111f61___GCREC_Bact.Sp 6062.JPG,Tomato___Bacterial_spot/822e2ff3-34d5-4634-b82e-2d5cc16c1485___GCREC_Bact.Sp 5990.JPG,Tomato___Bacterial_spot,Tomato___Bacterial_spot,train,train,8,False
ade2c8e0ddbc496241139e8bb1bc83e7cdd30d8d590d59d8384b10d14f2822ba,b6feead808fbaf42d2cc690015b8928530f6635a2f0f07ee9796dacdf90bfa85,Tomato___Spider_mites Two-spotted_spider_mite/6dff3d85-99fb-4c45-b046-ed003a68b35a___Com.G_SpM_FL 8689.JPG,Tomato___Spider_mites Two-spotted_spider_mite/afd11a59-5ed8-4f8d-8e6e-280f6a4deced___Com.G_SpM_FL 8989.JPG,Tomato___Spider_mites Two-spotted_spider_mite,Tomato___Spider_mites Two-spotted_spider_mite,train,val,8,True
ae28acd127326395a0af570ef1a684030f0bcd9b2a3d8e7e91fae66e380c28d4,b74d4f1c6c2b97505804b1954da32eca4f7e5759047c256c3a11f8edf601d332,Tomato___Spider_mites Two-spotted_spider_mite/88b7e7b3-a94a-449c-8a7b-ed96ec541690___Com.G_SpM_FL 8437.JPG,Tomato___Spider_mites Two-spotted_spider_mite/e33fa280-f5cc-404b-a205-36966e9ceb38___Com.G_SpM_FL 8950.JPG,Tomato___Spider_mites Two-spotted_spider_mite,Tomato___Spider_mites Two-spotted_spider_mite,train,val,8,True
ae3634c096187d05ef41388a1e6d88a431dce85841a37a99926770fa4e756384,aba4e9874aec4eb261d6b307c197d0e9592763a71465c2ff282fc7eaabbbd1ac,Tomato___Tomato_Yellow_Leaf_Curl_Virus/86ac31fc-a8e8-4935-8276-e80d4946d77a___YLCV_GCREC 2214.JPG,Tomato___Tomato_Yellow_Leaf_Curl_Virus/e6be8040-6122-4d04-a9ad-786059a76191___YLCV_NREC 2914.JPG,Tomato___Tomato_Yellow_Leaf_Curl_Virus,Tomato___Tomato_Yellow_Leaf_Curl_Virus,train,train,8,False
ae600c6f085628dad0cf232ff6aa760240acbcb07d6f9f9af75e69b5a9eeb385,304b1a2ebddb1a3198d80ad2939ce8112d2336c6260f4223d4e6ef6d66e73782,Tomato___Target_Spot/7990bb22-2130-498a-95d4-b6213e9e8ac6___Com.G_TgS_FL 1056.JPG,Tomato___Leaf_Mold/3d232a86-283d-45ec-b5cf-99829d78afa8___Crnl_L.Mold 6550.JPG,Tomato___Target_Spot,Tomato___Leaf_Mold,train,val,8,True
ae9e1d88f7c244615117219b64132a12df2d56d57a93b9f128ea9d6c4bca1818,064cd82319e45315319381ee5943d1d3581a971914b7a8d3cbbd237399f29af4,Tomato___Septoria_leaf_spot/d32e7797-bc8e-4042-a170-bb2d2a415d75___JR_Sept.L.S 8399.JPG,Tomato___healthy/27ed6a35-3fb7-4d57-9cb4-b368c1f4f6eb___RS_HL 9665.JPG,Tomato___Septoria_leaf_spot,Tomato___healthy,train,val,8,True
aea0ee6bc7f7d4e2c5b204bb02de346d10efbef0cf64d77fb461e2f4abae6824,9f5da83c7ee9c9b89b1c8cf46609f7103501c52f37e5e3302554aa0747e45c01,Tomato___Spider_mites Two-spotted_spider_mite/bdc998dc-38ff-44e3-bd1d-1e5a702ac37a___Com.G_SpM_FL 1503.JPG,Tomato___Spider_mites Two-spotted_spider_mite/8cfb09a9-81f5-4d7f-b5d2-459ae2cead76___Com.G_SpM_FL 8536.JPG,Tomato___Spider_mites Two-spotted_spider_mite,Tomato___Spider_mites Two-spotted_spider_mite,train,val,8,True
aeeb22d1585ecd0f9e2ef871086fd16271dc5c3f687fe1f9ea8c1ceaec338694,26c6be04e2d2658b954e9472f1d90b52b33c012d6f113ce60b683c01204af685,Tomato___Spider_mites Two-spotted_spider_mite/e18529e1-ae21-43c7-95f9-82df36a4b20f___Com.G_SpM_FL 1259.JPG,Tomato___Spider_mites Two-spotted_spider_mite/9e1cfd52-d7f1-46a6-a88e-9fafe1f82b69___Com.G_SpM_FL 1283.JPG,Tomato___Spider_mites Two-spotted_spider_mite,Tomato___Spider_mites Two-spotted_spider_mite,test,val,8,True
af795989aa1760dae81e71e130976f61492f26108513cee8b02ca73a3ad91587,e0d030e43fa6cbcd86a0429eb5ae2657f52337cdb297f26d38bd6da2a37d061e,Tomato___Septoria_leaf_spot/cda009cd-6374-4de5-af6c-de0b1bf35758___Keller.St_CG 1969.JPG,Tomato___Spider_mites Two-spotted_spider_mite/2e41a813-b5a7-4501-bec2-e0f2db310a2c___Com.G_SpM_FL 9570.JPG,Tomato___Septoria_leaf_spot,Tomato___Spider_mites Two-spotted_spider_mite,train,train,8,False
af7bc35782ff1389d68b519e5560fa5bbe6fbbada703c72793823243bfc7dfd9,1fc51c19d18d00c5419288c9f34af34bba29758ddffad1c7fc77c661c010b0f9,Tomato___Spider_mites Two-spotted_spider_mite/0a167675-0317-4105-b885-b707b6ea52cf___Com.G_SpM_FL 9327.JPG,Tomato___Tomato_Yellow_Leaf_Curl_Virus/5d17bf6d-7f79-4b0b-a86e-eafd30ef138a___UF.GRC_YLCV_Lab 01551.JPG,Tomato___Spider_mites Two-spotted_spider_mite,Tomato___Tomato_Yellow_Leaf_Curl_Virus,train,train,8,False
af7bc35782ff1389d68b519e5560fa5bbe6fbbada703c72793823243bfc7dfd9,75d035ea9ff3f3a4612bfdfbc3d447d2b8355b8a372c4142a3068c317c2451f1,Tomato___Spider_mites Two-spotted_spider_mite/0a167675-0317-4105-b885-b707b6ea52cf___Com.G_SpM_FL 9327.JPG,Tomato___Tomato_Yellow_Leaf_Curl_Virus/5a2ccec2-ef97-4e11-b88b-4ede923f2e89___YLCV_NREC 2713.JPG,Tomato___Spider_mites Two-spotted_spider_mite,Tomato___Tomato_Yellow_Leaf_Curl_Virus,train,train,8,False
af7bc35782ff1389d68b519e5560fa5bbe6fbbada703c72793823243bfc7dfd9,bcd6566abf76f0c86bf91873223435110249516ddd2e0f06d9bffd142ddc9d2e,Tomato___Spider_mites Two-spotted_spider_mite/0a167675-0317-4105-b885-b707b6ea52cf___Com.G_SpM_FL 9327.JPG,Tomato___Tomato_Yellow_Leaf_Curl_Virus/3c6bd94d-921c-4860-b355-9cc8f4e0f8cc___YLCV_GCREC 2378.JPG,Tomato___Spider_mites Two-spotted_spider_mite,Tomato___Tomato_Yellow_Leaf_Curl_Virus,train,train,8,False
af8e7894b3192c122d52ae2aef65fa949e9e003a0a0597da44ee7c62fca58754,f273eed263e1726e0016317cd6ec0994c62b625b77a058a3b5225fb0b520c591,Tomato___Bacterial_spot/086880d1-73c4-40d3-99ea-d446c2299692___GCREC_Bact.Sp 3333.JPG,Tomato___Bacterial_spot/4ad4db1b-dbd8-449a-b2a8-4ec4a89b2ba3___GCREC_Bact.Sp 3332.JPG,Tomato___Bacterial_spot,Tomato___Bacterial_spot,train,train,8,False
afb737536df274f95056b28482bb12169f42392d356adb89b9a257bf8f41ff3e,0b8fa96415cce5f450f2e6ec8767226dcc58002154da3e862ec2ea0e457dc810,Tomato___Bacterial_spot/e2941eab-3c1c-43a2-aa6d-5f3926da0568___GCREC_Bact.Sp 3495.JPG,Tomato___Bacterial_spot/f5142872-5e4b-4038-b4fd-b38c4097e5aa___GCREC_Bact.Sp 5679.JPG,Tomato___Bacterial_spot,Tomato___Bacterial_spot,train,train,8,False
afd27de5c3f23f302c90f98ea42139407987603216e2fb799737532acda84301,7cc9804da8b588884c3011ac2fa0135c6c430294e9edd065b52331f3e6bfa481,Tomato___Target_Spot/8f2ba5ed-f8a4-4b31-9da4-5e4229bd0274___Com.G_TgS_FL 7880.JPG,Tomato___healthy/8295c1b4-7674-4b15-8a32-bb665a969e9b___RS_HL 9776.JPG,Tomato___Target_Spot,Tomato___healthy,train,train,8,False
b010e012b2b2acce4e3f41c1f2a10a17fbc8cc7ca9d26458ac85dcfee9eac1f7,a02ada7c2b600ebb137e73806409c989978b258d5dafed8d7e39ec5408343166,Tomato___Leaf_Mold/5ea3c837-2de6-4da6-bd96-47da4eeccf2c___Crnl_L.Mold 6697.JPG,Tomato___Leaf_Mold/e4bc3bc6-794e-43c4-8938-e56ed74b5542___Crnl_L.Mold 6613.JPG,Tomato___Leaf_Mold,Tomato___Leaf_Mold,train,train,8,False
b0277a15b80eff5296789ce713257f5ebc6c37349831f07572c2267a1fec1ef4,6d6aab0872c2e14ffcf7e85d3b43f7887da82b93ed9ffea51ebaa1e8b1f71398,Tomato___Tomato_Yellow_Leaf_Curl_Virus/4ae66de5-2a7a-41bf-b0c3-7c00d2ce3b21___UF.GRC_YLCV_Lab 02136.JPG,Tomato___Tomato_Yellow_Leaf_Curl_Virus/561a6af3-3c92-4079-9a05-2d41e0a3de17___UF.GRC_YLCV_Lab 02137.JPG,Tomato___Tomato_Yellow_Leaf_Curl_Virus,Tomato___Tomato_Yellow_Leaf_Curl_Virus,train,train,8,False
b0a788acd74b2c308bc5dace0c1d88685dc4e785ec11f9e6a1d8548e482a7d03,f468d48a7a2caa8b652a547bd16f26863d66fdeb6c0768d7ea4a994f909db5ec,Tomato___healthy/2ea87b73-a52b-4a4c-938f-4ce06335d171___GH_HL Leaf 177.1.JPG,Tomato___healthy/839daf12-8d8b-478e-b214-2d5dd0fa509a___GH_HL Leaf 445.1.JPG,Tomato___healthy,Tomato___healthy,train,train,8,False
b0f8bb17baecfd05ae9c38ba9989e3179e1e9534a6a050e54430e6da6e46d94c,337645706db1e3c77ffb1460c786734566b7ea033decfcc8f1cfd924e3c6ecf1,Tomato___Tomato_Yellow_Leaf_Curl_Virus/b71f38ad-64c8-411d-ac70-f6d15e289712___UF.GRC_YLCV_Lab 01747.JPG,Tomato___Tomato_Yellow_Leaf_Curl_Virus/39024c18-9ae7-41b4-8ade-113eb7c575e3___UF.GRC_YLCV_Lab 01746.JPG,Tomato___Tomato_Yellow_Leaf_Curl_Virus,Tomato___Tomato_Yellow_Leaf_Curl_Virus,test,train,8,True
b0f8bb17baecfd05ae9c38ba9989e3179e1e9534a6a050e54430e6da6e46d94c,4c61f2065d35b37147a5d23df24705dd06ad0695ef21cfbb1f1ad26488ee5e9b,Tomato___Tomato_Yellow_Leaf_Curl_Virus/b71f38ad-64c8-411d-ac70-f6d15e289712___UF.GRC_YLCV_Lab 01747.JPG,Tomato___Tomato_Yellow_Leaf_Curl_Virus/b1c01d02-66f9-4b4e-a426-696cbf28955d___UF.GRC_YLCV_Lab 01737.JPG,Tomato___Tomato_Yellow_Leaf_Curl_Virus,Tomato___Tomato_Yellow_Leaf_Curl_Virus,test,train,8,True
b0ffb83a2b0431439e1195eb8b1d3f03d3bb610333ec5f283d1dcdb0a5202aec,13160154ec55492f393f938b0a189ca898288514c9552c7c1807175b7b6336c1,Tomato___Septoria_leaf_spot/c1b56e67-0402-4f5a-8b7d-a0aec49b875a___Matt.S_CG 2580.JPG,Tomato___Bacterial_spot/ec7b4bc1-dd3e-4735-a90c-1d51831994a1___GCREC_Bact.Sp 3134.JPG,Tomato___Septoria_leaf_spot,Tomato___Bacterial_spot,test,train,8,True
b0ffb83a2b0431439e1195eb8b1d3f03d3bb610333ec5f283d1dcdb0a5202aec,2a08a12e29106e2dc830a17206db8c3c4bc3d41c7c1a49d2329b7d12a031190d,Tomato___Septoria_leaf_spot/c1b56e67-0402-4f5a-8b7d-a0aec49b875a___Matt.S_CG 2580.JPG,Tomato___Spider_mites Two-spotted_spider_mite/c632fc41-93b2-4655-abee-cfba25000d1b___Com.G_SpM_FL 1476.JPG,Tomato___Septoria_leaf_spot,Tomato___Spider_mites Two-spotted_spider_mite,test,val,8,True
b15809df7ec0e4c9a6f033a4c37565d653d52b81d0cdfcdcf8284a6f663e01d7,c3bf75357d6c8202fe02716ec821c40422d6ce36dcc64bf2c5deec8b073544dd,Tomato___Spider_mites Two-spotted_spider_mite/f7494345-4bb3-42b8-8043-689059c28424___Com.G_SpM_FL 8688.JPG,Tomato___Target_Spot/2e92c5f1-e71e-4d65-9fa8-6f51c242142e___Com.G_TgS_FL 0936.JPG,Tomato___Spider_mites Two-spotted_spider_mite,Tomato___Target_Spot,train,train,8,False
b16c69a46316f65846992a513cbc10f088675bda9776c4a9abc8738ebbe759a0,60053ccfd1224e29e152e68b78c41ca556bea690b563cd00dcb13370fb80a67f,Tomato___Spider_mites Two-spotted_spider_mite/5b92430f-86a7-4845-b0eb-eb4df61797e8___Com.G_SpM_FL 8890.JPG,Tomato___Target_Spot/356ce2f5-2a94-4d0c-8b3b-7968e62d5393___Com.G_TgS_FL 8230.JPG,Tomato___Spider_mites Two-spotted_spider_mite,Tomato___Target_Spot,train,train,8,False
b1d0e4fc2d0ca5c2da72eb668b06b5947058b14444fc40a069a12c1ad21514e4,e402bbd312d1bb03f6cb572108953ffa7beeb1ca45a58ca8fb3b116c7f2de550,Tomato___Late_blight/cc31ca99-6a1c-4e62-bc6b-044c99ba2c62___RS_Late.B 6775.JPG,Tomato___Late_blight/7a711eda-02e6-49fa-9d2c-8463330fa797___RS_Late.B 5045.JPG,Tomato___Late_blight,Tomato___Late_blight,test,train,8,True
b1fce9b86e90f40c20102047dc78a5f91e741a574beecf1b8fed34aea32d3973,ab52324f9e9e174f032690704358a16b8dd5ba097df523b4b662daf4cf03c18b,Tomato___Spider_mites Two-spotted_spider_mite/f58ec82b-b2ac-4120-b612-bb48a2f68e15___Com.G_SpM_FL 8959.JPG,Tomato___Tomato_Yellow_Leaf_Curl_Virus/6e8d8b47-3b4b-4ce7-94d0-8fdda2241699___YLCV_GCREC 2156.JPG,Tomato___Spider_mites Two-spotted_spider_mite,Tomato___Tomato_Yellow_Leaf_Curl_Virus,train,train,8,False
b27500a4074f1d1fc2a61bdcb26505e8e8e72009def089c65890437e735c6cc0,c42ad73ec6bfd54485560b5eb5be166351c8f06ff75c917ee113f363c15066b9,Tomato___Leaf_Mold/c6583f61-77e9-4417-aed3-44198e567580___Crnl_L.Mold 8947.JPG,Tomato___Tomato_Yellow_Leaf_Curl_Virus/0a17e781-b999-4a31-88a0-e914c4ba4a8a___UF.GRC_YLCV_Lab 02214.JPG,Tomato___Leaf_Mold,Tomato___Tomato_Yellow_Leaf_Curl_Virus,train,train,8,False
b2cc7ee3045b43416134acc381858dc3780fdf88d4566596eb0407880c69d11d,72a073208a655b47869f89378eb484ae888a583060082204f2e8dc454aadd427,Tomato___Tomato_Yellow_Leaf_Curl_Virus/88df583c-d717-4936-8b4d-3cc96bf07b65___UF.GRC_YLCV_Lab 09442.JPG,Tomato___Tomato_Yellow_Leaf_Curl_Virus/d568731a-070a-42e1-9fe6-a117dba8b322___UF.GRC_YLCV_Lab 09444.JPG,Tomato___Tomato_Yellow_Leaf_Curl_Virus,Tomato___Tomato_Yellow_Leaf_Curl_Virus,train,train,8,False
b2cd6fa3a266960c6321258b09fbadf89cb473402efc3b083fe0487a8cdc7031,9aa0442c174bbca960bb3d57cadec911ae206a46e78e2fd844484ae14c512ef7,Tomato___Spider_mites Two-spotted_spider_mite/766b7b10-3fb4-4c65-80bc-488715e321e6___Com.G_SpM_FL 1488.JPG,Tomato___Spider_mites Two-spotted_spider_mite/9c82d063-388e-4747-bdd5-c369b1b80972___Com.G_SpM_FL 9648.JPG,Tomato___Spider_mites Two-spotted_spider_mite,Tomato___Spider_mites Two-spotted_spider_mite,train,train,8,False
b2d2e40abcca73ef11da1d3edd11dde69a505671e6a2d791d12d1ad795c59310,0c8aba5d8918d33203d34971f3370308010406b6e517a4c86a223341a7e06cf3,Tomato___Bacterial_spot/f8612abc-7408-451f-b6b8-89561d679bd0___GCREC_Bact.Sp 2997.JPG,Tomato___Septoria_leaf_spot/57628952-daac-46fc-950e-f57e3b418703___Matt.S_CG 7653.JPG,Tomato___Bacterial_spot,Tomato___Septoria_leaf_spot,train,train,8,False
b2d2e40abcca73ef11da1d3edd11dde69a505671e6a2d791d12d1ad795c59310,7ca7fbbdcfab38b5722557e7846e6c270ea84c4a9c5c6249bfceed87663d61e5,Tomato___Bacterial_spot/f8612abc-7408-451f-b6b8-89561d679bd0___GCREC_Bact.Sp 2997.JPG,Tomato___Spider_mites Two-spotted_spider_mite/246bf675-01a0-4da1-90ab-a1b44d3768dd___Com.G_SpM_FL 8635.JPG,Tomato___Bacterial_spot,Tomato___Spider_mites Two-spotted_spider_mite,train,train,8,False
b303312eefaa77a99211bb88bd110554cbc65841ddb028a358465f0fa4da6785,cc950cd0846c0622d6a58a50a6727448a2cdb285916dbe45772a957053dee086,Tomato___Bacterial_spot/66dfa158-9918-43db-9c9f-5a34d66e86bc___GCREC_Bact.Sp 6005.JPG,Tomato___Bacterial_spot/fd7e07cc-7fdf-4203-be7c-8ff2e323e71d___GCREC_Bact.Sp 3533.JPG,Tomato___Bacterial_spot,Tomato___Bacterial_spot,train,train,8,False
b33a602aa52c8578b5f15d2a310fb885d045c9a65f303679ab8b1a100b91b15d,e349b28458a0abda206a4611169097fa7b7cca638acc0d7871a214b97b115f5d,Tomato___Tomato_Yellow_Leaf_Curl_Virus/87e723cd-742b-4569-8493-b6e0c4b693b0___YLCV_GCREC 2275.JPG,Tomato___Septoria_leaf_spot/e76b4dad-409f-4f6a-ab14-60997d227035___JR_Sept.L.S 2488.JPG,Tomato___Tomato_Yellow_Leaf_Curl_Virus,Tomato___Septoria_leaf_spot,train,val,8,True
b34caa5f963e39158e2ff9a48db1fb1fbfeec68ba2f838164bab1a12bbcc5c00,2bc1a62092976bdd80c797e3b309c8d33225dd3a3ec3a5ed3048a3322e1cf6ae,Tomato___Bacterial_spot/ed72f0b8-cd69-41fd-99a8-ae792c6fa16f___GCREC_Bact.Sp 3186.JPG,Tomato___Spider_mites Two-spotted_spider_mite/f6d125d8-795a-40ac-91d7-142f6cf023eb___Com.G_SpM_FL 9262.JPG,Tomato___Bacterial_spot,Tomato___Spider_mites Two-spotted_spider_mite,train,train,8,False
b34caa5f963e39158e2ff9a48db1fb1fbfeec68ba2f838164bab1a12bbcc5c00,6def1074e62915911fb789effa42580b13e92403c7e69aec20ebb0d277a78b42,Tomato___Bacterial_spot/ed72f0b8-cd69-41fd-99a8-ae792c6fa16f___GCREC_Bact.Sp 3186.JPG,Tomato___Bacterial_spot/faabf678-fe6e-48a5-b864-57f83ac33aa2___GCREC_Bact.Sp 3187.JPG,Tomato___Bacterial_spot,Tomato___Bacterial_spot,train,train,8,False
b37890b26152990f7189748c08b09c1294ebb68679ce5527868a23dfbe75977f,a1178f20d67b653083a8df426faa78524996401bc8dd68973c2c059252ed5c9d,Tomato___Tomato_Yellow_Leaf_Curl_Virus/ba0e3c46-555d-4d48-9853-3ae7f148e2fa___YLCV_NREC 2933.JPG,Tomato___Spider_mites Two-spotted_spider_mite/8d0dffc7-aecb-4583-b3a3-1027fb4fd3d1___Com.G_SpM_FL 9567.JPG,Tomato___Tomato_Yellow_Leaf_Curl_Virus,Tomato___Spider_mites Two-spotted_spider_mite,test,val,8,True
b3f2d8133abc9b866a02e7b778dd98e620f1dbdd1c3349fb701bb243cc1cb447,31c1d84ddc15b6c5942b1a52a5dbe88a9848509613bf3802c60b7bf19e4a951f,Tomato___Bacterial_spot/2d9b4cc9-3b21-4e0c-830f-b97ed7bfb397___GCREC_Bact.Sp 3444.JPG,Tomato___Spider_mites Two-spotted_spider_mite/07843665-3d98-4371-873a-21b4bbe30a9d___Com.G_SpM_FL 8458.JPG,Tomato___Bacterial_spot,Tomato___Spider_mites Two-spotted_spider_mite,test,train,8,True
b4165a397320614adb7e8a45b43510e28a0e59139e1b17e05bc1e02ce5777a88,c403e606317c5f4a7d84bdef4bbde48afa8f6054e0235171630ce9db854c0b1e,Tomato___Late_blight/84b7d3ab-56ae-4eef-a852-7b32f3ef0160___GHLB2 Leaf 150.JPG,Tomato___Late_blight/a0616fa9-80fb-497d-8791-a9689aecb27f___GHLB2 Leaf 150.2.JPG,Tomato___Late_blight,Tomato___Late_blight,test,train,8,True
b42cf9515cea23e79a64fc1cd578d2e14db92cdd5fecf0cdcef3be2daa7f7bb4,44ebe2ef604ae41675a81d1a1d0af6883b6f5e37fae285394333f02011b8cdbe,Tomato___Tomato_Yellow_Leaf_Curl_Virus/24530696-e0ee-400a-8860-b79a6f9bd282___YLCV_NREC 2069.JPG,Tomato___Tomato_Yellow_Leaf_Curl_Virus/5231c3a1-29bb-4f2f-b242-94873599f46e___YLCV_NREC 2886.JPG,Tomato___Tomato_Yellow_Leaf_Curl_Virus,Tomato___Tomato_Yellow_Leaf_Curl_Virus,train,train,8,False
b430cd657d6149ddc228b1518a3a8d460a318d79b3f77a36ed1693457490cb4d,6d4fe09a7742ea8d6b2432f217f2a6495449463dd2b8a738e2dc390ff9301ea0,Tomato___Septoria_leaf_spot/74c6ce09-ee11-4d57-ae56-c4fdcb0f6c3b___Matt.S_CG 7481.JPG,Tomato___Spider_mites Two-spotted_spider_mite/b329dfc5-3ec0-4d9b-a4d7-d78d50af9366___Com.G_SpM_FL 8712.JPG,Tomato___Septoria_leaf_spot,Tomato___Spider_mites Two-spotted_spider_mite,test,train,8,True
b433bdb408fda0ab1abafa9eca162e6f14d3c99cdcd177e29ca134b12b1d849d,10d5b45a8a1373451d4e5555d9c19c008a1e070707f759e259806ad02c3c50fc,Tomato___Bacterial_spot/89e634fd-a7e1-4e7e-8c95-cbdcd96dd381___GCREC_Bact.Sp 3721.JPG,Tomato___Late_blight/c6f2f79f-4554-4869-84e0-32df4ed15eb4___RS_Late.B 6399.JPG,Tomato___Bacterial_spot,Tomato___Late_blight,train,val,8,True
b433bdb408fda0ab1abafa9eca162e6f14d3c99cdcd177e29ca134b12b1d849d,51d833a862de2acb584544599f115d488df8187906afe1ad6cd8e2e7e80227fa,Tomato___Bacterial_spot/89e634fd-a7e1-4e7e-8c95-cbdcd96dd381___GCREC_Bact.Sp 3721.JPG,Tomato___Early_blight/64ef53fa-26cc-4734-8a94-6f83a108817f___RS_Erly.B 6348.JPG,Tomato___Bacterial_spot,Tomato___Early_blight,train,train,8,False
b433bdb408fda0ab1abafa9eca162e6f14d3c99cdcd177e29ca134b12b1d849d,f3f8581f54a345f71bc7027efcc62bfecc3ebae0d9fd35e0e4bd1567a3d1070d,Tomato___Bacterial_spot/89e634fd-a7e1-4e7e-8c95-cbdcd96dd381___GCREC_Bact.Sp 3721.JPG,Tomato___Early_blight/0fbc786c-62a7-44f3-8db8-2649809bf1aa___RS_Erly.B 9514.JPG,Tomato___Bacterial_spot,Tomato___Early_blight,train,train,8,False
b452c327a67ed7b670ca0d9479acad79a8721bc6371b7128a876b1d79ad3d476,710610f6c9b2359c3cef58ed6cd6e4d24fa3f42d0339a68e8a7984a47c743eda,Tomato___Bacterial_spot/e19aa48d-2c0f-41ac-b6e4-d648371236f3___GCREC_Bact.Sp 5545.JPG,Tomato___Target_Spot/04889d08-6298-45d8-ab6c-0119fd1c2104___Com.G_TgS_FL 0778.JPG,Tomato___Bacterial_spot,Tomato___Target_Spot,train,val,8,True
b45513f984497d8dd104e549c22e5c65d1fa99c8ec9262027678a0127f989bd8,6eb11ddeeb88c432aa8a05db38596e08726be586cd21e98022fd028c9f86dc80,Tomato___Bacterial_spot/9a9e2a16-a9b3-44b9-8de8-be36b76b03ee___GCREC_Bact.Sp 5549.JPG,Tomato___Spider_mites Two-spotted_spider_mite/a56182d9-143a-45fc-a1be-946ba0d46935___Com.G_SpM_FL 9550.JPG,Tomato___Bacterial_spot,Tomato___Spider_mites Two-spotted_spider_mite,test,train,8,True
b45513f984497d8dd104e549c22e5c65d1fa99c8ec9262027678a0127f989bd8,d56ec2e638a4eb75f98560f1dcd4d75f98ccee76a671f2944e6bc904b3102478,Tomato___Bacterial_spot/9a9e2a16-a9b3-44b9-8de8-be36b76b03ee___GCREC_Bact.Sp 5549.JPG,Tomato___Septoria_leaf_spot/76eda6fd-558c-4fcf-951b-c70bef5b8bc5___Matt.S_CG 0880.JPG,Tomato___Bacterial_spot,Tomato___Septoria_leaf_spot,test,test,8,False
b455948340f25d41a9a06141b2bbc6b6dda3122137318624186e4d1140547450,047e82a07b70719b4641c428cc8dc5ecde1cf465e1b75ada805701ad21ebd9f2,Tomato___Target_Spot/68bd8fa2-f798-44ea-8e9f-5fa7a2c115ee___Com.G_TgS_FL 0009.JPG,Tomato___Target_Spot/70f5bc00-6c82-4051-b616-e33417ac8c82___Com.G_TgS_FL 9689.JPG,Tomato___Target_Spot,Tomato___Target_Spot,train,val,8,True
b47aa1df517b042bce204be3ead82db9abd95542b0b7aa3b16b5c63931595e89,f61eb1ff5e5310a7db543f35ef879f33edb48e23b51a23ce303026fde44a699d,Tomato___Leaf_Mold/b26fc8e6-5d9f-4b96-b02b-f048c4b9e05a___Crnl_L.Mold 6735.JPG,Tomato___Spider_mites Two-spotted_spider_mite/fd71ebe5-4ce6-4b19-b71e-cb66b034c123___Com.G_SpM_FL 1282.JPG,Tomato___Leaf_Mold,Tomato___Spider_mites Two-spotted_spider_mite,train,train,8,False
b49f3fa6cb89f7dc53884884164b32f90bec9121340c78171e1e386d0861ec97,9a34f0c6c1319829bc6fd6542489bcffa970dbd4ce22073368395f9273dda7c5,Tomato___Tomato_Yellow_Leaf_Curl_Virus/ec757bc6-336d-4e29-89ab-23cdfb922d17___UF.GRC_YLCV_Lab 01837.JPG,Tomato___Tomato_Yellow_Leaf_Curl_Virus/93481e98-0be9-4898-9ec6-2a9b01d83f6d___UF.GRC_YLCV_Lab 01838.JPG,Tomato___Tomato_Yellow_Leaf_Curl_Virus,Tomato___Tomato_Yellow_Leaf_Curl_Virus,train,val,8,True
b4ed010eb07ac2cb719ba01dbde8adda4bf754f59aaebe2f10d04ce9988112a7,eec4ec454987955cc02cb78a5322d4ccb13c6b3f703fee188d42e44740ac1770,Tomato___Leaf_Mold/5232c7a2-7f94-4e6e-b47a-6264e1e49ff8___Crnl_L.Mold 7161.JPG,Tomato___Late_blight/7f4621fe-72ce-4f4c-a20e-320250ec8a9d___RS_Late.B 5556.JPG,Tomato___Leaf_Mold,Tomato___Late_blight,train,val,8,True
b53beb25606071374ac7f52363af3778d7d58c7b0aab9b7a407a38ede2bf83b5,b455948340f25d41a9a06141b2bbc6b6dda3122137318624186e4d1140547450,Tomato___Bacterial_spot/87de72a0-fb7c-493a-bec6-227f39b44f96___GCREC_Bact.Sp 5861.JPG,Tomato___Target_Spot/68bd8fa2-f798-44ea-8e9f-5fa7a2c115ee___Com.G_TgS_FL 0009.JPG,Tomato___Bacterial_spot,Tomato___Target_Spot,train,train,8,False
b5a1a2be570f6784fc845e04b4816ccb631ae93c97cd023e6c07e3b66145bfc6,4f4c99fde3a639d19f26149cf99a98a46e7025278e4e08281c8542dc7f9bdabd,Tomato___Bacterial_spot/43a474b7-83dd-48e5-962a-783727a6595a___GCREC_Bact.Sp 3255.JPG,Tomato___Tomato_Yellow_Leaf_Curl_Virus/0d63c167-dff7-4486-983f-c46183a1a210___YLCV_GCREC 2262.JPG,Tomato___Bacterial_spot,Tomato___Tomato_Yellow_Leaf_Curl_Virus,train,val,8,True
b5a1a2be570f6784fc845e04b4816ccb631ae93c97cd023e6c07e3b66145bfc6,f7918434e7f337f7d9970d11ee7213a6135897b0139da00a6766d3a37af3de0a,Tomato___Bacterial_spot/43a474b7-83dd-48e5-962a-783727a6595a___GCREC_Bact.Sp 3255.JPG,Tomato___Bacterial_spot/dfe0a874-9a6c-4121-9f20-b0e7a85a5996___GCREC_Bact.Sp 5684.JPG,Tomato___Bacterial_spot,Tomato___Bacterial_spot,train,train,8,False
b5cb529fbe95a8539f7845b9049b4a64769504f2eaf240b95c0d1c0a4943bedd,82797900c9a1733393ae54127c96c96c34a4135d661fa4ba1f3a9863ea6a42e0,Tomato___Tomato_Yellow_Leaf_Curl_Virus/0b3778d6-b81e-43eb-9512-7e9067a9ca8f___UF.GRC_YLCV_Lab 08551.JPG,Tomato___Tomato_Yellow_Leaf_Curl_Virus/1b273914-1083-497e-a4fb-4a515ea53296___UF.GRC_YLCV_Lab 08552.JPG,Tomato___Tomato_Yellow_Leaf_Curl_Virus,Tomato___Tomato_Yellow_Leaf_Curl_Virus,train,train,8,False
b5e04f5761d3d9513dbbcae8c283d1043a9493c2014a86678fd23534848f9e99,02f10e01a2fa5cbfda15630a1402be5b353af7bb9b4a41a3eeb1b92b2b6c7918,Tomato___Late_blight/507c7851-098d-456f-b7c6-49754caa5ee8___GHLB2 Leaf 9082.JPG,Tomato___Late_blight/aa5e6a40-afc1-47e5-80a3-e41fb9e5a40b___GHLB2 Leaf 9085.JPG,Tomato___Late_blight,Tomato___Late_blight,train,train,8,False
b6073e80891a3a7a011cd0e377a49ba4d8081ea16a2666ed8f7463976f6744b1,e13a6771150b3a2d73ed44ce9a27ef6714de2866b35379439465f115fa46e76a,Tomato___Bacterial_spot/3e4ca861-5f1d-43c1-9b31-225455da4533___GCREC_Bact.Sp 3098.JPG,Tomato___Spider_mites Two-spotted_spider_mite/1e06dafa-f977-4354-992e-3271f34a2344___Com.G_SpM_FL 9601.JPG,Tomato___Bacterial_spot,Tomato___Spider_mites Two-spotted_spider_mite,test,val,8,True
b663441b29df0de880100c6031ad56a17591090ad785b3d75664325311c9d905,19d8d5b15a1230ff17685ee4745d2f262a4ed895b2b91c19c2403266c31e77a6,Tomato___healthy/397c68cc-c2f8-4a52-8468-557c8181bc9e___GH_HL Leaf 247.JPG,Tomato___healthy/eb4c170f-af95-48f6-a5da-7e23da76a8e7___GH_HL Leaf 247.1.JPG,Tomato___healthy,Tomato___healthy,train,train,8,False
b6ac6eeec8d2aef5850bc784f1617436eb623104d2f0b5ba72f65267e62a240e,bb4d15df105b042207182df1884c75bed31470121525eccbf6aea506ba032a3b,Tomato___Spider_mites Two-spotted_spider_mite/32cf04f5-dd0f-4c8b-9b92-f7b9b44b347e___Com.G_SpM_FL 8738.JPG,Tomato___Spider_mites Two-spotted_spider_mite/338b9a2f-bdba-40e5-a861-b354fbf3e468___Com.G_SpM_FL 8630.JPG,Tomato___Spider_mites Two-spotted_spider_mite,Tomato___Spider_mites Two-spotted_spider_mite,train,train,8,False
b7a8b3d1266c06528e29a7a1805011990cd234aad9f528063d73f4b342dca7e8,f946c457a9e910b3f6375f8572c69ef71a4100bac996c3db110221b6b095b9df,Tomato___healthy/a0285527-98c1-40b7-992b-404644387ad8___GH_HL Leaf 509.4.JPG,Tomato___healthy/e7d07408-70bb-421d-9224-df4961a01cb9___GH_HL Leaf 509.1.JPG,Tomato___healthy,Tomato___healthy,val,val,8,False
b8263d2f142f91f6aec08b1975049ff892233a7ee77d829acc25ddaf27467703,e38752b3eb03c5793d5a362bcb46bf28073d8adaf03bdcc0aba4744476ea1ba0,Tomato___Bacterial_spot/43b71f8a-175a-4847-a2c8-69c7d2f59f10___GCREC_Bact.Sp 3476.JPG,Tomato___Bacterial_spot/a6d6640b-c086-44f5-a53f-8cb59f72a7b4___GCREC_Bact.Sp 5886.JPG,Tomato___Bacterial_spot,Tomato___Bacterial_spot,train,val,8,True
b83178b2b7fa5c92cab92b34c7096834a3554976c525c633fb957797d63a351b,92c9ab3280545d1d0b8621cab2c0a794573c523ba6bddbb055f093c9d4afb5bc,Tomato___Septoria_leaf_spot/7b5194d6-e0cf-4bc3-bb97-a1c6568e9bdc___Keller.St_CG 1773.JPG,Tomato___healthy/7d3cd4c9-2c10-422d-a5f2-474c5569649d___RS_HL 9686.JPG,Tomato___Septoria_leaf_spot,Tomato___healthy,train,train,8,False
b856b2545249f163ce63fd3a118fee337ff7f8c79bdbb61019a101a288cf9bdc,397a1187401b52856b0ea347d06d25f7c1287348974a32cf02419223b7010290,Tomato___Spider_mites Two-spotted_spider_mite/82fbc047-1d50-4da4-9e1a-befe7ebfc42e___Com.G_SpM_FL 1604.JPG,Tomato___Target_Spot/7dbcdc64-8646-4251-8253-22361604a72f___Com.G_TgS_FL 9717.JPG,Tomato___Spider_mites Two-spotted_spider_mite,Tomato___Target_Spot,train,train,8,False
b8a61b82b252111c566e476c397ba1ef8a0df1e4c977ecba5b54929e8d866007,469d966b525e4288f3f0cf84c15498d447914b6f4d3f62041be20b4534f5da48,Tomato___Early_blight/48160d05-d3e5-44bb-810e-18d08407b529___RS_Erly.B 9606.JPG,Tomato___Tomato_Yellow_Leaf_Curl_Virus/2e4361a4-6ccb-40dd-91ff-e8008153a207___YLCV_GCREC 5317.JPG,Tomato___Early_blight,Tomato___Tomato_Yellow_Leaf_Curl_Virus,train,train,8,False
b8a61b82b252111c566e476c397ba1ef8a0df1e4c977ecba5b54929e8d866007,99828d7e0a7b960b404ae97263df4399c790fb434eeae3eada0de0d8c5dab5ce,Tomato___Early_blight/48160d05-d3e5-44bb-810e-18d08407b529___RS_Erly.B 9606.JPG,Tomato___Tomato_Yellow_Leaf_Curl_Virus/b1bf466d-3769-4dcb-b7c1-4b7111e75516___YLCV_GCREC 5320.JPG,Tomato___Early_blight,Tomato___Tomato_Yellow_Leaf_Curl_Virus,train,train,8,False
b9020b1ed52260aeac5926b2a850b165c778d3c89a39c99ad4f75a01dca29860,5120d49c7689730882ea1c2dd8f892497fede586ca3c8025b386378efbc73c51,Tomato___Late_blight/57b4f2ba-3537-4505-8d7c-e5a3ae7511d9___RS_Late.B 5122.JPG,Tomato___Leaf_Mold/9d63ab4a-2bf7-4965-b96c-5c4c28c844c0___Crnl_L.Mold 8944.JPG,Tomato___Late_blight,Tomato___Leaf_Mold,test,train,8,True
b99dac0b60745aedcbb0add68c2eb8f2b930e73b7f05f67f99441307e71cfeca,d893e439dea93a96a5ce47161016192c0c9fa59767f639fa26d671e9062c4a92,Tomato___Spider_mites Two-spotted_spider_mite/e779d799-2088-4dd1-a125-997548d55db9___Com.G_SpM_FL 1637.JPG,Tomato___Bacterial_spot/b8f38ecf-ef8d-47b5-90a3-e937a300a931___GCREC_Bact.Sp 5770.JPG,Tomato___Spider_mites Two-spotted_spider_mite,Tomato___Bacterial_spot,test,train,8,True
b9e194e009963c272d0092fcb24d42ff6c31092c5bd948aed6f3d8931c8d3236,631d16800e9bdf773eb8d54a488147141c44e355f4e2bb4c86596dbbe40702df,Tomato___Tomato_Yellow_Leaf_Curl_Virus/7bff3fb7-788d-414c-bf0e-92a5ce4a4757___UF.GRC_YLCV_Lab 02064.JPG,Tomato___Tomato_Yellow_Leaf_Curl_Virus/bf4b5f5f-b0a7-4dbe-bca7-62f662d90cd2___UF.GRC_YLCV_Lab 02065.JPG,Tomato___Tomato_Yellow_Leaf_Curl_Virus,Tomato___Tomato_Yellow_Leaf_Curl_Virus,train,train,8,False
b9e451f4c8be2ff533c6ba83a94ddba4d824ac60e379e6faabcf653e4b4fca2e,09b218163890c1756ac4748a174c8f9cdf3440c1bb29648ec4fd79891fb1f965,Tomato___Bacterial_spot/1ebd463d-ddc5-47e4-8a45-482d411d0c26___GCREC_Bact.Sp 3178.JPG,Tomato___Bacterial_spot/c6581fb4-670c-4a11-94b2-1c9b51d8dda8___GCREC_Bact.Sp 3181.JPG,Tomato___Bacterial_spot,Tomato___Bacterial_spot,train,train,8,False
ba005209df4eb3d0499894accc9c5a52c44ce983ccc69c22b28b8ddfbd63ff82,82c75cf747a7db244841560399b2b475997b1661f8e10624bcfc682def0bdf6b,Tomato___Late_blight/64984183-009e-4dba-a25a-f769bab08080___GHLB2 Leaf 8637.JPG,Tomato___Late_blight/c0cd110f-ee8a-428e-aa00-d51f89b5a843___GHLB2 Leaf 8639.JPG,Tomato___Late_blight,Tomato___Late_blight,train,train,8,False
ba070fc4088d67e24f4e6cd2da96116627cc8d6e6498f06dc595ff4506c45bb5,d12458867fd9ae93b25c80fab51108c59a5e4e687d373210749a5c0468fa38e7,Tomato___Spider_mites Two-spotted_spider_mite/b6021a77-4136-43e0-a890-f3a5fa0bba42___Com.G_SpM_FL 1607.JPG,Tomato___Target_Spot/27eb06a0-f8b9-44db-a169-4e3e6553f3f2___Com.G_TgS_FL 1108.JPG,Tomato___Spider_mites Two-spotted_spider_mite,Tomato___Target_Spot,test,test,8,False
ba129f4c95e796acecc3eba9956a5e063c3ac78c38b2d7bf3dcc067229857a93,d4ca99e943ffa2fd05b403246bba743b80cf80379047875114df017e59e0b078,Tomato___Early_blight/04ddbde3-d33c-42bf-b849-dad24d64fd6f___RS_Erly.B 7664.JPG,Tomato___Tomato_Yellow_Leaf_Curl_Virus/f7803336-fa4b-466d-afb1-5a298e7105b6___YLCV_GCREC 2774.JPG,Tomato___Early_blight,Tomato___Tomato_Yellow_Leaf_Curl_Virus,train,train,8,False
ba5de53f59194cbedaeed80ec5c7fb0d811bdbc9cb63385aa8681968e75b19d6,6ec446297860dd745a992a851d546bb4a970a4b85ce01db8a9b3b69c99f1ef9c,Tomato___Bacterial_spot/0b233197-cd35-4031-80c2-610e7e3a046b___GCREC_Bact.Sp 6095.JPG,Tomato___Septoria_leaf_spot/233aef94-2a7c-4a66-bcd9-8171630a57fa___JR_Sept.L.S 2608.JPG,Tomato___Bacterial_spot,Tomato___Septoria_leaf_spot,train,train,8,False
ba5de53f59194cbedaeed80ec5c7fb0d811bdbc9cb63385aa8681968e75b19d6,91140b8013adf9b6ecacc44fa33140cf98a486c323d75ee31225ec301709cd86,Tomato___Bacterial_spot/0b233197-cd35-4031-80c2-610e7e3a046b___GCREC_Bact.Sp 6095.JPG,Tomato___Tomato_Yellow_Leaf_Curl_Virus/95bc1133-e7a6-47bd-873d-69660a0825b2___YLCV_GCREC 2737.JPG,Tomato___Bacterial_spot,Tomato___Tomato_Yellow_Leaf_Curl_Virus,train,val,8,True
ba5de53f59194cbedaeed80ec5c7fb0d811bdbc9cb63385aa8681968e75b19d6,d1364092ed8461de1162734e9c5eefe48799ff99cca212c0a5f81dea023ffd01,Tomato___Bacterial_spot/0b233197-cd35-4031-80c2-610e7e3a046b___GCREC_Bact.Sp 6095.JPG,Tomato___Bacterial_spot/6a4ce1e3-a768-4f6e-96cf-3590df10fdc5___GCREC_Bact.Sp 3608.JPG,Tomato___Bacterial_spot,Tomato___Bacterial_spot,train,train,8,False
ba839b4ba9773bbbc21b287b88253d4c5a1b56a58c51b5d40117c2472023c816,f3f01a94a24b3f16895337666a2747f20ad2108d6953f2a236ccaf4228dc4529,Tomato___Spider_mites Two-spotted_spider_mite/2a6aa96a-1916-4d47-932a-9eda7ca46c91___Com.G_SpM_FL 8497.JPG,Tomato___Tomato_Yellow_Leaf_Curl_Virus/5a66a625-94be-49c4-8711-0ed3e773fb45___YLCV_GCREC 2261.JPG,Tomato___Spider_mites Two-spotted_spider_mite,Tomato___Tomato_Yellow_Leaf_Curl_Virus,train,train,8,False
baa88f79e15575b08aa24b8bdd406d1a92b6f8bb51d180c526cddae762c8ee72,171430784c1cee070d8038e26225cf7183f5a62635bb5e718996a74d3c6a2f3c,Tomato___Bacterial_spot/d41b41df-08b1-498c-9c41-6967a6a46151___GCREC_Bact.Sp 3109.JPG,Tomato___Bacterial_spot/e1befb62-870e-400b-9ecb-167138652029___GCREC_Bact.Sp 5758.JPG,Tomato___Bacterial_spot,Tomato___Bacterial_spot,train,train,8,False
baa88f79e15575b08aa24b8bdd406d1a92b6f8bb51d180c526cddae762c8ee72,4c674235f4e0b7465fecc78bafcde25bde0542725507f69d1376933001bf01f2,Tomato___Bacterial_spot/d41b41df-08b1-498c-9c41-6967a6a46151___GCREC_Bact.Sp 3109.JPG,Tomato___Tomato_Yellow_Leaf_Curl_Virus/0911d416-d73d-4c2a-8e45-207a7ceb7c9a___YLCV_GCREC 2773.JPG,Tomato___Bacterial_spot,Tomato___Tomato_Yellow_Leaf_Curl_Virus,train,train,8,False
baa88f79e15575b08aa24b8bdd406d1a92b6f8bb51d180c526cddae762c8ee72,73e62a8d876cf146697683cc4ba2cc5e29b3849085d1f5815616b600068a657c,Tomato___Bacterial_spot/d41b41df-08b1-498c-9c41-6967a6a46151___GCREC_Bact.Sp 3109.JPG,Tomato___Tomato_Yellow_Leaf_Curl_Virus/1c3779b9-cb13-43b0-9a4a-01f96e7d039f___YLCV_GCREC 2545.JPG,Tomato___Bacterial_spot,Tomato___Tomato_Yellow_Leaf_Curl_Virus,train,train,8,False
bb24af3cd83f2ad553d88fe6410a18401d831b4fbcf7938f3809c3506950b96a,6fe7b9d06c7475abe42ad194ad27bda256c7bee7afe603610fc3bfd2e51e0387,Tomato___Spider_mites Two-spotted_spider_mite/89956d0e-2500-4ed8-87a5-8b221c5b8f6b___Com.G_SpM_FL 8914.JPG,Tomato___Spider_mites Two-spotted_spider_mite/1f3c081d-ddf4-48f7-884b-08b3a5b3ae0a___Com.G_SpM_FL 1307.JPG,Tomato___Spider_mites Two-spotted_spider_mite,Tomato___Spider_mites Two-spotted_spider_mite,test,train,8,True
bb24af3cd83f2ad553d88fe6410a18401d831b4fbcf7938f3809c3506950b96a,79c73c7060b94f57ac4fcb2703aa1deab232894baab8cf0df53d0ff3bdaf64ab,Tomato___Spider_mites Two-spotted_spider_mite/89956d0e-2500-4ed8-87a5-8b221c5b8f6b___Com.G_SpM_FL 8914.JPG,Tomato___Spider_mites Two-spotted_spider_mite/d8a1b62d-7ea5-417c-aceb-b466f7822690___Com.G_SpM_FL 9487.JPG,Tomato___Spider_mites Two-spotted_spider_mite,Tomato___Spider_mites Two-spotted_spider_mite,test,val,8,True
bb940a01a9d842e58b984294014f16ae027dfc31e66337fac4b383683541f637,353f85a4723d1dada01173be68a77773d6607846f1906d8fd1925236747d4943,Tomato___Spider_mites Two-spotted_spider_mite/491846cf-0ae0-41f5-aacb-b686b60f0f63___Com.G_SpM_FL 1183.JPG,Tomato___Tomato_mosaic_virus/847307bc-58ab-45fc-8001-f1e07a38bc82___PSU_CG 2065.JPG,Tomato___Spider_mites Two-spotted_spider_mite,Tomato___Tomato_mosaic_virus,test,train,8,True
bb9447ce366cd2c06c335d433a905ccb19c5abed769d7e07f799738eb2fce826,f12b78003c10b0825d0014a2bc84c6f92644021a76922a6fba2e0066289d0e2e,Tomato___Leaf_Mold/96ec6dc6-c3fb-4261-93ae-77d5dfaf8478___Crnl_L.Mold 8909.JPG,Tomato___Spider_mites Two-spotted_spider_mite/eda70478-22e0-4c08-8d35-759e36c32c36___Com.G_SpM_FL 9552.JPG,Tomato___Leaf_Mold,Tomato___Spider_mites Two-spotted_spider_mite,train,train,8,False
bbb9c46be1ca7de2f081c467abe55d32ccd255d3bbafe7b193817bf4f3d9a15f,e13378c178add1e7b830ef86cd847056085300c6c3e3c1379a338b5b65ee5e2c,Tomato___Spider_mites Two-spotted_spider_mite/f4f765b8-958b-4266-981e-2320454ac4ab___Com.G_SpM_FL 9356.JPG,Tomato___Tomato_Yellow_Leaf_Curl_Virus/b7ea425e-c280-4c6a-b412-a1f029d565ed___YLCV_NREC 2656.JPG,Tomato___Spider_mites Two-spotted_spider_mite,Tomato___Tomato_Yellow_Leaf_Curl_Virus,val,val,8,False
bbcc28045c1366efb4136af081b987c884afc42fe33f94a7cc24074c1ec1685e,067439d3cc099b8cf9536903443300a9aaef7475af83bc91adc58f824f5cf773,Tomato___Spider_mites Two-spotted_spider_mite/4991eaa2-e553-4132-834d-628a9dae9a0d___Com.G_SpM_FL 1528.JPG,Tomato___Target_Spot/34edeb32-db7b-4885-b55f-5aeba556997c___Com.G_TgS_FL 0008.JPG,Tomato___Spider_mites Two-spotted_spider_mite,Tomato___Target_Spot,train,train,8,False
bbcc28045c1366efb4136af081b987c884afc42fe33f94a7cc24074c1ec1685e,9420cc1bab3684a9b021fd83d95d957b34a4f55c97c336dddb4825ec1e60ba6d,Tomato___Spider_mites Two-spotted_spider_mite/4991eaa2-e553-4132-834d-628a9dae9a0d___Com.G_SpM_FL 1528.JPG,Tomato___Spider_mites Two-spotted_spider_mite/45d0aca4-ce49-43cb-af35-99ac8d283930___Com.G_SpM_FL 1459.JPG,Tomato___Spider_mites Two-spotted_spider_mite,Tomato___Spider_mites Two-spotted_spider_mite,train,val,8,True
bc32b911307bf5a14e9f38b962a3fa83889f057f89c4b096faff4b09f17fce01,78e32d84ba87759cb0578496107c6a6b443317d4c5f7c1cd03c7dc4b511b923a,Tomato___Late_blight/1f8743b6-f385-4464-9e41-48bd9fe85637___GHLB2 Leaf 8914.JPG,Tomato___Late_blight/c421eebc-d8ec-42d7-bcc9-a615343216a0___GHLB2 Leaf 8912.JPG,Tomato___Late_blight,Tomato___Late_blight,train,train,8,False
bc37d056cfa60d71f3a24a699be723cda998d03e56e95ccf0480ebd83c72c2ae,4d2a584fb1e602d4e2fcdb863a9a63dbf2b12127646aa4b348e697deeeff7e80,Tomato___Septoria_leaf_spot/3b8e8f98-bbc7-446d-82a9-5130e10f1b4a___Matt.S_CG 6618.JPG,Tomato___Target_Spot/f7a859bc-fcd9-4317-8ce6-f2af5ac56431___Com.G_TgS_FL 9692.JPG,Tomato___Septoria_leaf_spot,Tomato___Target_Spot,test,train,8,True
bc37d056cfa60d71f3a24a699be723cda998d03e56e95ccf0480ebd83c72c2ae,fecf9be5cbcafd892ad4a2559404e600d9e73c47cfa208c615ce81200c170656,Tomato___Septoria_leaf_spot/3b8e8f98-bbc7-446d-82a9-5130e10f1b4a___Matt.S_CG 6618.JPG,Tomato___Leaf_Mold/56779b93-da91-4f00-b562-ed5114e6d378___Crnl_L.Mold 6635.JPG,Tomato___Septoria_leaf_spot,Tomato___Leaf_Mold,test,train,8,True
bc3c9b932027ccf6f8e8bfb8ae611a66aab58c994f845f00624a298b86b3a64d,ada210a94d10833bb6be8f43c9a13d22b6059981e89688ab6e71507bf25c3c02,Tomato___Tomato_Yellow_Leaf_Curl_Virus/8a72f728-8a36-4e96-bcfc-da5a04626338___UF.GRC_YLCV_Lab 02417.JPG,Tomato___Tomato_Yellow_Leaf_Curl_Virus/13248326-a01f-4f05-8502-fe2ecd936ccc___UF.GRC_YLCV_Lab 02422.JPG,Tomato___Tomato_Yellow_Leaf_Curl_Virus,Tomato___Tomato_Yellow_Leaf_Curl_Virus,train,val,8,True
bc6967673ed74eb34a072cb403903ebfba74f765c34724c17e419028079a0850,f77ef2aaa46ad8fd809d6829b50c9131cb87b9fa98831ba44fd28a4b5be2074c,Tomato___Tomato_Yellow_Leaf_Curl_Virus/17a589c7-54de-4d2a-abc9-bc43c5bc1ef0___UF.GRC_YLCV_Lab 02475.JPG,Tomato___Tomato_Yellow_Leaf_Curl_Virus/bee929dc-31c0-43af-b201-777e3a753016___UF.GRC_YLCV_Lab 02477.JPG,Tomato___Tomato_Yellow_Leaf_Curl_Virus,Tomato___Tomato_Yellow_Leaf_Curl_Virus,train,train,8,False
bc7810a4e1796f2230e56f6881ab9f0dfdf4fdf9e826845a549a962d051ac106,2e577a9542c0a34d2873670cd3b5f3416272ba063626154d7283fc3afe7d4a4d,Tomato___Bacterial_spot/051beef3-8c72-4fd8-9dd4-8fececd41a35___GCREC_Bact.Sp 5989.JPG,Tomato___Bacterial_spot/e14b7ae8-96ff-47e0-8b35-aa7203dc49d5___GCREC_Bact.Sp 3020.JPG,Tomato___Bacterial_spot,Tomato___Bacterial_spot,train,val,8,True
bc7810a4e1796f2230e56f6881ab9f0dfdf4fdf9e826845a549a962d051ac106,4f4c99fde3a639d19f26149cf99a98a46e7025278e4e08281c8542dc7f9bdabd,Tomato___Bacterial_spot/051beef3-8c72-4fd8-9dd4-8fececd41a35___GCREC_Bact.Sp 5989.JPG,Tomato___Tomato_Yellow_Leaf_Curl_Virus/0d63c167-dff7-4486-983f-c46183a1a210___YLCV_GCREC 2262.JPG,Tomato___Bacterial_spot,Tomato___Tomato_Yellow_Leaf_Curl_Virus,train,val,8,True
bc7810a4e1796f2230e56f6881ab9f0dfdf4fdf9e826845a549a962d051ac106,79979c918f7ff5591a0bf90a8034458e7859aab48c2ad220b8ad9759e2e0fc45,Tomato___Bacterial_spot/051beef3-8c72-4fd8-9dd4-8fececd41a35___GCREC_Bact.Sp 5989.JPG,Tomato___Target_Spot/9a03ff47-8285-478e-9e82-f4f51a7180a5___Com.G_TgS_FL 0010.JPG,Tomato___Bacterial_spot,Tomato___Target_Spot,train,train,8,False
bc7810a4e1796f2230e56f6881ab9f0dfdf4fdf9e826845a549a962d051ac106,b1de9eedb6c5461ad3907786e46519a3470abcdc1287114acf4d78bc11d02a6c,Tomato___Bacterial_spot/051beef3-8c72-4fd8-9dd4-8fececd41a35___GCREC_Bact.Sp 5989.JPG,Tomato___Bacterial_spot/8e0325d9-4504-4e3a-8013-a064b8c546f1___GCREC_Bact.Sp 3260.JPG,Tomato___Bacterial_spot,Tomato___Bacterial_spot,train,val,8,True
bc8938699d7130c6f7e0be41e5d874a0e848004007310c02f5fe39b188561dc5,27413468bd613f098810b36a7b45001ea89618176688a23b84257319c3ea6746,Tomato___Tomato_Yellow_Leaf_Curl_Virus/04a2f285-b805-4c90-853a-3ee683becb85___UF.GRC_YLCV_Lab 02040.JPG,Tomato___Tomato_Yellow_Leaf_Curl_Virus/615e005c-feb3-4319-b4f6-6c1ec32fe1cf___UF.GRC_YLCV_Lab 02036.JPG,Tomato___Tomato_Yellow_Leaf_Curl_Virus,Tomato___Tomato_Yellow_Leaf_Curl_Virus,train,train,8,False
bc95b18483d0a27dcd7d3d9cd0dbb44443616cdcc9984649c160ab6f7a82f0da,fcdf9da815daabb4984530a94f434d228a813ebdfcccfc8390de81180004fb22,Tomato___Spider_mites Two-spotted_spider_mite/3ed8e245-778d-4003-8f4f-1be77c97978c___Com.G_SpM_FL 1548.JPG,Tomato___Spider_mites Two-spotted_spider_mite/ae12c3dc-3dd3-4741-bf9a-55904738086d___Com.G_SpM_FL 1265.JPG,Tomato___Spider_mites Two-spotted_spider_mite,Tomato___Spider_mites Two-spotted_spider_mite,train,train,8,False
bca7058d57d2c2bcff44a2639c5d4d44003eb0bfdfd54009291558fd6b06336f,c35b7509031d98959ded89cb9f415f37d4a45fbd5bf86ef9bc3a0ff076963fba,Tomato___Spider_mites Two-spotted_spider_mite/41b662fc-9ef2-4374-9a17-2a181735d756___Com.G_SpM_FL 9471.JPG,Tomato___Tomato_mosaic_virus/b386eecb-c3b8-4b92-8352-b3b687c2db15___PSU_CG 2236.JPG,Tomato___Spider_mites Two-spotted_spider_mite,Tomato___Tomato_mosaic_virus,train,val,8,True
bcb00bb4dadec680ac44849b2461502b2e927ac3814e590cd8dd18eaaa39d725,165f866e12a03712b1b7ab5c7a15f0dc42a92244172f4551e252e2124a847340,Tomato___Bacterial_spot/9af2b6a5-23a1-4ac9-b635-6018589c9d25___GCREC_Bact.Sp 3371.JPG,Tomato___Septoria_leaf_spot/563ce6e0-3d79-428c-b30f-3f3dd1e9b4e4___Matt.S_CG 6536.JPG,Tomato___Bacterial_spot,Tomato___Septoria_leaf_spot,train,train,8,False
bcbca91b274a326a37d338ce47be4907b96632344a35c50cac066cfbe12c4430,6011b6db2e9c94105891bcd2686e4cfbf90745b4c7cf5c9188856cefc8669390,Tomato___Tomato_Yellow_Leaf_Curl_Virus/d44e8a78-33f7-48ae-907a-ba5f08ae9fa5___YLCV_GCREC 2118.JPG,Tomato___Tomato_Yellow_Leaf_Curl_Virus/63850dfe-2c79-4728-8557-b1eb242e16f1___YLCV_GCREC 2298.JPG,Tomato___Tomato_Yellow_Leaf_Curl_Virus,Tomato___Tomato_Yellow_Leaf_Curl_Virus,test,train,8,True
bcc1087f1e34b8dbad24e44ee969456502be09cd4aa415ff06e011e6e7b57237,8abb0239b8dd964361b270e03540b04991ec239d704b34cfc18831fdaf5aacf6,Tomato___Spider_mites Two-spotted_spider_mite/f7b7b4c8-1420-4ffe-ba64-97be026edeb4___Com.G_SpM_FL 8978.JPG,Tomato___Spider_mites Two-spotted_spider_mite/0d956449-8243-4229-b293-124461cc4940___Com.G_SpM_FL 9325.JPG,Tomato___Spider_mites Two-spotted_spider_mite,Tomato___Spider_mites Two-spotted_spider_mite,train,val,8,True
bcd6566abf76f0c86bf91873223435110249516ddd2e0f06d9bffd142ddc9d2e,fca96b0e8ff02816dc5cfb6741ca6cb6617b48015bf4260da60c6f654126d6f0,Tomato___Tomato_Yellow_Leaf_Curl_Virus/3c6bd94d-921c-4860-b355-9cc8f4e0f8cc___YLCV_GCREC 2378.JPG,Tomato___Spider_mites Two-spotted_spider_mite/c96e4abf-404d-40ab-b105-827dde90c4a7___Com.G_SpM_FL 9331.JPG,Tomato___Tomato_Yellow_Leaf_Curl_Virus,Tomato___Spider_mites Two-spotted_spider_mite,train,val,8,True
bcf9e9dedcc7e76c185ed82aca86c7aff520f504ab85b63448c2ece32c187d8e,e72e62557eb34499789929b49591b634cfa28739cdebfdda50d8045e8478ce0a,Tomato___Early_blight/17d051ce-efe1-486e-b5ed-b71b1317a9f0___RS_Erly.B 9614.JPG,Tomato___Early_blight/a8b2bbbc-5bef-4ef4-8322-48cde639a9aa___RS_Erly.B 7438.JPG,Tomato___Early_blight,Tomato___Early_blight,train,train,8,False
bd2f17a95caffd6a67d0652f05c331006382b79f51fa671d2310dfb8de829981,647ba7a7d325c7a90e06ee341c8927ae33b5ae1d436eb6a696e584f911c2a2d7,Tomato___Late_blight/5b95aab7-c5be-42e3-afc8-c99f7c1c2c0c___GHLB2 Leaf 8658.JPG,Tomato___Late_blight/6ed45835-4863-4d95-9d71-8ec0f1b26f27___GHLB2 Leaf 8834.JPG,Tomato___Late_blight,Tomato___Late_blight,train,train,8,False
bd9754051f042b376a49797f4bc02da967892f32bccf4352210cb27038e58083,3e2c64ed7e258abd9b8f9eab9d826f1921ec0b89b8629c4d28cdeb6933eb1e63,Tomato___Bacterial_spot/611c6fa8-d805-4956-a786-2a4522c59f71___GCREC_Bact.Sp 5616.JPG,Tomato___Leaf_Mold/76e5026d-dc54-4129-8250-573317cc91da___Crnl_L.Mold 6700.JPG,Tomato___Bacterial_spot,Tomato___Leaf_Mold,test,train,8,True
bdbf5adcde460f2d4a0b43c8b37497220290436f00d776b3b76fa3a1d1ef0a13,aba4e9874aec4eb261d6b307c197d0e9592763a71465c2ff282fc7eaabbbd1ac,Tomato___Target_Spot/f62e640e-bf10-4630-b8d7-996ff2fd58b7___Com.G_TgS_FL 9827.JPG,Tomato___Tomato_Yellow_Leaf_Curl_Virus/e6be8040-6122-4d04-a9ad-786059a76191___YLCV_NREC 2914.JPG,Tomato___Target_Spot,Tomato___Tomato_Yellow_Leaf_Curl_Virus,train,train,8,False
be6b46a4f7d95f197acb795aae404a24364ec9482c8d98fb5c0b017f23da862b,8b090907d3042e7d1b5db9c1cd8259faf9e274ced2eb82dba5dbe017dc505d02,Tomato___Late_blight/17948fd9-d37a-4324-b0e1-0b03701682f0___GHLB2 Leaf 8746.JPG,Tomato___Late_blight/5e85791b-b3a7-430e-b3af-e244c2d16f31___GHLB2 Leaf 8747.JPG,Tomato___Late_blight,Tomato___Late_blight,train,train,8,False
be8302812f41fd5fe788e6c8ddf1ef03b4ef1d1c2a2c9a45c8d99660736ffc5d,b04ca166f199ebca438432a181d3cb4336e484280c6b481f93c3a829e09b2d69,Tomato___Spider_mites Two-spotted_spider_mite/0d831ad9-bc2a-4168-bbf2-6030f3f886f2___Com.G_SpM_FL 9419.JPG,Tomato___Spider_mites Two-spotted_spider_mite/fd4f7201-2f81-4650-8681-dd56406417af___Com.G_SpM_FL 1364.JPG,Tomato___Spider_mites Two-spotted_spider_mite,Tomato___Spider_mites Two-spotted_spider_mite,test,val,8,True
be8c2eeba8a581509fb73ec867f5d1e50d94b7f7e64ab0c66867d7a7b997c72c,204760ab96ee58039ecabec3a3ed9655f81a059f85ba0cc23f403fe46f546da5,Tomato___Septoria_leaf_spot/321f1ae4-f088-44c1-aaaa-19283d863fda___Matt.S_CG 1613.JPG,Tomato___Septoria_leaf_spot/33955624-749a-442a-bf18-6d7a21130d72___JR_Sept.L.S 8398.JPG,Tomato___Septoria_leaf_spot,Tomato___Septoria_leaf_spot,test,val,8,True
bf88e688a782826e27260c4cc0403554d43dacc57acbd79ee1d0512ca1bc638c,ccc171324ba26b09bc189ff4a8b09d6580914d8e32b129961842effd01d1384c,Tomato___Late_blight/3b66a8ec-5828-4bd0-9893-9f00ee22d394___RS_Late.B 5535.JPG,Tomato___Septoria_leaf_spot/c72f9244-eda7-4aa5-9fda-4d572f1999de___Matt.S_CG 6701.JPG,Tomato___Late_blight,Tomato___Septoria_leaf_spot,train,train,8,False
bfa95f183a1cf6c20223d2182f54570d3f45d504231c3a67bfd00a0f29941580,330ad1e47f732ca1627f4c8b371791377aee25e47cc57d61def45fffc9ac5b6d,Tomato___Spider_mites Two-spotted_spider_mite/9a9a3476-f397-4892-82ab-24638ce03b01___Com.G_SpM_FL 9435.JPG,Tomato___Tomato_mosaic_virus/4139ab06-a33a-448d-819a-3b6da9784a2d___PSU_CG 2049.JPG,Tomato___Spider_mites Two-spotted_spider_mite,Tomato___Tomato_mosaic_virus,train,train,8,False
bfe2383eacaa5640617f2e68209f83398b84f33644e5918be55ef3c7360183a5,c96c60df66ea2e88da27e3bbbb7bd5272533478614c00d424d0694594632f06a,Tomato___Septoria_leaf_spot/34a98498-bbe1-4ba8-ac6b-158adb2de2b9___Matt.S_CG 0828.JPG,Tomato___Tomato_mosaic_virus/bba77afa-234e-40c9-9d2e-6770ac1789e4___PSU_CG 2082.JPG,Tomato___Septoria_leaf_spot,Tomato___Tomato_mosaic_virus,train,train,8,False
bffa80f8bf6e9c8bad38389cf37e00bc40f8e1d5fd89639128c22e295815c873,5e5d6229f30b3f52f0ebe66e8c2e58a6385fd38fab9b766c925830d1f79c9cac,Tomato___Spider_mites Two-spotted_spider_mite/82be04b8-6e17-4388-a60c-9d074a798174___Com.G_SpM_FL 8649.JPG,Tomato___Spider_mites Two-spotted_spider_mite/e1b32a63-c580-47e4-a2e9-d08d32923d9d___Com.G_SpM_FL 8420.JPG,Tomato___Spider_mites Two-spotted_spider_mite,Tomato___Spider_mites Two-spotted_spider_mite,train,train,8,False
c00324fecdc46b624e991272a661744e62e29cb25b0abdda8c38136214cab053,c98f3055efe6253af3031fbdb742b7f9f6ff862e44ac29cea5c44453432ed047,Tomato___Late_blight/93cfbf22-96aa-4d97-ae92-9117209d23c0___RS_Late.B 6192.JPG,Tomato___Tomato_Yellow_Leaf_Curl_Virus/212ecbe4-9f9d-4eb9-aa9c-07b57cff3a35___YLCV_GCREC 1910.JPG,Tomato___Late_blight,Tomato___Tomato_Yellow_Leaf_Curl_Virus,train,val,8,True
c01431ae8ae9b76036a0db7326c6dc6aa51bf29083d0a3b7eeefa835f368ba58,122aa3b0ac374bdc4c356feaa74175cd8a72704ac9ab0aaf99023e5434f1e334,Tomato___Bacterial_spot/5343448b-1c53-435c-9f2a-7344772438a2___GCREC_Bact.Sp 3057.JPG,Tomato___Target_Spot/225b37a6-449f-4436-92be-ae3299f968a4___Com.G_TgS_FL 8197.JPG,Tomato___Bacterial_spot,Tomato___Target_Spot,train,train,8,False
c01431ae8ae9b76036a0db7326c6dc6aa51bf29083d0a3b7eeefa835f368ba58,974154959c5f607643be25b42c7a22bb31678f728427c2a820f727c3b9e4e698,Tomato___Bacterial_spot/5343448b-1c53-435c-9f2a-7344772438a2___GCREC_Bact.Sp 3057.JPG,Tomato___Target_Spot/54f2194d-573c-48e5-bf19-114fd0bbe2a8___Com.G_TgS_FL 8130.JPG,Tomato___Bacterial_spot,Tomato___Target_Spot,train,val,8,True
c061f257365c99f375ea5e1fd3d102e69c5f903cdc8a2698890a1cca72a99c34,ff1bd17b9af86c9e15e7549d11f1910ba82103975fb9a1dc41eda9e545811b7b,Tomato___healthy/75a4f049-e99c-4666-845f-7b1577dbd662___RS_HL 9955.JPG,Tomato___healthy/b1e628a8-b250-4ee7-9d3f-60f93a6a556b___RS_HL 0148.JPG,Tomato___healthy,Tomato___healthy,val,val,8,False
c0800f84662ecea53eca46455acc35e23a9c55ea695633b86ad20f431b7b9e8b,c6d911ccc42fe7d337ebc4946f156c9918a70c6b75697ebab99b18f569873a84,Tomato___Bacterial_spot/4293f140-6bbd-4e7b-af3e-f3d519d72524___GCREC_Bact.Sp 5956.JPG,Tomato___Bacterial_spot/93425b8b-4f69-47ec-bbd7-15723bd9b563___GCREC_Bact.Sp 6004.JPG,Tomato___Bacterial_spot,Tomato___Bacterial_spot,val,val,8,False
c1201a2c55b80a198e1a37705a9864781aed62cbac0efc03c9d6e230eb41d47c,b2cdd831ef3edbf3ca88acc8a03f0bb95704c54db5fb222f9b39638fe777834e,Tomato___Target_Spot/faeadae6-ed49-4445-8d6d-1d56d3d22d02___Com.G_TgS_FL 7945.JPG,Tomato___Target_Spot/71a27bcf-67b2-48c8-b9a2-20d9be14e605___Com.G_TgS_FL 7921.JPG,Tomato___Target_Spot,Tomato___Target_Spot,test,train,8,True
c156bfa37cfa51874f51100306dfc084a24e7dea41ccc658216ff041f649c099,2412a2354387f038ee7192aab4b52a594f95955ecb004f1cbc5c6e15602071d8,Tomato___Target_Spot/ae5e390c-1682-4e71-bb08-ce60b694dd8d___Com.G_TgS_FL 9725.JPG,Tomato___healthy/68f66822-cde2-4a2c-b58e-a16900362a75___RS_HL 9674.JPG,Tomato___Target_Spot,Tomato___healthy,val,val,8,False
c190fdbdcb52be7003cfeace0645504039f2fee65e608c0c6ff63c889ae8082c,da92bdad459e13e5155d8129e3a940b3057122018d88c4b7f1bd514fa2435cd6,Tomato___Tomato_Yellow_Leaf_Curl_Virus/fcab8ee1-db97-45ea-aba5-75abfb6e8af4___UF.GRC_YLCV_Lab 02141.JPG,Tomato___Tomato_Yellow_Leaf_Curl_Virus/aebf1e29-1f20-43d5-9e81-e0709fb2224f___UF.GRC_YLCV_Lab 02142.JPG,Tomato___Tomato_Yellow_Leaf_Curl_Virus,Tomato___Tomato_Yellow_Leaf_Curl_Virus,test,train,8,True
c1ac9653adfdece905a6ac5f482bd351817cd7416b31755e294c5ea3d02b858f,cc950cd0846c0622d6a58a50a6727448a2cdb285916dbe45772a957053dee086,Tomato___Septoria_leaf_spot/bc462a9d-4df2-4675-bce7-fb226d8f6d35___Matt.S_CG 1401.JPG,Tomato___Bacterial_spot/fd7e07cc-7fdf-4203-be7c-8ff2e323e71d___GCREC_Bact.Sp 3533.JPG,Tomato___Septoria_leaf_spot,Tomato___Bacterial_spot,test,train,8,True
c1c5832b9873cb2105cad6433f26323a46560de4015475d027eb532589d2f721,52a623b5cf2fd74459ae01e4889a1017f2752ecbdfe9cc4b9cf8576cf81ef0ea,Tomato___Tomato_Yellow_Leaf_Curl_Virus/0a351fc7-e2aa-426f-bba0-f6d5096827a3___UF.GRC_YLCV_Lab 02044.JPG,Tomato___Tomato_Yellow_Leaf_Curl_Virus/8344ea78-762a-4321-8a04-39dfa509dc80___UF.GRC_YLCV_Lab 02043.JPG,Tomato___Tomato_Yellow_Leaf_Curl_Virus,Tomato___Tomato_Yellow_Leaf_Curl_Virus,train,train,8,False
c1c7dc2864ea561101b5f9d0358228140018dc91bd381704a8d407731c812969,3681e2a216005c249ce8f61f02cdd5738d88613e76027132d852cb17db6f76f7,Tomato___Target_Spot/361193d0-3a49-4d6c-a94f-5a36f32e02d7___Com.G_TgS_FL 9756.JPG,Tomato___Tomato_Yellow_Leaf_Curl_Virus/31d40792-f720-42ba-b669-7947fcbc6594___UF.GRC_YLCV_Lab 02077.JPG,Tomato___Target_Spot,Tomato___Tomato_Yellow_Leaf_Curl_Virus,train,val,8,True
c211f998eb1afa651379aa1c021275151e159db28c09ab746057734becdfede7,3385de63511ad479f52e204bc032b3f82c781faeef818c67a63710a7975972dc,Tomato___Bacterial_spot/39585b95-2167-4dac-9993-f75aac8d38bc___GCREC_Bact.Sp 3538.JPG,Tomato___Bacterial_spot/26cabbbf-57e1-42a5-9fdc-e819b4b02d39___GCREC_Bact.Sp 3437.JPG,Tomato___Bacterial_spot,Tomato___Bacterial_spot,test,train,8,True
c234bf8ef881944c96806e252b7d128d5016c9413b2f5bbc52e4de7f8da31d06,fcfb192c17940a489ab22e0e4aa95ec9b4625592a95c851da4ffc944bdcd3794,Tomato___healthy/50ac802c-b814-4faf-b0d5-a7bc012747eb___GH_HL Leaf 315.JPG,Tomato___healthy/71967e69-6356-49c1-81ce-624792b4d964___GH_HL Leaf 315.1.JPG,Tomato___healthy,Tomato___healthy,train,val,8,True
c2fe88145ec398b276bed613b7663b8bb93de1cfe811169f42b329f7b797c344,9a8df682a27a5ff51307ea45c072c7d1227e91c1e4684a16e3edca7323607e3f,Tomato___Septoria_leaf_spot/ffbb4b17-6760-48fd-bbfa-70120a53db86___Matt.S_CG 1284.JPG,Tomato___Bacterial_spot/27a806fe-06f2-48fb-92cf-32d44d545606___GCREC_Bact.Sp 3052.JPG,Tomato___Septoria_leaf_spot,Tomato___Bacterial_spot,test,val,8,True
c3078153e84aa4bbb141b1fd5afc8c452bb9366b125dbb1a92f565bc5721454b,0665e163c96931e2b6bfc409a265cc8cd8d4143792597beb39738d64f3834c4c,Tomato___Bacterial_spot/e601dd19-754a-4db4-926b-5e71609f628e___GCREC_Bact.Sp 3342.JPG,Tomato___Spider_mites Two-spotted_spider_mite/b3ff8412-603f-47c7-855f-3670ffb84ee5___Com.G_SpM_FL 9266.JPG,Tomato___Bacterial_spot,Tomato___Spider_mites Two-spotted_spider_mite,train,train,8,False
c3078153e84aa4bbb141b1fd5afc8c452bb9366b125dbb1a92f565bc5721454b,8afe0346cda347cb9fbd135a669f2c71f52efce35aa6e917b415f2681e7400e5,Tomato___Bacterial_spot/e601dd19-754a-4db4-926b-5e71609f628e___GCREC_Bact.Sp 3342.JPG,Tomato___Target_Spot/8fa4b03e-7abe-456e-a84e-2b490ada8b0f___Com.G_TgS_FL 9709.JPG,Tomato___Bacterial_spot,Tomato___Target_Spot,train,val,8,True
c3078153e84aa4bbb141b1fd5afc8c452bb9366b125dbb1a92f565bc5721454b,9031745cc23f3c9d93e4e811240850f2979bf4f8530b3f3a0273092367a05f5f,Tomato___Bacterial_spot/e601dd19-754a-4db4-926b-5e71609f628e___GCREC_Bact.Sp 3342.JPG,Tomato___Spider_mites Two-spotted_spider_mite/f5cf6938-855e-479f-b909-a9bc12fcb76c___Com.G_SpM_FL 8733.JPG,Tomato___Bacterial_spot,Tomato___Spider_mites Two-spotted_spider_mite,train,train,8,False
c3078153e84aa4bbb141b1fd5afc8c452bb9366b125dbb1a92f565bc5721454b,9572308d799c5c2b464093572a1ab05b62389faa9010202bc334f5a827a818d9,Tomato___Bacterial_spot/e601dd19-754a-4db4-926b-5e71609f628e___GCREC_Bact.Sp 3342.JPG,Tomato___Target_Spot/371b7ff8-6031-437b-b0c5-5fc10e2317d1___Com.G_TgS_FL 9944.JPG,Tomato___Bacterial_spot,Tomato___Target_Spot,train,train,8,False
c336877172a010547ad4f685afddd0b3be48debf444c9d67550ff5bc383989cf,a506dfac14b50b99fcc191b9fbea087b5769476ddb3c2ec8b90d32ae052d920d,Tomato___Bacterial_spot/0d227915-443b-402c-8a25-cc43434c4bb0___GCREC_Bact.Sp 5913.JPG,Tomato___Spider_mites Two-spotted_spider_mite/530e2e65-0ca2-40aa-89cb-b700c9503fb6___Com.G_SpM_FL 9558.JPG,Tomato___Bacterial_spot,Tomato___Spider_mites Two-spotted_spider_mite,test,val,8,True
c349aecca696fe8bbe887a97b7ff098c6b912ba0052b5ed69c22d906e01c466d,ac271e00443f10366c2a41c924f19a8feedb5da12abecc2198d375d4e8d8468b,Tomato___Tomato_Yellow_Leaf_Curl_Virus/dc6afe95-4f55-4d15-824c-3f7a5d5b5131___UF.GRC_YLCV_Lab 03159.JPG,Tomato___Tomato_Yellow_Leaf_Curl_Virus/dd9b2bbb-6708-4188-8224-1bbf75c9f55b___UF.GRC_YLCV_Lab 03160.JPG,Tomato___Tomato_Yellow_Leaf_Curl_Virus,Tomato___Tomato_Yellow_Leaf_Curl_Virus,train,train,8,False
c39c19c1b31134228cd56b8cff3465551955c49ce89ffac32e93dfce4918d001,a6cb8c2b4705440c0cdf81634cdf8fb9657f3d747ee7556d32aca1681bb07dac,Tomato___Target_Spot/69e0b7c6-4cb9-48e6-8436-0979f2ca1469___Com.G_TgS_FL 9805.JPG,Tomato___Tomato_mosaic_virus/3a99961c-cc66-44a9-b2c7-4d5a0714e839___PSU_CG 2162.JPG,Tomato___Target_Spot,Tomato___Tomato_mosaic_virus,test,val,8,True
c3e50668b5caf0ea64f227ddf2bb9d08cdf3eff25ef18b905f0ec2da3d97a059,a86b90df25e9048f27bd6e0f5380e276810d8a5dd31fed5c88c9ad2cd301e68a,Tomato___Bacterial_spot/3a28881d-eede-4274-b158-c54ebd1c7164___GCREC_Bact.Sp 3136.JPG,Tomato___Bacterial_spot/c8875e15-728e-4c47-829f-c194fee60ae5___GCREC_Bact.Sp 3296.JPG,Tomato___Bacterial_spot,Tomato___Bacterial_spot,train,train,8,False
c40c15116d69a2d33df36e2700ea19e20b074aad386fe5891c78d10b5b7e4a92,f0813658453d54467aa5c00c037388ec6472823079342b0dbd7d36f15d9bcb8f,Tomato___Bacterial_spot/4d0f643a-df33-432c-950f-141b23e21094___GCREC_Bact.Sp 3312.JPG,Tomato___Bacterial_spot/e98fdfc0-1871-4b7d-b32a-35731e973289___GCREC_Bact.Sp 5834.JPG,Tomato___Bacterial_spot,Tomato___Bacterial_spot,train,train,8,False
c42d649ee2322e4e5b9c299fd0057115ce1dc4083ec831be7753e6f802c3cc36,a6a7f4f6f00d07a8933953805d7464c9e6e13773f348589cca10e36b8e98da83,Tomato___Tomato_Yellow_Leaf_Curl_Virus/3baecdfe-1140-446b-af35-7fd18205e325___UF.GRC_YLCV_Lab 01734.JPG,Tomato___Tomato_Yellow_Leaf_Curl_Virus/fbcde21a-84a9-4d1d-95be-0fa5972b55e4___UF.GRC_YLCV_Lab 01736.JPG,Tomato___Tomato_Yellow_Leaf_Curl_Virus,Tomato___Tomato_Yellow_Leaf_Curl_Virus,train,train,8,False
c42d649ee2322e4e5b9c299fd0057115ce1dc4083ec831be7753e6f802c3cc36,b97fbb58b33c2a7bdd43bdc1237285eacef36953063b9f161ef1290ef35d5a41,Tomato___Tomato_Yellow_Leaf_Curl_Virus/3baecdfe-1140-446b-af35-7fd18205e325___UF.GRC_YLCV_Lab 01734.JPG,Tomato___Tomato_Yellow_Leaf_Curl_Virus/f9213e8e-6a76-48dc-903c-ab8a98439533___UF.GRC_YLCV_Lab 01744.JPG,Tomato___Tomato_Yellow_Leaf_Curl_Virus,Tomato___Tomato_Yellow_Leaf_Curl_Virus,train,train,8,False
c42ea5551ed991d64da5b581dd72c34ab2448a0f14aec256a4f8cd452028d375,1b1701e8bad3ce5dc1bd08d2689435d1107c36fc0edf348b94430d0a14cf4543,Tomato___Tomato_Yellow_Leaf_Curl_Virus/6bc71828-8107-4cf7-9da1-54ac9f7c73da___UF.GRC_YLCV_Lab 02534.JPG,Tomato___Tomato_Yellow_Leaf_Curl_Virus/c6cb3a61-4f50-478f-9097-b21f470ce971___UF.GRC_YLCV_Lab 02536.JPG,Tomato___Tomato_Yellow_Leaf_Curl_Virus,Tomato___Tomato_Yellow_Leaf_Curl_Virus,val,val,8,False
c4476f35f0b16f1f5eea16a37e80ce71a50aa997c40c22542daee19bbba1973a,71374442b40addcb1a12a0d7cb7f816aeff4a776b8975bbc2db93a0890e50acd,Tomato___Tomato_Yellow_Leaf_Curl_Virus/891384e2-3e94-4ac0-8a5f-a58ec521d9cd___UF.GRC_YLCV_Lab 01427.JPG,Tomato___Tomato_Yellow_Leaf_Curl_Virus/ee4cb522-6d57-41a5-a425-f1038a1ffe9f___UF.GRC_YLCV_Lab 01432.JPG,Tomato___Tomato_Yellow_Leaf_Curl_Virus,Tomato___Tomato_Yellow_Leaf_Curl_Virus,test,train,8,True
c467cb44e5eb0fe93ef476d27795003c3304811e2830fb34060f6c048f918ea9,41a88612e68992f4744e35a23b0e90bfbac708de6323f284f7bc134620d97b6d,Tomato___Tomato_Yellow_Leaf_Curl_Virus/786a8bce-621d-472b-b140-77bef664c969___UF.GRC_YLCV_Lab 08479.JPG,Tomato___Tomato_Yellow_Leaf_Curl_Virus/d473a315-c928-4d55-8f18-3d4c7b1a4dbe___UF.GRC_YLCV_Lab 08470.JPG,Tomato___Tomato_Yellow_Leaf_Curl_Virus,Tomato___Tomato_Yellow_Leaf_Curl_Virus,train,val,8,True
c4de6ce8f2f3a0e94cf68723d7e12ae9a975fd0b7227bfa68a599f4e87c95c86,14fbbaf7811d86673eb89b6bbfd410cf5f9704e1d3e0842256377f2c5c25fd86,Tomato___Spider_mites Two-spotted_spider_mite/2b47c565-c37a-4bdb-baa9-b3721dbf9bb6___Com.G_SpM_FL 9326.JPG,Tomato___Spider_mites Two-spotted_spider_mite/a1dd03db-9622-4ef3-877d-278c89ada38c___Com.G_SpM_FL 1370.JPG,Tomato___Spider_mites Two-spotted_spider_mite,Tomato___Spider_mites Two-spotted_spider_mite,test,train,8,True
c4f21785164bcdeb49a258b1a6c8cd8790adb41254f0563b0b17e0a000a6f0f3,aa6b1e3a972bb8b00d797c8d40b32cf50f65374930588f634035d5955be1f555,Tomato___Bacterial_spot/965f8fae-c0d9-44a1-a203-3335b5f1fb74___GCREC_Bact.Sp 3391.JPG,Tomato___Bacterial_spot/c37d3b8a-fecc-488a-ab78-c00f5240283c___GCREC_Bact.Sp 3343.JPG,Tomato___Bacterial_spot,Tomato___Bacterial_spot,test,train,8,True
c4f21785164bcdeb49a258b1a6c8cd8790adb41254f0563b0b17e0a000a6f0f3,fdfc155969f6943bad10ea7b68cbc83a888eb73460a50f2f9fc7f8514a606aac,Tomato___Bacterial_spot/965f8fae-c0d9-44a1-a203-3335b5f1fb74___GCREC_Bact.Sp 3391.JPG,Tomato___Bacterial_spot/1ff93f22-ad6e-4c74-a677-90e88d1b93df___GCREC_Bact.Sp 3532.JPG,Tomato___Bacterial_spot,Tomato___Bacterial_spot,test,val,8,True
c51adc8a3d1585827dd3c7f48121c81c8c10dd0d9b8497f31b2b52985c7b2679,2223f2fe90e9b6f4b273c040ee272df40c9a618b216e2d62600db2304370ffa2,Tomato___Leaf_Mold/75b10923-dfb7-4b29-b12f-7e76fc069f51___Crnl_L.Mold 6674.JPG,Tomato___Leaf_Mold/c498f92f-5940-43ed-982b-110e5dc67b20___Crnl_L.Mold 7142.JPG,Tomato___Leaf_Mold,Tomato___Leaf_Mold,train,train,8,False
c544736610da35729254ea41def1b4423e9bcc35dfbbadd10d6a2824e5ae47a5,fd9fabb1e4ebe0882130de8a316e418278f1f84aeff83ccbf4f37a66a4a9254b,Tomato___Leaf_Mold/4176b39b-a3b7-4611-b05b-b4020269bae3___Crnl_L.Mold 7115.JPG,Tomato___Septoria_leaf_spot/e72c5427-8973-4ba3-9654-ac7197296aa4___Matt.S_CG 0854.JPG,Tomato___Leaf_Mold,Tomato___Septoria_leaf_spot,train,train,8,False
c566185f23822772d6b4308a3c661d5935dce28693330c43ffd3fd983c0a2111,2e577a9542c0a34d2873670cd3b5f3416272ba063626154d7283fc3afe7d4a4d,Tomato___Bacterial_spot/8dbf81aa-7085-4707-9374-9be792a0fd4a___GCREC_Bact.Sp 3275.JPG,Tomato___Bacterial_spot/e14b7ae8-96ff-47e0-8b35-aa7203dc49d5___GCREC_Bact.Sp 3020.JPG,Tomato___Bacterial_spot,Tomato___Bacterial_spot,val,val,8,False
c589c08c891c55d2a5bfc8a40c0e9936d1c5887fd3aa4638f0e878fea1b10a28,1ab1b6878f0ffe9ccc2983adb2fae255bac55bb6a131dbbd29b4beeab3bfaf94,Tomato___Bacterial_spot/bac40427-ce12-4369-8866-9e48e2f982da___GCREC_Bact.Sp 6092.JPG,Tomato___Spider_mites Two-spotted_spider_mite/fa0f71aa-5583-4376-ab17-a755cf065aaf___Com.G_SpM_FL 1520.JPG,Tomato___Bacterial_spot,Tomato___Spider_mites Two-spotted_spider_mite,train,train,8,False
c589c08c891c55d2a5bfc8a40c0e9936d1c5887fd3aa4638f0e878fea1b10a28,6908b712051f42e894fb15123fbc0b30445a09f2249e9e90ad7e8c75f1a76f46,Tomato___Bacterial_spot/bac40427-ce12-4369-8866-9e48e2f982da___GCREC_Bact.Sp 6092.JPG,Tomato___Spider_mites Two-spotted_spider_mite/2e9248a1-78c7-4aa8-a696-ab96c6947ceb___Com.G_SpM_FL 8629.JPG,Tomato___Bacterial_spot,Tomato___Spider_mites Two-spotted_spider_mite,train,val,8,True
c589c08c891c55d2a5bfc8a40c0e9936d1c5887fd3aa4638f0e878fea1b10a28,723e3d76540d2bdaa8578a15722d4022e5cdf9fdaf61d9afc8c521ebe0a6929d,Tomato___Bacterial_spot/bac40427-ce12-4369-8866-9e48e2f982da___GCREC_Bact.Sp 6092.JPG,Tomato___Bacterial_spot/ebaf3d67-cb6b-4b01-be28-f2276db98177___GCREC_Bact.Sp 3649.JPG,Tomato___Bacterial_spot,Tomato___Bacterial_spot,train,train,8,False
c5d539435f14cb6e97281e01324f134dbd93b2a93f6afdff0d78833b5ad57192,1160f46157eb99e05e5ee922877d735b179f12a04e59053222bae11e9f6cbb0d,Tomato___Bacterial_spot/e48d7087-f125-4912-b9d6-65fdeedd2ddb___GCREC_Bact.Sp 6182.JPG,Tomato___Bacterial_spot/b1229b90-496b-4489-a1ca-cc6fbbeb4fbd___GCREC_Bact.Sp 6260.JPG,Tomato___Bacterial_spot,Tomato___Bacterial_spot,train,val,8,True
c5f7c5b87308bc438b772fec4fc29c09f9cb5e1bcb95b7f5935bb7d7ab15eb1d,81a23fed1c1d375c6059b492b5fa0a11f7df8f2fd92d8d66d8251398288075aa,Tomato___Tomato_Yellow_Leaf_Curl_Virus/4ebe0762-d421-4a65-ae3b-2ecfe863a88a___YLCV_NREC 2429.JPG,Tomato___Spider_mites Two-spotted_spider_mite/9bedf503-beca-40b4-b1d1-6c12e96343f3___Com.G_SpM_FL 1481.JPG,Tomato___Tomato_Yellow_Leaf_Curl_Virus,Tomato___Spider_mites Two-spotted_spider_mite,test,val,8,True
c60b7e826401e156b9cc3eaa66c36ecaaeb235b3c3aba2fc6f80f06576dd1ca3,b030ec894c26cdec19c7242d27711fcdc88281243accdd00986c4fdef5384b6a,Tomato___Spider_mites Two-spotted_spider_mite/bc622d59-72a1-4220-b75d-b91651d8b53d___Com.G_SpM_FL 9411.JPG,Tomato___Spider_mites Two-spotted_spider_mite/ab555ffb-819e-40fa-b21c-d5a6bde16100___Com.G_SpM_FL 9609.JPG,Tomato___Spider_mites Two-spotted_spider_mite,Tomato___Spider_mites Two-spotted_spider_mite,train,val,8,True
c60b7e826401e156b9cc3eaa66c36ecaaeb235b3c3aba2fc6f80f06576dd1ca3,e40bbc51f11963b3dff56443e349b66645d53bb6727879fe38bde13604032163,Tomato___Spider_mites Two-spotted_spider_mite/bc622d59-72a1-4220-b75d-b91651d8b53d___Com.G_SpM_FL 9411.JPG,Tomato___Tomato_Yellow_Leaf_Curl_Virus/29a24215-3d90-4919-80cc-be0a0093011a___YLCV_GCREC 5244.JPG,Tomato___Spider_mites Two-spotted_spider_mite,Tomato___Tomato_Yellow_Leaf_Curl_Virus,train,train,8,False
c62f68bc910d100d1f81ace7948e1e34d52d88ff401406fa298b2a6ce863e627,1d33a7ad9261a4a8c2eeae02f89a8a0316d4ba6f13197ef77d1ba544899e70e2,Tomato___Tomato_Yellow_Leaf_Curl_Virus/0bbc17fe-64da-46f7-938b-7208cc81c19a___UF.GRC_YLCV_Lab 02304.JPG,Tomato___Tomato_Yellow_Leaf_Curl_Virus/2c2787bf-47fc-439f-8fa9-0423cd69a68e___UF.GRC_YLCV_Lab 02305.JPG,Tomato___Tomato_Yellow_Leaf_Curl_Virus,Tomato___Tomato_Yellow_Leaf_Curl_Virus,train,train,8,False
c65814fab933860265ebfb71a256a81921299f349b637916aafbcf6e9488dcfa,70ab1259cac8a01a8ea89b35134bdd1f172032e232978800a3c024caf1050794,Tomato___Spider_mites Two-spotted_spider_mite/b743d419-9344-464f-94af-8a3135ee0a2f___Com.G_SpM_FL 9539.JPG,Tomato___Spider_mites Two-spotted_spider_mite/f82052fb-163c-4ef6-acf0-49543f500f72___Com.G_SpM_FL 8494.JPG,Tomato___Spider_mites Two-spotted_spider_mite,Tomato___Spider_mites Two-spotted_spider_mite,train,train,8,False
c67f65ebb2baf1955062ad6bd190695791df9cb2cfe97589443560b20dc3bbd2,cf9302d96f345cc32214fd9fe0607f1ec948936eb23d6f5e12762dc369ec7821,Tomato___Septoria_leaf_spot/2f4afdee-f957-400f-8515-4ea92173d00d___Matt.S_CG 0667.JPG,Tomato___Bacterial_spot/5bc8227b-796d-40cb-8f9e-dc5b5a0fc055___GCREC_Bact.Sp 5664.JPG,Tomato___Septoria_leaf_spot,Tomato___Bacterial_spot,test,train,8,True
c6b9f29f9e696b1b9a56f4b5ac8a7e0b6e113d732f7bedb672005f9973ecec7d,2a8c8036aef04d9b4561896d2b0c29f1cd521ec32ecb408057329a39fc362677,Tomato___Spider_mites Two-spotted_spider_mite/50f99657-4955-4199-a9c9-640045a7b4aa___Com.G_SpM_FL 1262.JPG,Tomato___Target_Spot/904ba0d5-9070-496a-8983-1eb75cd4149c___Com.G_TgS_FL 0049.JPG,Tomato___Spider_mites Two-spotted_spider_mite,Tomato___Target_Spot,train,train,8,False
c6b9f29f9e696b1b9a56f4b5ac8a7e0b6e113d732f7bedb672005f9973ecec7d,766c5489199df5791bd2d028fa245ca7701fbb18e191009009aea8e1a9c0339e,Tomato___Spider_mites Two-spotted_spider_mite/50f99657-4955-4199-a9c9-640045a7b4aa___Com.G_SpM_FL 1262.JPG,Tomato___Tomato_Yellow_Leaf_Curl_Virus/20361a6f-2c6d-4b39-8acb-da0d888ccf47___YLCV_GCREC 2542.JPG,Tomato___Spider_mites Two-spotted_spider_mite,Tomato___Tomato_Yellow_Leaf_Curl_Virus,train,train,8,False
c6bbe971003ee9ea87eb28641a33285880613b8db8913aaf0bbf968b111edc8b,6534aee4ac86700f733fa878b311d937c7fbda2a8754f06a80deaa08d4e2f840,Tomato___Tomato_Yellow_Leaf_Curl_Virus/2163ce75-fc7d-4758-8f95-4f1db8fbf1b7___UF.GRC_YLCV_Lab 02066.JPG,Tomato___Tomato_Yellow_Leaf_Curl_Virus/70009c19-7424-4ce8-96e8-9eef439e4c9e___UF.GRC_YLCV_Lab 02056.JPG,Tomato___Tomato_Yellow_Leaf_Curl_Virus,Tomato___Tomato_Yellow_Leaf_Curl_Virus,train,train,8,False
c6c58d6c681588e811e1e388b1dfd35796fb82fcbdf7fd824153540b57bd68f1,412422ce562bf6a992c01b20e89fd7ee15f1feaf6da7bfaee0da29105d0d8ab6,Tomato___Late_blight/20593434-37e3-490e-b619-cdb3d6515517___GHLB2 Leaf 8688.JPG,Tomato___Late_blight/e2e89956-491c-42a0-9154-6b8ef41cd63b___GHLB2 Leaf 8689.JPG,Tomato___Late_blight,Tomato___Late_blight,train,train,8,False
c72e7bc3ab107252c2893c7cc49e0749f79750510472982eea27395b75bff09c,39c87ccee986b3581597231a0ee8c5b0bb749f86c1275e623198baf3be80dd73,Tomato___Early_blight/53bb67c4-0fef-4f13-b4a3-206d06155ffc___RS_Erly.B 6434.JPG,Tomato___Spider_mites Two-spotted_spider_mite/5d218af0-e5cf-43b7-acce-de9f86baa690___Com.G_SpM_FL 9272.JPG,Tomato___Early_blight,Tomato___Spider_mites Two-spotted_spider_mite,train,train,8,False
c747d079127a4df7987ca02b8f3c185424dbd078ed3022bc7143f6a5f543baa3,413413e6696e97b2221b8a8f252bd94168089614254e970580a0db70ed4c05ad,Tomato___Bacterial_spot/305e943b-26f0-470a-83e1-3c2c05bac687___GCREC_Bact.Sp 5887.JPG,Tomato___Bacterial_spot/7b5a767a-b17f-42a6-a809-233e5b857ff4___GCREC_Bact.Sp 5819.JPG,Tomato___Bacterial_spot,Tomato___Bacterial_spot,train,train,8,False
c747d079127a4df7987ca02b8f3c185424dbd078ed3022bc7143f6a5f543baa3,eae8caaeb4513fff7943feb1535f974e79c96c61d7ac4fcc6c3218ad3a4aa48b,Tomato___Bacterial_spot/305e943b-26f0-470a-83e1-3c2c05bac687___GCREC_Bact.Sp 5887.JPG,Tomato___Septoria_leaf_spot/b12f3967-aa7e-4c0a-bb81-9b96a3e6587d___Matt.S_CG 1249.JPG,Tomato___Bacterial_spot,Tomato___Septoria_leaf_spot,train,train,8,False
c76aa772c41c43f148c7c893ef69c3e80d4750e1b700b408ce22c54f5d1982ab,e45f248f055515ac440cd6c1abf4189515282530ec686545bf0d9136ff666c6b,Tomato___Tomato_Yellow_Leaf_Curl_Virus/ce6aa77f-f5ca-4b5d-a94d-efaadeed11c4___UF.GRC_YLCV_Lab 01820.JPG,Tomato___Tomato_Yellow_Leaf_Curl_Virus/d7f1f157-6e87-424a-8928-cc05c758cd5f___UF.GRC_YLCV_Lab 01808.JPG,Tomato___Tomato_Yellow_Leaf_Curl_Virus,Tomato___Tomato_Yellow_Leaf_Curl_Virus,train,val,8,True
c79366658d37a170d8ba7b3facbd6c426153fb7c3d95eca30df67df535cade12,76a7363ba5ee8318c603933c081258a14054052f8d45586cf31ec4cd9fd5f660,Tomato___Target_Spot/6c9b50d5-1210-471c-8b4d-deb3f24a9209___Com.G_TgS_FL 8116.JPG,Tomato___Target_Spot/d0c861e0-aae7-4847-84cc-880ecc5a8aa1___Com.G_TgS_FL 8005.JPG,Tomato___Target_Spot,Tomato___Target_Spot,train,train,8,False
c7968728609e69aae7d3d307e7aa89f15fb1e4272983326ae006380d7216483f,2ae9adf0e9f951d03945858b38d2c0762a2b2f1848912b67ff514768131f5e88,Tomato___Early_blight/95de9f94-ddb1-4303-b3d9-a3ad2b430bbf___RS_Erly.B 9554.JPG,Tomato___Bacterial_spot/cdd6b4c8-6be0-4cc8-81a7-4e0c5ba16fed___GCREC_Bact.Sp 5982.JPG,Tomato___Early_blight,Tomato___Bacterial_spot,test,train,8,True
c83dfc26fa8b5f61c0cc9126098bd723ec89bd85ca4f8083cfc27f75c83a176a,f3c2e91456c003e9efd8d6063d41f0028abf7198a5709d26855336a8250f8063,Tomato___Tomato_Yellow_Leaf_Curl_Virus/0bca3405-5d24-4780-a96c-6c51d91c2677___YLCV_NREC 2696.JPG,Tomato___Target_Spot/38c3b873-fdb0-47b8-a56c-3580143b3acf___Com.G_TgS_FL 9818.JPG,Tomato___Tomato_Yellow_Leaf_Curl_Virus,Tomato___Target_Spot,train,val,8,True
c8a71932d74273220d74db44a41bf15700043d29b7fca6a4ca3aee61ee7f7491,eb233c81383027b45cc0f64aa5418110d66e4e02a96227746146237a84cd3dbe,Tomato___Bacterial_spot/53fbf33e-78a4-4e56-862b-69b2eed0d72e___GCREC_Bact.Sp 3047.JPG,Tomato___Tomato_Yellow_Leaf_Curl_Virus/22d5c5c5-ca4c-4d95-b248-9af2c247648f___YLCV_GCREC 5237.JPG,Tomato___Bacterial_spot,Tomato___Tomato_Yellow_Leaf_Curl_Virus,test,val,8,True
c909d1f7a833105cd559a9762f83e3910ba95e4fc230f3d5ac5985364cb7dba8,57e0b2d2d47f69fb046d774a7671509a3925efd9d9ad539ee20a8eb34aeae801,Tomato___Tomato_Yellow_Leaf_Curl_Virus/24e68d61-7f48-413c-b72e-6df8267d608f___UF.GRC_YLCV_Lab 01399.JPG,Tomato___Tomato_Yellow_Leaf_Curl_Virus/deb42f2f-ad95-4da7-8568-2e3c55a31c96___UF.GRC_YLCV_Lab 01397.JPG,Tomato___Tomato_Yellow_Leaf_Curl_Virus,Tomato___Tomato_Yellow_Leaf_Curl_Virus,train,train,8,False
c9156eea340b81c4d7e5c86cf866f730d67cb80a2a3f57754a4df4bab1aea2d3,825481295775035bb3b7e67a2c59cba99d27b694b7f2e5420e5779c68efb3ecc,Tomato___Bacterial_spot/01d9fc8d-5083-468d-a583-885f33517cdd___GCREC_Bact.Sp 3422.JPG,Tomato___Bacterial_spot/e2061420-56a2-4612-9ba9-1d9c40e7fd13___GCREC_Bact.Sp 5824.JPG,Tomato___Bacterial_spot,Tomato___Bacterial_spot,train,train,8,False
c93949034b10de752856dbb16d75c86b2079cca46c8fa20037b460cee869ffd7,027cb23a8fd4abb46d262c9b53843dc903bf4075f5ef5594c580fe82b9a65208,Tomato___Bacterial_spot/c912cdc9-37c4-4593-a334-4a5d3a02c2e4___GCREC_Bact.Sp 3063.JPG,Tomato___Target_Spot/290ea84a-2458-4291-8065-644c5a826935___Com.G_TgS_FL 0039.JPG,Tomato___Bacterial_spot,Tomato___Target_Spot,train,train,8,False
c950f25c4008d7b6b57e2388abdce7efe7053dce347c2f9138415e5dbe4cd51f,fb6296a1623563f4261fed31a4917cf08988b18642b1bbc6eead08f62460a991,Tomato___Spider_mites Two-spotted_spider_mite/931bb6c8-e235-440e-978c-7fed1d57926e___Com.G_SpM_FL 8421.JPG,Tomato___Spider_mites Two-spotted_spider_mite/b5e746c6-be90-40f9-adf5-941b7b1f050b___Com.G_SpM_FL 8702.JPG,Tomato___Spider_mites Two-spotted_spider_mite,Tomato___Spider_mites Two-spotted_spider_mite,train,train,8,False
c973246bce6871004c721355a6c0c5f1cfa74c9938e52d482ce789756c85b31d,9c3d9d358bf11fcc801663eac04b15ad8c2fcab5f3ca70aa144241761b36d5bc,Tomato___Tomato_Yellow_Leaf_Curl_Virus/7dafbb8c-1edc-4dd1-b593-614b4bcf220d___UF.GRC_YLCV_Lab 02643.JPG,Tomato___Tomato_Yellow_Leaf_Curl_Virus/dfeb11af-087c-4197-9a4f-7d1c662b8c23___UF.GRC_YLCV_Lab 02650.JPG,Tomato___Tomato_Yellow_Leaf_Curl_Virus,Tomato___Tomato_Yellow_Leaf_Curl_Virus,train,train,8,False
c975de08d484ca22b11eb844c0e796ac6f42a9b4a921c28c3d7067eb390d24ed,ce289800526293d53f72c9852886797980b85f1501e404a899a6a12d625f526a,Tomato___Tomato_Yellow_Leaf_Curl_Virus/8eaba3d6-ecf5-4a13-8e50-cb664a33ab23___UF.GRC_YLCV_Lab 02881.JPG,Tomato___Tomato_Yellow_Leaf_Curl_Virus/95a71e07-6e97-4dc3-a9b0-0bd21c014c20___UF.GRC_YLCV_Lab 02885.JPG,Tomato___Tomato_Yellow_Leaf_Curl_Virus,Tomato___Tomato_Yellow_Leaf_Curl_Virus,train,val,8,True
c9edb9dae208b8f864c7e62657d573da61dfb37a83f4347ac5be56f9b1f8f65d,145692a49e3e915fa90bc0be985734e5c085fc9fe0302b9f33fc3d38f0c02ba5,Tomato___Tomato_Yellow_Leaf_Curl_Virus/e57d98a6-6dfb-4818-945d-5244a359635b___YLCV_NREC 0226.JPG,Tomato___Tomato_Yellow_Leaf_Curl_Virus/895054c9-59f6-4f3d-bb72-ac216be117eb___YLCV_GCREC 5204.JPG,Tomato___Tomato_Yellow_Leaf_Curl_Virus,Tomato___Tomato_Yellow_Leaf_Curl_Virus,test,train,8,True
c9eefb5fcd1f6d0b82dd4a156d97593a34905890e11ed1f71d378747a541ba59,0b6edfd69c3f6787e66603081baae25b3a1f84559ecc33acc8ffa633ea9eb575,Tomato___Tomato_Yellow_Leaf_Curl_Virus/02cb40d6-550a-42fb-99ce-247e4406a322___UF.GRC_YLCV_Lab 02991.JPG,Tomato___Tomato_Yellow_Leaf_Curl_Virus/79fa18a3-cf77-4211-b105-893ea4eb7498___UF.GRC_YLCV_Lab 02978.JPG,Tomato___Tomato_Yellow_Leaf_Curl_Virus,Tomato___Tomato_Yellow_Leaf_Curl_Virus,train,train,8,False
ca515827f8e20c2e3ee155d1149c20fee21f940b305faaaf949fe742ecc9e3b0,a6cf35cafbb0e075136efa2de54c625f9714998bc75154286e42f3f0b8562651,Tomato___Target_Spot/551a9326-bcff-4651-a4e9-cb037ef8ca52___Com.G_TgS_FL 0864.JPG,Tomato___Tomato_Yellow_Leaf_Curl_Virus/e29e518d-b7e4-4203-a815-b74bebc552fe___YLCV_NREC 0190.JPG,Tomato___Target_Spot,Tomato___Tomato_Yellow_Leaf_Curl_Virus,test,train,8,True
ca959fc9c9f02329766b6c27ad4330421e46f6eaa18fcd31c4c3066925651540,381c8e43c2e6e2d01e8282f1b899ae0ba269b4361659ab765b03e065a347d36a,Tomato___Tomato_Yellow_Leaf_Curl_Virus/3809d16d-8e37-4acc-a22b-8089903525e1___UF.GRC_YLCV_Lab 02457.JPG,Tomato___Tomato_Yellow_Leaf_Curl_Virus/def16316-85f6-44e8-98fc-e48820caf2d9___UF.GRC_YLCV_Lab 02471.JPG,Tomato___Tomato_Yellow_Leaf_Curl_Virus,Tomato___Tomato_Yellow_Leaf_Curl_Virus,test,train,8,True
cab43be7329b81bce01000c861fd1c954a6e849522589bd647dedfb48af7a277,89ea4c05254937cd0957738ae94ea2988fd4a3a294837a157bbdc5e001ae4072,Tomato___Tomato_Yellow_Leaf_Curl_Virus/115c36f2-2c97-4a9a-a091-3c6e976a5e79___UF.GRC_YLCV_Lab 01829.JPG,Tomato___Tomato_Yellow_Leaf_Curl_Virus/b3e84ec2-c8dc-47ff-9435-f11bc61970e4___UF.GRC_YLCV_Lab 01831.JPG,Tomato___Tomato_Yellow_Leaf_Curl_Virus,Tomato___Tomato_Yellow_Leaf_Curl_Virus,train,val,8,True
cb61b1cff507f86e13d727726be50eed9521cac8f8048b62225234cd5d10fff3,17e07bd1ad7cfcf065aae8b9d4f63d65ebf82b58fc00e758b957d3e7dcf3d254,Tomato___Tomato_Yellow_Leaf_Curl_Virus/91993f6d-d1d6-4022-899c-65ea7a83e96e___YLCV_GCREC 2901.JPG,Tomato___Tomato_Yellow_Leaf_Curl_Virus/c38d09ad-afb9-4f8e-86cd-990dec5d6dbb___YLCV_GCREC 2734.JPG,Tomato___Tomato_Yellow_Leaf_Curl_Virus,Tomato___Tomato_Yellow_Leaf_Curl_Virus,train,val,8,True
cb61b1cff507f86e13d727726be50eed9521cac8f8048b62225234cd5d10fff3,60478dce987f6b98b561be51f57614fb974cea64ad460a19108a1cdca5c16150,Tomato___Tomato_Yellow_Leaf_Curl_Virus/91993f6d-d1d6-4022-899c-65ea7a83e96e___YLCV_GCREC 2901.JPG,Tomato___Tomato_Yellow_Leaf_Curl_Virus/c0a29e51-5673-46bd-88a9-3646064e66bd___YLCV_GCREC 2898.JPG,Tomato___Tomato_Yellow_Leaf_Curl_Virus,Tomato___Tomato_Yellow_Leaf_Curl_Virus,train,train,8,False
cb787bf52c75141fb97b6d34c583aee161a231cc27c25e380940ffd0000b0735,1732b914dba33ba87c383b22017253216d9cefb3ea9c92e6f0d5eb986e586a94,Tomato___Leaf_Mold/86bcc70f-66dd-40ec-8bf5-d260f58cb25d___Crnl_L.Mold 7004.JPG,Tomato___Leaf_Mold/c2c1d52c-c090-4399-ba9c-4f1597bfe900___Crnl_L.Mold 6989.JPG,Tomato___Leaf_Mold,Tomato___Leaf_Mold,train,train,8,False
cba0f8f908c86049657f052fdc9d2ac25587c137ee184f00d419b7a3a0c8e888,e25c183981e4a15fbb643cc02186279e895a2ddc76517a1ce63534c618bc0630,Tomato___Spider_mites Two-spotted_spider_mite/c71a53bd-045e-48a2-a7a3-2032688619af___Com.G_SpM_FL 1549.JPG,Tomato___Spider_mites Two-spotted_spider_mite/0cee18fc-bbbd-40dd-8d73-93df072c09ea___Com.G_SpM_FL 8904.JPG,Tomato___Spider_mites Two-spotted_spider_mite,Tomato___Spider_mites Two-spotted_spider_mite,test,train,8,True
cbd6436b0fae80f676ef73e186f8a444fea59d1cf23b3e6f4415f66e6e4f461c,9e1e158224764afd6cd36137addc627a44fd8cff9af3ccb0abcbb7fdcbf42fda,Tomato___Tomato_Yellow_Leaf_Curl_Virus/2c4409de-190b-47d6-8af7-6a51b2fa6ea9___UF.GRC_YLCV_Lab 03088.JPG,Tomato___Tomato_Yellow_Leaf_Curl_Virus/3e1615d8-ba9e-490d-b07c-447adb8e6440___UF.GRC_YLCV_Lab 03089.JPG,Tomato___Tomato_Yellow_Leaf_Curl_Virus,Tomato___Tomato_Yellow_Leaf_Curl_Virus,train,train,8,False
cbe2388de0642dad0591f34cbdce1e3d4fa1d48e00037d8dbb91c04212058f41,1d56252c3419e7c4b479ef6671c05ef802c91529e063ef85c6f3fa8ec7e0e2d1,Tomato___Bacterial_spot/6b6aeb18-f29a-4e58-bd08-5cd1c2fdd598___GCREC_Bact.Sp 5796.JPG,Tomato___Bacterial_spot/e77c7af3-35cb-496d-bc8b-34bc2344b8fc___GCREC_Bact.Sp 3545.JPG,Tomato___Bacterial_spot,Tomato___Bacterial_spot,train,val,8,True
cbfee62b1b44cedc02bf6a93a8e36c2e88d273d602b5d2ec6de89a2e90601095,9788e5a401196d3d3069669c9832f50a1256b00f5b8520c14f0d13d630de820a,Tomato___Spider_mites Two-spotted_spider_mite/1dde88ff-2897-4181-834f-e3629e3cd12c___Com.G_SpM_FL 9560.JPG,Tomato___Tomato_Yellow_Leaf_Curl_Virus/5133c1b3-8a52-44a9-9c34-b9c4ea54b301___YLCV_GCREC 5347.JPG,Tomato___Spider_mites Two-spotted_spider_mite,Tomato___Tomato_Yellow_Leaf_Curl_Virus,train,val,8,True
cbfee62b1b44cedc02bf6a93a8e36c2e88d273d602b5d2ec6de89a2e90601095,a110b1576fc1c7e5f7c4404ca5273482b66aa91718aac1add5a85d555382528e,Tomato___Spider_mites Two-spotted_spider_mite/1dde88ff-2897-4181-834f-e3629e3cd12c___Com.G_SpM_FL 9560.JPG,Tomato___Tomato_Yellow_Leaf_Curl_Virus/e7982045-d215-473c-988b-5b093217f70d___YLCV_GCREC 2625.JPG,Tomato___Spider_mites Two-spotted_spider_mite,Tomato___Tomato_Yellow_Leaf_Curl_Virus,train,train,8,False
cc9e3b62954b9359a72231fca8ab3e2d3d5eeb076f827f6347f8543c039f46f3,20e0b37c9c387a6d0971bdedcd28e9be98a5b67539ecaac25849d410ca16ac45,Tomato___Bacterial_spot/19e29a5d-897d-4ff0-8aab-8562d74b0eb8___GCREC_Bact.Sp 6031.JPG,Tomato___Bacterial_spot/4850260f-50f5-4f6a-a0ab-1b5b744bdd13___GCREC_Bact.Sp 3346.JPG,Tomato___Bacterial_spot,Tomato___Bacterial_spot,train,train,8,False
ccd0e1319323e4fc939df4f34d702b225eca2423bcb539387ac0a552dcb5878d,b97fbb58b33c2a7bdd43bdc1237285eacef36953063b9f161ef1290ef35d5a41,Tomato___Tomato_Yellow_Leaf_Curl_Virus/eeed3bc0-5411-4368-9b94-d1277381111d___UF.GRC_YLCV_Lab 01735.JPG,Tomato___Tomato_Yellow_Leaf_Curl_Virus/f9213e8e-6a76-48dc-903c-ab8a98439533___UF.GRC_YLCV_Lab 01744.JPG,Tomato___Tomato_Yellow_Leaf_Curl_Virus,Tomato___Tomato_Yellow_Leaf_Curl_Virus,train,train,8,False
ccf8e8bccd333d5dfa0cab37d4abe83ed818a8eb98ea890b4056b10b5c7844b5,8c37f9b6803cd26c46bfd020115cc905b59299cf69afca8e90f2c59ca3e725e9,Tomato___Tomato_Yellow_Leaf_Curl_Virus/234f937e-2b9b-43d3-9c57-f3e251e1f5e2___UF.GRC_YLCV_Lab 02436.JPG,Tomato___Tomato_Yellow_Leaf_Curl_Virus/ab0df9e1-a409-4d9d-92c7-7b707da9dc12___UF.GRC_YLCV_Lab 02447.JPG,Tomato___Tomato_Yellow_Leaf_Curl_Virus,Tomato___Tomato_Yellow_Leaf_Curl_Virus,train,train,8,False
cd32187900293419d6a4bf9b74cb6f45a12d51ca9b41f873033db68fd6f16528,4a3d005850e3706358e876cd0c1452b707e3b2a0a3faf1853b71eab59b27ba86,Tomato___Bacterial_spot/e0f17fdb-6487-4087-8e72-de93c881ebb2___GCREC_Bact.Sp 5719.JPG,Tomato___Bacterial_spot/d78cf219-53eb-4269-830d-e1822caa8fdd___GCREC_Bact.Sp 5755.JPG,Tomato___Bacterial_spot,Tomato___Bacterial_spot,test,train,8,True
cd32187900293419d6a4bf9b74cb6f45a12d51ca9b41f873033db68fd6f16528,6321c33c71ad99aa213e4a40f6957516fee8d558de1cfe12bdcf2f8bc8e6c0eb,Tomato___Bacterial_spot/e0f17fdb-6487-4087-8e72-de93c881ebb2___GCREC_Bact.Sp 5719.JPG,Tomato___Bacterial_spot/83ecce4f-12d0-4d5a-8c65-8f0b2b24de73___GCREC_Bact.Sp 3259.JPG,Tomato___Bacterial_spot,Tomato___Bacterial_spot,test,train,8,True
cd32187900293419d6a4bf9b74cb6f45a12d51ca9b41f873033db68fd6f16528,799a5ff8c618b952da6556d06a393eab3b1bfab91ad1f091d2be1572bf395709,Tomato___Bacterial_spot/e0f17fdb-6487-4087-8e72-de93c881ebb2___GCREC_Bact.Sp 5719.JPG,Tomato___Bacterial_spot/c89a5319-7f76-4e6e-ad4e-808a4af55891___GCREC_Bact.Sp 3210.JPG,Tomato___Bacterial_spot,Tomato___Bacterial_spot,test,train,8,True
cd6af8ea52488fdf2466094df6d97401c4a22f057986fa3056de0e91718b3aea,6a65bc173c6af94da338afeb149e7aa7dc41ac39e0f2bb2c65adb15897bae6be,Tomato___Leaf_Mold/73100edb-a729-4497-9c65-e8de1c6ae7af___Crnl_L.Mold 6581.JPG,Tomato___Tomato_Yellow_Leaf_Curl_Virus/f97fc2c6-3ce4-44dd-8fcf-77669a8112f1___YLCV_GCREC 1987.JPG,Tomato___Leaf_Mold,Tomato___Tomato_Yellow_Leaf_Curl_Virus,train,train,8,False
cdaa876f1b2dd495157508d8fd645aaa694df684e42ffa1d6e3b914466988c9a,0809d678bec5d0a1736c00c242518feca61b50d820c339ed3d635e89ca958bd3,Tomato___Spider_mites Two-spotted_spider_mite/0315776d-6d0d-4ae2-b102-4fd0feebaa51___Com.G_SpM_FL 9375.JPG,Tomato___Spider_mites Two-spotted_spider_mite/bafa7923-1efe-4e44-94b0-9427b6726bc1___Com.G_SpM_FL 9525.JPG,Tomato___Spider_mites Two-spotted_spider_mite,Tomato___Spider_mites Two-spotted_spider_mite,train,train,8,False
cdaa876f1b2dd495157508d8fd645aaa694df684e42ffa1d6e3b914466988c9a,63a7ec6a0b3867cd21900d490b9ecb6a0126e189b2e80336a340cdd344b57415,Tomato___Spider_mites Two-spotted_spider_mite/0315776d-6d0d-4ae2-b102-4fd0feebaa51___Com.G_SpM_FL 9375.JPG,Tomato___Spider_mites Two-spotted_spider_mite/8e9d2760-5d55-4ec6-9a38-43327038d2b2___Com.G_SpM_FL 8647.JPG,Tomato___Spider_mites Two-spotted_spider_mite,Tomato___Spider_mites Two-spotted_spider_mite,train,val,8,True
cdaa876f1b2dd495157508d8fd645aaa694df684e42ffa1d6e3b914466988c9a,b656e271493fd5a11717962ce50cff7d3034b8850b6ce42acc46b00220758f30,Tomato___Spider_mites Two-spotted_spider_mite/0315776d-6d0d-4ae2-b102-4fd0feebaa51___Com.G_SpM_FL 9375.JPG,Tomato___Tomato_Yellow_Leaf_Curl_Virus/9a10d739-932c-47ff-af5d-196d5f615e21___YLCV_NREC 0057.JPG,Tomato___Spider_mites Two-spotted_spider_mite,Tomato___Tomato_Yellow_Leaf_Curl_Virus,train,train,8,False
cdcfd1f886165e62616cb2ada8dea542a73d4a699a220883803f596094ee4ea7,2e99e30ff1cd326c00b2f2bee0e6a49aa511e6fb1aefc621423f58ea45684040,Tomato___Spider_mites Two-spotted_spider_mite/82e7ae32-dee2-4e83-aeb3-aab7a4bdf04f___Com.G_SpM_FL 9263.JPG,Tomato___Spider_mites Two-spotted_spider_mite/d2184d36-c149-4bab-bc07-66c9afce4567___Com.G_SpM_FL 9507.JPG,Tomato___Spider_mites Two-spotted_spider_mite,Tomato___Spider_mites Two-spotted_spider_mite,train,train,8,False
cdcfd1f886165e62616cb2ada8dea542a73d4a699a220883803f596094ee4ea7,a1178f20d67b653083a8df426faa78524996401bc8dd68973c2c059252ed5c9d,Tomato___Spider_mites Two-spotted_spider_mite/82e7ae32-dee2-4e83-aeb3-aab7a4bdf04f___Com.G_SpM_FL 9263.JPG,Tomato___Spider_mites Two-spotted_spider_mite/8d0dffc7-aecb-4583-b3a3-1027fb4fd3d1___Com.G_SpM_FL 9567.JPG,Tomato___Spider_mites Two-spotted_spider_mite,Tomato___Spider_mites Two-spotted_spider_mite,train,val,8,True
cdd0a220f775e790b02a4a3d227b30a8f5c59b6f460647aac6e3b7b4e617ec59,9854db07f1e251064aa2c8dae6b01cc4aea81d716bf78b5fc9f8f66357829dc0,Tomato___Leaf_Mold/bfafcb99-32f1-4310-a844-a0a0231afdbe___Crnl_L.Mold 6643.JPG,Tomato___Leaf_Mold/9dc80e80-9b27-49cd-b1d4-df921ebec570___Crnl_L.Mold 7027.JPG,Tomato___Leaf_Mold,Tomato___Leaf_Mold,test,train,8,True
cdd0a220f775e790b02a4a3d227b30a8f5c59b6f460647aac6e3b7b4e617ec59,b9c3020c41d188b6e31a2a774d7a6a998d2e6f307f0b4c0f375901024b2a3209,Tomato___Leaf_Mold/bfafcb99-32f1-4310-a844-a0a0231afdbe___Crnl_L.Mold 6643.JPG,Tomato___Leaf_Mold/d23729f0-3d5c-4e13-abd2-5cc7f21a51ee___Crnl_L.Mold 6976.JPG,Tomato___Leaf_Mold,Tomato___Leaf_Mold,test,train,8,True
cdd2e3af443a344b121f6063a846bb6f195cbebc8b5630567f15b4ee2d082476,dc95b2aeb7ff3da846c986e8f053aed72e5890ff7e4540f267e18189888a0c05,Tomato___Bacterial_spot/18ac424a-de74-40f4-b830-74384ae67302___GCREC_Bact.Sp 3480.JPG,Tomato___Bacterial_spot/4990878e-265e-4dad-98cf-ce60fb67035b___GCREC_Bact.Sp 3479.JPG,Tomato___Bacterial_spot,Tomato___Bacterial_spot,test,test,8,False
cde81737c4f94f8e148f0fcc5a72ccec890e8ea679791caa9c3421efaa147a1c,e1a45ad749cd19650838d48970702ffd59f710d6a8c5944601f5780765698c6f,Tomato___Tomato_Yellow_Leaf_Curl_Virus/b14fe696-06f6-4aef-a1bc-d5b1b0997633___UF.GRC_YLCV_Lab 01932.JPG,Tomato___Tomato_Yellow_Leaf_Curl_Virus/d08a1c48-3360-40e3-9c3d-e47c2812bed2___UF.GRC_YLCV_Lab 01920.JPG,Tomato___Tomato_Yellow_Leaf_Curl_Virus,Tomato___Tomato_Yellow_Leaf_Curl_Virus,train,train,8,False
ce185bfbc5ff7066362c24b48240965f56e606df1a79eb4b14c546d13db6bbe9,0d4f6c1b37f972f7cf6579f0009da8cddd28adb94876cd3395dc4e97d7f95c6d,Tomato___Tomato_Yellow_Leaf_Curl_Virus/13efd83d-7fd2-41ee-b8e4-3413eda240a3___UF.GRC_YLCV_Lab 02970.JPG,Tomato___Tomato_Yellow_Leaf_Curl_Virus/acb9169b-21bc-4b31-ba3c-a24909521156___UF.GRC_YLCV_Lab 02981.JPG,Tomato___Tomato_Yellow_Leaf_Curl_Virus,Tomato___Tomato_Yellow_Leaf_Curl_Virus,train,val,8,True
ce2fa162e8db5025d8da0fc3e787f87e637eda3091c14b7b229f15037747efe5,e30cc58fd75e929b7a1d53ef53832e0a94e61ed80fed44bc87f38b171d6ec882,Tomato___Bacterial_spot/0296e043-c805-47e4-bce5-b2326048ac67___GCREC_Bact.Sp 5680.JPG,Tomato___Tomato_Yellow_Leaf_Curl_Virus/3dc23352-0229-4515-a96f-33995fd4bf52___YLCV_GCREC 2599.JPG,Tomato___Bacterial_spot,Tomato___Tomato_Yellow_Leaf_Curl_Virus,test,train,8,True
ce3cf44a1fbd5e822671723078867dfde83b4b1746138100868e7a0b404d62fd,a92d6096eee35d1f5281563137198e6517bae8937b5cb03908b9b1a905683458,Tomato___Leaf_Mold/080ae890-cc9c-487e-94a2-f3bcc7decb32___Crnl_L.Mold 7043.JPG,Tomato___Tomato_Yellow_Leaf_Curl_Virus/cce893fc-09da-40d2-82ff-8e8bf04255cd___YLCV_NREC 0302.JPG,Tomato___Leaf_Mold,Tomato___Tomato_Yellow_Leaf_Curl_Virus,train,train,8,False
ce60cca5b89f6cfe3e81c136bbd6166778e432be04c8c70818f1705d01715bda,783d276de61c7e903d92949a0ab7f6383db002db40ddec0815907c0b3ee731ab,Tomato___Tomato_Yellow_Leaf_Curl_Virus/258ab174-72df-42b5-80b6-56ff7fc2a3a8___UF.GRC_YLCV_Lab 02610.JPG,Tomato___Tomato_Yellow_Leaf_Curl_Virus/28c31aa4-21c2-47e8-9873-45047f0b5e2c___UF.GRC_YLCV_Lab 02616.JPG,Tomato___Tomato_Yellow_Leaf_Curl_Virus,Tomato___Tomato_Yellow_Leaf_Curl_Virus,train,train,8,False
ce60cca5b89f6cfe3e81c136bbd6166778e432be04c8c70818f1705d01715bda,7da14ba01575cd562a9e4dc968682b5f86f306e245907f5b8ec458b382c616de,Tomato___Tomato_Yellow_Leaf_Curl_Virus/258ab174-72df-42b5-80b6-56ff7fc2a3a8___UF.GRC_YLCV_Lab 02610.JPG,Tomato___Tomato_Yellow_Leaf_Curl_Virus/bf7b5c9f-8463-4688-a5ce-9d5de15edc8b___UF.GRC_YLCV_Lab 02609.JPG,Tomato___Tomato_Yellow_Leaf_Curl_Virus,Tomato___Tomato_Yellow_Leaf_Curl_Virus,train,train,8,False
ce60cca5b89f6cfe3e81c136bbd6166778e432be04c8c70818f1705d01715bda,962ede50c0bff84633851be8efc61e6e64d554af786a69268c12878a511c4465,Tomato___Tomato_Yellow_Leaf_Curl_Virus/258ab174-72df-42b5-80b6-56ff7fc2a3a8___UF.GRC_YLCV_Lab 02610.JPG,Tomato___Tomato_Yellow_Leaf_Curl_Virus/8bcb6977-1db4-4705-b7e4-226e75cae5e7___UF.GRC_YLCV_Lab 02601.JPG,Tomato___Tomato_Yellow_Leaf_Curl_Virus,Tomato___Tomato_Yellow_Leaf_Curl_Virus,train,train,8,False
ce815f34114d5f199e691d67c9c4fee86f0ec6d4a3c21d6a687b9055308d8964,83d3d82aaaa5f2bd2714384c925e0abba47a0b49349b860ca3dc9895aea900e8,Tomato___Tomato_Yellow_Leaf_Curl_Virus/f0b84f9a-8c3e-4420-a82f-bd000167d219___YLCV_NREC 2947.JPG,Tomato___Tomato_mosaic_virus/983cd485-5bc8-46a0-94cc-26c522228508___PSU_CG 2397.JPG,Tomato___Tomato_Yellow_Leaf_Curl_Virus,Tomato___Tomato_mosaic_virus,train,train,8,False
cecc95fc73d8f4e865b0c4b07535181b857d35c3bf797d0349efc59040c0e54c,62a9d8e815990053c6a5c24065aa269b60c4db776acd7184709470180ca2ba2b,Tomato___Bacterial_spot/7791a7b8-52b2-42fa-8aee-71fcae8d9ee4___GCREC_Bact.Sp 6374.JPG,Tomato___Bacterial_spot/496716ca-78e6-4ae6-b3d4-2ed9f91f52b0___GCREC_Bact.Sp 3660.JPG,Tomato___Bacterial_spot,Tomato___Bacterial_spot,test,train,8,True
ced39a047dcd536204b8a56a43b332d3318ab360dce129bf377d770f0b7d0a3e,cc48b081f3588dbfe28049f34eb5da7e2cd299e73153b8d0f72cc2646e6673ad,Tomato___Bacterial_spot/b0a74f61-0012-4b6c-b528-bbce1b79c588___GCREC_Bact.Sp 3805.JPG,Tomato___Early_blight/3253ff4e-90ab-475a-89d2-f99875c53367___RS_Erly.B 8356.JPG,Tomato___Bacterial_spot,Tomato___Early_blight,train,train,8,False
cee99d1b46527e60453ff46579740b99e44c68c9ca467d70d0ef8e9b65945f82,2e99e30ff1cd326c00b2f2bee0e6a49aa511e6fb1aefc621423f58ea45684040,Tomato___Spider_mites Two-spotted_spider_mite/73376b86-f114-44cb-9e4a-c08ad133208c___Com.G_SpM_FL 9386.JPG,Tomato___Spider_mites Two-spotted_spider_mite/d2184d36-c149-4bab-bc07-66c9afce4567___Com.G_SpM_FL 9507.JPG,Tomato___Spider_mites Two-spotted_spider_mite,Tomato___Spider_mites Two-spotted_spider_mite,train,train,8,False
cee99d1b46527e60453ff46579740b99e44c68c9ca467d70d0ef8e9b65945f82,69a8b63294bc5758911fc4e99cac53bb6769d2e8255c2dfd1485e61145cf60bf,Tomato___Spider_mites Two-spotted_spider_mite/73376b86-f114-44cb-9e4a-c08ad133208c___Com.G_SpM_FL 9386.JPG,Tomato___Spider_mites Two-spotted_spider_mite/a3cbf151-7473-40c5-b40f-fa27fe490b21___Com.G_SpM_FL 8722.JPG,Tomato___Spider_mites Two-spotted_spider_mite,Tomato___Spider_mites Two-spotted_spider_mite,train,train,8,False
cee99d1b46527e60453ff46579740b99e44c68c9ca467d70d0ef8e9b65945f82,c273435eaf23a4a84f98d303059afeb357c4e3ff1b588b7f55540912fadfa4c3,Tomato___Spider_mites Two-spotted_spider_mite/73376b86-f114-44cb-9e4a-c08ad133208c___Com.G_SpM_FL 9386.JPG,Tomato___Tomato_Yellow_Leaf_Curl_Virus/b21db9f1-13df-4a1d-8ad5-b6f2edfc367c___YLCV_GCREC 2904.JPG,Tomato___Spider_mites Two-spotted_spider_mite,Tomato___Tomato_Yellow_Leaf_Curl_Virus,train,train,8,False
cee99d1b46527e60453ff46579740b99e44c68c9ca467d70d0ef8e9b65945f82,e566cffefff4a2b53d273fc01a9ecb853a2c553e26e8e4e4f2bced490b5d798c,Tomato___Spider_mites Two-spotted_spider_mite/73376b86-f114-44cb-9e4a-c08ad133208c___Com.G_SpM_FL 9386.JPG,Tomato___Spider_mites Two-spotted_spider_mite/ce05bc05-0c4c-4290-903c-f46ab2ba1f53___Com.G_SpM_FL 9283.JPG,Tomato___Spider_mites Two-spotted_spider_mite,Tomato___Spider_mites Two-spotted_spider_mite,train,train,8,False
cee99d1b46527e60453ff46579740b99e44c68c9ca467d70d0ef8e9b65945f82,f16fe37b93012b1e1ad89af3f2601b8c9ebe647d2f723e55b4721742149586cd,Tomato___Spider_mites Two-spotted_spider_mite/73376b86-f114-44cb-9e4a-c08ad133208c___Com.G_SpM_FL 9386.JPG,Tomato___Spider_mites Two-spotted_spider_mite/af0d2ecc-72f9-40ca-ad16-b3ef9419e9ec___Com.G_SpM_FL 9559.JPG,Tomato___Spider_mites Two-spotted_spider_mite,Tomato___Spider_mites Two-spotted_spider_mite,train,train,8,False
cf1c03d342c4ff3c8abbaeb39a351d8ff0d5b55dadc612811d863e4f0f9536ce,e411ffc03e8e32bed9e060457ccef5dff7b15cad19877c2905c040d5e0212a0f,Tomato___Bacterial_spot/aeda6048-63dc-44ea-b479-b139131c3846___GCREC_Bact.Sp 5604.JPG,Tomato___healthy/b2497a4d-6951-46d3-810b-7072e908eea9___RS_HL 9907.JPG,Tomato___Bacterial_spot,Tomato___healthy,train,train,8,False
cf1e90aa1f8061e079631c9e20b2d0d409df8fe93ceb839b3d5d7c838cfe7852,02f70ef0276eefe49c2855af66f78de6a257490f7b128aedd22e0b41a71ab49f,Tomato___Bacterial_spot/122e4db5-bfc6-44b2-b7c5-bf05d040ca79___GCREC_Bact.Sp 5782.JPG,Tomato___Bacterial_spot/1406a6e5-8aab-44df-997a-6386c01dc086___GCREC_Bact.Sp 5974.JPG,Tomato___Bacterial_spot,Tomato___Bacterial_spot,train,train,8,False
cf1e90aa1f8061e079631c9e20b2d0d409df8fe93ceb839b3d5d7c838cfe7852,23dc16998c1f87189989dda2218c1c86bf96d24a192c7005c0e566829aba6625,Tomato___Bacterial_spot/122e4db5-bfc6-44b2-b7c5-bf05d040ca79___GCREC_Bact.Sp 5782.JPG,Tomato___Early_blight/39da27eb-fde9-474b-bf0a-1374901ed82b___RS_Erly.B 7394.JPG,Tomato___Bacterial_spot,Tomato___Early_blight,train,train,8,False
cf1e90aa1f8061e079631c9e20b2d0d409df8fe93ceb839b3d5d7c838cfe7852,483d24d630476a0cf3c9096339024671b9a699004cd80cd0253265e99f1e188e,Tomato___Bacterial_spot/122e4db5-bfc6-44b2-b7c5-bf05d040ca79___GCREC_Bact.Sp 5782.JPG,Tomato___Bacterial_spot/e8d5ea0b-2943-4529-9238-b0f7d087250b___GCREC_Bact.Sp 3056.JPG,Tomato___Bacterial_spot,Tomato___Bacterial_spot,train,train,8,False
cf1e90aa1f8061e079631c9e20b2d0d409df8fe93ceb839b3d5d7c838cfe7852,eacd66681479fc9c3c02be9f51e347388f7baffbaf82a093e0334fdb9aa38e31,Tomato___Bacterial_spot/122e4db5-bfc6-44b2-b7c5-bf05d040ca79___GCREC_Bact.Sp 5782.JPG,Tomato___Early_blight/0f12e22b-49a9-4d9a-84bc-76bb86ed2a14___RS_Erly.B 9572.JPG,Tomato___Bacterial_spot,Tomato___Early_blight,train,train,8,False
cf893cf5ba5ac6a77e4840b771816f087a11d0adfdd4dd3095995ef02c26fb30,7e44f7c52d3c7bb86f28179c668e0002015b20e32803306815472d637195a5db,Tomato___healthy/13b114fe-22bf-498e-8534-4049123ef655___RS_HL 9775.JPG,Tomato___Bacterial_spot/06ac210d-bdb1-4224-9053-c218cb14fa60___GCREC_Bact.Sp 3220.JPG,Tomato___healthy,Tomato___Bacterial_spot,train,val,8,True
cfd17a7e6b1bf249f74ea25c70c32d2383af3d55a43e72cbf30bc31a8816eed7,4886d81526e7f64e6bfffedbecdae028d84f70a1562f6e0604ea97b5b3ed1f16,Tomato___Bacterial_spot/5cf74b8f-2a3a-4141-8309-1c02f01ab444___GCREC_Bact.Sp 5967.JPG,Tomato___Septoria_leaf_spot/253ddc99-8132-4710-bb89-eb83ab271abc___Matt.S_CG 0698.JPG,Tomato___Bacterial_spot,Tomato___Septoria_leaf_spot,train,val,8,True
cfd17a7e6b1bf249f74ea25c70c32d2383af3d55a43e72cbf30bc31a8816eed7,cdb6a45fcdc94ef4e1ec80e9a2a718d6d39a02c25fc1e07ffbc8631ba340b70f,Tomato___Bacterial_spot/5cf74b8f-2a3a-4141-8309-1c02f01ab444___GCREC_Bact.Sp 5967.JPG,Tomato___Target_Spot/92d6e053-7bed-4d98-9fb8-070325e8cf60___Com.G_TgS_FL 1129.JPG,Tomato___Bacterial_spot,Tomato___Target_Spot,train,train,8,False
cfece06354b3e486ab579438b38926e5ffd0dc390ecbcbffc6b353a43b9770c5,504909b5259cd47fe9f1a645053de5474ca8a9ba7f7d65e9cf1fe8cd859561e8,Tomato___Spider_mites Two-spotted_spider_mite/70d81d89-74a0-43bc-ae4f-61bd0d9cc6af___Com.G_SpM_FL 1323.JPG,Tomato___Spider_mites Two-spotted_spider_mite/9ce02c34-b256-45a4-a27d-99071956b774___Com.G_SpM_FL 8662.JPG,Tomato___Spider_mites Two-spotted_spider_mite,Tomato___Spider_mites Two-spotted_spider_mite,train,train,8,False
d00a4f076a0c793d89aed82c3fe7b11d13312480e963c6bbcf95066b2ca1f78b,4814f96cb860b718b75e820370774f1cf34cd6b2f3d4da230b45ba360d3babac,Tomato___Bacterial_spot/f58a3d12-29e7-4f43-a189-fa80df8f8e72___GCREC_Bact.Sp 5691.JPG,Tomato___Septoria_leaf_spot/2dbb244d-4879-4607-82e9-1cd28ebee0da___Matt.S_CG 7813.JPG,Tomato___Bacterial_spot,Tomato___Septoria_leaf_spot,train,train,8,False
d00a4f076a0c793d89aed82c3fe7b11d13312480e963c6bbcf95066b2ca1f78b,c042907ae41ba05d629c6c7a8075f17cdcb0b79b004e87ee63985f590bbf2bcb,Tomato___Bacterial_spot/f58a3d12-29e7-4f43-a189-fa80df8f8e72___GCREC_Bact.Sp 5691.JPG,Tomato___Bacterial_spot/6cb8d633-865d-4809-99ff-c826fbcbfb7d___GCREC_Bact.Sp 5707.JPG,Tomato___Bacterial_spot,Tomato___Bacterial_spot,train,val,8,True
d02bf751e6a37d8b8da01bb71b0aca84af70faf7216038e4a8343a09dda6995d,baca5653a60427fbad74a2580f4adb53510f5c3e0b638eb47186253a098a3c6b,Tomato___Tomato_Yellow_Leaf_Curl_Virus/5bfca510-62b9-4e1b-99a4-47c98eeda0a5___UF.GRC_YLCV_Lab 02328.JPG,Tomato___Tomato_Yellow_Leaf_Curl_Virus/f64b7e94-181f-4741-8a22-e52271503593___UF.GRC_YLCV_Lab 02327.JPG,Tomato___Tomato_Yellow_Leaf_Curl_Virus,Tomato___Tomato_Yellow_Leaf_Curl_Virus,train,train,8,False
d0786ef50da5a7fb681ae3e9b900976a4257c847f43e493f02a7d2d9997b4e66,db673916f3a6bc44a21ad4e6922dc1414b5176375ea75503003d38eee1db7ab8,Tomato___Tomato_Yellow_Leaf_Curl_Virus/6c510ada-04b8-4fa0-a0cd-173284ec59e8___YLCV_NREC 2207.JPG,Tomato___Tomato_Yellow_Leaf_Curl_Virus/e28c69d4-9035-4c1f-a1e5-08b969ddbb32___UF.GRC_YLCV_Lab 01740.JPG,Tomato___Tomato_Yellow_Leaf_Curl_Virus,Tomato___Tomato_Yellow_Leaf_Curl_Virus,test,test,8,False
d089085f430485593f389271ea1029aef54b63e7d7d9e9825765c4aa0270f7f4,23f48d8393c6356d47651a4827de78a63477b5690c173d1b47a267d0a3dae014,Tomato___Bacterial_spot/8dbdb623-628f-465b-934c-1cf987fb6ab8___GCREC_Bact.Sp 6134.JPG,Tomato___Bacterial_spot/d0259987-90c8-4af9-a2f4-524ed0c514a2___GCREC_Bact.Sp 6365.JPG,Tomato___Bacterial_spot,Tomato___Bacterial_spot,test,val,8,True
d089085f430485593f389271ea1029aef54b63e7d7d9e9825765c4aa0270f7f4,688617be1bc19005a50ddde464682bc98a62f2cc3881541d007ca2cc4e65fdd1,Tomato___Bacterial_spot/8dbdb623-628f-465b-934c-1cf987fb6ab8___GCREC_Bact.Sp 6134.JPG,Tomato___Tomato_Yellow_Leaf_Curl_Virus/31cc91c9-9f88-4d3f-8224-dc930956d97b___YLCV_GCREC 2521.JPG,Tomato___Bacterial_spot,Tomato___Tomato_Yellow_Leaf_Curl_Virus,test,train,8,True
d0f9b02a745b9e6c433b30b7942c92e43a63df26d7949d9766b6fac3fabe4876,61b2a8d8d92c0e33f4f0aae0b8ea7ed2893e9ff413f2823f726e82202f4a336a,Tomato___Bacterial_spot/e05eca68-134a-45a5-a6ed-d4b80459528f___GCREC_Bact.Sp 3420.JPG,Tomato___Bacterial_spot/8c5c248e-4262-407b-9933-4e08018433ea___GCREC_Bact.Sp 3140.JPG,Tomato___Bacterial_spot,Tomato___Bacterial_spot,test,train,8,True
d0f9b02a745b9e6c433b30b7942c92e43a63df26d7949d9766b6fac3fabe4876,912d884bebfb47b504ca721d08d42f05626734e3665878c187bac4367712d41d,Tomato___Bacterial_spot/e05eca68-134a-45a5-a6ed-d4b80459528f___GCREC_Bact.Sp 3420.JPG,Tomato___Bacterial_spot/9ec2ee25-8006-49f3-bde0-fb26f37a62f2___GCREC_Bact.Sp 3421.JPG,Tomato___Bacterial_spot,Tomato___Bacterial_spot,test,train,8,True
d1364092ed8461de1162734e9c5eefe48799ff99cca212c0a5f81dea023ffd01,122aa3b0ac374bdc4c356feaa74175cd8a72704ac9ab0aaf99023e5434f1e334,Tomato___Bacterial_spot/6a4ce1e3-a768-4f6e-96cf-3590df10fdc5___GCREC_Bact.Sp 3608.JPG,Tomato___Target_Spot/225b37a6-449f-4436-92be-ae3299f968a4___Com.G_TgS_FL 8197.JPG,Tomato___Bacterial_spot,Tomato___Target_Spot,train,train,8,False
d1364092ed8461de1162734e9c5eefe48799ff99cca212c0a5f81dea023ffd01,1d2818cb1f800e7ec0c32908a8e059ae390c5d8076a3e909e1ef87ab47e71c2d,Tomato___Bacterial_spot/6a4ce1e3-a768-4f6e-96cf-3590df10fdc5___GCREC_Bact.Sp 3608.JPG,Tomato___Tomato_Yellow_Leaf_Curl_Virus/d250bc4b-6d82-4294-9659-419b0e6775c1___YLCV_GCREC 2549.JPG,Tomato___Bacterial_spot,Tomato___Tomato_Yellow_Leaf_Curl_Virus,train,val,8,True
d1364092ed8461de1162734e9c5eefe48799ff99cca212c0a5f81dea023ffd01,58030925de75de720225e2284aa9c036ea7414a557e2ebe1fca56c85e513d7ee,Tomato___Bacterial_spot/6a4ce1e3-a768-4f6e-96cf-3590df10fdc5___GCREC_Bact.Sp 3608.JPG,Tomato___Target_Spot/eb278265-e24b-4628-8941-c0b7b167cb27___Com.G_TgS_FL 0783.JPG,Tomato___Bacterial_spot,Tomato___Target_Spot,train,train,8,False
d1364092ed8461de1162734e9c5eefe48799ff99cca212c0a5f81dea023ffd01,d3e29fa8b77acd0db47fe08a59da062d29e95e9dd70ff16263e9d8dffa8b2e9c,Tomato___Bacterial_spot/6a4ce1e3-a768-4f6e-96cf-3590df10fdc5___GCREC_Bact.Sp 3608.JPG,Tomato___Late_blight/23c5c930-6830-46c6-8353-616c0b34ae12___RS_Late.B 4947.JPG,Tomato___Bacterial_spot,Tomato___Late_blight,train,train,8,False
d299e66b23393ca2c5ceda6c828560fc71905173dbe47250fc1c3e5498fe25bd,40af0899503d347238655ad5554c0a963aa89261b70a1e0a47be3b34a8acef1e,Tomato___Septoria_leaf_spot/286a4fc5-4657-472f-bcbe-dbf38e94bb8e___JR_Sept.L.S 8417.JPG,Tomato___Septoria_leaf_spot/86069a9f-3334-496c-a6bb-6e77a138a3b9___Matt.S_CG 2519.JPG,Tomato___Septoria_leaf_spot,Tomato___Septoria_leaf_spot,test,test,8,False
d2b9b7ec0003f7768850f9d92ef8b3622cf920bfb64539cd044062894d82bcad,cef91354d7ee775b61bb0d49d8f4d43cd544108deea18edcd0237e6f34c077af,Tomato___Spider_mites Two-spotted_spider_mite/bd02e7b2-383c-4d04-8361-084cec0dc177___Com.G_SpM_FL 8574.JPG,Tomato___Spider_mites Two-spotted_spider_mite/54a61499-2018-48f7-a77f-90531d1483b9___Com.G_SpM_FL 8586.JPG,Tomato___Spider_mites Two-spotted_spider_mite,Tomato___Spider_mites Two-spotted_spider_mite,test,val,8,True
d2e6787ea1251d06b8a206cf8e775e1980fff0be6744bba534a6fc77390f5e24,b778eec1d706671264219950c349e2f1264e7efb23dd578e0964ef8a5ebea399,Tomato___Spider_mites Two-spotted_spider_mite/9c331f8d-7e99-4238-9edd-1f26c45c7ea7___Com.G_SpM_FL 9480.JPG,Tomato___Septoria_leaf_spot/f8f528ee-f9c3-47cb-b67f-a9265d86d9d1___Matt.S_CG 1446.JPG,Tomato___Spider_mites Two-spotted_spider_mite,Tomato___Septoria_leaf_spot,train,val,8,True
d32210cd15902256853cc2c709e22f82584c2effff4749ae03bb188cdcae754a,4899dfbbd855ae8ca4b4215414ce428d00e558fb3aff9a046c1e17a8937bc066,Tomato___Leaf_Mold/822c1a03-77c7-4640-bf3b-055542fda0bb___Crnl_L.Mold 6950.JPG,Tomato___Leaf_Mold/7cf9cb31-1121-4ebe-b973-56c388d8f450___Crnl_L.Mold 6662.JPG,Tomato___Leaf_Mold,Tomato___Leaf_Mold,test,train,8,True
d342963659929f46060254664d423d104ad7de41aec1fad5ade55ac8d25166ab,0446d338ef7f48314c7225f9f712bb6df19b28fbb689fd4ee115de3015ce3fc1,Tomato___Bacterial_spot/58e691ec-b8e5-4845-8de1-4254a7d9f62c___GCREC_Bact.Sp 3450.JPG,Tomato___Spider_mites Two-spotted_spider_mite/3471da6b-4a47-4dfb-bf6e-8e9bf462ff5b___Com.G_SpM_FL 1638.JPG,Tomato___Bacterial_spot,Tomato___Spider_mites Two-spotted_spider_mite,train,train,8,False
d35b13be06b45949cef4a2f9e9a16b34284857ffa1bd4bfb1f968de0158f5a9d,abf46e62d19c92e84f963327241fa71dec26ae1a9005c2be278f80e7b609ba3e,Tomato___Septoria_leaf_spot/53bd5f98-4343-4421-bf83-f970bce432bb___JR_Sept.L.S 8509.JPG,Tomato___Spider_mites Two-spotted_spider_mite/20dcc445-3179-4092-8083-0c55be8e9579___Com.G_SpM_FL 1698.JPG,Tomato___Septoria_leaf_spot,Tomato___Spider_mites Two-spotted_spider_mite,train,train,8,False
d3907ceb572e811a439317363894af70f6f6d7448aec01f7428a19775a5c8029,372794243baf3aa8793161e2990f44aae1a89f63f8c6f6010a93061980d257fd,Tomato___Bacterial_spot/5a6b8e29-8841-4529-bcf5-08a69ffc07ed___GCREC_Bact.Sp 6353.JPG,Tomato___Septoria_leaf_spot/07dd57ec-cbf0-4fc1-b680-6b3226da51e4___JR_Sept.L.S 8524.JPG,Tomato___Bacterial_spot,Tomato___Septoria_leaf_spot,train,train,8,False
d39478921d67d1dc315561c299d892f4aace72d5bd2e6d0f7e179e2078d1c4c9,d09a0d07d0ea5b9c3295a87a8c5df9214cfa23a206d34bcf369b283c058e6a8e,Tomato___Tomato_Yellow_Leaf_Curl_Virus/e1b08f4a-b0f2-4ba2-a54b-e1776872df3a___UF.GRC_YLCV_Lab 02509.JPG,Tomato___Tomato_Yellow_Leaf_Curl_Virus/906f8e46-f387-4d39-9d7d-08df032222e0___UF.GRC_YLCV_Lab 02498.JPG,Tomato___Tomato_Yellow_Leaf_Curl_Virus,Tomato___Tomato_Yellow_Leaf_Curl_Virus,train,val,8,True
d3a9636972cf9c596b9dc4268fb1778f54005487bb28b62a7d852ff0b8e864c5,7ed27ae2decc63b00f5c23f64cce5b807753f52e75a5215a0d2b1b8925aae5f9,Tomato___Tomato_Yellow_Leaf_Curl_Virus/03b15a5f-1b74-42a1-866a-1c6feb171121___UF.GRC_YLCV_Lab 02358.JPG,Tomato___Tomato_Yellow_Leaf_Curl_Virus/2309638c-11d7-4232-b0e5-521cfad299f8___UF.GRC_YLCV_Lab 02366.JPG,Tomato___Tomato_Yellow_Leaf_Curl_Virus,Tomato___Tomato_Yellow_Leaf_Curl_Virus,train,train,8,False
d3adbf2cf376d30b7966273dad167e0dc45f5f39059cb8b556642103ac536f9c,839fff53e23476eabf547a4529bef95bc56bb84512e33d023eb28f561f0e047a,Tomato___healthy/dd7a8ade-2bc7-4b28-9e27-f823e8466a76___GH_HL Leaf 236.JPG,Tomato___healthy/89ecd925-23ef-4bfe-8c55-cad05161aca2___GH_HL Leaf 236.1.JPG,Tomato___healthy,Tomato___healthy,train,val,8,True
d3ba12a8be963595be2b2d641a7f571cb4ed9d4f086d324da91e19e72ad7a758,d6b47115f7196e36801aa356ade45457c799000210d0351cfcf3dd0de54cd84c,Tomato___Spider_mites Two-spotted_spider_mite/74bd9dda-a761-4cea-94d9-7b93190bd88d___Com.G_SpM_FL 1633.JPG,Tomato___Target_Spot/f38d76b6-d04d-4af8-8550-314f5640c734___Com.G_TgS_FL 9765.JPG,Tomato___Spider_mites Two-spotted_spider_mite,Tomato___Target_Spot,train,train,8,False
d3e29fa8b77acd0db47fe08a59da062d29e95e9dd70ff16263e9d8dffa8b2e9c,d0ef87a5c8032599134bd37dbc5c90c73032d0ff68f579f0fb110a7f0af71de6,Tomato___Late_blight/23c5c930-6830-46c6-8353-616c0b34ae12___RS_Late.B 4947.JPG,Tomato___Tomato_Yellow_Leaf_Curl_Virus/5082c000-323f-4002-86e1-d446e94be8f7___YLCV_GCREC 2670.JPG,Tomato___Late_blight,Tomato___Tomato_Yellow_Leaf_Curl_Virus,train,train,8,False
d3e29fa8b77acd0db47fe08a59da062d29e95e9dd70ff16263e9d8dffa8b2e9c,eae8caaeb4513fff7943feb1535f974e79c96c61d7ac4fcc6c3218ad3a4aa48b,Tomato___Late_blight/23c5c930-6830-46c6-8353-616c0b34ae12___RS_Late.B 4947.JPG,Tomato___Septoria_leaf_spot/b12f3967-aa7e-4c0a-bb81-9b96a3e6587d___Matt.S_CG 1249.JPG,Tomato___Late_blight,Tomato___Septoria_leaf_spot,train,train,8,False
d3e502e91c9aca70d84b88b552944c29febee7d6393c8ec1832515a4f5eaaaf0,c0cec93974ea4c0e7dbe2c3825ee96badb7935cbd6d897dcea93b8ee00050eeb,Tomato___Septoria_leaf_spot/318530ca-975c-482f-b3cf-bdf6435f09d1___JR_Sept.L.S 8510.JPG,Tomato___Tomato_Yellow_Leaf_Curl_Virus/e9083f18-a438-4052-bfc3-09127b6f6b98___YLCV_NREC 2893.JPG,Tomato___Septoria_leaf_spot,Tomato___Tomato_Yellow_Leaf_Curl_Virus,train,train,8,False
d4065288fdf7523f479b3da21801ee01b34ff601686522a1d3fbf7a15b97354e,d86df5026797fdd5ec63bc13a9b7298ddd75037afd252fcd3d54fc9aa438e683,Tomato___Spider_mites Two-spotted_spider_mite/05be6ebc-1641-4707-91da-9b5650b9641a___Com.G_SpM_FL 8857.JPG,Tomato___Spider_mites Two-spotted_spider_mite/e0837534-7480-4ba7-8f04-34f232f76008___Com.G_SpM_FL 8565.JPG,Tomato___Spider_mites Two-spotted_spider_mite,Tomato___Spider_mites Two-spotted_spider_mite,train,train,8,False
d4209a620d9a1c5b4fcc3336af7c4eb9e11727ad193b3bf5113fdc2814cf0b1f,e95881af427eb83b549ff779c03577c815fa5d2920e1ed2c795761423b11c638,Tomato___Septoria_leaf_spot/881cef87-36ea-49e5-bc1a-fa2b7a959221___Matt.S_CG 6543.JPG,Tomato___Tomato_Yellow_Leaf_Curl_Virus/81cd10d6-3261-47dd-b09d-2e36f56e5c4d___YLCV_GCREC 5253.JPG,Tomato___Septoria_leaf_spot,Tomato___Tomato_Yellow_Leaf_Curl_Virus,train,train,8,False
d42444be0364fd9975a39b70c58c28995bc79ae83502efa49136c32db90617dd,044aeb50d25869aaa253dcf68c67f939ac1f41f91522794d5d2416bdcb3f02ce,Tomato___Bacterial_spot/97f376a8-3781-4f2f-8fec-6a8150247d1e___GCREC_Bact.Sp 3387.JPG,Tomato___Tomato_Yellow_Leaf_Curl_Virus/cce35034-8fcf-4997-bfc2-5f004a40305a___YLCV_GCREC 2775.JPG,Tomato___Bacterial_spot,Tomato___Tomato_Yellow_Leaf_Curl_Virus,train,train,8,False
d42444be0364fd9975a39b70c58c28995bc79ae83502efa49136c32db90617dd,72790a8b771d681bcbcfefe37d5373ce456d1a9358468462285cd43ad773d4da,Tomato___Bacterial_spot/97f376a8-3781-4f2f-8fec-6a8150247d1e___GCREC_Bact.Sp 3387.JPG,Tomato___Bacterial_spot/53d941ee-48e5-4669-8cf4-7a04fb68e808___GCREC_Bact.Sp 5893.JPG,Tomato___Bacterial_spot,Tomato___Bacterial_spot,train,val,8,True
d42444be0364fd9975a39b70c58c28995bc79ae83502efa49136c32db90617dd,ece4ae3f02afa3ea05fba0abf3679a0b1a79a4a4abe4264892dc0b071b739489,Tomato___Bacterial_spot/97f376a8-3781-4f2f-8fec-6a8150247d1e___GCREC_Bact.Sp 3387.JPG,Tomato___Septoria_leaf_spot/fb69b46d-32bd-4d11-a60f-7eec788523c2___Matt.S_CG 6278.JPG,Tomato___Bacterial_spot,Tomato___Septoria_leaf_spot,train,train,8,False
d44244e97d9c7d89a82f4e9bcf38d2ffe4899b2e4803f599ef137477fb2982af,ccce6c9179eee73cc512ca5e5d5f24ac644bec8ceea724b0f499022f662b3863,Tomato___Tomato_Yellow_Leaf_Curl_Virus/e9f4f035-b416-49b0-8714-f54a532d87ca___YLCV_GCREC 2494.JPG,Tomato___Early_blight/4aa63e45-c531-40e2-86ca-a788e74d4f18___RS_Erly.B 7549.JPG,Tomato___Tomato_Yellow_Leaf_Curl_Virus,Tomato___Early_blight,test,val,8,True
d4558d531563c0a60e795e50914f1a3753a74d87faebafeb97db66da4518045e,3b702d5053aeeb3465709e5883a2cc74a4940bbd8037967892b1beddf7d19279,Tomato___Septoria_leaf_spot/2f5e144b-cf8f-4882-8ee5-10eafb8778cc___Matt.S_CG 7579.JPG,Tomato___Target_Spot/d39c9ac8-65c7-4aa8-8c06-04bb1c8ba634___Com.G_TgS_FL 0723.JPG,Tomato___Septoria_leaf_spot,Tomato___Target_Spot,train,train,8,False
d47a2cadd1a60f0ee20cd446a8e2e6f6b6bd9fce11a00a905f9c6c48be2b031a,2a700ce802dfee9b6f03c4a5a416b3d736c6fc0c3d6ccb695dc64207f29a9085,Tomato___Bacterial_spot/162156e8-724a-48d9-8a19-904937f9dc03___GCREC_Bact.Sp 3472.JPG,Tomato___Bacterial_spot/de0200a0-173c-401f-827b-2a12d639a744___GCREC_Bact.Sp 3072.JPG,Tomato___Bacterial_spot,Tomato___Bacterial_spot,train,train,8,False
d47a2cadd1a60f0ee20cd446a8e2e6f6b6bd9fce11a00a905f9c6c48be2b031a,948ee73900c25f382c118a0d60da90ba4d4befd13bc1fa61fbca875dd7e990ec,Tomato___Bacterial_spot/162156e8-724a-48d9-8a19-904937f9dc03___GCREC_Bact.Sp 3472.JPG,Tomato___Bacterial_spot/32d7007e-5830-4675-8e03-06b60287652f___GCREC_Bact.Sp 3344.JPG,Tomato___Bacterial_spot,Tomato___Bacterial_spot,train,train,8,False
d47a2cadd1a60f0ee20cd446a8e2e6f6b6bd9fce11a00a905f9c6c48be2b031a,cf893cf5ba5ac6a77e4840b771816f087a11d0adfdd4dd3095995ef02c26fb30,Tomato___Bacterial_spot/162156e8-724a-48d9-8a19-904937f9dc03___GCREC_Bact.Sp 3472.JPG,Tomato___healthy/13b114fe-22bf-498e-8534-4049123ef655___RS_HL 9775.JPG,Tomato___Bacterial_spot,Tomato___healthy,train,train,8,False
d47e2015270dee1a6547ddf4978ad82c3aa0092e801855ebee1304c4419265e0,5b5ec86801dacc9fbf7ac7458d0d37517ce937df0336e8230d7ac92422771d6e,Tomato___Septoria_leaf_spot/fae75392-41a3-4363-b073-32f20bc1cc68___Keller.St_CG 1999.JPG,Tomato___Septoria_leaf_spot/ee87e5d3-617f-4530-98ec-18a8ed9ee425___Keller.St_CG 1998.JPG,Tomato___Septoria_leaf_spot,Tomato___Septoria_leaf_spot,train,val,8,True
d48167fac9a990908881a36739cf085c32210071dd997c5dcd328775dce73c4f,dfc0825497fcc7ab7941c21ecdd482274129876d52f508a791beefd50c2b70c4,Tomato___Target_Spot/a5afdb8f-fc49-47c9-b3fa-7e1beb24777e___Com.G_TgS_FL 7929.JPG,Tomato___Target_Spot/c101b725-66bb-4444-b06a-823d0bfa7acc___Com.G_TgS_FL 0867.JPG,Tomato___Target_Spot,Tomato___Target_Spot,train,val,8,True
d5321c0134c5efedff640f5e6491317f42bff36c2bace6e9fdeb27cc3c954b83,faee21aad4c63aab936b09f92d7d55a26eb5e062fd8db8b7cc8798037ab6f166,Tomato___Target_Spot/3217392a-7b5c-456e-980a-f89aab458a15___Com.G_TgS_FL 8327.JPG,Tomato___Tomato_Yellow_Leaf_Curl_Virus/d3c6bad1-4783-4d9a-a1df-941f414274c7___YLCV_GCREC 2586.JPG,Tomato___Target_Spot,Tomato___Tomato_Yellow_Leaf_Curl_Virus,train,train,8,False
d53c3a9f8b2702b7a6ff7b4d2e4d7399ba5206f9bd7dee20d26aa107a714e6a7,fa9ad96d4c062d6a8de9f798166139bec1c2a4374dd7747c97c681c8e56f56a4,Tomato___Tomato_Yellow_Leaf_Curl_Virus/ac0647e0-3764-4402-b81f-afb9a0039cf9___YLCV_GCREC 5303.JPG,Tomato___Target_Spot/31dff38a-b7d1-47b7-af46-2dcef29f4e0e___Com.G_TgS_FL 1077.JPG,Tomato___Tomato_Yellow_Leaf_Curl_Virus,Tomato___Target_Spot,test,val,8,True
d546f573ca18078765cb8d038d46d4afad8b078209d6de757a9730bae0d0abcc,a04b56ef476a3ca479c88f5851f3b88dc024db05919c4500571f1522acb3d75e,Tomato___Target_Spot/742c5518-9886-4d9c-98fd-ec5d18fd0275___Com.G_TgS_FL 8356.JPG,Tomato___Tomato_Yellow_Leaf_Curl_Virus/291ee93a-1f02-4d58-b376-54999cb136da___YLCV_GCREC 5217.JPG,Tomato___Target_Spot,Tomato___Tomato_Yellow_Leaf_Curl_Virus,train,val,8,True
d5d7af754985e87f2725ea57e844cad79e34ed2199bee7ea4c702cd9daeb7a91,6c72c41c6241921b5f3991692f30ecc5254aac4d24487338c15c5f7517e458ae,Tomato___Tomato_Yellow_Leaf_Curl_Virus/9261facd-4e65-4cdd-95ae-50fec470f5a4___YLCV_GCREC 2558.JPG,Tomato___Bacterial_spot/9fc3b924-71f1-40a6-8826-de89c9e34e52___GCREC_Bact.Sp 3050.JPG,Tomato___Tomato_Yellow_Leaf_Curl_Virus,Tomato___Bacterial_spot,test,train,8,True
d623d63568e635b9fa0368ea2be45941a4092371fb5775c9d1ec1bd693900c97,6ba49546c080483e5f65d91aecbff69c9286fdff95bcf4a564529c451cc4be20,Tomato___Bacterial_spot/f295d002-ba3b-45f4-ad4d-44ecf10afbf7___GCREC_Bact.Sp 5820.JPG,Tomato___Bacterial_spot/1eb09166-61e7-4816-9a48-4d7afaa25a86___GCREC_Bact.Sp 3310.JPG,Tomato___Bacterial_spot,Tomato___Bacterial_spot,train,val,8,True
d634ce2aa7f894dd9506e74cf0df9d318db4663fa76be8ed7e07dd5df157e0a7,46d06833fb9472b57bb4416273f988e67852a0fa548c95dd4ce4165de1fd8eb0,Tomato___Bacterial_spot/f26ada25-77e0-4439-9cdc-b833b57e1053___GCREC_Bact.Sp 5978.JPG,Tomato___Target_Spot/e24a0993-be2f-475d-95b0-71c3fac986e2___Com.G_TgS_FL 8402.JPG,Tomato___Bacterial_spot,Tomato___Target_Spot,train,train,8,False
d634ce2aa7f894dd9506e74cf0df9d318db4663fa76be8ed7e07dd5df157e0a7,73e62a8d876cf146697683cc4ba2cc5e29b3849085d1f5815616b600068a657c,Tomato___Bacterial_spot/f26ada25-77e0-4439-9cdc-b833b57e1053___GCREC_Bact.Sp 5978.JPG,Tomato___Tomato_Yellow_Leaf_Curl_Virus/1c3779b9-cb13-43b0-9a4a-01f96e7d039f___YLCV_GCREC 2545.JPG,Tomato___Bacterial_spot,Tomato___Tomato_Yellow_Leaf_Curl_Virus,train,train,8,False
d634ce2aa7f894dd9506e74cf0df9d318db4663fa76be8ed7e07dd5df157e0a7,eae8caaeb4513fff7943feb1535f974e79c96c61d7ac4fcc6c3218ad3a4aa48b,Tomato___Bacterial_spot/f26ada25-77e0-4439-9cdc-b833b57e1053___GCREC_Bact.Sp 5978.JPG,Tomato___Septoria_leaf_spot/b12f3967-aa7e-4c0a-bb81-9b96a3e6587d___Matt.S_CG 1249.JPG,Tomato___Bacterial_spot,Tomato___Septoria_leaf_spot,train,train,8,False
d6b47115f7196e36801aa356ade45457c799000210d0351cfcf3dd0de54cd84c,45424783492605696b4c7d56605906c3b024b11e744617ef5d1ddee5d61701fc,Tomato___Target_Spot/f38d76b6-d04d-4af8-8550-314f5640c734___Com.G_TgS_FL 9765.JPG,Tomato___Target_Spot/3f273e21-2b93-4327-ad8f-d1d94766b63a___Com.G_TgS_FL 9874.JPG,Tomato___Target_Spot,Tomato___Target_Spot,train,val,8,True
d6d2d893de96a09ce8c7a216fb7c09441b83dee7dd9228846d41bce5df46c688,456e77ae63fb712e8be7ea88508a4acf9eda7524eb272adea0091fbe73592bf4,Tomato___Late_blight/2dab6657-8b94-41ea-b610-74895532efe0___RS_Late.B 5567.JPG,Tomato___Late_blight/8b58a065-ad58-4f19-b621-5e6eb2d77993___RS_Late.B 7131.JPG,Tomato___Late_blight,Tomato___Late_blight,train,train,8,False
d6d2d893de96a09ce8c7a216fb7c09441b83dee7dd9228846d41bce5df46c688,72a54302f9c604d93f9226161da801e465eabecbb45a5d64e5c9a2e8486a075f,Tomato___Late_blight/2dab6657-8b94-41ea-b610-74895532efe0___RS_Late.B 5567.JPG,Tomato___Leaf_Mold/f7826d86-2eb1-408f-b2c1-a43afe0268b3___Crnl_L.Mold 9056.JPG,Tomato___Late_blight,Tomato___Leaf_Mold,train,train,8,False
d6d2d893de96a09ce8c7a216fb7c09441b83dee7dd9228846d41bce5df46c688,aec4721d193b2c2e679dfbc1f8ff5ec9581040c3299118915259c8ee2380dd4e,Tomato___Late_blight/2dab6657-8b94-41ea-b610-74895532efe0___RS_Late.B 5567.JPG,Tomato___Leaf_Mold/b7a7692a-e43f-4d18-9926-da574595121d___Crnl_L.Mold 9134.JPG,Tomato___Late_blight,Tomato___Leaf_Mold,train,train,8,False
d6d2d893de96a09ce8c7a216fb7c09441b83dee7dd9228846d41bce5df46c688,de1ac5f6f040b6f52b2822df0eaffc0e786651ade347939b301a6ffba46177c3,Tomato___Late_blight/2dab6657-8b94-41ea-b610-74895532efe0___RS_Late.B 5567.JPG,Tomato___Septoria_leaf_spot/fdf8c942-a8a1-49f1-ad3d-e4b492a7a145___Matt.S_CG 1590.JPG,Tomato___Late_blight,Tomato___Septoria_leaf_spot,train,train,8,False
d74e4d12a0764d284219d094f6954b9dc0173d0c415ca99404c49386cfb9243e,4cfc251466495b12d1f4b72555b1b515c2ad216488efc470a3d64403f6565071,Tomato___Spider_mites Two-spotted_spider_mite/85d02dcc-7d8f-4ba1-a55e-14d5e75444c5___Com.G_SpM_FL 9479.JPG,Tomato___Spider_mites Two-spotted_spider_mite/00bc7858-1dca-4bfb-a828-225f03bd72a5___Com.G_SpM_FL 9455.JPG,Tomato___Spider_mites Two-spotted_spider_mite,Tomato___Spider_mites Two-spotted_spider_mite,test,val,8,True
d74e4d12a0764d284219d094f6954b9dc0173d0c415ca99404c49386cfb9243e,b04ca166f199ebca438432a181d3cb4336e484280c6b481f93c3a829e09b2d69,Tomato___Spider_mites Two-spotted_spider_mite/85d02dcc-7d8f-4ba1-a55e-14d5e75444c5___Com.G_SpM_FL 9479.JPG,Tomato___Spider_mites Two-spotted_spider_mite/fd4f7201-2f81-4650-8681-dd56406417af___Com.G_SpM_FL 1364.JPG,Tomato___Spider_mites Two-spotted_spider_mite,Tomato___Spider_mites Two-spotted_spider_mite,test,val,8,True
d7626ae0c92406491481ea78e0f4aa35c86f04f86be812d974f10d9defddd754,2247adde20ab77244bcc6e47b8561d6f7415631a9d97e57aebf66ac69e78690e,Tomato___Spider_mites Two-spotted_spider_mite/57649e25-07c1-4435-9084-6da48a1cc72f___Com.G_SpM_FL 1734.JPG,Tomato___Spider_mites Two-spotted_spider_mite/daa3aaa8-41a1-4b46-9b3e-3363ac2fb737___Com.G_SpM_FL 1210.JPG,Tomato___Spider_mites Two-spotted_spider_mite,Tomato___Spider_mites Two-spotted_spider_mite,train,train,8,False
d76a86dbef31ea21a5114104db1394570cd6297bc2bb2fd4b4db0ab6b60e93d4,e334d51b2681267c25d5573bae59740dcb6581a72aef584bf32c994796d6bde1,Tomato___Spider_mites Two-spotted_spider_mite/957e88e1-8803-4ded-a7bc-35144fc25665___Com.G_SpM_FL 9254.JPG,Tomato___Tomato_Yellow_Leaf_Curl_Virus/43b2be62-cb86-46f4-9049-92e77d4f335b___YLCV_NREC 0074.JPG,Tomato___Spider_mites Two-spotted_spider_mite,Tomato___Tomato_Yellow_Leaf_Curl_Virus,train,train,8,False
d77aa75046918f6cf778e0dcd1f26f5e9baf6cf7a3c1b1439e2ddf11bcde9d42,c5efa99cef9ed49989098b288e4ab371e9e6921afa078fa0f8006a2bf56522cc,Tomato___Leaf_Mold/7c8dcf96-0825-49a2-8309-bb02524c64da___Crnl_L.Mold 8775.JPG,Tomato___Early_blight/a28eb895-ef7c-49cc-bc0f-5e01498e5ca2___RS_Erly.B 6463.JPG,Tomato___Leaf_Mold,Tomato___Early_blight,test,train,8,True
d7b093c96aac420eddf0b698bbd5b76c64564777e59c75f2afcb9388e39c4963,ba43ba56bab6c77eec3c7f61af48ff64e8ff099e6a45d01cea1518ab7bd82ea2,Tomato___Spider_mites Two-spotted_spider_mite/abfc3926-5ff5-46c0-a131-0853b4e686b3___Com.G_SpM_FL 1162.JPG,Tomato___Tomato_Yellow_Leaf_Curl_Virus/9d53aaa4-160d-46b7-a45c-391bceac5d79___YLCV_GCREC 5422.JPG,Tomato___Spider_mites Two-spotted_spider_mite,Tomato___Tomato_Yellow_Leaf_Curl_Virus,train,train,8,False
d7b6c8c93f02b931cda5565a32959cd718d538fe901207c63ffe42d882f11348,9fffaab3e78da9765107c4f8cd105c51cd1f87a871e4a5a62a53dc6d3b6af9f9,Tomato___Spider_mites Two-spotted_spider_mite/410da855-d70e-40d5-8aa3-23e472c1ab99___Com.G_SpM_FL 8433.JPG,Tomato___Spider_mites Two-spotted_spider_mite/83d3d054-0ca6-41bd-9b65-ae5d27f9605d___Com.G_SpM_FL 1384.JPG,Tomato___Spider_mites Two-spotted_spider_mite,Tomato___Spider_mites Two-spotted_spider_mite,train,val,8,True
d816173b63acd78a4d772e1a9559260c351852e895e9b363c4ee29da6f6ee0a0,1896cda512ce8873e68d31c6c99955745102bf9726fccc84eb8c2cf8eb0164e8,Tomato___Bacterial_spot/35bec389-2983-44f6-8bd5-d70e77cda204___GCREC_Bact.Sp 5617.JPG,Tomato___Bacterial_spot/79710197-654d-49dc-b9c2-1494f4f9f9cf___GCREC_Bact.Sp 3012.JPG,Tomato___Bacterial_spot,Tomato___Bacterial_spot,test,val,8,True
d816173b63acd78a4d772e1a9559260c351852e895e9b363c4ee29da6f6ee0a0,63e7fc660df42f92bdfcf6bf6b83c3c1844b192ac97c3d371c6dabe7c35e2e20,Tomato___Bacterial_spot/35bec389-2983-44f6-8bd5-d70e77cda204___GCREC_Bact.Sp 5617.JPG,Tomato___Bacterial_spot/4e491f68-728c-4c46-ba0d-df701d008e1d___GCREC_Bact.Sp 3200.JPG,Tomato___Bacterial_spot,Tomato___Bacterial_spot,test,test,8,False
d82f6e1d4f0c29b5b6daaba1b0dff78d0a5cf7012ebaebbc73697787d20efeda,aae81b10d61cf22b2ec07f25374e05c89fd8586157c8a9df39ff3b53b6f6c659,Tomato___Tomato_Yellow_Leaf_Curl_Virus/83ad7dfb-bd0d-46b9-84d5-59871052a796___YLCV_GCREC 2414.JPG,Tomato___Early_blight/2a64ed5f-6be9-463b-894f-e2953da0a974___RS_Erly.B 7520.JPG,Tomato___Tomato_Yellow_Leaf_Curl_Virus,Tomato___Early_blight,test,train,8,True
d848796a1b041226ae7b23fbff78aac4c172f2dc0ca0d645ae3bf980efd26e09,9e71eb036215ad351cdcb422e85326517e49ac180c769fa4f62433feb9bc2824,Tomato___Septoria_leaf_spot/84d1824a-dff7-4bd9-b623-1f5d6a5f014e___Matt.S_CG 7687.JPG,Tomato___Spider_mites Two-spotted_spider_mite/e77af295-2fc5-4f4c-99e0-92ce58457097___Com.G_SpM_FL 8745.JPG,Tomato___Septoria_leaf_spot,Tomato___Spider_mites Two-spotted_spider_mite,train,train,8,False
d8614e8ef54456e9163e8b383b47b723a173075323bf414a36abd7c2cc9c8706,c2ddc35a1c5c43d1a6ae48af94aec0216b578835b86761190d9ead68e755018d,Tomato___Bacterial_spot/5ce7093e-2e9d-4dd9-9401-7499c26ddaf1___GCREC_Bact.Sp 5566.JPG,Tomato___Bacterial_spot/7515d9e0-f3a4-4a49-9d6a-77cfa40a16a4___GCREC_Bact.Sp 3655.JPG,Tomato___Bacterial_spot,Tomato___Bacterial_spot,train,val,8,True
d86df5026797fdd5ec63bc13a9b7298ddd75037afd252fcd3d54fc9aa438e683,1ab1b6878f0ffe9ccc2983adb2fae255bac55bb6a131dbbd29b4beeab3bfaf94,Tomato___Spider_mites Two-spotted_spider_mite/e0837534-7480-4ba7-8f04-34f232f76008___Com.G_SpM_FL 8565.JPG,Tomato___Spider_mites Two-spotted_spider_mite/fa0f71aa-5583-4376-ab17-a755cf065aaf___Com.G_SpM_FL 1520.JPG,Tomato___Spider_mites Two-spotted_spider_mite,Tomato___Spider_mites Two-spotted_spider_mite,train,train,8,False
d8a0904106fd01a93ad82ef6f8b3ff3995245621e24da321edd847a5e861d118,48d2b9639dd396582de5077fa614b10cff63b73925bb608dc62e6363150f1f64,Tomato___Bacterial_spot/afa683b3-63de-43c1-81c6-deb8210b0d47___GCREC_Bact.Sp 5867.JPG,Tomato___Bacterial_spot/b0827469-6ac0-4a9e-baca-ac4763b00f95___GCREC_Bact.Sp 5866.JPG,Tomato___Bacterial_spot,Tomato___Bacterial_spot,train,train,8,False
d8dd90949d7a3b71384504d09aac6d815cdf5b61fdc59fe563baf5283c50ea14,a6781d0d51a3c1ff0ebe69d1b41c3fc391f8c315f0a85d905d68898e255d84c0,Tomato___Bacterial_spot/030501db-683b-4ed5-9ec0-c475a5dfdd76___GCREC_Bact.Sp 5650.JPG,Tomato___Bacterial_spot/ba2bdb7a-35c7-4842-a8e0-af3eac603cad___GCREC_Bact.Sp 6034.JPG,Tomato___Bacterial_spot,Tomato___Bacterial_spot,test,train,8,True
d8dd90949d7a3b71384504d09aac6d815cdf5b61fdc59fe563baf5283c50ea14,b5023234c9eac4a2b99ff2a2c09ad4c966dfab9b33552a8cfd82b5add10c0a10,Tomato___Bacterial_spot/030501db-683b-4ed5-9ec0-c475a5dfdd76___GCREC_Bact.Sp 5650.JPG,Tomato___Bacterial_spot/b9072867-69f3-4ea7-9afb-06781b4a4f2f___GCREC_Bact.Sp 3253.JPG,Tomato___Bacterial_spot,Tomato___Bacterial_spot,test,train,8,True
d8f15ac4f8cb985813f4598f5b8b58bfd89145dc45cb82966926a29871e3cc51,1f1ec02bfaff03a5dd893e8c124da5d2c083270aa9e54330b875c2095bc65e0a,Tomato___Spider_mites Two-spotted_spider_mite/bc948d02-7e65-4075-b2bc-cb0c29ebe90e___Com.G_SpM_FL 8416.JPG,Tomato___Tomato_Yellow_Leaf_Curl_Virus/149ee994-9015-411b-a57f-bc22e8690615___YLCV_GCREC 2193.JPG,Tomato___Spider_mites Two-spotted_spider_mite,Tomato___Tomato_Yellow_Leaf_Curl_Virus,test,train,8,True
d8f5aad0cec51d6922207f01757b8d2e88f3fd827bb96772aacf8b886a3bbda8,e36f3289332ca031289720d5f04e8b94714abdf487915b863f14711b8d26bbd2,Tomato___Late_blight/526e3337-acab-45da-a988-e6aab8a99281___GHLB2 Leaf 9089.JPG,Tomato___Late_blight/f66e2c13-dd22-4277-8c73-ff987bc19064___GHLB2 Leaf 9090.JPG,Tomato___Late_blight,Tomato___Late_blight,test,train,8,True
d98aeef3780c84c6615576b772a1cb66e2f1d03eee519e586d63700a6e88373e,5f54e77387cc4c0c805251f5632d8431b07b46033ec8e7aede76ac00b8ed2014,Tomato___Spider_mites Two-spotted_spider_mite/08e9a879-8784-4775-aeef-21fbd62dd08e___Com.G_SpM_FL 8513.JPG,Tomato___Tomato_Yellow_Leaf_Curl_Virus/ec10c0fd-520c-4bcb-933e-9bd695690b09___YLCV_NREC 1988.JPG,Tomato___Spider_mites Two-spotted_spider_mite,Tomato___Tomato_Yellow_Leaf_Curl_Virus,train,train,8,False
d98aeef3780c84c6615576b772a1cb66e2f1d03eee519e586d63700a6e88373e,b0dae8d230472f494f4b5c4da7119ab2066778f1d45c34c4fdf1eac295876b69,Tomato___Spider_mites Two-spotted_spider_mite/08e9a879-8784-4775-aeef-21fbd62dd08e___Com.G_SpM_FL 8513.JPG,Tomato___Spider_mites Two-spotted_spider_mite/79ae335e-dbb0-4bb0-8003-6dba7402cbd5___Com.G_SpM_FL 1302.JPG,Tomato___Spider_mites Two-spotted_spider_mite,Tomato___Spider_mites Two-spotted_spider_mite,train,train,8,False
d98aeef3780c84c6615576b772a1cb66e2f1d03eee519e586d63700a6e88373e,d39889c79ff6bb1466ba958b6339b251516ebcd0c6fce555fce4d6d13f44caea,Tomato___Spider_mites Two-spotted_spider_mite/08e9a879-8784-4775-aeef-21fbd62dd08e___Com.G_SpM_FL 8513.JPG,Tomato___Tomato_Yellow_Leaf_Curl_Virus/cf3b9a73-2170-414d-ad24-30a62da1043e___YLCV_GCREC 2899.JPG,Tomato___Spider_mites Two-spotted_spider_mite,Tomato___Tomato_Yellow_Leaf_Curl_Virus,train,train,8,False
d9d0c6cc8fd012aa85b4440e99cc8e6f48e441251cabc67a283c3c0d5ceab5a0,09f12c2fc00a29cdcfccc031f1df27119cc127f7973084cf33292632169d4822,Tomato___Tomato_Yellow_Leaf_Curl_Virus/aa0d3659-ac13-42bf-98f6-7677645b4464___UF.GRC_YLCV_Lab 09623.JPG,Tomato___Tomato_Yellow_Leaf_Curl_Virus/f41bd92f-d145-42ad-bc67-c7a644172ad0___UF.GRC_YLCV_Lab 09625.JPG,Tomato___Tomato_Yellow_Leaf_Curl_Virus,Tomato___Tomato_Yellow_Leaf_Curl_Virus,train,train,8,False
da5b9998d12d54920921466fcf1b014fc3086cb3fb933599947378c8a1c1f090,f803c3d216667aa2468d0b42c50dfa3cacbf8fd70b9d7faa98e4f8b7cb72502c,Tomato___Tomato_mosaic_virus/16f91dc7-59a2-4cc3-b896-64e28bc60ced___PSU_CG 2108.JPG,Tomato___Tomato_mosaic_virus/69bad8a8-c403-4e4b-bff8-1026169bb582___PSU_CG 2109.JPG,Tomato___Tomato_mosaic_virus,Tomato___Tomato_mosaic_virus,train,train,8,False
dad41282f1cb9ac72840ca47076a3f84a1f9fd1a572d3f086dec96968dded63b,8819a16b23878508ceca42673ab04f527530587120eb01eea9831c3ac3623c30,Tomato___Septoria_leaf_spot/1db21865-b74f-40ab-9a9b-ac7c0e512058___Matt.S_CG 2428.JPG,Tomato___Septoria_leaf_spot/45eeaf6d-1b23-4e3e-9366-82d9c053ef88___Matt.S_CG 6245.JPG,Tomato___Septoria_leaf_spot,Tomato___Septoria_leaf_spot,train,val,8,True
db8a82680c022952727a5e6a429e1d68194eac1ad7b51f2f6b64d509246c1533,14e7cdbae333ca95e6751231adac63811141fcfeb9e3c4cbcc29c25d7f5dd4d0,Tomato___healthy/167247af-fd67-4b70-a72e-052dc5ea863b___GH_HL Leaf 388.1.JPG,Tomato___Spider_mites Two-spotted_spider_mite/476ed525-ff16-4980-88e0-eb39f0fd4670___Com.G_SpM_FL 9593.JPG,Tomato___healthy,Tomato___Spider_mites Two-spotted_spider_mite,train,val,8,True
db8a82680c022952727a5e6a429e1d68194eac1ad7b51f2f6b64d509246c1533,9788e5a401196d3d3069669c9832f50a1256b00f5b8520c14f0d13d630de820a,Tomato___healthy/167247af-fd67-4b70-a72e-052dc5ea863b___GH_HL Leaf 388.1.JPG,Tomato___Tomato_Yellow_Leaf_Curl_Virus/5133c1b3-8a52-44a9-9c34-b9c4ea54b301___YLCV_GCREC 5347.JPG,Tomato___healthy,Tomato___Tomato_Yellow_Leaf_Curl_Virus,train,val,8,True
dbe1f36b511b50825993c3610b745e4bc5a6d371e4c0928eb9bb434350bf906c,61c1574bebfa0204faa6c7fbd89cc2b8b00ba0dc3bbe44998ed56d2d00509402,Tomato___Early_blight/9407ce87-44ce-4c7f-89ae-1e497b44ae30___RS_Erly.B 9381.JPG,Tomato___Septoria_leaf_spot/249ab309-d471-409d-a4ea-e82d74709c6e___JR_Sept.L.S 8552.JPG,Tomato___Early_blight,Tomato___Septoria_leaf_spot,train,train,8,False
dc1a5729695c02864978bbae60d571fd0c6fcad6364089d2a305dac0951f0995,2ab20a61fafeded8c1042da24171bb04a75b33d297ed9b23db038f09e50f88fb,Tomato___Tomato_mosaic_virus/658e96ee-271d-442b-876e-a52970ff540f___PSU_CG 2269.JPG,Tomato___Spider_mites Two-spotted_spider_mite/61563795-d070-46c1-99ad-2ed3cde171f7___Com.G_SpM_FL 9556.JPG,Tomato___Tomato_mosaic_virus,Tomato___Spider_mites Two-spotted_spider_mite,train,val,8,True
dc1a88ff89a3434195652983c1af88d8f734b10f4e76990f451662562ed12f00,54e831c426b801b45d09baae1cbabb618eaf18b9f01b8e0fc7f96ee3482ec03e,Tomato___Septoria_leaf_spot/5f2b2f49-dc97-43ae-9213-5d8a19a0e61d___Matt.S_CG 7372.JPG,Tomato___Septoria_leaf_spot/d34bb16c-4890-499a-8bcd-7fbd6c540a91___Matt.S_CG 7546.JPG,Tomato___Septoria_leaf_spot,Tomato___Septoria_leaf_spot,train,val,8,True
dc21e5cc1ca4f904dcda1dea9dd1d04368b97afb94ea5edccaffc4c38eb56e18,b3913e9c03ba16c04201f5877ba5436f86870f67a410e4a61f93399b561d298a,Tomato___Late_blight/f582a1b2-636d-4a0e-a113-5dcfb5c2d7e8___GHLB2 Leaf 9098.JPG,Tomato___Septoria_leaf_spot/acad88d8-7497-4067-abba-8171911fb6c1___JR_Sept.L.S 8448.JPG,Tomato___Late_blight,Tomato___Septoria_leaf_spot,train,train,8,False
dc21e5cc1ca4f904dcda1dea9dd1d04368b97afb94ea5edccaffc4c38eb56e18,f3fe1206729a85780b590ee9f05999865a555cedd08641b3cb8d6e4659d417da,Tomato___Late_blight/f582a1b2-636d-4a0e-a113-5dcfb5c2d7e8___GHLB2 Leaf 9098.JPG,Tomato___Septoria_leaf_spot/0a68a294-30d1-4422-ab7e-a1909ec277f7___JR_Sept.L.S 8443.JPG,Tomato___Late_blight,Tomato___Septoria_leaf_spot,train,train,8,False
dc21e5cc1ca4f904dcda1dea9dd1d04368b97afb94ea5edccaffc4c38eb56e18,f546a844d00d9b0eda1d43163b2d81e7a1d89aa177dc975326add8fb6fca5c22,Tomato___Late_blight/f582a1b2-636d-4a0e-a113-5dcfb5c2d7e8___GHLB2 Leaf 9098.JPG,Tomato___Late_blight/89c134ee-41f7-46b7-b4dc-4229b3b3ca08___GHLB2 Leaf 8952.JPG,Tomato___Late_blight,Tomato___Late_blight,train,val,8,True
dc5999f33407ea2a8500f3feeabaa030eff8faa8d5c02518914235e5ba92046a,1ee7bdc2ff3c2d3ce48ee5d006f5965ddc380c2ca26114b01ec8dbd280e43928,Tomato___Spider_mites Two-spotted_spider_mite/2cd8d4c9-6eb7-4ed2-808f-df3ae1aedf7a___Com.G_SpM_FL 9621.JPG,Tomato___Spider_mites Two-spotted_spider_mite/95ed6d10-20c2-4b45-9d3e-73b7bea122dc___Com.G_SpM_FL 8423.JPG,Tomato___Spider_mites Two-spotted_spider_mite,Tomato___Spider_mites Two-spotted_spider_mite,train,val,8,True
dc6cef660d3bb2e5b5330d7cb8b04a129247eb9e0b148f39c9e6e8332cb5644a,884b33270e6bd143e22e43b72bc16fa68ee750c547ba0e9f42ffb04fef09d53f,Tomato___Septoria_leaf_spot/c949bf08-d9f7-451c-8a98-4eab25bd6236___Matt.S_CG 6272.JPG,Tomato___Target_Spot/13358e3d-69ae-40e0-9b04-6d3237ffeded___Com.G_TgS_FL 0993.JPG,Tomato___Septoria_leaf_spot,Tomato___Target_Spot,train,train,8,False
dc731da0a2e16a298d1b5e6019a2cba813f34b02ce2055fca398195406ab2ee3,6aae761671c1a0d72f6be9845f14f5cf657e8979c37faf14311aa147d8e11a8e,Tomato___Leaf_Mold/0741bcde-474a-4b81-b6d5-217ab4f7d0e9___Crnl_L.Mold 6660.JPG,Tomato___Spider_mites Two-spotted_spider_mite/53465364-cf45-422d-89f7-fa8fb1ce2bfe___Com.G_SpM_FL 9270.JPG,Tomato___Leaf_Mold,Tomato___Spider_mites Two-spotted_spider_mite,train,train,8,False
dc731da0a2e16a298d1b5e6019a2cba813f34b02ce2055fca398195406ab2ee3,ade2c8e0ddbc496241139e8bb1bc83e7cdd30d8d590d59d8384b10d14f2822ba,Tomato___Leaf_Mold/0741bcde-474a-4b81-b6d5-217ab4f7d0e9___Crnl_L.Mold 6660.JPG,Tomato___Spider_mites Two-spotted_spider_mite/6dff3d85-99fb-4c45-b046-ed003a68b35a___Com.G_SpM_FL 8689.JPG,Tomato___Leaf_Mold,Tomato___Spider_mites Two-spotted_spider_mite,train,train,8,False
dc731da0a2e16a298d1b5e6019a2cba813f34b02ce2055fca398195406ab2ee3,b3a9cdcef0529008b5597a69024d55ff345dbcd03e5ae116427483e2a8c2bf62,Tomato___Leaf_Mold/0741bcde-474a-4b81-b6d5-217ab4f7d0e9___Crnl_L.Mold 6660.JPG,Tomato___Leaf_Mold/10e1a86f-0355-4534-aed8-08c6f01548d4___Crnl_L.Mold 7018.JPG,Tomato___Leaf_Mold,Tomato___Leaf_Mold,train,train,8,False
dcc734fd62c9ca7105f8a50c5a50bf4ea6e68f92b7366ab370a6722f1616cfb2,e753acece63dec89e264d3851e79512fa39061b256e45c16864149612550d10c,Tomato___Target_Spot/44a9131e-6f2a-408d-ab7e-ccd0a935cdcc___Com.G_TgS_FL 9934.JPG,Tomato___Tomato_Yellow_Leaf_Curl_Virus/61ca16d1-d69c-4540-b3ba-52bf53dfbc40___YLCV_GCREC 2921.JPG,Tomato___Target_Spot,Tomato___Tomato_Yellow_Leaf_Curl_Virus,train,val,8,True
dcd077e571caf14c81af4abbf0dfe037d5dfe9bc7f615367416d2e2244a09a59,6eb11ddeeb88c432aa8a05db38596e08726be586cd21e98022fd028c9f86dc80,Tomato___Bacterial_spot/1abfbe87-b6e5-4da0-85e9-13980c67fd03___GCREC_Bact.Sp 3295.JPG,Tomato___Spider_mites Two-spotted_spider_mite/a56182d9-143a-45fc-a1be-946ba0d46935___Com.G_SpM_FL 9550.JPG,Tomato___Bacterial_spot,Tomato___Spider_mites Two-spotted_spider_mite,test,train,8,True
dcd2db9abf96ca0d80918910ebc6bebf8752360fb8a4181a95230c303b5d71e2,0b26d2017a6da767fb6199d89c7f01d5bdc06def83d0dc7e948c131e7c64cc62,Tomato___Septoria_leaf_spot/c5806b61-685f-43a2-a5af-c8c9f086e7ea___Matt.S_CG 1244.JPG,Tomato___Bacterial_spot/a75e41ac-5944-4698-876b-1d0716934982___GCREC_Bact.Sp 5970.JPG,Tomato___Septoria_leaf_spot,Tomato___Bacterial_spot,train,val,8,True
dd107ea647199e5bf1e49e56535e61b3c8a39b705f361784b03f900d1d2fd7c9,85b0cfa80eb00e244c9a352b4cbd2f3af45468948a44f37d2a718545f7d25caa,Tomato___Tomato_Yellow_Leaf_Curl_Virus/042b346a-35b3-4c4c-986c-658f77a2c82c___UF.GRC_YLCV_Lab 01565.JPG,Tomato___Tomato_Yellow_Leaf_Curl_Virus/c5e1e6aa-a532-46fe-8555-bec31fa069f2___UF.GRC_YLCV_Lab 01564.JPG,Tomato___Tomato_Yellow_Leaf_Curl_Virus,Tomato___Tomato_Yellow_Leaf_Curl_Virus,train,train,8,False
dd107ea647199e5bf1e49e56535e61b3c8a39b705f361784b03f900d1d2fd7c9,c0da2833a99ba4a5dc07042aec72889b89a1a2cec9432f930083fa8ff3975fc3,Tomato___Tomato_Yellow_Leaf_Curl_Virus/042b346a-35b3-4c4c-986c-658f77a2c82c___UF.GRC_YLCV_Lab 01565.JPG,Tomato___Tomato_Yellow_Leaf_Curl_Virus/8a71a0ad-8b79-4ad8-9ef7-e18c4f523285___UF.GRC_YLCV_Lab 01560.JPG,Tomato___Tomato_Yellow_Leaf_Curl_Virus,Tomato___Tomato_Yellow_Leaf_Curl_Virus,train,train,8,False
dd2be06e6c673541819c4491d96f5a51de47083b2108fccee9b087799d15ed99,ab4ecae9449c580e73af063139bf07aba6306648666a336b68a2661782c2aed7,Tomato___Bacterial_spot/4f16591e-eb1f-48d5-8271-b0872e140ac1___GCREC_Bact.Sp 6229.JPG,Tomato___Tomato_Yellow_Leaf_Curl_Virus/743d6eb8-a7c4-4632-95f0-8ca346e6de2b___YLCV_GCREC 1975.JPG,Tomato___Bacterial_spot,Tomato___Tomato_Yellow_Leaf_Curl_Virus,test,train,8,True
dd768a818280ca775ce6f9f982b9332900473af1d1233696b0179b3a30497b43,165b5409237a0f44511893b346e16455cd9ba9f0592e454ffdcbde2a4355b7b9,Tomato___Early_blight/5ba2c9ec-1d6f-4870-933d-6c9d05833d47___RS_Erly.B 6337.JPG,Tomato___Leaf_Mold/b8fc0a5c-ffce-488e-ae68-f4a268f8817b___Crnl_L.Mold 9157.JPG,Tomato___Early_blight,Tomato___Leaf_Mold,test,train,8,True
dd768a818280ca775ce6f9f982b9332900473af1d1233696b0179b3a30497b43,86e3a399e53df54e50492708dc6088300ce90ff4e49a00479aa32b9fd76ec80e,Tomato___Early_blight/5ba2c9ec-1d6f-4870-933d-6c9d05833d47___RS_Erly.B 6337.JPG,Tomato___Septoria_leaf_spot/b49c2ffd-6fa4-4ab8-8458-f4cc444c1325___Matt.S_CG 6007.JPG,Tomato___Early_blight,Tomato___Septoria_leaf_spot,test,val,8,True
dd901da0ab1e18c9147f8604fc532660ce58202c125dcbc198c075a9e8cfcf0b,3c16a8b027982bb69ade4d6b2e56498e25d2f2896ad7e855a3c8154025cf91d5,Tomato___Bacterial_spot/5d1f3889-f029-4ebd-834d-9e39d775b070___GCREC_Bact.Sp 5996.JPG,Tomato___Spider_mites Two-spotted_spider_mite/348aec86-49bc-4e2d-8ca7-66545421cc06___Com.G_SpM_FL 1746.JPG,Tomato___Bacterial_spot,Tomato___Spider_mites Two-spotted_spider_mite,train,train,8,False
dd901da0ab1e18c9147f8604fc532660ce58202c125dcbc198c075a9e8cfcf0b,4a3d005850e3706358e876cd0c1452b707e3b2a0a3faf1853b71eab59b27ba86,Tomato___Bacterial_spot/5d1f3889-f029-4ebd-834d-9e39d775b070___GCREC_Bact.Sp 5996.JPG,Tomato___Bacterial_spot/d78cf219-53eb-4269-830d-e1822caa8fdd___GCREC_Bact.Sp 5755.JPG,Tomato___Bacterial_spot,Tomato___Bacterial_spot,train,train,8,False
dd901da0ab1e18c9147f8604fc532660ce58202c125dcbc198c075a9e8cfcf0b,6eb11ddeeb88c432aa8a05db38596e08726be586cd21e98022fd028c9f86dc80,Tomato___Bacterial_spot/5d1f3889-f029-4ebd-834d-9e39d775b070___GCREC_Bact.Sp 5996.JPG,Tomato___Spider_mites Two-spotted_spider_mite/a56182d9-143a-45fc-a1be-946ba0d46935___Com.G_SpM_FL 9550.JPG,Tomato___Bacterial_spot,Tomato___Spider_mites Two-spotted_spider_mite,train,train,8,False
dd901da0ab1e18c9147f8604fc532660ce58202c125dcbc198c075a9e8cfcf0b,799a5ff8c618b952da6556d06a393eab3b1bfab91ad1f091d2be1572bf395709,Tomato___Bacterial_spot/5d1f3889-f029-4ebd-834d-9e39d775b070___GCREC_Bact.Sp 5996.JPG,Tomato___Bacterial_spot/c89a5319-7f76-4e6e-ad4e-808a4af55891___GCREC_Bact.Sp 3210.JPG,Tomato___Bacterial_spot,Tomato___Bacterial_spot,train,train,8,False
ddd19404921f3a471763099b6972dba14d808f46ed95555091ced557ba443ae5,79fa067f9d476efcd5c8029b6c526a816127045626337642a8c0b41c12cdcf00,Tomato___Tomato_Yellow_Leaf_Curl_Virus/053d3504-ce55-4fa1-b0e4-742f3fb86973___UF.GRC_YLCV_Lab 01980.JPG,Tomato___Tomato_Yellow_Leaf_Curl_Virus/f31fb98b-6b12-4620-9827-03a5bf5b2eda___UF.GRC_YLCV_Lab 01988.JPG,Tomato___Tomato_Yellow_Leaf_Curl_Virus,Tomato___Tomato_Yellow_Leaf_Curl_Virus,train,val,8,True
de71f89dbbb4d0df935bba41f07abb601c3ae353de4241b69aa5a786e83f22e7,eacd66681479fc9c3c02be9f51e347388f7baffbaf82a093e0334fdb9aa38e31,Tomato___Bacterial_spot/2c292d57-d2c0-4147-a551-618f1368f72e___GCREC_Bact.Sp 5903.JPG,Tomato___Early_blight/0f12e22b-49a9-4d9a-84bc-76bb86ed2a14___RS_Erly.B 9572.JPG,Tomato___Bacterial_spot,Tomato___Early_blight,train,train,8,False
deb1a34476a33cc0ebd504cf5edfff91628d476460f9551dfa1ba222dd69df73,5f0536b94f41764b381341b3b0491e7a6c3b35a23fe0c4f2af79110dcf5149af,Tomato___Early_blight/25281e43-2651-423f-8e7e-d354185ccd28___RS_Erly.B 7809.JPG,Tomato___Tomato_Yellow_Leaf_Curl_Virus/35b7ed1e-b057-4e10-bb93-bdf41cacf5d9___UF.GRC_YLCV_Lab 02546.JPG,Tomato___Early_blight,Tomato___Tomato_Yellow_Leaf_Curl_Virus,train,train,8,False
decf81212bf0a8415a1293ed727f8f82bd1347640dbe0ae7325eeb93a70f4891,ead2f920a8effb3d4af1cae7fab2d52d87ee28a9cfe2c4e24c3812dc3f6c9d74,Tomato___Late_blight/d55910c3-3530-4bde-94a7-6748f5fadfb4___RS_Late.B 7161.JPG,Tomato___Leaf_Mold/774d3b86-63a3-46a7-9355-9aa512d70e19___Crnl_L.Mold 8914.JPG,Tomato___Late_blight,Tomato___Leaf_Mold,train,val,8,True
df62c8dd4b9740d9862aaa8f5ea6c6362ec3d3d4a594a2bfb3ba1e0ab2390305,963b5212985676dc89952649fe657db53289a96138d2fdd87e197d8d8a8105fa,Tomato___Tomato_Yellow_Leaf_Curl_Virus/ab323376-9f62-4454-b478-7de2bb02ab59___UF.GRC_YLCV_Lab 02286.JPG,Tomato___healthy/c273003c-f52b-4a40-92f5-c1b8e9da53b7___RS_HL 0372.JPG,Tomato___Tomato_Yellow_Leaf_Curl_Virus,Tomato___healthy,train,train,8,False
dfab74e8312662d5a005bac0277eaf795c9d231676b1c589dc4d50340efe9fa3,6fe76820dcfa69a2ad9f6ec3f468e94dd2b3b14d98265abca041e46662c502ac,Tomato___Spider_mites Two-spotted_spider_mite/5475d20a-8571-4b03-a786-0cc0be77c983___Com.G_SpM_FL 1710.JPG,Tomato___Tomato_Yellow_Leaf_Curl_Virus/f9b9a635-2e86-43ba-a8bd-5bfea22e2f51___YLCV_NREC 2249.JPG,Tomato___Spider_mites Two-spotted_spider_mite,Tomato___Tomato_Yellow_Leaf_Curl_Virus,train,train,8,False
dfb7d4b7394ab943b67004534dd9edd86bf0a732df1b832e7595959e27470e86,c386dce7410cfba77b6de4abbfa8046ba88a9ec9aa67c47931c212d04efebac6,Tomato___Spider_mites Two-spotted_spider_mite/548ac4de-ccf8-45b0-bd2e-84d4456427dd___Com.G_SpM_FL 8553.JPG,Tomato___Spider_mites Two-spotted_spider_mite/a0900c57-a463-4412-a3bc-83b413d3eae3___Com.G_SpM_FL 1395.JPG,Tomato___Spider_mites Two-spotted_spider_mite,Tomato___Spider_mites Two-spotted_spider_mite,train,train,8,False
e03be17960f866de48decc6c5479dda26529c671f79e7164c14221c7fa2e114d,c2b67b457bd05c432f4d4cd2f12489b701217848f099a14107b3f72d0cda2f8a,Tomato___Spider_mites Two-spotted_spider_mite/f87dde9f-b0ca-4b96-a065-545d707d72a6___Com.G_SpM_FL 8946.JPG,Tomato___Spider_mites Two-spotted_spider_mite/05a76480-4ffe-476f-a101-fdadd8b3fbcf___Com.G_SpM_FL 9329.JPG,Tomato___Spider_mites Two-spotted_spider_mite,Tomato___Spider_mites Two-spotted_spider_mite,test,train,8,True
e03be17960f866de48decc6c5479dda26529c671f79e7164c14221c7fa2e114d,c950f25c4008d7b6b57e2388abdce7efe7053dce347c2f9138415e5dbe4cd51f,Tomato___Spider_mites Two-spotted_spider_mite/f87dde9f-b0ca-4b96-a065-545d707d72a6___Com.G_SpM_FL 8946.JPG,Tomato___Spider_mites Two-spotted_spider_mite/931bb6c8-e235-440e-978c-7fed1d57926e___Com.G_SpM_FL 8421.JPG,Tomato___Spider_mites Two-spotted_spider_mite,Tomato___Spider_mites Two-spotted_spider_mite,test,train,8,True
e0761e3fe17b42f80d90fe57415fd66a68a909819c8ced89aa9bd75acfa5a1ec,56697093b82509f7bf32c134d409a0e6054fc7e8c93e5d684b4404b0867c7063,Tomato___Septoria_leaf_spot/13d82f96-ac84-4176-abf9-f1fbaac4aabd___Matt.S_CG 0989.JPG,Tomato___Spider_mites Two-spotted_spider_mite/61d5d387-804b-4257-99fe-07d32a205f14___Com.G_SpM_FL 9554.JPG,Tomato___Septoria_leaf_spot,Tomato___Spider_mites Two-spotted_spider_mite,test,train,8,True
e084b71f9c4e4ec436935387651eb5b18e3bbb24f75763b4aa4b9e844dc50963,bd68dedea88aedd24a8a1c7fd82ed113b8e1e8a918d37dad952563cc4bc300f9,Tomato___Tomato_Yellow_Leaf_Curl_Virus/18ff421b-77c2-47fe-b9f9-fb732d86460d___UF.GRC_YLCV_Lab 01836.JPG,Tomato___Tomato_Yellow_Leaf_Curl_Virus/a5cbac4c-3a63-4719-9506-9a5a6effc14f___UF.GRC_YLCV_Lab 01828.JPG,Tomato___Tomato_Yellow_Leaf_Curl_Virus,Tomato___Tomato_Yellow_Leaf_Curl_Virus,test,train,8,True
e0856cba704bf30d454ab9171b9033972889e599ee99437b7e5f40fb100bccd5,e565b191d8798a820ddb6fc7770e81e9b4b4080b79f8888274c8da3a44fbce12,Tomato___Spider_mites Two-spotted_spider_mite/19cc2f74-637b-40be-9b94-615c0e0316c3___Com.G_SpM_FL 1544.JPG,Tomato___Spider_mites Two-spotted_spider_mite/27644d9c-5518-4df3-9391-16bc2cba20f8___Com.G_SpM_FL 1741.JPG,Tomato___Spider_mites Two-spotted_spider_mite,Tomato___Spider_mites Two-spotted_spider_mite,train,train,8,False
e08b1df31e1ee75fa2d77257aaee7d0d9e2fa754bf23769895c1f56b52b4275d,1086e5de2aed40186461212f1039f21e95caddfe92d147c2c966dbf688fd3015,Tomato___Bacterial_spot/b1dd4d7d-40ab-40bc-8246-5dabfac9dbd9___GCREC_Bact.Sp 3488.JPG,Tomato___Septoria_leaf_spot/f67c02ff-c04b-4991-9fdb-b508629f0fea___Matt.S_CG 0862.JPG,Tomato___Bacterial_spot,Tomato___Septoria_leaf_spot,train,train,8,False
e0c3c622f898fcb652973f222637ed7ca6b350c0b89a1dda3f956ac5c7c6ab0e,f8a12d80735e5544b6becae284b1a549461fdca8a53e8af6ec565d4bf90c8fa4,Tomato___Bacterial_spot/822e2ff3-34d5-4634-b82e-2d5cc16c1485___GCREC_Bact.Sp 5990.JPG,Tomato___Tomato_Yellow_Leaf_Curl_Virus/5c1d1466-a04e-4af3-9539-9da31467ddf7___YLCV_GCREC 2055.JPG,Tomato___Bacterial_spot,Tomato___Tomato_Yellow_Leaf_Curl_Virus,train,val,8,True
e119b8d3e61e9c645424671be0eae825dfc4eb507cbee2048a724f29f6c7386a,e2bd3544c0f3088cc835f1a0a2247be838796071e66a766afc4155a535e02283,Tomato___Septoria_leaf_spot/758a564e-79cd-44c3-a43f-822955465692___Matt.S_CG 2601.JPG,Tomato___Target_Spot/841b9730-7ea0-4cae-8735-49f057be9d11___Com.G_TgS_FL 8062.JPG,Tomato___Septoria_leaf_spot,Tomato___Target_Spot,train,train,8,False
e1387cd8e8fa8f783f805b1ad9f4630faa05a8b7e6247991c3f9853822f8049f,73466d35ec56103d01b38c520714ad52e832fa806b19b91496b44734f9a620ff,Tomato___Tomato_Yellow_Leaf_Curl_Virus/754260bb-6fa5-40af-802b-e706b606900c___UF.GRC_YLCV_Lab 01733.JPG,Tomato___Tomato_Yellow_Leaf_Curl_Virus/3a0ed99b-2663-4c3d-b9dd-79fdcae9c5f2___UF.GRC_YLCV_Lab 01731.JPG,Tomato___Tomato_Yellow_Leaf_Curl_Virus,Tomato___Tomato_Yellow_Leaf_Curl_Virus,test,train,8,True
e145aa0183c62a8d6c1c74bcc94153d121c3eb3686edb4c73a1c4ae5b8d2e917,0ed4f9276c747ac9bd624840fec14b62ef1478d551987d2fb9eaaad7b6267a74,Tomato___healthy/8f3da0fb-90a0-4eac-b065-822895c41c54___GH_HL Leaf 265.1.JPG,Tomato___healthy/b212b78d-286a-4eec-b5b2-194ce2511695___GH_HL Leaf 345.1.JPG,Tomato___healthy,Tomato___healthy,train,train,8,False
e145aa0183c62a8d6c1c74bcc94153d121c3eb3686edb4c73a1c4ae5b8d2e917,3c1cba0b8c0adb1c75d17e1df1ddbf972a3cb98a5cd9e4f15ab8559f42c34afb,Tomato___healthy/8f3da0fb-90a0-4eac-b065-822895c41c54___GH_HL Leaf 265.1.JPG,Tomato___healthy/6d2b6ab9-dd43-446a-ae14-0fc3fb12b9ca___GH_HL Leaf 265.2.JPG,Tomato___healthy,Tomato___healthy,train,val,8,True
e15e3eafde8095f109f41a6218dbc35bd8fc336492c2aed8dbb43250a2962d80,4ed2e748b51b9ac8dda57ab501cabbfc01cddd369644702286163d03428e0790,Tomato___Spider_mites Two-spotted_spider_mite/20f78207-e650-4e62-8648-f660f5f1eea9___Com.G_SpM_FL 9340.JPG,Tomato___Spider_mites Two-spotted_spider_mite/ac1d7686-c250-47b4-a16d-046305b99d2a___Com.G_SpM_FL 8725.JPG,Tomato___Spider_mites Two-spotted_spider_mite,Tomato___Spider_mites Two-spotted_spider_mite,train,train,8,False
e15e3eafde8095f109f41a6218dbc35bd8fc336492c2aed8dbb43250a2962d80,d546f573ca18078765cb8d038d46d4afad8b078209d6de757a9730bae0d0abcc,Tomato___Spider_mites Two-spotted_spider_mite/20f78207-e650-4e62-8648-f660f5f1eea9___Com.G_SpM_FL 9340.JPG,Tomato___Target_Spot/742c5518-9886-4d9c-98fd-ec5d18fd0275___Com.G_TgS_FL 8356.JPG,Tomato___Spider_mites Two-spotted_spider_mite,Tomato___Target_Spot,train,train,8,False
e22731d7f21e87aa43b703b1a8cef3cb94e25fd6d4f6f48e071ec161b17794b1,e586ccb12f5a134749a6af84c59b23d338e680af6eabdceaf2b6494888c08018,Tomato___Spider_mites Two-spotted_spider_mite/d64bb364-65c3-401d-b9b9-56fad8fbfdd8___Com.G_SpM_FL 8804.JPG,Tomato___Spider_mites Two-spotted_spider_mite/9a435257-cda9-4204-9f67-cbebf7e4f0f4___Com.G_SpM_FL 1677.JPG,Tomato___Spider_mites Two-spotted_spider_mite,Tomato___Spider_mites Two-spotted_spider_mite,train,val,8,True
e24f57a87dcb0008ec231aea43f1c2ef7262001c4c2095b6e777ecb8918c11e0,14ee18f12bb167de77a7113f76e6ec04c51b22d1bafcb2624cefdee815412090,Tomato___Tomato_Yellow_Leaf_Curl_Virus/538b6523-416b-401b-b739-5b0f88f65b41___YLCV_NREC 0279.JPG,Tomato___Tomato_Yellow_Leaf_Curl_Virus/7447f09a-4155-433a-b7d7-ce8c6fc2cba7___UF.GRC_YLCV_Lab 02093.JPG,Tomato___Tomato_Yellow_Leaf_Curl_Virus,Tomato___Tomato_Yellow_Leaf_Curl_Virus,train,train,8,False
e25ca4c4d1e3deb377255208c69899bbe07e4ab884354d3b16c4ca8f42d79d9e,57ffc53bd16cfa034cdb1c7a732e4c4e2597e41b55d72fb3a84f07d227236caa,Tomato___Spider_mites Two-spotted_spider_mite/dd65aea5-06e3-4e06-b3e0-3466c629c389___Com.G_SpM_FL 9001.JPG,Tomato___Spider_mites Two-spotted_spider_mite/b1405282-b12b-4d98-923a-04e217720c2b___Com.G_SpM_FL 9304.JPG,Tomato___Spider_mites Two-spotted_spider_mite,Tomato___Spider_mites Two-spotted_spider_mite,train,val,8,True
e27521b3c42dc7c596b0129760f28f4d30e06c077145b3c6456a9444f8b5a034,77abe9a37718bf8177d7c89ea1f8d7b17e47205abb7065a595e325cf8da18aab,Tomato___Spider_mites Two-spotted_spider_mite/16d4c4ec-274a-4b5e-bfa3-6a40f90b46da___Com.G_SpM_FL 9465.JPG,Tomato___Spider_mites Two-spotted_spider_mite/c323c312-d6af-4c93-844b-b2ce389a2420___Com.G_SpM_FL 9477.JPG,Tomato___Spider_mites Two-spotted_spider_mite,Tomato___Spider_mites Two-spotted_spider_mite,train,train,8,False
e27521b3c42dc7c596b0129760f28f4d30e06c077145b3c6456a9444f8b5a034,987b1a8b64db73d14656de246be342f3d49e3833c01b202a99e81a41a0e5a4fc,Tomato___Spider_mites Two-spotted_spider_mite/16d4c4ec-274a-4b5e-bfa3-6a40f90b46da___Com.G_SpM_FL 9465.JPG,Tomato___Spider_mites Two-spotted_spider_mite/d56e9013-62c8-4678-95ae-6b9f7e2e16bf___Com.G_SpM_FL 9627.JPG,Tomato___Spider_mites Two-spotted_spider_mite,Tomato___Spider_mites Two-spotted_spider_mite,train,train,8,False
e287e36a2e06c9634699c499b34de214ed6e5ec3620ae60c4bf06889788b4617,59ff1c0e98a824f35cea85894f8ba2da6406334b92a2e21be57613920d32c88e,Tomato___Tomato_Yellow_Leaf_Curl_Virus/8add9891-86bd-4b82-a37c-be8691b0002e___UF.GRC_YLCV_Lab 02230.JPG,Tomato___Tomato_Yellow_Leaf_Curl_Virus/fca5e8cf-1dd1-45c5-aa33-27b303528cd4___UF.GRC_YLCV_Lab 02229.JPG,Tomato___Tomato_Yellow_Leaf_Curl_Virus,Tomato___Tomato_Yellow_Leaf_Curl_Virus,train,val,8,True
e29a24c426c71e594a24e8892517b1c0931d943ad2519d1690180fe0db593e90,2f4be2bd8f0c18e56922649a1eacc6a6768d8783c035e6d526e52a5729d250cc,Tomato___Tomato_Yellow_Leaf_Curl_Virus/1d2c329f-db43-4e47-b3bc-93f84ec812cc___YLCV_NREC 2310.JPG,Tomato___Tomato_Yellow_Leaf_Curl_Virus/ce176fc6-3f70-4549-969c-d2959971009c___YLCV_NREC 2250.JPG,Tomato___Tomato_Yellow_Leaf_Curl_Virus,Tomato___Tomato_Yellow_Leaf_Curl_Virus,train,train,8,False
e2a8e5a293daff045c0981032fdffef1174657b77966cddb57a719378eaf7a42,00d801fdf20083d85825e7eea0b7a805785e6d987a6cc8344b3ab29a9bdf9a9d,Tomato___healthy/47a87555-1411-43a3-85d2-5fb241ec089d___GH_HL Leaf 177.2.JPG,Tomato___healthy/c586e5df-8410-4690-aee8-25e9ef9df9a5___GH_HL Leaf 178.1.JPG,Tomato___healthy,Tomato___healthy,test,val,8,True
e2c3c70e1e93622ae83b334e72fe027f0daef062e448ec877179f058e4a05d9a,49c88c4987d9314991ef9959189785ef1673f8fdea0cdf27de8ce14c8d29f7c7,Tomato___Leaf_Mold/b8a6d929-d111-4484-b533-ff68ed3304ca___Crnl_L.Mold 6592.JPG,Tomato___Leaf_Mold/f8e698ff-5f4d-4735-ae53-1daf38c49d46___Crnl_L.Mold 6536.JPG,Tomato___Leaf_Mold,Tomato___Leaf_Mold,train,train,8,False
e2dab2a1e276c6fb738c9a733761ab13555a48ef430a9c40814673f80f074eb1,b8d97ad5d2bc9cd6ee60b55021e2eb53c71699c8e0dab41654d71603c011223e,Tomato___Tomato_Yellow_Leaf_Curl_Virus/642b0782-39c3-4efc-a5b9-9cf322e63348___YLCV_NREC 2527.JPG,Tomato___Septoria_leaf_spot/e64957e9-bdcc-4d5c-82c1-ce09b1a1aa01___Matt.S_CG 7662.JPG,Tomato___Tomato_Yellow_Leaf_Curl_Virus,Tomato___Septoria_leaf_spot,test,val,8,True
e2fc6f3642b9f8e23579eff4e57473bedd8a524c18dfcd2e34765eded304b358,b0ea9cfab541da7f775f5ae72b58e5bbc106d26a2e2a6c53971de8fcc98a32e2,Tomato___Tomato_Yellow_Leaf_Curl_Virus/3e0f8db3-745c-4c20-958f-0f5f51a481de___UF.GRC_YLCV_Lab 02882.JPG,Tomato___Tomato_Yellow_Leaf_Curl_Virus/d3b4b242-b99c-42aa-8777-ded7b78303a3___UF.GRC_YLCV_Lab 02869.JPG,Tomato___Tomato_Yellow_Leaf_Curl_Virus,Tomato___Tomato_Yellow_Leaf_Curl_Virus,test,train,8,True
e30cc58fd75e929b7a1d53ef53832e0a94e61ed80fed44bc87f38b171d6ec882,044aeb50d25869aaa253dcf68c67f939ac1f41f91522794d5d2416bdcb3f02ce,Tomato___Tomato_Yellow_Leaf_Curl_Virus/3dc23352-0229-4515-a96f-33995fd4bf52___YLCV_GCREC 2599.JPG,Tomato___Tomato_Yellow_Leaf_Curl_Virus/cce35034-8fcf-4997-bfc2-5f004a40305a___YLCV_GCREC 2775.JPG,Tomato___Tomato_Yellow_Leaf_Curl_Virus,Tomato___Tomato_Yellow_Leaf_Curl_Virus,train,train,8,False
e3aad0cdae5e4b5e2b36a5559e3abe680054cbee22775d2261845575aa246f4e,4a1519b2d0c03e4a6306c67703d1794897226adaf7a559369f125f61b37f5f4e,Tomato___Septoria_leaf_spot/17e3282e-f327-4245-95b1-a4fee7b33838___Matt.S_CG 2619.JPG,Tomato___Septoria_leaf_spot/a11dad0c-2ed0-4d57-bd0b-0b19a0d7f17c___Matt.S_CG 2622.JPG,Tomato___Septoria_leaf_spot,Tomato___Septoria_leaf_spot,val,val,8,False
e40bbc51f11963b3dff56443e349b66645d53bb6727879fe38bde13604032163,1264386657cd555b1a643ea879d109fd7c0e5cc12d14a156c7351cc85e632717,Tomato___Tomato_Yellow_Leaf_Curl_Virus/29a24215-3d90-4919-80cc-be0a0093011a___YLCV_GCREC 5244.JPG,Tomato___Tomato_Yellow_Leaf_Curl_Virus/92013c7e-0825-4d27-a3fd-edc723f0c1b1___YLCV_NREC 2908.JPG,Tomato___Tomato_Yellow_Leaf_Curl_Virus,Tomato___Tomato_Yellow_Leaf_Curl_Virus,train,train,8,False
e40bbc51f11963b3dff56443e349b66645d53bb6727879fe38bde13604032163,a424ff6367da03003096ad6fbcbbdd305d6f82cf1970a5a9ddf86fd6a59841cd,Tomato___Tomato_Yellow_Leaf_Curl_Virus/29a24215-3d90-4919-80cc-be0a0093011a___YLCV_GCREC 5244.JPG,Tomato___Spider_mites Two-spotted_spider_mite/85bb0ebc-4b7f-4081-99e8-76f7764ded11___Com.G_SpM_FL 1449.JPG,Tomato___Tomato_Yellow_Leaf_Curl_Virus,Tomato___Spider_mites Two-spotted_spider_mite,train,val,8,True
e439d3dc709a05887e1b450d94eeb6a9eb1f7a666603f8373a859ff461e7b013,2ec26cadd82366eb31ff6fcc975fce550ee54de205b7deb3500e4ecacbf1bd55,Tomato___Spider_mites Two-spotted_spider_mite/4007ccf0-3110-42bb-af17-3bcb34a30575___Com.G_SpM_FL 1320.JPG,Tomato___Spider_mites Two-spotted_spider_mite/900034b9-3cd5-4456-b75b-39e645e25a43___Com.G_SpM_FL 8751.JPG,Tomato___Spider_mites Two-spotted_spider_mite,Tomato___Spider_mites Two-spotted_spider_mite,test,test,8,False
e507b28ed68afe220e4cbba5e446313050ce34300aa581d9c8d2f76a8d5c4120,227ad78ca3684b2cc760db93e1647a9a87373c8e43afb73057fafdbe1314b76c,Tomato___Septoria_leaf_spot/3287491a-0971-4fc4-bbdf-c5f8bd8cb224___JR_Sept.L.S 8508.JPG,Tomato___Spider_mites Two-spotted_spider_mite/618d13ab-5e53-4563-9a11-2c195fe77fcc___Com.G_SpM_FL 9293.JPG,Tomato___Septoria_leaf_spot,Tomato___Spider_mites Two-spotted_spider_mite,test,train,8,True
e50d4ea8fb0bbb25a6b53e9116768d6c9f04c2f8efa75adf0ca97cf045aa15db,49c88c4987d9314991ef9959189785ef1673f8fdea0cdf27de8ce14c8d29f7c7,Tomato___Leaf_Mold/8c42c67d-817e-420b-8b70-92b4a32c46bc___Crnl_L.Mold 6501.JPG,Tomato___Leaf_Mold/f8e698ff-5f4d-4735-ae53-1daf38c49d46___Crnl_L.Mold 6536.JPG,Tomato___Leaf_Mold,Tomato___Leaf_Mold,train,train,8,False
e588be3a07b8b9dd643b4905487b3229baed6b9218552a833a7358b632ee8a60,47f869fbd1ad9d9909051c82768378a46fcb39696540decf2130d2c077cb8776,Tomato___Spider_mites Two-spotted_spider_mite/4bbb48dc-64cb-4777-be6b-2bae6c9c1444___Com.G_SpM_FL 1145.JPG,Tomato___Target_Spot/da0e1f6d-8daa-4ca4-9776-08ce115d3d04___Com.G_TgS_FL 9680.JPG,Tomato___Spider_mites Two-spotted_spider_mite,Tomato___Target_Spot,train,train,8,False
e5afc68f76c98f7497f4b7e999222cc5b73ce29738a530fecc394e3792d98911,3352800f08cc1bda3a9683209f695184c4430641aba03ced99aa919d01a81ff4,Tomato___healthy/5d5b9f07-dd6a-4927-9ca0-92945e9ad8df___GH_HL Leaf 209.1.JPG,Tomato___healthy/ea0a8316-361e-4224-a700-5b86a8b93774___GH_HL Leaf 209.JPG,Tomato___healthy,Tomato___healthy,test,train,8,True
e5cbfaaad8180343f8574c5c95cdba8f8f8438abb4bd2d2dd4880e2b97a968d0,f8a12d80735e5544b6becae284b1a549461fdca8a53e8af6ec565d4bf90c8fa4,Tomato___Spider_mites Two-spotted_spider_mite/df5b37b7-f3aa-4659-85c7-fef204ad110e___Com.G_SpM_FL 1585.JPG,Tomato___Tomato_Yellow_Leaf_Curl_Virus/5c1d1466-a04e-4af3-9539-9da31467ddf7___YLCV_GCREC 2055.JPG,Tomato___Spider_mites Two-spotted_spider_mite,Tomato___Tomato_Yellow_Leaf_Curl_Virus,train,val,8,True
e5e15a38fde206fd57d23403af099ac83155fc1735e5458186d8630519f550ac,ade1e1abf0cdf9c6ffdf9723c36d5263f7021c220b438fa4766ec0474ec3c853,Tomato___Tomato_Yellow_Leaf_Curl_Virus/c011f822-644d-4a1c-a81f-1ed55480a20c___YLCV_NREC 2910.JPG,Tomato___Tomato_Yellow_Leaf_Curl_Virus/2f4c35f6-8130-48e3-bcb6-0e5bd0ac9c86___YLCV_NREC 2550.JPG,Tomato___Tomato_Yellow_Leaf_Curl_Virus,Tomato___Tomato_Yellow_Leaf_Curl_Virus,test,train,8,True
e646d3b7d5efc5ef84b1d624af5f98c2fe148938eea6c4a64a565028ed2595b6,c54ffc0b68c7289627690c59387a7091b4fd962c316a0ee5c3f9007e437a6f98,Tomato___Tomato_Yellow_Leaf_Curl_Virus/7a43c5f0-96e9-4faa-bb02-3e5e85f26a53___UF.GRC_YLCV_Lab 03329.JPG,Tomato___Tomato_Yellow_Leaf_Curl_Virus/9e47681f-6ec2-4f8e-aa01-4196793565e4___UF.GRC_YLCV_Lab 03328.JPG,Tomato___Tomato_Yellow_Leaf_Curl_Virus,Tomato___Tomato_Yellow_Leaf_Curl_Virus,train,train,8,False
e67f0ec3816949adb91990e6e451c70de481b264611d2b24c6ffd05b554dad98,20e0b37c9c387a6d0971bdedcd28e9be98a5b67539ecaac25849d410ca16ac45,Tomato___Bacterial_spot/00416648-be6e-4bd4-bc8d-82f43f8a7240___GCREC_Bact.Sp 3110.JPG,Tomato___Bacterial_spot/4850260f-50f5-4f6a-a0ab-1b5b744bdd13___GCREC_Bact.Sp 3346.JPG,Tomato___Bacterial_spot,Tomato___Bacterial_spot,train,train,8,False
e67f0ec3816949adb91990e6e451c70de481b264611d2b24c6ffd05b554dad98,d342963659929f46060254664d423d104ad7de41aec1fad5ade55ac8d25166ab,Tomato___Bacterial_spot/00416648-be6e-4bd4-bc8d-82f43f8a7240___GCREC_Bact.Sp 3110.JPG,Tomato___Bacterial_spot/58e691ec-b8e5-4845-8de1-4254a7d9f62c___GCREC_Bact.Sp 3450.JPG,Tomato___Bacterial_spot,Tomato___Bacterial_spot,train,train,8,False
e6cb049b1ac870d21bed3962dc1f37b5aaa0daab3ae3e8dc66c43fe51f5d9644,3b6f8fcf4897245dddc9cdf53e3aa98b21121f6f2f0d6c0099e943f9cabd9d83,Tomato___Late_blight/44e96c62-48e6-454c-bab5-c34569deb2a5___RS_Late.B 5162.JPG,Tomato___Septoria_leaf_spot/a18876cb-29aa-414e-8129-6008064a1af5___Matt.S_CG 6423.JPG,Tomato___Late_blight,Tomato___Septoria_leaf_spot,train,train,8,False
e8311d510bcae68087ed6dea565bfff3cc2cbf3241b9df75887f2afd1cbb106b,2132e33753bf0e1920c631ec751b1d5c786d66531c72c8a91959623f30ad0578,Tomato___Tomato_Yellow_Leaf_Curl_Virus/90a7c7fb-f268-4b0d-bb5a-2666c44b2768___YLCV_NREC 2315.JPG,Tomato___Tomato_Yellow_Leaf_Curl_Virus/94e7e9be-2df8-4d15-908b-043a6d76853b___YLCV_GCREC 5174.JPG,Tomato___Tomato_Yellow_Leaf_Curl_Virus,Tomato___Tomato_Yellow_Leaf_Curl_Virus,train,train,8,False
e883198f50cd8201e2b00996f2391faa188bf7ee038b22e1513433fa8ab7e779,723547ed4719d16c5a2adc6247d339ef29e6ea0e0998b0e1d3bb158399ce2de2,Tomato___Early_blight/e7d248e4-a5e5-431f-9061-6383c14d8526___RS_Erly.B 7426.JPG,Tomato___Spider_mites Two-spotted_spider_mite/e5e52f31-6255-4240-bdd6-febca61fd449___Com.G_SpM_FL 9513.JPG,Tomato___Early_blight,Tomato___Spider_mites Two-spotted_spider_mite,test,train,8,True
e8ace9084752966ffb98166ce978818833dde97de4175ec4f084cf8674a2fca3,1cb535e8b9416f671f1081c502b8b9b55e2fe74539c3ea6c56ff2ec32a104d99,Tomato___Septoria_leaf_spot/7d028ea6-331d-42ea-ad79-7a7a0d9149c6___Matt.S_CG 7720.JPG,Tomato___Septoria_leaf_spot/56091676-e2c1-43e7-aeb2-7621b0ce5d8f___Matt.S_CG 6840.JPG,Tomato___Septoria_leaf_spot,Tomato___Septoria_leaf_spot,test,train,8,True
e8cbbacf5854399fa585b52b1f33f37440cd90683174d20a0c592866c47690bf,5d3c1b3f4991b77a13483bd2395c0a93f33b26815e498a83e321af988cb28a89,Tomato___Spider_mites Two-spotted_spider_mite/81ba2ad9-db9d-452e-80bd-54aca04c7ca5___Com.G_SpM_FL 8731.JPG,Tomato___Target_Spot/1840e451-4049-49de-a7ee-9f305e85d3c3___Com.G_TgS_FL 9966.JPG,Tomato___Spider_mites Two-spotted_spider_mite,Tomato___Target_Spot,train,val,8,True
e8cbbacf5854399fa585b52b1f33f37440cd90683174d20a0c592866c47690bf,e40bbc51f11963b3dff56443e349b66645d53bb6727879fe38bde13604032163,Tomato___Spider_mites Two-spotted_spider_mite/81ba2ad9-db9d-452e-80bd-54aca04c7ca5___Com.G_SpM_FL 8731.JPG,Tomato___Tomato_Yellow_Leaf_Curl_Virus/29a24215-3d90-4919-80cc-be0a0093011a___YLCV_GCREC 5244.JPG,Tomato___Spider_mites Two-spotted_spider_mite,Tomato___Tomato_Yellow_Leaf_Curl_Virus,train,train,8,False
e8dc6e01c0b086a9347c1fb796452165ee81e2cd22046aa32c96523cba458f42,c95d2b021a5662332a7633e76c32c689ba4ad49586502cd2a3cfe93367b848d3,Tomato___Leaf_Mold/624b9411-3aef-4d0e-a62a-f7feb5fad021___Crnl_L.Mold 6881.JPG,Tomato___Leaf_Mold/d9c37e93-e99b-4a09-a040-a5d19d75feb9___Crnl_L.Mold 6733.JPG,Tomato___Leaf_Mold,Tomato___Leaf_Mold,train,train,8,False
e8dc6e01c0b086a9347c1fb796452165ee81e2cd22046aa32c96523cba458f42,ead2f920a8effb3d4af1cae7fab2d52d87ee28a9cfe2c4e24c3812dc3f6c9d74,Tomato___Leaf_Mold/624b9411-3aef-4d0e-a62a-f7feb5fad021___Crnl_L.Mold 6881.JPG,Tomato___Leaf_Mold/774d3b86-63a3-46a7-9355-9aa512d70e19___Crnl_L.Mold 8914.JPG,Tomato___Leaf_Mold,Tomato___Leaf_Mold,train,val,8,True
e91236cf9323155881a9c4074a9aaa70749d8e3c441f3a4f9cc47c946b50bd95,a163fb8720d0a23f31dddc8e1fc71b9dcecf62c6bc14541f3cb20b899eae68ea,Tomato___Tomato_Yellow_Leaf_Curl_Virus/59649a92-5837-4892-a904-9276040c59aa___YLCV_NREC 0281.JPG,Tomato___Tomato_Yellow_Leaf_Curl_Virus/fe4a1098-c9b5-4de5-bc01-3a5efdddc028___YLCV_GCREC 5535.JPG,Tomato___Tomato_Yellow_Leaf_Curl_Virus,Tomato___Tomato_Yellow_Leaf_Curl_Virus,train,val,8,True
e91236cf9323155881a9c4074a9aaa70749d8e3c441f3a4f9cc47c946b50bd95,a6cf35cafbb0e075136efa2de54c625f9714998bc75154286e42f3f0b8562651,Tomato___Tomato_Yellow_Leaf_Curl_Virus/59649a92-5837-4892-a904-9276040c59aa___YLCV_NREC 0281.JPG,Tomato___Tomato_Yellow_Leaf_Curl_Virus/e29e518d-b7e4-4203-a815-b74bebc552fe___YLCV_NREC 0190.JPG,Tomato___Tomato_Yellow_Leaf_Curl_Virus,Tomato___Tomato_Yellow_Leaf_Curl_Virus,train,train,8,False
e92f634b98479d07e73fccf4707598bd24c03fbdb21f369c5bcc9bd8c1bd54bd,0326a38f46f4427887358ed7abab901e71d63f8e3e638559ef965dccf766322f,Tomato___Bacterial_spot/8bd2f1ec-3094-479f-9210-f7fba270922d___GCREC_Bact.Sp 6256.JPG,Tomato___Septoria_leaf_spot/267884af-5e80-43e4-bace-0c8d3dd2a23d___Matt.S_CG 6230.JPG,Tomato___Bacterial_spot,Tomato___Septoria_leaf_spot,train,train,8,False
e9451d4b1c19743528bade18b1483c8d958637b6458e64c08a4a45ad7db50f81,a4974761a6e15317e33e96795d8e9d3634fa11bd5225965e99830b4d18745cb5,Tomato___Spider_mites Two-spotted_spider_mite/cba3da7a-cc84-46bc-9df6-e249660653a4___Com.G_SpM_FL 1732.JPG,Tomato___Spider_mites Two-spotted_spider_mite/d9af9077-47e3-428c-bd9e-89e57a2f551b___Com.G_SpM_FL 8859.JPG,Tomato___Spider_mites Two-spotted_spider_mite,Tomato___Spider_mites Two-spotted_spider_mite,train,train,8,False
e9a0b4a3be04a7778f92218c17e16f68ccc29d1046ce370c771934c8f7f46343,796c0d24955bfbf90a2df24a72cf79af700e48f2cfec6e451f000b467392a54e,Tomato___Bacterial_spot/bea52a18-00de-4080-b460-4cf34c3c8688___GCREC_Bact.Sp 3499.JPG,Tomato___Septoria_leaf_spot/42184af4-cb8b-4287-b000-04fa630a167f___Matt.S_CG 2424.JPG,Tomato___Bacterial_spot,Tomato___Septoria_leaf_spot,train,train,8,False
e9a0b4a3be04a7778f92218c17e16f68ccc29d1046ce370c771934c8f7f46343,c46663ce218d22ce0bccb8a81f3a1cddfb49314b07715a54a4aed7ac0077dc19,Tomato___Bacterial_spot/bea52a18-00de-4080-b460-4cf34c3c8688___GCREC_Bact.Sp 3499.JPG,Tomato___Bacterial_spot/dfe2d859-22bd-47f3-82f5-b9ea501ab897___GCREC_Bact.Sp 6331.JPG,Tomato___Bacterial_spot,Tomato___Bacterial_spot,train,train,8,False
e9b2f4974f0853b198b81aab079d3c72895c5b648ccf30e3e21930718ef1e0f6,3995bcae35e2c7f01da701f597d9e859aab058cf319dbfb372a79adea7841618,Tomato___Early_blight/e626a672-48b8-490d-8314-a70ff37153f4___RS_Erly.B 7467.JPG,Tomato___Tomato_mosaic_virus/6ebb483a-d1b6-4d7d-aad1-e717c2a36167___PSU_CG 2286.JPG,Tomato___Early_blight,Tomato___Tomato_mosaic_virus,train,train,8,False
ea12bdff8e9cf3ef948831007c8c2a60b26e9e4774ec015cf8c76c169e50ed98,1e46b54e99c3ef2a143bffca942f0b322c97a86b9e1c52ab060347956e5eb251,Tomato___Septoria_leaf_spot/bd443b6c-56db-4224-a879-d339563800cf___Matt.S_CG 0791.JPG,Tomato___Tomato_Yellow_Leaf_Curl_Virus/1b977d41-3763-42c6-9d9b-e791db254f7e___YLCV_NREC 2716.JPG,Tomato___Septoria_leaf_spot,Tomato___Tomato_Yellow_Leaf_Curl_Virus,train,val,8,True
ea195dd2ed87b0962e85a8cf3385ba9c9b74b08008778199e43494aa30bb56c4,c64ba57b41dcc370714b4c493a1292eab7fb4e562deec8063d791b3d70af9964,Tomato___Bacterial_spot/777d71b0-d3ec-4eb1-a141-b3bf9df3e515___GCREC_Bact.Sp 3111.JPG,Tomato___Tomato_Yellow_Leaf_Curl_Virus/d66d011d-3b9e-4d97-8a5a-71b0eaec71b8___YLCV_GCREC 2523.JPG,Tomato___Bacterial_spot,Tomato___Tomato_Yellow_Leaf_Curl_Virus,train,val,8,True
ea2cbb65b213c41fa1a8107f56e83da1f1ec64c093b22c0920763ea8034be831,a868823f118f9e13e7d3bceb41d2b2b0682edcb58a2aaba9aac780573b9baf90,Tomato___Tomato_Yellow_Leaf_Curl_Virus/550bd2dd-2f97-4382-9388-fde3c487d0fc___YLCV_GCREC 2386.JPG,Tomato___Spider_mites Two-spotted_spider_mite/f8450125-610c-4bb2-a6e5-0772951312ca___Com.G_SpM_FL 9489.JPG,Tomato___Tomato_Yellow_Leaf_Curl_Virus,Tomato___Spider_mites Two-spotted_spider_mite,train,val,8,True
ea33934b589d1707ad00c463d8ce8d4c03ea295780ab897211ba6643843c569d,11007aaba90e588473e3a8c8830f8c7b9402f39616f555c952c8f62adccf60e1,Tomato___Spider_mites Two-spotted_spider_mite/7c41b687-8858-4f41-985c-9318ae538bb5___Com.G_SpM_FL 9284.JPG,Tomato___Target_Spot/1ea4741f-c01c-486e-a4b4-c77bce536f95___Com.G_TgS_FL 9821.JPG,Tomato___Spider_mites Two-spotted_spider_mite,Tomato___Target_Spot,train,val,8,True
ea33934b589d1707ad00c463d8ce8d4c03ea295780ab897211ba6643843c569d,236dfde3bb3d2a7171dc80018e7341ad683654e6f0bfe2778728ccab87b96cc3,Tomato___Spider_mites Two-spotted_spider_mite/7c41b687-8858-4f41-985c-9318ae538bb5___Com.G_SpM_FL 9284.JPG,Tomato___Tomato_Yellow_Leaf_Curl_Virus/541ea831-f885-4526-892b-5aefe0cd4223___YLCV_NREC 2002.JPG,Tomato___Spider_mites Two-spotted_spider_mite,Tomato___Tomato_Yellow_Leaf_Curl_Virus,train,train,8,False
ea33934b589d1707ad00c463d8ce8d4c03ea295780ab897211ba6643843c569d,697794b82a11d2b67fddd5f6a091d5ce5911d8742f145455cd50e0bf78cddf37,Tomato___Spider_mites Two-spotted_spider_mite/7c41b687-8858-4f41-985c-9318ae538bb5___Com.G_SpM_FL 9284.JPG,Tomato___Spider_mites Two-spotted_spider_mite/c23f7713-d301-4952-852e-dad07536aace___Com.G_SpM_FL 1764.JPG,Tomato___Spider_mites Two-spotted_spider_mite,Tomato___Spider_mites Two-spotted_spider_mite,train,train,8,False
ea33934b589d1707ad00c463d8ce8d4c03ea295780ab897211ba6643843c569d,994b8f64b8680c937d46ec38d7924192b8d5e4af6eafb0769a83a2ea4a27429c,Tomato___Spider_mites Two-spotted_spider_mite/7c41b687-8858-4f41-985c-9318ae538bb5___Com.G_SpM_FL 9284.JPG,Tomato___Target_Spot/0044d10f-7062-4655-8abd-9fffc5b2f152___Com.G_TgS_FL 7908.JPG,Tomato___Spider_mites Two-spotted_spider_mite,Tomato___Target_Spot,train,val,8,True
ea33934b589d1707ad00c463d8ce8d4c03ea295780ab897211ba6643843c569d,cdfa0ccd045e7b6af782f91e5000383e09f56f18054e7d2d1cb59b19f7e9ca21,Tomato___Spider_mites Two-spotted_spider_mite/7c41b687-8858-4f41-985c-9318ae538bb5___Com.G_SpM_FL 9284.JPG,Tomato___Tomato_Yellow_Leaf_Curl_Virus/f6bfc52d-f4c7-410b-a867-04691d15df30___YLCV_NREC 2595.JPG,Tomato___Spider_mites Two-spotted_spider_mite,Tomato___Tomato_Yellow_Leaf_Curl_Virus,train,train,8,False
ea71062e4861496b414e3a414f48ba8a9ce521fc8309ba3ba1ae1db4942b7955,0a1f99c5b844a32ce53513ec8fc085571c14b872772a636bac35a3c75c9846cb,Tomato___Bacterial_spot/a9045c2f-df74-4d31-8e2f-f3ce3d6753e2___GCREC_Bact.Sp 3026.JPG,Tomato___Target_Spot/6d8550bb-b43d-4e66-a5fc-f320110ad625___Com.G_TgS_FL 9905.JPG,Tomato___Bacterial_spot,Tomato___Target_Spot,train,val,8,True
ea71062e4861496b414e3a414f48ba8a9ce521fc8309ba3ba1ae1db4942b7955,0c8aba5d8918d33203d34971f3370308010406b6e517a4c86a223341a7e06cf3,Tomato___Bacterial_spot/a9045c2f-df74-4d31-8e2f-f3ce3d6753e2___GCREC_Bact.Sp 3026.JPG,Tomato___Septoria_leaf_spot/57628952-daac-46fc-950e-f57e3b418703___Matt.S_CG 7653.JPG,Tomato___Bacterial_spot,Tomato___Septoria_leaf_spot,train,train,8,False
eaa9cdf25c648f4d0081d8f8b5949c5921a9866cd69c68bf9d23347e045f43e0,f7d14b3130519ea521e8a276bf0c938933c65612958e5befe72c2fa48e5daf02,Tomato___Spider_mites Two-spotted_spider_mite/27074def-852f-45c0-8a45-006f8f7108c3___Com.G_SpM_FL 9633.JPG,Tomato___Spider_mites Two-spotted_spider_mite/2db25538-8655-4530-95e8-025d428e158c___Com.G_SpM_FL 9522.JPG,Tomato___Spider_mites Two-spotted_spider_mite,Tomato___Spider_mites Two-spotted_spider_mite,train,train,8,False
eb7f6c2e20ad3bff90e01633e9cc231ac9ca963351f87f6aae13e512156abf03,24642a276241c0898afe1693282ea7c13a9ecad2cad1e3b5faa6cd90d5c26fbc,Tomato___healthy/0cfee8b1-5de4-4118-9e25-f9c37bb6f17e___GH_HL Leaf 252.JPG,Tomato___healthy/5ecf00da-161c-4e2f-a525-b9223adce0b6___GH_HL Leaf 252.1.JPG,Tomato___healthy,Tomato___healthy,test,train,8,True
ec3840d69efd7f2378167bebedb1705c0a3da84bbacc2411f8eba54fbf1ffb7a,7ca7fbbdcfab38b5722557e7846e6c270ea84c4a9c5c6249bfceed87663d61e5,Tomato___Spider_mites Two-spotted_spider_mite/83a27731-ec0a-4741-873a-a71aea0809bb___Com.G_SpM_FL 8523.JPG,Tomato___Spider_mites Two-spotted_spider_mite/246bf675-01a0-4da1-90ab-a1b44d3768dd___Com.G_SpM_FL 8635.JPG,Tomato___Spider_mites Two-spotted_spider_mite,Tomato___Spider_mites Two-spotted_spider_mite,test,train,8,True
ec3840d69efd7f2378167bebedb1705c0a3da84bbacc2411f8eba54fbf1ffb7a,826742bb1e58d87515780640b637207fb97ecdfb6d09a2ac495dc2f69af776cd,Tomato___Spider_mites Two-spotted_spider_mite/83a27731-ec0a-4741-873a-a71aea0809bb___Com.G_SpM_FL 8523.JPG,Tomato___Tomato_Yellow_Leaf_Curl_Virus/1874ab4f-3257-49d0-83ca-170c25ad7a33___UF.GRC_YLCV_Lab 01323.JPG,Tomato___Spider_mites Two-spotted_spider_mite,Tomato___Tomato_Yellow_Leaf_Curl_Virus,test,val,8,True
ec3840d69efd7f2378167bebedb1705c0a3da84bbacc2411f8eba54fbf1ffb7a,ab7336c5398cb6013094cfa45d580be219660a643a86ae9c6c23ba27e4255d97,Tomato___Spider_mites Two-spotted_spider_mite/83a27731-ec0a-4741-873a-a71aea0809bb___Com.G_SpM_FL 8523.JPG,Tomato___Spider_mites Two-spotted_spider_mite/3237c6fb-59b2-404a-8cbc-81f5e61304d0___Com.G_SpM_FL 8611.JPG,Tomato___Spider_mites Two-spotted_spider_mite,Tomato___Spider_mites Two-spotted_spider_mite,test,train,8,True
ec653f5249cdf74590fd7cde419cd87e55b9440408c4b2d89665b6b152d07ec9,4929e0a4d25144033b85f60f3ab6abb789d9f7701985cd8459db54efedfe537e,Tomato___Bacterial_spot/3ff6609e-918b-4642-8798-10ed02b1d36d___GCREC_Bact.Sp 6050.JPG,Tomato___Bacterial_spot/ea5451fc-7d10-4a88-8193-cbbdb1f8f748___GCREC_Bact.Sp 3785.JPG,Tomato___Bacterial_spot,Tomato___Bacterial_spot,train,train,8,False
ec764e2bc8b518dfdbbb23d37c202324c01af8f4440042fe14d8bd7cace8823b,5b674735e87317285a1bc897a0d2267e3948054d6900b5e0b4e540cd3972d8fb,Tomato___Tomato_Yellow_Leaf_Curl_Virus/6d470104-7ab3-4106-b4b4-a9713932e86a___YLCV_GCREC 5376.JPG,Tomato___Tomato_Yellow_Leaf_Curl_Virus/742c464c-c3a4-469f-82dd-6c4be227c6b2___YLCV_GCREC 5225.JPG,Tomato___Tomato_Yellow_Leaf_Curl_Virus,Tomato___Tomato_Yellow_Leaf_Curl_Virus,train,train,8,False
ecab306f417864be79060c15633e671e9ed8427284b47d8bada9cb756711a551,bb4b6e58f288e25064998e74ccdfdb31751da32d7adeb0013fe5ca1301dd6d08,Tomato___Leaf_Mold/4e75a29c-0f14-4746-9d52-87d7f6c20b20___Crnl_L.Mold 6734.JPG,Tomato___Leaf_Mold/c259c11b-b958-4179-b09f-47e69419941a___Crnl_L.Mold 6803.JPG,Tomato___Leaf_Mold,Tomato___Leaf_Mold,train,train,8,False
ecbaf489ebbbdab8459b89e1104fa32026d4bfe1c1cd6d28bdd742f24afbdc4f,57b887a82da73fc0808f873eedbdaea3b9730541410705b4397bbf1819216f23,Tomato___Septoria_leaf_spot/3b746726-44a4-450e-b8e7-1bf33d5d8d4b___Matt.S_CG 7852.JPG,Tomato___Septoria_leaf_spot/f41bad8b-ee8f-4f11-91fb-cfd485121c67___JR_Sept.L.S 8476.JPG,Tomato___Septoria_leaf_spot,Tomato___Septoria_leaf_spot,train,train,8,False
ecc91685e880b8179cdc6d76f10ca32e8af7d348661943832feef8b51cb9bdb4,a8315c715fd070b73d213cfeaf7820d31facb9c0feec7223b35967ce0a8ba641,Tomato___Bacterial_spot/1371d8ed-b95f-4dd0-834c-9f3a944ca8dd___GCREC_Bact.Sp 3463.JPG,Tomato___Septoria_leaf_spot/15c00319-bd7f-45ef-9142-9295a62d701b___Matt.S_CG 0769.JPG,Tomato___Bacterial_spot,Tomato___Septoria_leaf_spot,test,train,8,True
ece0fdce4536360e5eab54e03522d4e70bdbe1ddaae372c87d9f79dbd6f09674,295dbb25339ca599cbbf6b5741878c62662b37da150d401f4a04f19c24835263,Tomato___Bacterial_spot/90242b8c-be8b-4d1e-b1f2-c593082f5286___GCREC_Bact.Sp 5804.JPG,Tomato___Septoria_leaf_spot/fab1ca61-1ab4-4e27-9c15-a48eeacd2959___JR_Sept.L.S 2617.JPG,Tomato___Bacterial_spot,Tomato___Septoria_leaf_spot,train,train,8,False
ece0fdce4536360e5eab54e03522d4e70bdbe1ddaae372c87d9f79dbd6f09674,363d8ddfdccf1935f85f8c2642b5963d81f4ecb7de8d3e10e7b68bde22b2c094,Tomato___Bacterial_spot/90242b8c-be8b-4d1e-b1f2-c593082f5286___GCREC_Bact.Sp 5804.JPG,Tomato___Bacterial_spot/a19a6fda-96bc-4ae1-821e-765518e86d00___GCREC_Bact.Sp 5844.JPG,Tomato___Bacterial_spot,Tomato___Bacterial_spot,train,train,8,False
ece0fdce4536360e5eab54e03522d4e70bdbe1ddaae372c87d9f79dbd6f09674,497978e94529774f9b800dbc10b8ec3e494ac61f4fda4f04be002b1445aff2ad,Tomato___Bacterial_spot/90242b8c-be8b-4d1e-b1f2-c593082f5286___GCREC_Bact.Sp 5804.JPG,Tomato___Early_blight/ad898210-9539-4fe4-abf0-a568b57ff205___RS_Erly.B 6336.JPG,Tomato___Bacterial_spot,Tomato___Early_blight,train,train,8,False
ece4ae3f02afa3ea05fba0abf3679a0b1a79a4a4abe4264892dc0b071b739489,044aeb50d25869aaa253dcf68c67f939ac1f41f91522794d5d2416bdcb3f02ce,Tomato___Septoria_leaf_spot/fb69b46d-32bd-4d11-a60f-7eec788523c2___Matt.S_CG 6278.JPG,Tomato___Tomato_Yellow_Leaf_Curl_Virus/cce35034-8fcf-4997-bfc2-5f004a40305a___YLCV_GCREC 2775.JPG,Tomato___Septoria_leaf_spot,Tomato___Tomato_Yellow_Leaf_Curl_Virus,train,train,8,False
ece4ae3f02afa3ea05fba0abf3679a0b1a79a4a4abe4264892dc0b071b739489,4c34e82e2f8f81a923fd9677ad91eaa4ad9772f7afde5015cf85403d4fa39be6,Tomato___Septoria_leaf_spot/fb69b46d-32bd-4d11-a60f-7eec788523c2___Matt.S_CG 6278.JPG,Tomato___Bacterial_spot/31549f17-8b3c-4a16-9775-d3c50db39fb8___GCREC_Bact.Sp 5968.JPG,Tomato___Septoria_leaf_spot,Tomato___Bacterial_spot,train,val,8,True
edb8064b3dca6c89893ab341dedb17ed9fe7488a47b76125ed0f0cf016b476e8,7207a45a29550cfe4d20cc3255a98b061d4666138ce74d13f5ec2ad4f5c1efa4,Tomato___Bacterial_spot/947b3e00-f128-48a1-b130-8170ef1d7ece___GCREC_Bact.Sp 3409.JPG,Tomato___Early_blight/8a13da5b-4bc2-485a-962d-df8c6634ea00___RS_Erly.B 7519.JPG,Tomato___Bacterial_spot,Tomato___Early_blight,train,train,8,False
edb8064b3dca6c89893ab341dedb17ed9fe7488a47b76125ed0f0cf016b476e8,73e62a8d876cf146697683cc4ba2cc5e29b3849085d1f5815616b600068a657c,Tomato___Bacterial_spot/947b3e00-f128-48a1-b130-8170ef1d7ece___GCREC_Bact.Sp 3409.JPG,Tomato___Tomato_Yellow_Leaf_Curl_Virus/1c3779b9-cb13-43b0-9a4a-01f96e7d039f___YLCV_GCREC 2545.JPG,Tomato___Bacterial_spot,Tomato___Tomato_Yellow_Leaf_Curl_Virus,train,train,8,False
edb8064b3dca6c89893ab341dedb17ed9fe7488a47b76125ed0f0cf016b476e8,cb8e0c94ee5b4eaf3e24481827ba4cad734018ecf9cf16333c646f8e40969a50,Tomato___Bacterial_spot/947b3e00-f128-48a1-b130-8170ef1d7ece___GCREC_Bact.Sp 3409.JPG,Tomato___Bacterial_spot/d3fddfab-b65c-43e2-bceb-e72ce73f33eb___GCREC_Bact.Sp 3810.JPG,Tomato___Bacterial_spot,Tomato___Bacterial_spot,train,train,8,False
edb8064b3dca6c89893ab341dedb17ed9fe7488a47b76125ed0f0cf016b476e8,d634ce2aa7f894dd9506e74cf0df9d318db4663fa76be8ed7e07dd5df157e0a7,Tomato___Bacterial_spot/947b3e00-f128-48a1-b130-8170ef1d7ece___GCREC_Bact.Sp 3409.JPG,Tomato___Bacterial_spot/f26ada25-77e0-4439-9cdc-b833b57e1053___GCREC_Bact.Sp 5978.JPG,Tomato___Bacterial_spot,Tomato___Bacterial_spot,train,train,8,False
edb8064b3dca6c89893ab341dedb17ed9fe7488a47b76125ed0f0cf016b476e8,d8dbd123c85e7c8473be21f2c5486b2b9303b6497572451784f1b589064f79eb,Tomato___Bacterial_spot/947b3e00-f128-48a1-b130-8170ef1d7ece___GCREC_Bact.Sp 3409.JPG,Tomato___Bacterial_spot/e39108c9-61e6-405a-bad1-84f0d1fbb25b___GCREC_Bact.Sp 5915.JPG,Tomato___Bacterial_spot,Tomato___Bacterial_spot,train,train,8,False
edb8064b3dca6c89893ab341dedb17ed9fe7488a47b76125ed0f0cf016b476e8,eae8caaeb4513fff7943feb1535f974e79c96c61d7ac4fcc6c3218ad3a4aa48b,Tomato___Bacterial_spot/947b3e00-f128-48a1-b130-8170ef1d7ece___GCREC_Bact.Sp 3409.JPG,Tomato___Septoria_leaf_spot/b12f3967-aa7e-4c0a-bb81-9b96a3e6587d___Matt.S_CG 1249.JPG,Tomato___Bacterial_spot,Tomato___Septoria_leaf_spot,train,train,8,False
edbb3102553f17b81f713d79d64e434539775ef36fa5530b7e784ea333411aed,1a3fe5cfc31ca8ff9085d706f8bea25a651912743c1077848e0dfdea8f200d0f,Tomato___Bacterial_spot/268422eb-2e4a-433b-bad2-d5e63a5e765d___GCREC_Bact.Sp 3466.JPG,Tomato___Tomato_Yellow_Leaf_Curl_Virus/e2127684-aa48-4a4b-b569-1685a39ba5a3___YLCV_GCREC 2486.JPG,Tomato___Bacterial_spot,Tomato___Tomato_Yellow_Leaf_Curl_Virus,train,train,8,False
edc60c332a5c0c40daa30b821e40148990d2a6aafd09cbe09f503af20e73fc83,7a7323940b97f8e36f80aa68046d71064dfd59fd1dced466bfeda4483c542a6b,Tomato___Bacterial_spot/b2045ca9-7594-4ff9-a2ae-4faef86160ba___GCREC_Bact.Sp 5816.JPG,Tomato___Septoria_leaf_spot/0a76257e-6a78-459b-8f51-a266805121eb___Matt.S_CG 2527.JPG,Tomato___Bacterial_spot,Tomato___Septoria_leaf_spot,train,train,8,False
edea03f551b7b77d8b356fd4704739524c4d6085b80bc39b1f0143b5f914f7b1,9420cc1bab3684a9b021fd83d95d957b34a4f55c97c336dddb4825ec1e60ba6d,Tomato___Bacterial_spot/55b8b2b8-0967-441a-9524-9c4cdfe6db46___GCREC_Bact.Sp 3075.JPG,Tomato___Spider_mites Two-spotted_spider_mite/45d0aca4-ce49-43cb-af35-99ac8d283930___Com.G_SpM_FL 1459.JPG,Tomato___Bacterial_spot,Tomato___Spider_mites Two-spotted_spider_mite,train,val,8,True
ee17f19e549a56138ca4600a33fb032a6910b7eb7052d1c27f68b8af87946b2d,23a2d7f896507ea957697ad3c8158ff20da474262973f2b2859f9afdd2e0f8b7,Tomato___Tomato_Yellow_Leaf_Curl_Virus/a8c0e9db-2bdb-4b1c-8a94-523adbd55c40___YLCV_NREC 2027.JPG,Tomato___Spider_mites Two-spotted_spider_mite/c71fc38e-d2af-4178-b642-929e321f6072___Com.G_SpM_FL 9372.JPG,Tomato___Tomato_Yellow_Leaf_Curl_Virus,Tomato___Spider_mites Two-spotted_spider_mite,test,train,8,True
ee19854ee8dcc0153370575723c10ce6c29fa6b5e47a4829433cb1ee848eb4e4,fa8bcfa8360264a5348f8911160195473291a804ec9d291fa22b84bda07348ca,Tomato___Spider_mites Two-spotted_spider_mite/93c5643b-517d-46d1-ade3-e321b8206b88___Com.G_SpM_FL 9343.JPG,Tomato___Spider_mites Two-spotted_spider_mite/1e0e0b1b-bc70-486b-9d85-f6e3ca348516___Com.G_SpM_FL 1285.JPG,Tomato___Spider_mites Two-spotted_spider_mite,Tomato___Spider_mites Two-spotted_spider_mite,train,val,8,True
ee280033db998bafea2ac6d4bc068f9e690a864f5b9a9fcedef1f294c8906420,b2d2e40abcca73ef11da1d3edd11dde69a505671e6a2d791d12d1ad795c59310,Tomato___Bacterial_spot/e2286f6d-1e30-4528-ab51-84c18a16b7e1___GCREC_Bact.Sp 3503.JPG,Tomato___Bacterial_spot/f8612abc-7408-451f-b6b8-89561d679bd0___GCREC_Bact.Sp 2997.JPG,Tomato___Bacterial_spot,Tomato___Bacterial_spot,train,train,8,False
ee67de053e435c3d06f582635f83bb720201346deaa37b27789ef2c2942d3970,5b70a8f1f5749d82671b25a0fbaa4fbcbb5560fd39c65aee2316ded1363732e8,Tomato___Bacterial_spot/26768a91-4aca-41a4-ad88-1b791c2312dc___GCREC_Bact.Sp 5669.JPG,Tomato___Bacterial_spot/4f06a857-13bc-44c1-87fb-c3ccdaeeaacb___GCREC_Bact.Sp 5965.JPG,Tomato___Bacterial_spot,Tomato___Bacterial_spot,train,val,8,True
ee67de053e435c3d06f582635f83bb720201346deaa37b27789ef2c2942d3970,d87d02fd05cdaec98608b9d0c9c4472595ea808861ed907d3a4c39cf5e887b79,Tomato___Bacterial_spot/26768a91-4aca-41a4-ad88-1b791c2312dc___GCREC_Bact.Sp 5669.JPG,Tomato___Bacterial_spot/e87962ec-4dae-4c6c-8233-620e40acf137___GCREC_Bact.Sp 3160.JPG,Tomato___Bacterial_spot,Tomato___Bacterial_spot,train,val,8,True
ee8975e8e35a0b774dea28b36e739b6230a57774868c0df49fd579c1b691a274,7ec75a4af274d18507580821e6c4e6e20e2cff7b04d2b229b0bf163ea8b6f7f3,Tomato___Leaf_Mold/974bc246-0ab0-4a54-95c8-dd0b557f676b___Crnl_L.Mold 7059.JPG,Tomato___Septoria_leaf_spot/f67d781b-72a1-4e74-9a0b-770bf4b03882___Keller.St_CG 1944.JPG,Tomato___Leaf_Mold,Tomato___Septoria_leaf_spot,train,train,8,False
eee361ff681e4bc463078e5f37bacc051d5f00fb4a1074e6f71c73ad7d59a39f,7416ec3f9404dc320ad07da6bfce13bf33b31eb506031223aa39a31162878a37,Tomato___Tomato_Yellow_Leaf_Curl_Virus/c4a77d68-b50c-4807-bb49-59fce5170493___UF.GRC_YLCV_Lab 02452.JPG,Tomato___Tomato_Yellow_Leaf_Curl_Virus/a27532e0-f5fe-489f-85a5-b48d53f14cb8___UF.GRC_YLCV_Lab 02451.JPG,Tomato___Tomato_Yellow_Leaf_Curl_Virus,Tomato___Tomato_Yellow_Leaf_Curl_Virus,test,train,8,True
eee361ff681e4bc463078e5f37bacc051d5f00fb4a1074e6f71c73ad7d59a39f,ac371c01d883f959ecc069ca2ddb322f3ec701633622d5f742509d01db54c38c,Tomato___Tomato_Yellow_Leaf_Curl_Virus/c4a77d68-b50c-4807-bb49-59fce5170493___UF.GRC_YLCV_Lab 02452.JPG,Tomato___Tomato_Yellow_Leaf_Curl_Virus/b7b2732c-4481-4cbf-8dd0-8256642baf51___UF.GRC_YLCV_Lab 02455.JPG,Tomato___Tomato_Yellow_Leaf_Curl_Virus,Tomato___Tomato_Yellow_Leaf_Curl_Virus,test,train,8,True
eeef1171cf193092d40270d2136c0ab7798d72f574b16b266e3bc8a9d90c63ac,762c775c257e8576b92c68d9ae7ae9b11847639cbcf75b2cb992e1726458e2e0,Tomato___Bacterial_spot/6cf1c4d7-d99f-4f70-a003-37054e9f617a___GCREC_Bact.Sp 3417.JPG,Tomato___Bacterial_spot/e4404de4-7958-4e77-a7ed-664dd0d7f2c9___GCREC_Bact.Sp 5906.JPG,Tomato___Bacterial_spot,Tomato___Bacterial_spot,test,test,8,False
eef9363fee01e18b820294fdd478d68f50cf5ca0a1d04a44efc9002eee69773e,ffa64e418e4ab490bdb1fc67b9ef13bb243c3c3e788b83647d5a670f5ba23949,Tomato___Septoria_leaf_spot/3ed40b55-9410-41c7-91cd-1e2f771d5888___Matt.S_CG 7723.JPG,Tomato___healthy/3ca6e178-acee-4463-9d9f-aa1636eb9df6___RS_HL 0306.JPG,Tomato___Septoria_leaf_spot,Tomato___healthy,train,train,8,False
ef95aa58b1cac001b2a0e3db867f7a873267ad813cc092aab64ddc26c993a544,1fee6ca1dbef805e9e01cde2d52b4a4b3ed07fef926ef80b6115615e8fdfd33f,Tomato___Spider_mites Two-spotted_spider_mite/628a9d6d-982d-4424-9a7d-e8e0219818fe___Com.G_SpM_FL 9321.JPG,Tomato___Spider_mites Two-spotted_spider_mite/be731b6f-179f-436f-93eb-851f833575a9___Com.G_SpM_FL 1291.JPG,Tomato___Spider_mites Two-spotted_spider_mite,Tomato___Spider_mites Two-spotted_spider_mite,train,train,8,False
ef95aa58b1cac001b2a0e3db867f7a873267ad813cc092aab64ddc26c993a544,93b7c95efdb9bababb5aca7728b4e7b31527694979e08d1a7d53bf2c7cae6bb8,Tomato___Spider_mites Two-spotted_spider_mite/628a9d6d-982d-4424-9a7d-e8e0219818fe___Com.G_SpM_FL 9321.JPG,Tomato___Spider_mites Two-spotted_spider_mite/d60456fc-4596-45b6-97bf-ea1c5855297e___Com.G_SpM_FL 9555.JPG,Tomato___Spider_mites Two-spotted_spider_mite,Tomato___Spider_mites Two-spotted_spider_mite,train,val,8,True
ef95aa58b1cac001b2a0e3db867f7a873267ad813cc092aab64ddc26c993a544,a1178f20d67b653083a8df426faa78524996401bc8dd68973c2c059252ed5c9d,Tomato___Spider_mites Two-spotted_spider_mite/628a9d6d-982d-4424-9a7d-e8e0219818fe___Com.G_SpM_FL 9321.JPG,Tomato___Spider_mites Two-spotted_spider_mite/8d0dffc7-aecb-4583-b3a3-1027fb4fd3d1___Com.G_SpM_FL 9567.JPG,Tomato___Spider_mites Two-spotted_spider_mite,Tomato___Spider_mites Two-spotted_spider_mite,train,val,8,True
ef95aa58b1cac001b2a0e3db867f7a873267ad813cc092aab64ddc26c993a544,f3982c9356bdcc468078b422ed4b10beae641cb6ee30c1c0f066241c4346b20f,Tomato___Spider_mites Two-spotted_spider_mite/628a9d6d-982d-4424-9a7d-e8e0219818fe___Com.G_SpM_FL 9321.JPG,Tomato___Spider_mites Two-spotted_spider_mite/75c39e92-9f7a-4266-b6bb-56bb3cd48dcb___Com.G_SpM_FL 9523.JPG,Tomato___Spider_mites Two-spotted_spider_mite,Tomato___Spider_mites Two-spotted_spider_mite,train,train,8,False
efb0b7965b94242d703334c533571aacb6b0ae2084303889f6ae9149c6b962ac,c156bfa37cfa51874f51100306dfc084a24e7dea41ccc658216ff041f649c099,Tomato___Tomato_Yellow_Leaf_Curl_Virus/ac593008-ed4e-496f-8785-6712cb39a858___YLCV_GCREC 2454.JPG,Tomato___Target_Spot/ae5e390c-1682-4e71-bb08-ce60b694dd8d___Com.G_TgS_FL 9725.JPG,Tomato___Tomato_Yellow_Leaf_Curl_Virus,Tomato___Target_Spot,train,val,8,True
f02503c98933152d175bf98323d6778c760631d207884c68ca7341d1b60da6e2,e2c3c70e1e93622ae83b334e72fe027f0daef062e448ec877179f058e4a05d9a,Tomato___Leaf_Mold/273b19fa-2701-4679-a994-8a37040ac343___Crnl_L.Mold 6577.JPG,Tomato___Leaf_Mold/b8a6d929-d111-4484-b533-ff68ed3304ca___Crnl_L.Mold 6592.JPG,Tomato___Leaf_Mold,Tomato___Leaf_Mold,test,train,8,True
f0726b3fdfb8cc579fb9c8432ab58343e95cdbc9e694f508fdc814fdfae8d217,57ba1f9d23a603435e962e9fa4dc60ab48bd1fc886c35aa43aa9766f607cab73,Tomato___Tomato_Yellow_Leaf_Curl_Virus/4f5f7643-a0aa-4dc4-ae00-a17097e949e9___UF.GRC_YLCV_Lab 03387.JPG,Tomato___Tomato_Yellow_Leaf_Curl_Virus/e2c016a2-b0e8-427a-82ac-852404990b33___UF.GRC_YLCV_Lab 03386.JPG,Tomato___Tomato_Yellow_Leaf_Curl_Virus,Tomato___Tomato_Yellow_Leaf_Curl_Virus,test,train,8,True
f0813658453d54467aa5c00c037388ec6472823079342b0dbd7d36f15d9bcb8f,3b8981f1c7510a506f61542451f3868be407a5d2e4e00755cba0346dcca66f20,Tomato___Bacterial_spot/e98fdfc0-1871-4b7d-b32a-35731e973289___GCREC_Bact.Sp 5834.JPG,Tomato___Tomato_Yellow_Leaf_Curl_Virus/f5753f9a-9847-4334-a7dc-cf3989df8006___YLCV_GCREC 2792.JPG,Tomato___Bacterial_spot,Tomato___Tomato_Yellow_Leaf_Curl_Virus,train,train,8,False
f0813658453d54467aa5c00c037388ec6472823079342b0dbd7d36f15d9bcb8f,3cbd37c7201d6edf96780f631ea62ef4ecc53c9b019b8b043f2ef7f28a7210a1,Tomato___Bacterial_spot/e98fdfc0-1871-4b7d-b32a-35731e973289___GCREC_Bact.Sp 5834.JPG,Tomato___Bacterial_spot/f4f56f28-479b-4e71-afb2-210e668a411e___GCREC_Bact.Sp 3537.JPG,Tomato___Bacterial_spot,Tomato___Bacterial_spot,train,train,8,False
f09536279ba53f5f54422810a34670fdbc192b1a6b61976797443ddb4cb7e00c,a9c15c5e50887d2a99242a980151dbc08153533a3e397017187ca786a4166be9,Tomato___Spider_mites Two-spotted_spider_mite/50468eb2-6dce-4229-85b9-fede51827beb___Com.G_SpM_FL 8681.JPG,Tomato___Bacterial_spot/7b729ecb-5dce-4b92-afa0-4dce3ae45b10___UF.GRC_BS_Lab Leaf 0340.JPG,Tomato___Spider_mites Two-spotted_spider_mite,Tomato___Bacterial_spot,train,val,8,True
f10d1e517dd39a4a074a635542672b1948face04c5749d987460b5f42af3c758,063fb0d845bfdf7462e783d60236b122f1a89ec65e6c1adaca3fdfb71ff6e928,Tomato___Tomato_Yellow_Leaf_Curl_Virus/7774d595-bce2-4ec0-8a10-85ba887029fa___YLCV_NREC 2390.JPG,Tomato___Spider_mites Two-spotted_spider_mite/cb4b61d2-35ed-4543-ac39-c79f5c268034___Com.G_SpM_FL 9569.JPG,Tomato___Tomato_Yellow_Leaf_Curl_Virus,Tomato___Spider_mites Two-spotted_spider_mite,train,val,8,True
f12f4ffebf97ce230e1584cfd5f5c1cbeffe16b21221d67511aa4437bbbba3a5,ac7546a770c326926897b9c8d7b9d8f2e16c5107c2816c91daa77b0518a00a41,Tomato___Spider_mites Two-spotted_spider_mite/8f4b78fa-aae1-493b-b132-6b00f03a32fe___Com.G_SpM_FL 8482.JPG,Tomato___Spider_mites Two-spotted_spider_mite/5112f2dc-2115-47f7-9f08-45e8bf55416f___Com.G_SpM_FL 8457.JPG,Tomato___Spider_mites Two-spotted_spider_mite,Tomato___Spider_mites Two-spotted_spider_mite,test,train,8,True
f14d39549f4c3d3d4a69cd16971eb5552e80751485aa5c3f2355207278a92646,a29ddf9185a49b406643096384be83b68a1ce5aded7c559f3b9e1cd23fc0fde4,Tomato___Spider_mites Two-spotted_spider_mite/2150b3d6-e3fe-4a45-8355-107954d843c8___Com.G_SpM_FL 8578.JPG,Tomato___Spider_mites Two-spotted_spider_mite/72ea3559-17ea-4441-8188-bc561e66ff06___Com.G_SpM_FL 1400.JPG,Tomato___Spider_mites Two-spotted_spider_mite,Tomato___Spider_mites Two-spotted_spider_mite,train,train,8,False
f150f3a51d11ceb9b356a68cabf6b42980e00d23253dd7321dee8ac8e7cea82f,855fd565c3b768cb5868b224a4dca7bd0cb3a10eca082417f46700f01dae9a92,Tomato___Spider_mites Two-spotted_spider_mite/113fe47e-6d5e-47da-8653-63095a9743c8___Com.G_SpM_FL 9610.JPG,Tomato___Spider_mites Two-spotted_spider_mite/d8c4f4fd-92b9-4e04-9b76-66285d2cd703___Com.G_SpM_FL 9611.JPG,Tomato___Spider_mites Two-spotted_spider_mite,Tomato___Spider_mites Two-spotted_spider_mite,train,train,8,False
f16fe37b93012b1e1ad89af3f2601b8c9ebe647d2f723e55b4721742149586cd,23b0a5383f6876904e81b5824835df03cb39c073370b9835341237546581d8f9,Tomato___Spider_mites Two-spotted_spider_mite/af0d2ecc-72f9-40ca-ad16-b3ef9419e9ec___Com.G_SpM_FL 9559.JPG,Tomato___Tomato_Yellow_Leaf_Curl_Virus/504c0aab-3d35-4d87-8c49-597d299da85e___YLCV_NREC 2442.JPG,Tomato___Spider_mites Two-spotted_spider_mite,Tomato___Tomato_Yellow_Leaf_Curl_Virus,train,train,8,False
f18fcefd9c6f0718e1545bda5611a536d57380399558a9fab261379a7f062651,ccf2f85a37a22f91891a8263c960145117ef49be099b0b7d93d4ff646acdefbf,Tomato___Septoria_leaf_spot/eefa43ba-728d-42e7-96c3-a032c9542f94___Matt.S_CG 7508.JPG,Tomato___Septoria_leaf_spot/ef9c5aec-0f5e-42d3-8d37-9e1da11ead91___Matt.S_CG 6633.JPG,Tomato___Septoria_leaf_spot,Tomato___Septoria_leaf_spot,train,train,8,False
f191296d7ff51e757a458d2923a980e5530251f37b9f294eb2357dc5665f5d7e,8679344ea5514f3ec615e4818b956f3a7d39f1e7a067eafe0af7ddcff0b62c2f,Tomato___Spider_mites Two-spotted_spider_mite/a90a575f-937a-4975-a750-b83ea905900d___Com.G_SpM_FL 9337.JPG,Tomato___Spider_mites Two-spotted_spider_mite/1beb7ab1-cb7c-4a42-a5d7-16a643c81100___Com.G_SpM_FL 9563.JPG,Tomato___Spider_mites Two-spotted_spider_mite,Tomato___Spider_mites Two-spotted_spider_mite,test,train,8,True
f191296d7ff51e757a458d2923a980e5530251f37b9f294eb2357dc5665f5d7e,93b7c95efdb9bababb5aca7728b4e7b31527694979e08d1a7d53bf2c7cae6bb8,Tomato___Spider_mites Two-spotted_spider_mite/a90a575f-937a-4975-a750-b83ea905900d___Com.G_SpM_FL 9337.JPG,Tomato___Spider_mites Two-spotted_spider_mite/d60456fc-4596-45b6-97bf-ea1c5855297e___Com.G_SpM_FL 9555.JPG,Tomato___Spider_mites Two-spotted_spider_mite,Tomato___Spider_mites Two-spotted_spider_mite,test,val,8,True
f191296d7ff51e757a458d2923a980e5530251f37b9f294eb2357dc5665f5d7e,d8a873972ad8e7b4522463b9bd177dbe54fa4900a0f4b92353d6c37ea3ef60ff,Tomato___Spider_mites Two-spotted_spider_mite/a90a575f-937a-4975-a750-b83ea905900d___Com.G_SpM_FL 9337.JPG,Tomato___Spider_mites Two-spotted_spider_mite/a2cfdb52-ba7c-4e49-bf32-54eeb4ee97c9___Com.G_SpM_FL 9345.JPG,Tomato___Spider_mites Two-spotted_spider_mite,Tomato___Spider_mites Two-spotted_spider_mite,test,train,8,True
f1ccbcbfd26f9d8d9ed14cc8dc5a4b51c1f9758a346312acf2d2340dd4301cca,2c92be08db9ebe96ee77f01fcf8093adafdab407c2a4c783be18a7e9445854ea,Tomato___Bacterial_spot/b3c9f756-9328-46de-989b-a75859b40027___GCREC_Bact.Sp 3403.JPG,Tomato___Bacterial_spot/325d6d7f-c30b-43a3-8714-74b9cee673b0___GCREC_Bact.Sp 5984.JPG,Tomato___Bacterial_spot,Tomato___Bacterial_spot,test,train,8,True
f1d074c9cfa78eee61e7f7a7b6b84867d1f764d09651c6a7e944ef3b0c3098a5,7761e7e39343230cff4bc76c5e0ad2448b89d8c384d4564e5e2c1aeb9988acec,Tomato___Bacterial_spot/a041286d-15de-4137-a8ce-d194e04905cc___GCREC_Bact.Sp 3556.JPG,Tomato___Bacterial_spot/6cb5947c-d06a-4114-932e-ca1b952326c7___GCREC_Bact.Sp 3568.JPG,Tomato___Bacterial_spot,Tomato___Bacterial_spot,train,val,8,True
f1d0cdc88c143e000099ba92a3ed63fdf298ab197f32a784d60eb56aec2e70c0,985afc154370c2f999262f32be9b67ad27eaefacf99e8827f724313e3152156e,Tomato___Late_blight/9f946f43-424a-41be-9f91-b14fa3f2b37a___GHLB2 Leaf 8892.JPG,Tomato___Late_blight/cbf8d72d-f718-4b68-b609-42b790845c38___GHLB2 Leaf 8887.JPG,Tomato___Late_blight,Tomato___Late_blight,train,train,8,False
f267d64de2ee4b0f5113a79f7da65b130add80d62bd8f97652e4542948b4140a,f43a1dbb50332f1bae239db263018bfb88274727e167c1d91d1606d97783282e,Tomato___Tomato_Yellow_Leaf_Curl_Virus/fd4b2704-71d9-41b5-9574-ee9d3f575769___YLCV_NREC 0096.JPG,Tomato___Septoria_leaf_spot/cb6929ff-8e9b-42f2-97d4-ec388a5a6b06___JR_Sept.L.S 8461.JPG,Tomato___Tomato_Yellow_Leaf_Curl_Virus,Tomato___Septoria_leaf_spot,train,val,8,True
f273eed263e1726e0016317cd6ec0994c62b625b77a058a3b5225fb0b520c591,61edc9d022c86fc6b7a0701806903fd50c6eac4c2ed666697f915cfd6e82cc33,Tomato___Bacterial_spot/4ad4db1b-dbd8-449a-b2a8-4ec4a89b2ba3___GCREC_Bact.Sp 3332.JPG,Tomato___Bacterial_spot/7f4bdfa1-5d50-476f-9e79-1dbe00572974___GCREC_Bact.Sp 3004.JPG,Tomato___Bacterial_spot,Tomato___Bacterial_spot,train,val,8,True
f273eed263e1726e0016317cd6ec0994c62b625b77a058a3b5225fb0b520c591,6c72c41c6241921b5f3991692f30ecc5254aac4d24487338c15c5f7517e458ae,Tomato___Bacterial_spot/4ad4db1b-dbd8-449a-b2a8-4ec4a89b2ba3___GCREC_Bact.Sp 3332.JPG,Tomato___Bacterial_spot/9fc3b924-71f1-40a6-8826-de89c9e34e52___GCREC_Bact.Sp 3050.JPG,Tomato___Bacterial_spot,Tomato___Bacterial_spot,train,train,8,False
f273eed263e1726e0016317cd6ec0994c62b625b77a058a3b5225fb0b520c591,b2d2e40abcca73ef11da1d3edd11dde69a505671e6a2d791d12d1ad795c59310,Tomato___Bacterial_spot/4ad4db1b-dbd8-449a-b2a8-4ec4a89b2ba3___GCREC_Bact.Sp 3332.JPG,Tomato___Bacterial_spot/f8612abc-7408-451f-b6b8-89561d679bd0___GCREC_Bact.Sp 2997.JPG,Tomato___Bacterial_spot,Tomato___Bacterial_spot,train,train,8,False
f279eb4a6dfc01055c0543eb0d9a4d3ef1b5e0dcd75cce9aac510fd12965b7e8,3f3e05e684b25865479d61f25b130e945467b575617285e0fb0b6c20c8d4a45a,Tomato___Late_blight/670616fe-c1a6-41a9-99b2-eb6270d8c299___GHLB_PS Leaf 26.2 Day 16.jpg,Tomato___Late_blight/b68b50e0-52b1-4ba0-98df-8080ffaf3a70___GHLB_PS Leaf 26 Day 16.jpg,Tomato___Late_blight,Tomato___Late_blight,train,train,8,False
f333cb690a276c8499537e7e25ce78fb3d2250b43ca9e417ca8db071547f223b,73f3de45a2aae96af8333b68c8d93fb1ab244dbe74413ef629d5ef5f5a198eec,Tomato___Tomato_Yellow_Leaf_Curl_Virus/9e962b25-a670-4e4c-bbf2-1adb5af08dfd___UF.GRC_YLCV_Lab 02648.JPG,Tomato___Tomato_Yellow_Leaf_Curl_Virus/fde59a55-1ee4-44d3-936f-c8f2cdb70f6a___UF.GRC_YLCV_Lab 02647.JPG,Tomato___Tomato_Yellow_Leaf_Curl_Virus,Tomato___Tomato_Yellow_Leaf_Curl_Virus,train,train,8,False
f347f45bfe8ebfb013897548d7078f87624e2daa287d5dd073dd9759cfb46a2c,b778eec1d706671264219950c349e2f1264e7efb23dd578e0964ef8a5ebea399,Tomato___Target_Spot/26150f8e-52df-4b1e-b37c-01f3cfc8d746___Com.G_TgS_FL 9958.JPG,Tomato___Septoria_leaf_spot/f8f528ee-f9c3-47cb-b67f-a9265d86d9d1___Matt.S_CG 1446.JPG,Tomato___Target_Spot,Tomato___Septoria_leaf_spot,train,val,8,True
f3982c9356bdcc468078b422ed4b10beae641cb6ee30c1c0f066241c4346b20f,2e99e30ff1cd326c00b2f2bee0e6a49aa511e6fb1aefc621423f58ea45684040,Tomato___Spider_mites Two-spotted_spider_mite/75c39e92-9f7a-4266-b6bb-56bb3cd48dcb___Com.G_SpM_FL 9523.JPG,Tomato___Spider_mites Two-spotted_spider_mite/d2184d36-c149-4bab-bc07-66c9afce4567___Com.G_SpM_FL 9507.JPG,Tomato___Spider_mites Two-spotted_spider_mite,Tomato___Spider_mites Two-spotted_spider_mite,train,train,8,False
f3982c9356bdcc468078b422ed4b10beae641cb6ee30c1c0f066241c4346b20f,6f67a9b54ee47cd0127cc6f7cfbab14e08fa6544b4fb68b4adf8bb6a4c3a2f0e,Tomato___Spider_mites Two-spotted_spider_mite/75c39e92-9f7a-4266-b6bb-56bb3cd48dcb___Com.G_SpM_FL 9523.JPG,Tomato___Spider_mites Two-spotted_spider_mite/ddc184a0-ee42-44a4-80ee-ece8e67f1cc9___Com.G_SpM_FL 1231.JPG,Tomato___Spider_mites Two-spotted_spider_mite,Tomato___Spider_mites Two-spotted_spider_mite,train,train,8,False
f3982c9356bdcc468078b422ed4b10beae641cb6ee30c1c0f066241c4346b20f,a1178f20d67b653083a8df426faa78524996401bc8dd68973c2c059252ed5c9d,Tomato___Spider_mites Two-spotted_spider_mite/75c39e92-9f7a-4266-b6bb-56bb3cd48dcb___Com.G_SpM_FL 9523.JPG,Tomato___Spider_mites Two-spotted_spider_mite/8d0dffc7-aecb-4583-b3a3-1027fb4fd3d1___Com.G_SpM_FL 9567.JPG,Tomato___Spider_mites Two-spotted_spider_mite,Tomato___Spider_mites Two-spotted_spider_mite,train,val,8,True
f3af8147685174a1a1144e621ef0e85c517f513d454cf8555efab916ff15a5b4,3e4608845fb9dc739603d3c63514cb4b5197dd2c98b5d902ba28571ed7b932e4,Tomato___Bacterial_spot/132e8a85-470e-4a7d-8535-c97ffcff7b0b___GCREC_Bact.Sp 3239.JPG,Tomato___Septoria_leaf_spot/8bf6fb90-0c85-4adf-a416-1c4c54ea5782___Matt.S_CG 6009.JPG,Tomato___Bacterial_spot,Tomato___Septoria_leaf_spot,train,val,8,True
f3fe1206729a85780b590ee9f05999865a555cedd08641b3cb8d6e4659d417da,357de0096437cdbf2b3dac0b764a59e0092523a4ddaf119eed43b3d4bfbffce1,Tomato___Septoria_leaf_spot/0a68a294-30d1-4422-ab7e-a1909ec277f7___JR_Sept.L.S 8443.JPG,Tomato___Spider_mites Two-spotted_spider_mite/f69ce7ec-7ce3-4123-becf-efea9f9bfd48___Com.G_SpM_FL 9541.JPG,Tomato___Septoria_leaf_spot,Tomato___Spider_mites Two-spotted_spider_mite,train,train,8,False
f3fe1206729a85780b590ee9f05999865a555cedd08641b3cb8d6e4659d417da,634856dba6ee0e4ae5a73aac89aae925e7f05403b4946e3316b2a1a16667a563,Tomato___Septoria_leaf_spot/0a68a294-30d1-4422-ab7e-a1909ec277f7___JR_Sept.L.S 8443.JPG,Tomato___Tomato_Yellow_Leaf_Curl_Virus/02aabe96-31be-42a5-a825-261d854e15be___YLCV_GCREC 2894.JPG,Tomato___Septoria_leaf_spot,Tomato___Tomato_Yellow_Leaf_Curl_Virus,train,train,8,False
f43a1dbb50332f1bae239db263018bfb88274727e167c1d91d1606d97783282e,29752a71597e51ad444314c5924250105fc29775d43efed67527ffdff0fe6394,Tomato___Septoria_leaf_spot/cb6929ff-8e9b-42f2-97d4-ec388a5a6b06___JR_Sept.L.S 8461.JPG,Tomato___Tomato_Yellow_Leaf_Curl_Virus/809d2867-5d16-452e-8759-07c763bd2120___YLCV_GCREC 2384.JPG,Tomato___Septoria_leaf_spot,Tomato___Tomato_Yellow_Leaf_Curl_Virus,val,val,8,False
f4554007ea74584eb0eb910810372f998afc33cc73ff6d7d66b287dd809d73f9,bca4ac0c9ea18a4dbb916ba2c53f5525ac0230e046b0337de51255876cc156ff,Tomato___Septoria_leaf_spot/971a3e79-1c8e-43fb-8734-35172df9272a___JR_Sept.L.S 8394.JPG,Tomato___Septoria_leaf_spot/5a43b236-f091-4e4b-8b17-b7fe3a6515d3___JR_Sept.L.S 8390.JPG,Tomato___Septoria_leaf_spot,Tomato___Septoria_leaf_spot,test,train,8,True
f4554007ea74584eb0eb910810372f998afc33cc73ff6d7d66b287dd809d73f9,c003934b61264ee0b3c365da4fbc58a2fb5d7e27a1c73dfaba6369d176211ce9,Tomato___Septoria_leaf_spot/971a3e79-1c8e-43fb-8734-35172df9272a___JR_Sept.L.S 8394.JPG,Tomato___Target_Spot/ea10eb79-a300-4952-bf7b-975256cec381___Com.G_TgS_FL 9781.JPG,Tomato___Septoria_leaf_spot,Tomato___Target_Spot,test,train,8,True
f4554007ea74584eb0eb910810372f998afc33cc73ff6d7d66b287dd809d73f9,e92045b6b8c63666084b924e106c8da3960ff473dbae32cbfd06c69f729d2542,Tomato___Septoria_leaf_spot/971a3e79-1c8e-43fb-8734-35172df9272a___JR_Sept.L.S 8394.JPG,Tomato___Late_blight/97e49ab1-3159-4659-9954-518c94690a9e___RS_Late.B 5534.JPG,Tomato___Septoria_leaf_spot,Tomato___Late_blight,test,train,8,True
f47e4082bc47847095901c229eb034edada30a40dbe5ce00583e298164c9102d,5557d4adc53fb55f44160cd65e7b6642479621e6a5de57f5bef19bcb82d3f1bc,Tomato___Spider_mites Two-spotted_spider_mite/6ad11f4a-0932-412b-86bb-df6f9a7f3dae___Com.G_SpM_FL 9549.JPG,Tomato___Spider_mites Two-spotted_spider_mite/c9f90de8-89ec-4a39-a117-30c89006a204___Com.G_SpM_FL 1281.JPG,Tomato___Spider_mites Two-spotted_spider_mite,Tomato___Spider_mites Two-spotted_spider_mite,test,train,8,True
f47e4082bc47847095901c229eb034edada30a40dbe5ce00583e298164c9102d,9f975c0123368bdc4b7ec172a9bcc56b210d5f32a68139033a628fae2e23f3b4,Tomato___Spider_mites Two-spotted_spider_mite/6ad11f4a-0932-412b-86bb-df6f9a7f3dae___Com.G_SpM_FL 9549.JPG,Tomato___Spider_mites Two-spotted_spider_mite/4a6a93a5-d51c-4769-8669-12ec54d87ce6___Com.G_SpM_FL 9441.JPG,Tomato___Spider_mites Two-spotted_spider_mite,Tomato___Spider_mites Two-spotted_spider_mite,test,val,8,True
f47e4082bc47847095901c229eb034edada30a40dbe5ce00583e298164c9102d,bc95b18483d0a27dcd7d3d9cd0dbb44443616cdcc9984649c160ab6f7a82f0da,Tomato___Spider_mites Two-spotted_spider_mite/6ad11f4a-0932-412b-86bb-df6f9a7f3dae___Com.G_SpM_FL 9549.JPG,Tomato___Spider_mites Two-spotted_spider_mite/3ed8e245-778d-4003-8f4f-1be77c97978c___Com.G_SpM_FL 1548.JPG,Tomato___Spider_mites Two-spotted_spider_mite,Tomato___Spider_mites Two-spotted_spider_mite,test,train,8,True
f4a7498d2e056bf1d003e41a1faf5dc15eebea32ee2369ce30cfbde9d77ffb54,bb164b9d889aba12782965dcf56ac147bd976840572747a344b5d9e8cf1405ae,Tomato___Target_Spot/4d1a4a12-f8e4-4ff1-bdba-362f986600e2___Com.G_TgS_FL 1064.JPG,Tomato___Late_blight/e4ec79b5-94df-42dd-8425-bd68d2320c5f___RS_Late.B 5406.JPG,Tomato___Target_Spot,Tomato___Late_blight,test,train,8,True
f4f1e374a99dd822ae9a8c200fc30afa0dfff2649b15bcde08843ae81b2646b0,514450f7d562cc4284cc56b8d9a78b225c4569b41b2626a7cf2c6a5d78095875,Tomato___Spider_mites Two-spotted_spider_mite/d58b9f9a-d62c-44c4-8a76-dba4ccc7fca8___Com.G_SpM_FL 9562.JPG,Tomato___Tomato_Yellow_Leaf_Curl_Virus/6c74c99f-0377-4870-ac98-c1ad619d8a7a___YLCV_GCREC 2623.JPG,Tomato___Spider_mites Two-spotted_spider_mite,Tomato___Tomato_Yellow_Leaf_Curl_Virus,train,val,8,True
f4fafde12afe80d3615b6384a32ba39761b62c1931012a730c4f5ddfccbe09fa,89a263096fab647168fb5a2a3ef15a17b0a13d27e15cddb11552a46eaa3429bb,Tomato___Tomato_Yellow_Leaf_Curl_Virus/61c03d35-853f-454b-8aff-7999536888a0___UF.GRC_YLCV_Lab 02448.JPG,Tomato___Tomato_Yellow_Leaf_Curl_Virus/ce145bc2-c0fa-40b5-8622-38a7a88a1823___UF.GRC_YLCV_Lab 02441.JPG,Tomato___Tomato_Yellow_Leaf_Curl_Virus,Tomato___Tomato_Yellow_Leaf_Curl_Virus,train,train,8,False
f5495da365bda6f85909e72dfb8edbfd140242df9da357a1f7057ddf74f778c1,63d8c8c1a28a1700e0b9adb845bbbcb1acdeeeb77ba3c8c5a3988942020d0651,Tomato___Late_blight/4d8b05f5-930b-426b-bbea-0bd33e8a6c42___RS_Late.B 6830.JPG,Tomato___Septoria_leaf_spot/5ec061cf-53c5-40a6-84ee-e4926c264549___Matt.S_CG 1708.JPG,Tomato___Late_blight,Tomato___Septoria_leaf_spot,train,train,8,False
f5596da30e75a7594cf7821bbe8d386f8269e48b89a3445af7fd377534b805ed,82dbec85668ed6132e30bdebbfeb757c57cad7556423fcc606e53649a663617e,Tomato___Bacterial_spot/68d3b083-3c82-4e46-99c3-0d12261ce810___GCREC_Bact.Sp 3281.JPG,Tomato___Tomato_Yellow_Leaf_Curl_Virus/dd14aa89-ee18-48e2-adcf-4f82777db8da___YLCV_GCREC 2770.JPG,Tomato___Bacterial_spot,Tomato___Tomato_Yellow_Leaf_Curl_Virus,train,train,8,False
f59e368aa972655c265e2c3ac443e77f5901d3c5c82186df44337be8989ae693,4820019e1efe591c5fe982a8bbbba4fc9444b7747aadd43e9df1a2abaf485276,Tomato___Bacterial_spot/6d0cbb2e-599e-4637-bb5f-8641dc17e6fb___GCREC_Bact.Sp 3386.JPG,Tomato___Bacterial_spot/f21dbfc9-1b65-4407-808b-55685784bd19___GCREC_Bact.Sp 3138.JPG,Tomato___Bacterial_spot,Tomato___Bacterial_spot,train,train,8,False
f59e368aa972655c265e2c3ac443e77f5901d3c5c82186df44337be8989ae693,99e1fa68785503607d151b9e5a505adaccf396cdc7532f42c58dc3187ced2091,Tomato___Bacterial_spot/6d0cbb2e-599e-4637-bb5f-8641dc17e6fb___GCREC_Bact.Sp 3386.JPG,Tomato___Tomato_Yellow_Leaf_Curl_Virus/98c9a4bb-3d4c-477a-ba8d-bcbfd6b69f23___YLCV_GCREC 2316.JPG,Tomato___Bacterial_spot,Tomato___Tomato_Yellow_Leaf_Curl_Virus,train,train,8,False
f59e368aa972655c265e2c3ac443e77f5901d3c5c82186df44337be8989ae693,e13a6771150b3a2d73ed44ce9a27ef6714de2866b35379439465f115fa46e76a,Tomato___Bacterial_spot/6d0cbb2e-599e-4637-bb5f-8641dc17e6fb___GCREC_Bact.Sp 3386.JPG,Tomato___Spider_mites Two-spotted_spider_mite/1e06dafa-f977-4354-992e-3271f34a2344___Com.G_SpM_FL 9601.JPG,Tomato___Bacterial_spot,Tomato___Spider_mites Two-spotted_spider_mite,train,val,8,True
f67dca5d5c9c1ed722b0201edd5a1757fe7053b984c24e4a36082f94db42719a,31dc7a1253a9dee543ad61a193f344548dbcb881db63a53d325e3c3d3e6b9b1c,Tomato___Tomato_Yellow_Leaf_Curl_Virus/d7e92f44-d414-4201-83f7-40663d5e57c2___UF.GRC_YLCV_Lab 03295.JPG,Tomato___Tomato_Yellow_Leaf_Curl_Virus/edc3eaab-62d1-43f8-a772-58f435972eb1___UF.GRC_YLCV_Lab 03296.JPG,Tomato___Tomato_Yellow_Leaf_Curl_Virus,Tomato___Tomato_Yellow_Leaf_Curl_Virus,train,val,8,True
f6ab6c2b2974f683d9d459fd70015dcd14f8ec6c771e3647fde0403e5b8b8700,63486aad0e76dcd2e2c40989a6480e61ac7710e0385e92ee9134e9e7e359e061,Tomato___Tomato_Yellow_Leaf_Curl_Virus/193f32a3-11a4-4d39-a88c-a1bc44e61d66___UF.GRC_YLCV_Lab 02863.JPG,Tomato___Tomato_Yellow_Leaf_Curl_Virus/cc6509ac-44dd-4bdb-b22c-fdc611f4a74b___UF.GRC_YLCV_Lab 02875.JPG,Tomato___Tomato_Yellow_Leaf_Curl_Virus,Tomato___Tomato_Yellow_Leaf_Curl_Virus,train,train,8,False
f6b5615abc9b47af20751fa9dc2c3e775207729d50d0134740ca7abe5901c99a,3861c235cf80092d680928bf35310306e1652916a596d6e4d342e5beccb3228b,Tomato___Tomato_Yellow_Leaf_Curl_Virus/14a66aa9-5876-41dd-a925-d9fad74146f9___UF.GRC_YLCV_Lab 02162.JPG,Tomato___Tomato_Yellow_Leaf_Curl_Virus/b18e32cf-8262-4879-951f-48d9bbf2d861___UF.GRC_YLCV_Lab 02172.JPG,Tomato___Tomato_Yellow_Leaf_Curl_Virus,Tomato___Tomato_Yellow_Leaf_Curl_Virus,train,train,8,False
f6b5615abc9b47af20751fa9dc2c3e775207729d50d0134740ca7abe5901c99a,9f36446fe4a2e0bc0fd5b2a0f606bbf14442c57295bfd7e52e56c638effc5343,Tomato___Tomato_Yellow_Leaf_Curl_Virus/14a66aa9-5876-41dd-a925-d9fad74146f9___UF.GRC_YLCV_Lab 02162.JPG,Tomato___Tomato_Yellow_Leaf_Curl_Virus/5cc16f74-0be9-4661-9f7a-c9ea665d2f8f___UF.GRC_YLCV_Lab 02173.JPG,Tomato___Tomato_Yellow_Leaf_Curl_Virus,Tomato___Tomato_Yellow_Leaf_Curl_Virus,train,val,8,True
f6ec579d4f1c72f71ffb6933ebd90fc62c3fca65f571ac3fc0c6097550c6921e,baea635259b23d0a16ff3de0cda43263956434c9b71687525eae7e319e30e7ba,Tomato___Spider_mites Two-spotted_spider_mite/b9323ad5-caaf-4c56-8cd8-1a638c11f79d___Com.G_SpM_FL 8594.JPG,Tomato___Target_Spot/6d6769c2-371e-4de1-ac82-9df516a5543f___Com.G_TgS_FL 9763.JPG,Tomato___Spider_mites Two-spotted_spider_mite,Tomato___Target_Spot,train,train,8,False
f6f3777929c4b6393040a10e90182c4ed195fe1697df201e25030f6d37fbb9b0,7ad05bcb1a3dba13e5353a3bfa8fbd8584abb7683fe19584facec8d081fad1ef,Tomato___Tomato_mosaic_virus/69d3740b-5aba-47e2-ae2f-46541333c3a5___PSU_CG 2420.JPG,Tomato___Spider_mites Two-spotted_spider_mite/01963a97-0507-43a6-ae4a-1afd8e0c4f3e___Com.G_SpM_FL 1217.JPG,Tomato___Tomato_mosaic_virus,Tomato___Spider_mites Two-spotted_spider_mite,test,train,8,True
f72011817f78c14f00568b6ea3e56f1d27fbcc69507b4ebf738a8cff66de82a7,5224de384d78942b0a332f94bf4bcf0730f172805def906ed32185479144614c,Tomato___Leaf_Mold/a6227736-64f1-4089-ae4b-fac942bcc4da___Crnl_L.Mold 6639.JPG,Tomato___Leaf_Mold/f6c43250-2d85-42fb-85e6-57699cbb9350___Crnl_L.Mold 6765.JPG,Tomato___Leaf_Mold,Tomato___Leaf_Mold,train,train,8,False
f7257081a39c7e295c94849ebe459ed5e7de3c87ddb4d0466d8e39f75a28efb6,2f92bc03cc3599abd7818b2abaca0bff80d41c64d9e21ad0bd64dea75f07f409,Tomato___Bacterial_spot/0ad88d7a-c14a-4ac9-8520-c11a0ade3a8f___UF.GRC_BS_Lab Leaf 0996.JPG,Tomato___Septoria_leaf_spot/48bad913-fbef-4845-bc2d-dbc06f0c2bcc___Matt.S_CG 7790.JPG,Tomato___Bacterial_spot,Tomato___Septoria_leaf_spot,train,val,8,True
f7257081a39c7e295c94849ebe459ed5e7de3c87ddb4d0466d8e39f75a28efb6,ab56b4ca6498f61d8371544657c4e11d59466f0ee96583fe9fb3dd29f3833e0c,Tomato___Bacterial_spot/0ad88d7a-c14a-4ac9-8520-c11a0ade3a8f___UF.GRC_BS_Lab Leaf 0996.JPG,Tomato___Target_Spot/e90c87fc-7b4d-45a0-9934-51a8d91317f1___Com.G_TgS_FL 8384.JPG,Tomato___Bacterial_spot,Tomato___Target_Spot,train,train,8,False
f7918434e7f337f7d9970d11ee7213a6135897b0139da00a6766d3a37af3de0a,9ae186b374bb7af7ba77fa0c42ca3b0c6da0e699398d50cfb830c8f72ed42eda,Tomato___Bacterial_spot/dfe0a874-9a6c-4121-9f20-b0e7a85a5996___GCREC_Bact.Sp 5684.JPG,Tomato___Bacterial_spot/3fb742ed-4a71-47d2-9c40-60768bc01cd4___GCREC_Bact.Sp 5977.JPG,Tomato___Bacterial_spot,Tomato___Bacterial_spot,train,val,8,True
f7918434e7f337f7d9970d11ee7213a6135897b0139da00a6766d3a37af3de0a,c566185f23822772d6b4308a3c661d5935dce28693330c43ffd3fd983c0a2111,Tomato___Bacterial_spot/dfe0a874-9a6c-4121-9f20-b0e7a85a5996___GCREC_Bact.Sp 5684.JPG,Tomato___Bacterial_spot/8dbf81aa-7085-4707-9374-9be792a0fd4a___GCREC_Bact.Sp 3275.JPG,Tomato___Bacterial_spot,Tomato___Bacterial_spot,train,val,8,True
f8df376c2ba8628d3277b0093226d66bf3930297ead621b0343efc1c2f4086d4,a56bfe0c01b34c497559a0896134f5b9d13908b0a634d95744173096a6552ff0,Tomato___Spider_mites Two-spotted_spider_mite/5d0e79cc-2a50-49cf-9d1c-d5dc064545f3___Com.G_SpM_FL 9306.JPG,Tomato___Spider_mites Two-spotted_spider_mite/ea4ee443-4595-404c-818a-9a52e43577db___Com.G_SpM_FL 8503.JPG,Tomato___Spider_mites Two-spotted_spider_mite,Tomato___Spider_mites Two-spotted_spider_mite,train,train,8,False
f8f0e5341a31e4297e5e694fcbdef52069fa9fc16037f014eb4b4fdc1cc5392e,fb6296a1623563f4261fed31a4917cf08988b18642b1bbc6eead08f62460a991,Tomato___Spider_mites Two-spotted_spider_mite/631b49b5-5e69-4428-a583-e623abb1d311___Com.G_SpM_FL 1647.JPG,Tomato___Spider_mites Two-spotted_spider_mite/b5e746c6-be90-40f9-adf5-941b7b1f050b___Com.G_SpM_FL 8702.JPG,Tomato___Spider_mites Two-spotted_spider_mite,Tomato___Spider_mites Two-spotted_spider_mite,train,train,8,False
f905c42e016c402a5e3b52900450e84d52f219f97ac4dbb518516ed91ceaa9e0,d4bdbd8aaceed4744ec9790fb4c5a280d2f4ea1150cf624aaba7c2d6aa6b3651,Tomato___Spider_mites Two-spotted_spider_mite/c40d9ccd-549c-4d31-b920-c05d6107b27d___Com.G_SpM_FL 9557.JPG,Tomato___Spider_mites Two-spotted_spider_mite/ecdbba83-d2f4-42ea-a6bb-bfff274c74f3___Com.G_SpM_FL 9561.JPG,Tomato___Spider_mites Two-spotted_spider_mite,Tomato___Spider_mites Two-spotted_spider_mite,train,train,8,False
f93453541044439a071a93920def0c421ef0a0611502ef6c588d3d1fbc8c405d,965769c69f1ca45f653e948b1c3e8114b4b298d9728f86674043f55f3668eea2,Tomato___Spider_mites Two-spotted_spider_mite/7a47822b-4724-4ecc-94ef-61d05836bef7___Com.G_SpM_FL 8620.JPG,Tomato___Bacterial_spot/67da0ec7-c06a-4d27-af36-17b4a1630830___GCREC_Bact.Sp 5619.JPG,Tomato___Spider_mites Two-spotted_spider_mite,Tomato___Bacterial_spot,test,train,8,True
f93453541044439a071a93920def0c421ef0a0611502ef6c588d3d1fbc8c405d,dc1a88ff89a3434195652983c1af88d8f734b10f4e76990f451662562ed12f00,Tomato___Spider_mites Two-spotted_spider_mite/7a47822b-4724-4ecc-94ef-61d05836bef7___Com.G_SpM_FL 8620.JPG,Tomato___Septoria_leaf_spot/5f2b2f49-dc97-43ae-9213-5d8a19a0e61d___Matt.S_CG 7372.JPG,Tomato___Spider_mites Two-spotted_spider_mite,Tomato___Septoria_leaf_spot,test,train,8,True
f96a60dbdf3edd142914bcbefc798dfaa6ea8edaff3f1091b9af753f611293de,63a44cb14443cbd74af6e645c371a3fe26b12c40633fb36a465a1895eb8a49e5,Tomato___Late_blight/98288f42-3067-4117-9e1d-d4a6b88f16eb___RS_Late.B 5545.JPG,Tomato___Tomato_Yellow_Leaf_Curl_Virus/5857b6f9-fe50-4850-927b-26940a8255ff___YLCV_GCREC 2087.JPG,Tomato___Late_blight,Tomato___Tomato_Yellow_Leaf_Curl_Virus,train,train,8,False
f99b31c88dd2a16a8eea37ef6539edc9c36789aef9b42ce02c623b9b69f14f82,6eb11ddeeb88c432aa8a05db38596e08726be586cd21e98022fd028c9f86dc80,Tomato___Bacterial_spot/da934beb-3546-440a-83a8-016d9d480824___GCREC_Bact.Sp 3464.JPG,Tomato___Spider_mites Two-spotted_spider_mite/a56182d9-143a-45fc-a1be-946ba0d46935___Com.G_SpM_FL 9550.JPG,Tomato___Bacterial_spot,Tomato___Spider_mites Two-spotted_spider_mite,test,train,8,True
f99b31c88dd2a16a8eea37ef6539edc9c36789aef9b42ce02c623b9b69f14f82,762c775c257e8576b92c68d9ae7ae9b11847639cbcf75b2cb992e1726458e2e0,Tomato___Bacterial_spot/da934beb-3546-440a-83a8-016d9d480824___GCREC_Bact.Sp 3464.JPG,Tomato___Bacterial_spot/e4404de4-7958-4e77-a7ed-664dd0d7f2c9___GCREC_Bact.Sp 5906.JPG,Tomato___Bacterial_spot,Tomato___Bacterial_spot,test,test,8,False
f99b31c88dd2a16a8eea37ef6539edc9c36789aef9b42ce02c623b9b69f14f82,d56ec2e638a4eb75f98560f1dcd4d75f98ccee76a671f2944e6bc904b3102478,Tomato___Bacterial_spot/da934beb-3546-440a-83a8-016d9d480824___GCREC_Bact.Sp 3464.JPG,Tomato___Septoria_leaf_spot/76eda6fd-558c-4fcf-951b-c70bef5b8bc5___Matt.S_CG 0880.JPG,Tomato___Bacterial_spot,Tomato___Septoria_leaf_spot,test,test,8,False
f9b31edae6430404de7eb911caab22a96d6e726a557c5f74371dc8e982701007,5b88b679a1b8d89de29fab29bd5723858ca56a03fb9a6a582b6cfba74b358927,Tomato___Target_Spot/3021f8a0-e41c-4f6d-9b48-0e71e8b7339d___Com.G_TgS_FL 9943.JPG,Tomato___Septoria_leaf_spot/b77f34e1-6fa3-41d6-aea9-b11b8e7e3a04___Matt.S_CG 0955.JPG,Tomato___Target_Spot,Tomato___Septoria_leaf_spot,train,val,8,True
f9c5fadbcc1271a267fc723371267e7ab74013b05b7dae6cc3a95a12a30d0bcb,0a1f99c5b844a32ce53513ec8fc085571c14b872772a636bac35a3c75c9846cb,Tomato___Bacterial_spot/f16c8cc2-693b-4050-bbf6-686973becdad___GCREC_Bact.Sp 3780.JPG,Tomato___Target_Spot/6d8550bb-b43d-4e66-a5fc-f320110ad625___Com.G_TgS_FL 9905.JPG,Tomato___Bacterial_spot,Tomato___Target_Spot,train,val,8,True
f9c5fadbcc1271a267fc723371267e7ab74013b05b7dae6cc3a95a12a30d0bcb,0d766b85f7bb56a76f22ed31e8fc3107a49da853192d598b052dc699d9f4240f,Tomato___Bacterial_spot/f16c8cc2-693b-4050-bbf6-686973becdad___GCREC_Bact.Sp 3780.JPG,Tomato___Bacterial_spot/f834fa07-fd63-4ff6-8a17-e13c02ac4878___GCREC_Bact.Sp 5693.JPG,Tomato___Bacterial_spot,Tomato___Bacterial_spot,train,val,8,True
f9c5fadbcc1271a267fc723371267e7ab74013b05b7dae6cc3a95a12a30d0bcb,1896cda512ce8873e68d31c6c99955745102bf9726fccc84eb8c2cf8eb0164e8,Tomato___Bacterial_spot/f16c8cc2-693b-4050-bbf6-686973becdad___GCREC_Bact.Sp 3780.JPG,Tomato___Bacterial_spot/79710197-654d-49dc-b9c2-1494f4f9f9cf___GCREC_Bact.Sp 3012.JPG,Tomato___Bacterial_spot,Tomato___Bacterial_spot,train,val,8,True
f9d6992538d6de58fc8985c6858c75726468757862978e89a691b3ee7761a4f6,4ad0ac3fd82a47c41a3768d8480c2bc8fa342f9219459218ddb4a29659af4195,Tomato___Leaf_Mold/4fd9ee11-86f0-4fc5-bec6-3df06ac53386___Crnl_L.Mold 7028.JPG,Tomato___Spider_mites Two-spotted_spider_mite/c0ca3321-6ed1-4c27-a887-a2ad75b1766b___Com.G_SpM_FL 9273.JPG,Tomato___Leaf_Mold,Tomato___Spider_mites Two-spotted_spider_mite,train,train,8,False
f9e6783d51f306f46297cac2b36ec99d5431d5086fabbbab6a337ce8551294b8,8443f9674a6b563dbea73de5bc62df5448cd4858ee83fd00258211b50550d7c9,Tomato___Late_blight/993a04d9-3bfe-4cd2-8f89-981a0bb2405c___RS_Late.B 4956.JPG,Tomato___Leaf_Mold/9846d408-3d13-490d-b9b1-4809f33c22ef___Crnl_L.Mold 6750.JPG,Tomato___Late_blight,Tomato___Leaf_Mold,train,val,8,True
fa52c64bc062653b777af779023f6c4090fd195d4325211ae7c59031276b073a,bc32b911307bf5a14e9f38b962a3fa83889f057f89c4b096faff4b09f17fce01,Tomato___Late_blight/0fd882fa-471d-4bcc-ab2b-efdfaf904bc3___GHLB2 Leaf 8915.JPG,Tomato___Late_blight/1f8743b6-f385-4464-9e41-48bd9fe85637___GHLB2 Leaf 8914.JPG,Tomato___Late_blight,Tomato___Late_blight,test,train,8,True
fa728f1a17cf1c2126271a5eebf29f5b0de8115a62137ea013ed2e0e866abd90,3f709480198fac461d561accf519dae8a926fc0f9e68c62be6232524375c0b2c,Tomato___Septoria_leaf_spot/a5fbb8cc-d5e7-47b5-bd95-b1e93e397a97___Matt.S_CG 7486.JPG,Tomato___Septoria_leaf_spot/1a02cfc4-375a-4be1-82a6-fa7ec5117ced___Matt.S_CG 6049.JPG,Tomato___Septoria_leaf_spot,Tomato___Septoria_leaf_spot,test,train,8,True
fa7e03868eb09c9b4448a8205068a072c2dbc56b2ce1649844ade98543ba2046,1b88a9ee51d5bd002b56ef8140552d6aa5008bcbf3376b49f30655f194520c04,Tomato___Early_blight/f432e10d-7fd7-4517-b635-cc7677f53d8e___RS_Erly.B 9590.JPG,Tomato___Target_Spot/cb925489-1889-46fa-bcd6-788cecf55a90___Com.G_TgS_FL 9956.JPG,Tomato___Early_blight,Tomato___Target_Spot,train,train,8,False
fa7f825fff666d3940aa4767313af1366249f4ea0465ab0132b336bc9a6b897b,4e73f7e7e6794a528fd61898b724e7374a156851978539a3baa5dc3d15562107,Tomato___Target_Spot/63816259-0857-4977-82f0-5d400bb7a7c3___Com.G_TgS_FL 8215.JPG,Tomato___Target_Spot/c820113d-4e8a-46d2-bd86-2504147a0d0d___Com.G_TgS_FL 8026.JPG,Tomato___Target_Spot,Tomato___Target_Spot,test,val,8,True
fa8bcfa8360264a5348f8911160195473291a804ec9d291fa22b84bda07348ca,1ee7bdc2ff3c2d3ce48ee5d006f5965ddc380c2ca26114b01ec8dbd280e43928,Tomato___Spider_mites Two-spotted_spider_mite/1e0e0b1b-bc70-486b-9d85-f6e3ca348516___Com.G_SpM_FL 1285.JPG,Tomato___Spider_mites Two-spotted_spider_mite/95ed6d10-20c2-4b45-9d3e-73b7bea122dc___Com.G_SpM_FL 8423.JPG,Tomato___Spider_mites Two-spotted_spider_mite,Tomato___Spider_mites Two-spotted_spider_mite,val,val,8,False
fafef06ca08892ebba9c42c92192d2e19a87f6253c23aa924050d3973bfd43ce,67647d94ddc00a27203b9ce75699207e39be8b4905a27ca628ca4d121d620329,Tomato___healthy/310d6f93-5075-44a2-80e4-57463adff105___GH_HL Leaf 449.1.JPG,Tomato___healthy/9c3ad610-7677-4f3c-9646-88069e0c61cb___GH_HL Leaf 449.2.JPG,Tomato___healthy,Tomato___healthy,train,train,8,False
fb007c7c60be886d38b5ddf7197c1aa18ca255667b428ec642f01a6f1ea432b5,71a72052ceefc200d9f4863bab22f8f8bcf18acde0d77f540132679fd8fb8523,Tomato___Bacterial_spot/d619a692-5746-4824-b134-982656e61633___GCREC_Bact.Sp 5593.JPG,Tomato___Bacterial_spot/29f59b9e-c2b2-4c1e-8588-2025546f206c___GCREC_Bact.Sp 3534.JPG,Tomato___Bacterial_spot,Tomato___Bacterial_spot,train,val,8,True
fb00f89bba06c088cf3c19259fbd00c37e6e5539ac8f9cee2f770b43db39fe57,27bd58448624b52c0ce125d8122087e710e3062adb8c65fb74fdb5b179156a37,Tomato___healthy/10716d69-324b-4423-9e1e-b09559babb89___GH_HL Leaf 267.1.JPG,Tomato___healthy/3b0d89df-61d0-407f-9a26-661c8bb730cf___GH_HL Leaf 242.JPG,Tomato___healthy,Tomato___healthy,train,train,8,False
fb00f89bba06c088cf3c19259fbd00c37e6e5539ac8f9cee2f770b43db39fe57,566bc8991e153a9ee4f60b2c590ad2ffc0b9e7fc96c1a363768eed222d68e9a8,Tomato___healthy/10716d69-324b-4423-9e1e-b09559babb89___GH_HL Leaf 267.1.JPG,Tomato___healthy/5576cac9-71e4-4ec3-96bd-9b5cfa94fef4___GH_HL Leaf 267.JPG,Tomato___healthy,Tomato___healthy,train,val,8,True
fb6176f236b1ae8fff9aef6bf7b04fec3df94181ec5bfbb70074435655193025,fd03769959244f90dbb4f0a34be5d32cd4ae8467818a315f45e9ba1a8849fea5,Tomato___Tomato_Yellow_Leaf_Curl_Virus/5180874e-8e5d-4767-9598-134ac0f56747___UF.GRC_YLCV_Lab 02992.JPG,Tomato___Tomato_Yellow_Leaf_Curl_Virus/02d5be6b-eafd-4063-9ba5-4a01901bce82___UF.GRC_YLCV_Lab 03004.JPG,Tomato___Tomato_Yellow_Leaf_Curl_Virus,Tomato___Tomato_Yellow_Leaf_Curl_Virus,test,train,8,True
fb6296a1623563f4261fed31a4917cf08988b18642b1bbc6eead08f62460a991,17cccd742e10bb787312c539f6c478a9e511b78ea54418b37951bae9ae95bffa,Tomato___Spider_mites Two-spotted_spider_mite/b5e746c6-be90-40f9-adf5-941b7b1f050b___Com.G_SpM_FL 8702.JPG,Tomato___Target_Spot/c66b04ac-ccad-45d7-bc89-d2280090a2a9___Com.G_TgS_FL 9864.JPG,Tomato___Spider_mites Two-spotted_spider_mite,Tomato___Target_Spot,train,train,8,False
fb6296a1623563f4261fed31a4917cf08988b18642b1bbc6eead08f62460a991,c65814fab933860265ebfb71a256a81921299f349b637916aafbcf6e9488dcfa,Tomato___Spider_mites Two-spotted_spider_mite/b5e746c6-be90-40f9-adf5-941b7b1f050b___Com.G_SpM_FL 8702.JPG,Tomato___Spider_mites Two-spotted_spider_mite/b743d419-9344-464f-94af-8a3135ee0a2f___Com.G_SpM_FL 9539.JPG,Tomato___Spider_mites Two-spotted_spider_mite,Tomato___Spider_mites Two-spotted_spider_mite,train,train,8,False
fb6296a1623563f4261fed31a4917cf08988b18642b1bbc6eead08f62460a991,f289fe0cab4ab177ef6cf1a4bdf0f695ddb32042c4d12f5b662c3bbf659b65be,Tomato___Spider_mites Two-spotted_spider_mite/b5e746c6-be90-40f9-adf5-941b7b1f050b___Com.G_SpM_FL 8702.JPG,Tomato___Tomato_Yellow_Leaf_Curl_Virus/7ca59adf-902b-4c6f-914d-e1ead426c8ab___YLCV_GCREC 5171.JPG,Tomato___Spider_mites Two-spotted_spider_mite,Tomato___Tomato_Yellow_Leaf_Curl_Virus,train,val,8,True
fb767ba9fcdcfc97118f9d9aeeaabf12429316c851ba7f1ca9883537ae3bd0dd,b4723c67257b88246ee1183bfdc49306b870b90b9a7241fd4b3856ef4c90322d,Tomato___Bacterial_spot/0cc3364e-3f2a-42b2-aefe-5af03dad2966___GCREC_Bact.Sp 5580.JPG,Tomato___Early_blight/eefcdf5d-5207-47ca-916d-0479f010bae8___RS_Erly.B 9482.JPG,Tomato___Bacterial_spot,Tomato___Early_blight,train,train,8,False
fb798779d0e6913d4a1beaebfb19a4d9f45c98e0bb0ade38eeab86f77578b48f,060ea4b87f9400efd61d7fa761f935d485eb090eb12e646eb7bc8707535ad479,Tomato___Tomato_Yellow_Leaf_Curl_Virus/c7f27180-6d22-4f3e-9d52-dab4bd9bb11e___UF.GRC_YLCV_Lab 02689.JPG,Tomato___Tomato_Yellow_Leaf_Curl_Virus/e5acbbc3-c89d-4851-a4c7-f0c21401d500___UF.GRC_YLCV_Lab 02688.JPG,Tomato___Tomato_Yellow_Leaf_Curl_Virus,Tomato___Tomato_Yellow_Leaf_Curl_Virus,train,train,8,False
fb8544ccba43b89bf04e2b29ff4f307d76fa58518f9683353ad07e6a1cb01e1e,b336f37098f4eff37fbdd5df4f9c5d04e161550eedf46080ac9c66d447a48e0b,Tomato___Spider_mites Two-spotted_spider_mite/4d1d81ce-2c5e-469f-857f-83691b0cdab9___Com.G_SpM_FL 9566.JPG,Tomato___Spider_mites Two-spotted_spider_mite/e1cb3386-f090-4170-b8c1-d602d49583f8___Com.G_SpM_FL 1399.JPG,Tomato___Spider_mites Two-spotted_spider_mite,Tomato___Spider_mites Two-spotted_spider_mite,train,train,8,False
fbd9a4a357704f8b708785b8927fc053c2744d5714afca326613205abb1f1041,2839bb03ff0b0678548e61737fc8482e1ce156fcefd3be6395926c34f7814a49,Tomato___Bacterial_spot/3f34a2bd-b608-43dc-8608-2827ab8d5c6a___GCREC_Bact.Sp 6372.JPG,Tomato___Bacterial_spot/d8a64b79-e21e-4158-9d9d-47bd6e44fba0___GCREC_Bact.Sp 3594.JPG,Tomato___Bacterial_spot,Tomato___Bacterial_spot,train,val,8,True
fbf90c7a4e3938e68fc52c1adebe39643d03721a002d3a28860548633c78e23e,eda9ca35136f586f590c22ee25a2d30b0024035c7820e2f22d508fb12eecbc1d,Tomato___Early_blight/468a0f48-b0c4-4969-9f21-826cb3ae3f61___RS_Erly.B 7725.JPG,Tomato___Septoria_leaf_spot/8ea5ab78-1e1f-4f6b-97b0-84550af26040___Keller.St_CG 2039.JPG,Tomato___Early_blight,Tomato___Septoria_leaf_spot,train,train,8,False
fc213f5a1aad7546459c58f5c6daa8db67a3fa0b0f568a44424416f0b7ebd6e6,e8404857080cc2ede4001c6451eee1de288a11d5f20152cec583dfa04a491c07,Tomato___Tomato_Yellow_Leaf_Curl_Virus/a52c2fa4-ea36-4dd1-ae54-535747d2c3cc___UF.GRC_YLCV_Lab 02115.JPG,Tomato___Tomato_Yellow_Leaf_Curl_Virus/de18b33c-5efe-4b8f-89f0-d7a280898cfe___UF.GRC_YLCV_Lab 02121.JPG,Tomato___Tomato_Yellow_Leaf_Curl_Virus,Tomato___Tomato_Yellow_Leaf_Curl_Virus,train,val,8,True
fc2cb21d7697455434eded4b17be08e8f91f722992c14b1207a7e2cdad0f3be4,f304a390d71a0b902488136c59e74e7fc8d2f44de6d59f13edafea2d69c6cf60,Tomato___Bacterial_spot/a2e2a626-aafb-4383-8fa8-cc4d2071348a___GCREC_Bact.Sp 3125.JPG,Tomato___Bacterial_spot/c0937468-f1fc-4c71-b0e9-f7ab93d28650___GCREC_Bact.Sp 3469.JPG,Tomato___Bacterial_spot,Tomato___Bacterial_spot,test,train,8,True
fc3f4aaa759846d113c3002932f9ad8021dce8be1968a76e30d577662dbcf99c,17a6834f915c5f987e0c9496dc8170fbb6af8a0878872051f29bd4987d149f68,Tomato___Septoria_leaf_spot/3b7f264d-4d60-46c4-9e36-f4f032d47c5b___Matt.S_CG 1523.JPG,Tomato___Spider_mites Two-spotted_spider_mite/717bd952-0dc6-4e7c-96b1-d0c30f208c58___Com.G_SpM_FL 9568.JPG,Tomato___Septoria_leaf_spot,Tomato___Spider_mites Two-spotted_spider_mite,train,train,8,False
fc3f4aaa759846d113c3002932f9ad8021dce8be1968a76e30d577662dbcf99c,a05b4462e711a3046d25cb40293a5e3f6af402d01d9174e63ebea91bb47d2aa9,Tomato___Septoria_leaf_spot/3b7f264d-4d60-46c4-9e36-f4f032d47c5b___Matt.S_CG 1523.JPG,Tomato___Spider_mites Two-spotted_spider_mite/ae992747-4345-47c6-8499-3146eb18e4b1___Com.G_SpM_FL 9298.JPG,Tomato___Septoria_leaf_spot,Tomato___Spider_mites Two-spotted_spider_mite,train,train,8,False
fcef8defb1cf2f68916a337539272a86adea58a340f171536ab5d00ed6e2f27e,f347f45bfe8ebfb013897548d7078f87624e2daa287d5dd073dd9759cfb46a2c,Tomato___Target_Spot/21ed59ab-b900-4ba0-b32c-58a7963935c4___Com.G_TgS_FL 0040.JPG,Tomato___Target_Spot/26150f8e-52df-4b1e-b37c-01f3cfc8d746___Com.G_TgS_FL 9958.JPG,Tomato___Target_Spot,Tomato___Target_Spot,train,train,8,False
fd048fb0d5434daf5529bc4b19724878bec041fefad64cd3abb7e28537a9e451,9ae186b374bb7af7ba77fa0c42ca3b0c6da0e699398d50cfb830c8f72ed42eda,Tomato___Tomato_Yellow_Leaf_Curl_Virus/d1103cac-dfe3-41d1-9335-0e5a84c19bdb___UF.GRC_YLCV_Lab 01375.JPG,Tomato___Bacterial_spot/3fb742ed-4a71-47d2-9c40-60768bc01cd4___GCREC_Bact.Sp 5977.JPG,Tomato___Tomato_Yellow_Leaf_Curl_Virus,Tomato___Bacterial_spot,train,val,8,True
fd2207b1a0f32e4a0ccfa7a81967c1eb1f9fbefe1eef65fb0b8f2189f49762c7,f4864a7afba7656b07f3e2ff088becdcc6a1e519cbf184c8050ab5178f02d495,Tomato___Tomato_Yellow_Leaf_Curl_Virus/b27e4071-2c3c-4e7d-bbf0-ba531f44b62d___UF.GRC_YLCV_Lab 02301.JPG,Tomato___Tomato_Yellow_Leaf_Curl_Virus/c987ee2a-8b0f-43a8-adf9-31d270dd83fd___UF.GRC_YLCV_Lab 08436.JPG,Tomato___Tomato_Yellow_Leaf_Curl_Virus,Tomato___Tomato_Yellow_Leaf_Curl_Virus,test,train,8,True
fd4501ad53163f6f0a86caaac8d3c3fdec98e322bfc94f9392020cd95492ba87,51c8db919a9e86b73d94a4872e10ac99fcb22202b15358bfdfb3cbc3453c9b47,Tomato___Septoria_leaf_spot/d2418bf8-8dfb-4a48-b3df-0f1acf515dfd___Matt.S_CG 7455.JPG,Tomato___Septoria_leaf_spot/fdbf1c22-520c-4537-9f20-76f52fd4ae35___Matt.S_CG 6550.JPG,Tomato___Septoria_leaf_spot,Tomato___Septoria_leaf_spot,train,train,8,False
fd4501ad53163f6f0a86caaac8d3c3fdec98e322bfc94f9392020cd95492ba87,ca73400749804b7d0fe42961ec67871723145514e8c956e95c6e3e477e756966,Tomato___Septoria_leaf_spot/d2418bf8-8dfb-4a48-b3df-0f1acf515dfd___Matt.S_CG 7455.JPG,Tomato___Early_blight/b7ca5e36-608f-4441-9549-88b011e7088a___RS_Erly.B 7753.JPG,Tomato___Septoria_leaf_spot,Tomato___Early_blight,train,val,8,True
fd4f9610e948809d8f2b9dfd36bc8d13f47b319a7962b6cb481413581d6e90c2,dea825eee23b020a71e112d34daa12e4b0e1f672d6e3fe7c0ac6c19c90fea01f,Tomato___Tomato_Yellow_Leaf_Curl_Virus/f303696a-4ee0-41ab-803d-647edb08d6f9___UF.GRC_YLCV_Lab 01525.JPG,Tomato___Tomato_Yellow_Leaf_Curl_Virus/d2be9006-5f93-4260-9693-fe3beecbbcbf___UF.GRC_YLCV_Lab 01526.JPG,Tomato___Tomato_Yellow_Leaf_Curl_Virus,Tomato___Tomato_Yellow_Leaf_Curl_Virus,train,val,8,True
fd991e42d5c543bdbfe1d69a7d5bad04903bdb39c6a9095d1ee3d39761dc5ab4,cb06ac36b2f96cd8fd192bf93a5a60c41c1c35ea0d1edcf3d9f4ad3cd35c5bdf,Tomato___Tomato_Yellow_Leaf_Curl_Virus/cf6b1631-2e64-492c-ae12-60cdea9f205b___UF.GRC_YLCV_Lab 02582.JPG,Tomato___Tomato_Yellow_Leaf_Curl_Virus/da32e60b-9523-4a19-90c9-eeb088730229___UF.GRC_YLCV_Lab 02583.JPG,Tomato___Tomato_Yellow_Leaf_Curl_Virus,Tomato___Tomato_Yellow_Leaf_Curl_Virus,train,val,8,True
fe1912e6a721d23917615b5c1abe71bc02db6f5dcf16979eb7db3e851e92cf2b,fe9119f89259f64ab702f78108096ba166697e5382364cd3b774f29859b0018d,Tomato___Bacterial_spot/f880355a-9e96-41a3-9e66-79d498dc6d61___GCREC_Bact.Sp 3823.JPG,Tomato___healthy/bb7e22d2-f187-4358-a78a-0ea71ecfadcb___RS_HL 9818.JPG,Tomato___Bacterial_spot,Tomato___healthy,train,train,8,False
fe21c5476f1fec45cb27aaa001e40ab78aaef19b50d39e94ef5061da92ae462a,1ab1b6878f0ffe9ccc2983adb2fae255bac55bb6a131dbbd29b4beeab3bfaf94,Tomato___Bacterial_spot/b16f21dc-39eb-45b5-a588-da778fa9ac44___GCREC_Bact.Sp 6351.JPG,Tomato___Spider_mites Two-spotted_spider_mite/fa0f71aa-5583-4376-ab17-a755cf065aaf___Com.G_SpM_FL 1520.JPG,Tomato___Bacterial_spot,Tomato___Spider_mites Two-spotted_spider_mite,train,train,8,False
fe46cbff2901b18ee3ed8fab5b499bcd6fbd6602d9c4771fe3184f833d9d6715,064cd82319e45315319381ee5943d1d3581a971914b7a8d3cbbd237399f29af4,Tomato___Spider_mites Two-spotted_spider_mite/7a08fe90-da9a-41a0-99f0-5952625a83bb___Com.G_SpM_FL 1371.JPG,Tomato___healthy/27ed6a35-3fb7-4d57-9cb4-b368c1f4f6eb___RS_HL 9665.JPG,Tomato___Spider_mites Two-spotted_spider_mite,Tomato___healthy,train,val,8,True
fe46cbff2901b18ee3ed8fab5b499bcd6fbd6602d9c4771fe3184f833d9d6715,85755db315b74e5920c82e8e39ffceab29a51b0b0771b8e9b4db825917621e51,Tomato___Spider_mites Two-spotted_spider_mite/7a08fe90-da9a-41a0-99f0-5952625a83bb___Com.G_SpM_FL 1371.JPG,Tomato___Tomato_Yellow_Leaf_Curl_Virus/b633d977-9372-4286-9a34-792b7fae45b8___YLCV_GCREC 2622.JPG,Tomato___Spider_mites Two-spotted_spider_mite,Tomato___Tomato_Yellow_Leaf_Curl_Virus,train,train,8,False
fe47932cf2344abd3b88dcf3bcb753035bf82add79717e3eebe8ffdbc847c27c,3c16a8b027982bb69ade4d6b2e56498e25d2f2896ad7e855a3c8154025cf91d5,Tomato___Early_blight/0f111718-a749-42cf-9495-412f4b51acf0___RS_Erly.B 7482.JPG,Tomato___Spider_mites Two-spotted_spider_mite/348aec86-49bc-4e2d-8ca7-66545421cc06___Com.G_SpM_FL 1746.JPG,Tomato___Early_blight,Tomato___Spider_mites Two-spotted_spider_mite,train,train,8,False
fe47932cf2344abd3b88dcf3bcb753035bf82add79717e3eebe8ffdbc847c27c,5f74feec6bbd2499e8073c7af3b1cf7ff5a5926522a73bc2757a2ee97fef75f8,Tomato___Early_blight/0f111718-a749-42cf-9495-412f4b51acf0___RS_Erly.B 7482.JPG,Tomato___Bacterial_spot/841ea726-5c4a-4447-9f56-0eda38f002d2___GCREC_Bact.Sp 3388.JPG,Tomato___Early_blight,Tomato___Bacterial_spot,train,val,8,True
fe4e1e1481e340883d06d94d7d3359dc16360cc81e5bfbb3c61ed24952e26032,74823f6113506669f0f961b3c4ad35a2fbda92f74686c011c01067a8e4fe26e6,Tomato___Tomato_Yellow_Leaf_Curl_Virus/8d93be4a-a6c6-467e-a03b-fd60a7bb208b___UF.GRC_YLCV_Lab 02368.JPG,Tomato___Tomato_Yellow_Leaf_Curl_Virus/aa164b32-92ec-44f3-b94a-8bf4f2ea0a87___UF.GRC_YLCV_Lab 02369.JPG,Tomato___Tomato_Yellow_Leaf_Curl_Virus,Tomato___Tomato_Yellow_Leaf_Curl_Virus,test,train,8,True
fe4e1e1481e340883d06d94d7d3359dc16360cc81e5bfbb3c61ed24952e26032,7ed27ae2decc63b00f5c23f64cce5b807753f52e75a5215a0d2b1b8925aae5f9,Tomato___Tomato_Yellow_Leaf_Curl_Virus/8d93be4a-a6c6-467e-a03b-fd60a7bb208b___UF.GRC_YLCV_Lab 02368.JPG,Tomato___Tomato_Yellow_Leaf_Curl_Virus/2309638c-11d7-4232-b0e5-521cfad299f8___UF.GRC_YLCV_Lab 02366.JPG,Tomato___Tomato_Yellow_Leaf_Curl_Virus,Tomato___Tomato_Yellow_Leaf_Curl_Virus,test,train,8,True
fe53466178c1187e4aa9e5b1bd036d34984ec04d89e568398b036c2c146e89df,635d596f3719b32ebce3147d0a86b27fd1c39bd98080671f9d5d89a3477e6247,Tomato___Spider_mites Two-spotted_spider_mite/9fb18019-23c3-482e-9cdf-a9520238cf29___Com.G_SpM_FL 9617.JPG,Tomato___Target_Spot/41bb6805-695e-4c35-854c-ce4ed54388b3___Com.G_TgS_FL 9907.JPG,Tomato___Spider_mites Two-spotted_spider_mite,Tomato___Target_Spot,train,train,8,False
fe9119f89259f64ab702f78108096ba166697e5382364cd3b774f29859b0018d,e01dcaa561ec1208ee7f9fa2b84007f7c99928da3577c87626ffd66ab8c6cbae,Tomato___healthy/bb7e22d2-f187-4358-a78a-0ea71ecfadcb___RS_HL 9818.JPG,Tomato___Bacterial_spot/40889410-0558-4ac6-a92c-7b715a603329___GCREC_Bact.Sp 3847.JPG,Tomato___healthy,Tomato___Bacterial_spot,train,val,8,True
fed5db43ca0f9b9b490b3f2ffe45f8f5c9a5a559341c8d71b93a4d1383c28947,1ec5f8461a765eea471c8e4b698031956232c6ad207df087ebba7ebd09bc0703,Tomato___Tomato_Yellow_Leaf_Curl_Virus/162a2c9a-53ec-468c-bbaa-145e7acdb8db___UF.GRC_YLCV_Lab 02537.JPG,Tomato___Tomato_Yellow_Leaf_Curl_Virus/7216b367-1645-4eb6-b4ae-5ed5f18232a8___UF.GRC_YLCV_Lab 02535.JPG,Tomato___Tomato_Yellow_Leaf_Curl_Virus,Tomato___Tomato_Yellow_Leaf_Curl_Virus,train,train,8,False
ff1bed41d891eda19fad63822790b5a90f0377703525048108798609c61da65a,abf46e62d19c92e84f963327241fa71dec26ae1a9005c2be278f80e7b609ba3e,Tomato___Spider_mites Two-spotted_spider_mite/82306885-f863-4d0c-983b-9c479a0ff83f___Com.G_SpM_FL 9478.JPG,Tomato___Spider_mites Two-spotted_spider_mite/20dcc445-3179-4092-8083-0c55be8e9579___Com.G_SpM_FL 1698.JPG,Tomato___Spider_mites Two-spotted_spider_mite,Tomato___Spider_mites Two-spotted_spider_mite,test,train,8,True
ffa6325bb63b414f096dcd650b2b769f8c164ec4f0b17f0279605b3e5b3762f2,d247ba8907aaa5c6eb626d563255555aaf4d03e2295a5e75048d04f387d7901b,Tomato___Early_blight/240300f1-a601-4363-84e8-670af8a124a1___RS_Erly.B 7762.JPG,Tomato___healthy/2d66100e-9a61-412b-95da-2b852de7a447___RS_HL 9950.JPG,Tomato___Early_blight,Tomato___healthy,test,train,8,True
